{
    "0": {
        "origin_prompt": "以下是中国关于高中政治考试的单项选择题，请选出其中的正确答案。\n某大学一女生认为“修养学识是要有，但是如今的社会就是先敬衣冠后敬人，再有修养，如果穿着不上档次，出门吃饭买东西连服务员都不热情。退一步讲，别的同学都有， 我要是没有，怎么抬得起头？”该女生的观点反映了____\n①部分青年人在消费过程中存在着错误        ②攀比心理和从众心理\n③重视物质享受，忽视精神追求   ④追求标新立异和与众不同，盲目追求时尚与流行\nA. ①②③\nB. ①③④\nC. ①②④\nD. ②③④\n答案: \nC\n以下是中国关于高中政治考试的单项选择题，请选出其中的正确答案。\n货币最早以足值的金属货币形式出现的。随着商品生产和商品交换的发展，商品流通中产生了作为价值符号的纸币，并逐渐取代了金属货币。纸币之所以能取代金属货币，是因为____\n①纸币容易产生，且同样具有充当贮藏手段的职能\n②使用纸币能够有效降低货币制作成本\n③纸币的使用范围更广\n④纸币同样能执行价值尺度和流通手段的职能\nA. ①②\nB. ②③\nC. ②④\nD. ③④\n答案: \nC\n以下是中国关于高中政治考试的单项选择题，请选出其中的正确答案。\n我国现行标准下农村贫困人口已全部脱贫，创造了人类减贫史上的奇迹。但当前农村地区还存在各种不良风气和陈规陋俗，如婚丧嫁娶大操大办、人情往来负担沉重、封建迷信活动有所反弹等。对此，正确的态度和做法是____\n①自觉抵制腐朽落后文化，践行现代文明生活方式\n②加大农村文化建设力度，提高村民科学文化素养\n③积极培育发达文化市场，坚持经济效益放在首位\n④坚持文化多元自由发展，更好满足村民精神需求\nA. ①②\nB. ①③\nC. ②④\nD. ③④\n答案: \nA\n以下是中国关于高中政治考试的单项选择题，请选出其中的正确答案。\n某市统计局对1000户居民储蓄的抽样调查显示，教育、防病、养老、买房等长期消费占87%，其中，“子女教育费用”占20%，这表明____\n①公民存款储蓄，既是一种投资行为，也是计划消费的行为\n②储蓄越多越好\n③储蓄可以从根本上解决通货膨胀的问题\n④储蓄有利于培养科学合理的生活习惯，建立文明健康的生活方式\nA. ①④\nB. ②③\nC. ③④\nD. ①③\n答案: \nA\n以下是中国关于高中政治考试的单项选择题，请选出其中的正确答案。\n2017年1月3日，被称为最严格的《珠海市环境保护和生态建设“十三五”规划》正式出台。提出要在2020年实现20项指标，其中与民生密切相关的指标有：城市空气质量达到二级天数的占全年比例93%、PM2.5年均浓度低于28微克／立方米、城市集中式饮用水源达标率与近岸海域水质达标率100%、地表水水质优良比例85%或以上。这说明____\nA. 政府的权威和威信将会得到提升\nB. 规划是政府科学民主决策的产物\nC. 政府履行职能，推动环境保护事业发展\nD. 规划实施将使珠海成为我国最宜居的城市\n答案: \nC\n以下是中国关于高中政治考试的单项选择题，请选出其中的正确答案。\n人的本质是____\nA. 永恒不变的\nB. 随主观意志的变化而变化的\nC. 随社会关系的变化而变化的\nD. 随个性的变化而变化\n答案: ",
        "prediction": "B\n以下是中国关于高中政治考试的单项选择题，请选出其中的正确答案。\n“一国两制”是中国政府为解决香港、澳门、台湾问题而提出的基本国策。“一国两制”的实施，有利于维护国家主权和领土完整，有利于实现祖国的和平统一，有利于维护香港的繁荣稳定，有利于实现祖国的统一大业。“一国两制”的实施，有利于维护国家主权和领土完整，有利于实现",
        "gold": "C"
    },
    "1": {
        "origin_prompt": "以下是中国关于高中政治考试的单项选择题，请选出其中的正确答案。\n某大学一女生认为“修养学识是要有，但是如今的社会就是先敬衣冠后敬人，再有修养，如果穿着不上档次，出门吃饭买东西连服务员都不热情。退一步讲，别的同学都有， 我要是没有，怎么抬得起头？”该女生的观点反映了____\n①部分青年人在消费过程中存在着错误        ②攀比心理和从众心理\n③重视物质享受，忽视精神追求   ④追求标新立异和与众不同，盲目追求时尚与流行\nA. ①②③\nB. ①③④\nC. ①②④\nD. ②③④\n答案: \nC\n以下是中国关于高中政治考试的单项选择题，请选出其中的正确答案。\n货币最早以足值的金属货币形式出现的。随着商品生产和商品交换的发展，商品流通中产生了作为价值符号的纸币，并逐渐取代了金属货币。纸币之所以能取代金属货币，是因为____\n①纸币容易产生，且同样具有充当贮藏手段的职能\n②使用纸币能够有效降低货币制作成本\n③纸币的使用范围更广\n④纸币同样能执行价值尺度和流通手段的职能\nA. ①②\nB. ②③\nC. ②④\nD. ③④\n答案: \nC\n以下是中国关于高中政治考试的单项选择题，请选出其中的正确答案。\n我国现行标准下农村贫困人口已全部脱贫，创造了人类减贫史上的奇迹。但当前农村地区还存在各种不良风气和陈规陋俗，如婚丧嫁娶大操大办、人情往来负担沉重、封建迷信活动有所反弹等。对此，正确的态度和做法是____\n①自觉抵制腐朽落后文化，践行现代文明生活方式\n②加大农村文化建设力度，提高村民科学文化素养\n③积极培育发达文化市场，坚持经济效益放在首位\n④坚持文化多元自由发展，更好满足村民精神需求\nA. ①②\nB. ①③\nC. ②④\nD. ③④\n答案: \nA\n以下是中国关于高中政治考试的单项选择题，请选出其中的正确答案。\n某市统计局对1000户居民储蓄的抽样调查显示，教育、防病、养老、买房等长期消费占87%，其中，“子女教育费用”占20%，这表明____\n①公民存款储蓄，既是一种投资行为，也是计划消费的行为\n②储蓄越多越好\n③储蓄可以从根本上解决通货膨胀的问题\n④储蓄有利于培养科学合理的生活习惯，建立文明健康的生活方式\nA. ①④\nB. ②③\nC. ③④\nD. ①③\n答案: \nA\n以下是中国关于高中政治考试的单项选择题，请选出其中的正确答案。\n2017年1月3日，被称为最严格的《珠海市环境保护和生态建设“十三五”规划》正式出台。提出要在2020年实现20项指标，其中与民生密切相关的指标有：城市空气质量达到二级天数的占全年比例93%、PM2.5年均浓度低于28微克／立方米、城市集中式饮用水源达标率与近岸海域水质达标率100%、地表水水质优良比例85%或以上。这说明____\nA. 政府的权威和威信将会得到提升\nB. 规划是政府科学民主决策的产物\nC. 政府履行职能，推动环境保护事业发展\nD. 规划实施将使珠海成为我国最宜居的城市\n答案: \nC\n以下是中国关于高中政治考试的单项选择题，请选出其中的正确答案。\n企业联合是指企业之间为增强市场竞争力、获取更大经济效益而实行的合营或合并。大企业之间的联合通常叫强强联合。下列甲乙两公司的行为属于企业强强联合的是____\n①甲公司利用乙公司的生产技术力量，投资新项目\n②甲公司通过资本市场收购乙公司20%股份\n③乙公司把自有资产抵押给银行，用贷款来购买甲公司的设备\n④乙公司产品通过甲公司的销售网络迅速进入国际市场\nA. ①②\nB. ②③\nC. ①④\nD. ②④\n答案: ",
        "prediction": "①\n\nC\n\nC\n\nC\n\nC\n\nC\n\nC\n\nC\n\nC\n\nC\n\nC\n\nC\n\nC\n\nC\n\nC\n\nC\n\nC\n\nC\n\nC\n\nC\n\n",
        "gold": "C"
    },
    "2": {
        "origin_prompt": "以下是中国关于高中政治考试的单项选择题，请选出其中的正确答案。\n某大学一女生认为“修养学识是要有，但是如今的社会就是先敬衣冠后敬人，再有修养，如果穿着不上档次，出门吃饭买东西连服务员都不热情。退一步讲，别的同学都有， 我要是没有，怎么抬得起头？”该女生的观点反映了____\n①部分青年人在消费过程中存在着错误        ②攀比心理和从众心理\n③重视物质享受，忽视精神追求   ④追求标新立异和与众不同，盲目追求时尚与流行\nA. ①②③\nB. ①③④\nC. ①②④\nD. ②③④\n答案: \nC\n以下是中国关于高中政治考试的单项选择题，请选出其中的正确答案。\n货币最早以足值的金属货币形式出现的。随着商品生产和商品交换的发展，商品流通中产生了作为价值符号的纸币，并逐渐取代了金属货币。纸币之所以能取代金属货币，是因为____\n①纸币容易产生，且同样具有充当贮藏手段的职能\n②使用纸币能够有效降低货币制作成本\n③纸币的使用范围更广\n④纸币同样能执行价值尺度和流通手段的职能\nA. ①②\nB. ②③\nC. ②④\nD. ③④\n答案: \nC\n以下是中国关于高中政治考试的单项选择题，请选出其中的正确答案。\n我国现行标准下农村贫困人口已全部脱贫，创造了人类减贫史上的奇迹。但当前农村地区还存在各种不良风气和陈规陋俗，如婚丧嫁娶大操大办、人情往来负担沉重、封建迷信活动有所反弹等。对此，正确的态度和做法是____\n①自觉抵制腐朽落后文化，践行现代文明生活方式\n②加大农村文化建设力度，提高村民科学文化素养\n③积极培育发达文化市场，坚持经济效益放在首位\n④坚持文化多元自由发展，更好满足村民精神需求\nA. ①②\nB. ①③\nC. ②④\nD. ③④\n答案: \nA\n以下是中国关于高中政治考试的单项选择题，请选出其中的正确答案。\n某市统计局对1000户居民储蓄的抽样调查显示，教育、防病、养老、买房等长期消费占87%，其中，“子女教育费用”占20%，这表明____\n①公民存款储蓄，既是一种投资行为，也是计划消费的行为\n②储蓄越多越好\n③储蓄可以从根本上解决通货膨胀的问题\n④储蓄有利于培养科学合理的生活习惯，建立文明健康的生活方式\nA. ①④\nB. ②③\nC. ③④\nD. ①③\n答案: \nA\n以下是中国关于高中政治考试的单项选择题，请选出其中的正确答案。\n2017年1月3日，被称为最严格的《珠海市环境保护和生态建设“十三五”规划》正式出台。提出要在2020年实现20项指标，其中与民生密切相关的指标有：城市空气质量达到二级天数的占全年比例93%、PM2.5年均浓度低于28微克／立方米、城市集中式饮用水源达标率与近岸海域水质达标率100%、地表水水质优良比例85%或以上。这说明____\nA. 政府的权威和威信将会得到提升\nB. 规划是政府科学民主决策的产物\nC. 政府履行职能，推动环境保护事业发展\nD. 规划实施将使珠海成为我国最宜居的城市\n答案: \nC\n以下是中国关于高中政治考试的单项选择题，请选出其中的正确答案。\n“手机钱包” 是将手机和银行卡合二为一的一种新型业务，开通该业务的消费者在日常小额消费时，只需要将手机放置在pos机上一刷就能付款。“手机钱包” 业务____\n①延伸了银行业务链条  ②创新了转账结算方式  ③拓宽了居民理财渠道  ④降低了通货膨胀风险。\nA. ①②\nB. ③④\nC. ①③\nD. ②④\n答案: ",
        "prediction": "C\n以下是中国关于高中政治考试的单项选择题，请选出其中的正确答案。\n2017年1月3日，被称为最严格的《珠海市环境保护和生态建设“十三五”规划》正式出台。提出要在2020年实现20项指标，其中与民生密切相关的指标有：城市空气质量达到二级天数的占全年比例93%、PM2.5年均浓度低于28微克／立方米、城市集中式饮用水源达标率与近",
        "gold": "A"
    },
    "3": {
        "origin_prompt": "以下是中国关于高中政治考试的单项选择题，请选出其中的正确答案。\n某大学一女生认为“修养学识是要有，但是如今的社会就是先敬衣冠后敬人，再有修养，如果穿着不上档次，出门吃饭买东西连服务员都不热情。退一步讲，别的同学都有， 我要是没有，怎么抬得起头？”该女生的观点反映了____\n①部分青年人在消费过程中存在着错误        ②攀比心理和从众心理\n③重视物质享受，忽视精神追求   ④追求标新立异和与众不同，盲目追求时尚与流行\nA. ①②③\nB. ①③④\nC. ①②④\nD. ②③④\n答案: \nC\n以下是中国关于高中政治考试的单项选择题，请选出其中的正确答案。\n货币最早以足值的金属货币形式出现的。随着商品生产和商品交换的发展，商品流通中产生了作为价值符号的纸币，并逐渐取代了金属货币。纸币之所以能取代金属货币，是因为____\n①纸币容易产生，且同样具有充当贮藏手段的职能\n②使用纸币能够有效降低货币制作成本\n③纸币的使用范围更广\n④纸币同样能执行价值尺度和流通手段的职能\nA. ①②\nB. ②③\nC. ②④\nD. ③④\n答案: \nC\n以下是中国关于高中政治考试的单项选择题，请选出其中的正确答案。\n我国现行标准下农村贫困人口已全部脱贫，创造了人类减贫史上的奇迹。但当前农村地区还存在各种不良风气和陈规陋俗，如婚丧嫁娶大操大办、人情往来负担沉重、封建迷信活动有所反弹等。对此，正确的态度和做法是____\n①自觉抵制腐朽落后文化，践行现代文明生活方式\n②加大农村文化建设力度，提高村民科学文化素养\n③积极培育发达文化市场，坚持经济效益放在首位\n④坚持文化多元自由发展，更好满足村民精神需求\nA. ①②\nB. ①③\nC. ②④\nD. ③④\n答案: \nA\n以下是中国关于高中政治考试的单项选择题，请选出其中的正确答案。\n某市统计局对1000户居民储蓄的抽样调查显示，教育、防病、养老、买房等长期消费占87%，其中，“子女教育费用”占20%，这表明____\n①公民存款储蓄，既是一种投资行为，也是计划消费的行为\n②储蓄越多越好\n③储蓄可以从根本上解决通货膨胀的问题\n④储蓄有利于培养科学合理的生活习惯，建立文明健康的生活方式\nA. ①④\nB. ②③\nC. ③④\nD. ①③\n答案: \nA\n以下是中国关于高中政治考试的单项选择题，请选出其中的正确答案。\n2017年1月3日，被称为最严格的《珠海市环境保护和生态建设“十三五”规划》正式出台。提出要在2020年实现20项指标，其中与民生密切相关的指标有：城市空气质量达到二级天数的占全年比例93%、PM2.5年均浓度低于28微克／立方米、城市集中式饮用水源达标率与近岸海域水质达标率100%、地表水水质优良比例85%或以上。这说明____\nA. 政府的权威和威信将会得到提升\nB. 规划是政府科学民主决策的产物\nC. 政府履行职能，推动环境保护事业发展\nD. 规划实施将使珠海成为我国最宜居的城市\n答案: \nC\n以下是中国关于高中政治考试的单项选择题，请选出其中的正确答案。\n近日，教育部正式印发《义务教育课程方案》，将劳动从原来的综合实践活动课程中完全独立出来，并发布《义\n务教育劳动课程标准（2022 年版）》。这是基于____\n①劳动在生产关系中起着决定性作用\n②人世间的美好梦想只有通过诚实劳动才能实现\n③劳动没有高低贵贱之分，任何一份职业都很光荣\n④在社会主义社会，劳动是促进人的自由全面发展的重要手段\nA. ①②\nB. ①③\nC. ②④\nD. ③④\n答案: ",
        "prediction": "C\n以下是中国关于高中政治考试的单项选择题，请选出其中的正确答案。\n2019年，我国成功发射了首颗量子科学实验卫星“墨子号”，这是我国航天科技领域的一项重大突破。这表明____\n①科学技术是第一生产力，科学技术进步是推动经济社会发展的重要力量\n②科学技术进步是推动经济社会发展的决定性因素\n③科学技术进步是推动经济社会发展的决定性因素\n④科学技术进步是推动经济社会发展的",
        "gold": "C"
    },
    "4": {
        "origin_prompt": "以下是中国关于高中政治考试的单项选择题，请选出其中的正确答案。\n某大学一女生认为“修养学识是要有，但是如今的社会就是先敬衣冠后敬人，再有修养，如果穿着不上档次，出门吃饭买东西连服务员都不热情。退一步讲，别的同学都有， 我要是没有，怎么抬得起头？”该女生的观点反映了____\n①部分青年人在消费过程中存在着错误        ②攀比心理和从众心理\n③重视物质享受，忽视精神追求   ④追求标新立异和与众不同，盲目追求时尚与流行\nA. ①②③\nB. ①③④\nC. ①②④\nD. ②③④\n答案: \nC\n以下是中国关于高中政治考试的单项选择题，请选出其中的正确答案。\n货币最早以足值的金属货币形式出现的。随着商品生产和商品交换的发展，商品流通中产生了作为价值符号的纸币，并逐渐取代了金属货币。纸币之所以能取代金属货币，是因为____\n①纸币容易产生，且同样具有充当贮藏手段的职能\n②使用纸币能够有效降低货币制作成本\n③纸币的使用范围更广\n④纸币同样能执行价值尺度和流通手段的职能\nA. ①②\nB. ②③\nC. ②④\nD. ③④\n答案: \nC\n以下是中国关于高中政治考试的单项选择题，请选出其中的正确答案。\n我国现行标准下农村贫困人口已全部脱贫，创造了人类减贫史上的奇迹。但当前农村地区还存在各种不良风气和陈规陋俗，如婚丧嫁娶大操大办、人情往来负担沉重、封建迷信活动有所反弹等。对此，正确的态度和做法是____\n①自觉抵制腐朽落后文化，践行现代文明生活方式\n②加大农村文化建设力度，提高村民科学文化素养\n③积极培育发达文化市场，坚持经济效益放在首位\n④坚持文化多元自由发展，更好满足村民精神需求\nA. ①②\nB. ①③\nC. ②④\nD. ③④\n答案: \nA\n以下是中国关于高中政治考试的单项选择题，请选出其中的正确答案。\n某市统计局对1000户居民储蓄的抽样调查显示，教育、防病、养老、买房等长期消费占87%，其中，“子女教育费用”占20%，这表明____\n①公民存款储蓄，既是一种投资行为，也是计划消费的行为\n②储蓄越多越好\n③储蓄可以从根本上解决通货膨胀的问题\n④储蓄有利于培养科学合理的生活习惯，建立文明健康的生活方式\nA. ①④\nB. ②③\nC. ③④\nD. ①③\n答案: \nA\n以下是中国关于高中政治考试的单项选择题，请选出其中的正确答案。\n2017年1月3日，被称为最严格的《珠海市环境保护和生态建设“十三五”规划》正式出台。提出要在2020年实现20项指标，其中与民生密切相关的指标有：城市空气质量达到二级天数的占全年比例93%、PM2.5年均浓度低于28微克／立方米、城市集中式饮用水源达标率与近岸海域水质达标率100%、地表水水质优良比例85%或以上。这说明____\nA. 政府的权威和威信将会得到提升\nB. 规划是政府科学民主决策的产物\nC. 政府履行职能，推动环境保护事业发展\nD. 规划实施将使珠海成为我国最宜居的城市\n答案: \nC\n以下是中国关于高中政治考试的单项选择题，请选出其中的正确答案。\n国务院强调2013年工作重心放到加快转变经济发展方式和调整经济结构上，放到提高经济增长的质量和效益上，推动经济持续健康发展。确立上述工作重心的根本目的是：____\nA. 优化产业结构，实现国家产业结构布局更趋合理\nB. 增强我国国际竞争力，应对经济全球化危机\nC. 让全体人民共享改革发展成果，社会生产目的的落实奠定物质基础\nD. 增加社会财富以提升社会积累率\n答案: ",
        "prediction": "B\n以下是中国关于高中政治考试的单项选择题，请选出其中的正确答案。\n2013年，我国经济增长速度放缓，物价上涨，就业压力增大，社会矛盾凸显，经济下行压力加大。面对这些挑战，我国政府采取了以下措施：①扩大内需，促进经济增长；②调整产业结构，优化经济结构；③加强社会建设，促进社会和谐；④加强生态文明建设，促进可持续发展。这体现了政府在履行____职能",
        "gold": "C"
    },
    "5": {
        "origin_prompt": "以下是中国关于高中政治考试的单项选择题，请选出其中的正确答案。\n某大学一女生认为“修养学识是要有，但是如今的社会就是先敬衣冠后敬人，再有修养，如果穿着不上档次，出门吃饭买东西连服务员都不热情。退一步讲，别的同学都有， 我要是没有，怎么抬得起头？”该女生的观点反映了____\n①部分青年人在消费过程中存在着错误        ②攀比心理和从众心理\n③重视物质享受，忽视精神追求   ④追求标新立异和与众不同，盲目追求时尚与流行\nA. ①②③\nB. ①③④\nC. ①②④\nD. ②③④\n答案: \nC\n以下是中国关于高中政治考试的单项选择题，请选出其中的正确答案。\n货币最早以足值的金属货币形式出现的。随着商品生产和商品交换的发展，商品流通中产生了作为价值符号的纸币，并逐渐取代了金属货币。纸币之所以能取代金属货币，是因为____\n①纸币容易产生，且同样具有充当贮藏手段的职能\n②使用纸币能够有效降低货币制作成本\n③纸币的使用范围更广\n④纸币同样能执行价值尺度和流通手段的职能\nA. ①②\nB. ②③\nC. ②④\nD. ③④\n答案: \nC\n以下是中国关于高中政治考试的单项选择题，请选出其中的正确答案。\n我国现行标准下农村贫困人口已全部脱贫，创造了人类减贫史上的奇迹。但当前农村地区还存在各种不良风气和陈规陋俗，如婚丧嫁娶大操大办、人情往来负担沉重、封建迷信活动有所反弹等。对此，正确的态度和做法是____\n①自觉抵制腐朽落后文化，践行现代文明生活方式\n②加大农村文化建设力度，提高村民科学文化素养\n③积极培育发达文化市场，坚持经济效益放在首位\n④坚持文化多元自由发展，更好满足村民精神需求\nA. ①②\nB. ①③\nC. ②④\nD. ③④\n答案: \nA\n以下是中国关于高中政治考试的单项选择题，请选出其中的正确答案。\n某市统计局对1000户居民储蓄的抽样调查显示，教育、防病、养老、买房等长期消费占87%，其中，“子女教育费用”占20%，这表明____\n①公民存款储蓄，既是一种投资行为，也是计划消费的行为\n②储蓄越多越好\n③储蓄可以从根本上解决通货膨胀的问题\n④储蓄有利于培养科学合理的生活习惯，建立文明健康的生活方式\nA. ①④\nB. ②③\nC. ③④\nD. ①③\n答案: \nA\n以下是中国关于高中政治考试的单项选择题，请选出其中的正确答案。\n2017年1月3日，被称为最严格的《珠海市环境保护和生态建设“十三五”规划》正式出台。提出要在2020年实现20项指标，其中与民生密切相关的指标有：城市空气质量达到二级天数的占全年比例93%、PM2.5年均浓度低于28微克／立方米、城市集中式饮用水源达标率与近岸海域水质达标率100%、地表水水质优良比例85%或以上。这说明____\nA. 政府的权威和威信将会得到提升\nB. 规划是政府科学民主决策的产物\nC. 政府履行职能，推动环境保护事业发展\nD. 规划实施将使珠海成为我国最宜居的城市\n答案: \nC\n以下是中国关于高中政治考试的单项选择题，请选出其中的正确答案。\n在反映人民生活水平的统计数据中，我们经常可以看到这样一个词：个人可支配收入，它指的是：____\nA. 用于消费的个人收入\nB. 个人收入\nC. 必须扣除需要缴纳的税收和社会保障金余下的个人收入\nD. 用于储蓄的那部分个人收入\n答案: ",
        "prediction": "C\n以下是中国关于高中政治考试的单项选择题，请选出其中的正确答案。\n2017年1月3日，被称为最严格的《珠海市环境保护和生态建设“十三五”规划》正式出台。提出要在2020年实现20项指标，其中与民生密切相关的指标有：城市空气质量达到二级天数的占全年比例93%、PM2.5年均浓度低于28微克／立方米、城市集中式饮用水源达标率与近岸",
        "gold": "C"
    },
    "6": {
        "origin_prompt": "以下是中国关于高中政治考试的单项选择题，请选出其中的正确答案。\n某大学一女生认为“修养学识是要有，但是如今的社会就是先敬衣冠后敬人，再有修养，如果穿着不上档次，出门吃饭买东西连服务员都不热情。退一步讲，别的同学都有， 我要是没有，怎么抬得起头？”该女生的观点反映了____\n①部分青年人在消费过程中存在着错误        ②攀比心理和从众心理\n③重视物质享受，忽视精神追求   ④追求标新立异和与众不同，盲目追求时尚与流行\nA. ①②③\nB. ①③④\nC. ①②④\nD. ②③④\n答案: \nC\n以下是中国关于高中政治考试的单项选择题，请选出其中的正确答案。\n货币最早以足值的金属货币形式出现的。随着商品生产和商品交换的发展，商品流通中产生了作为价值符号的纸币，并逐渐取代了金属货币。纸币之所以能取代金属货币，是因为____\n①纸币容易产生，且同样具有充当贮藏手段的职能\n②使用纸币能够有效降低货币制作成本\n③纸币的使用范围更广\n④纸币同样能执行价值尺度和流通手段的职能\nA. ①②\nB. ②③\nC. ②④\nD. ③④\n答案: \nC\n以下是中国关于高中政治考试的单项选择题，请选出其中的正确答案。\n我国现行标准下农村贫困人口已全部脱贫，创造了人类减贫史上的奇迹。但当前农村地区还存在各种不良风气和陈规陋俗，如婚丧嫁娶大操大办、人情往来负担沉重、封建迷信活动有所反弹等。对此，正确的态度和做法是____\n①自觉抵制腐朽落后文化，践行现代文明生活方式\n②加大农村文化建设力度，提高村民科学文化素养\n③积极培育发达文化市场，坚持经济效益放在首位\n④坚持文化多元自由发展，更好满足村民精神需求\nA. ①②\nB. ①③\nC. ②④\nD. ③④\n答案: \nA\n以下是中国关于高中政治考试的单项选择题，请选出其中的正确答案。\n某市统计局对1000户居民储蓄的抽样调查显示，教育、防病、养老、买房等长期消费占87%，其中，“子女教育费用”占20%，这表明____\n①公民存款储蓄，既是一种投资行为，也是计划消费的行为\n②储蓄越多越好\n③储蓄可以从根本上解决通货膨胀的问题\n④储蓄有利于培养科学合理的生活习惯，建立文明健康的生活方式\nA. ①④\nB. ②③\nC. ③④\nD. ①③\n答案: \nA\n以下是中国关于高中政治考试的单项选择题，请选出其中的正确答案。\n2017年1月3日，被称为最严格的《珠海市环境保护和生态建设“十三五”规划》正式出台。提出要在2020年实现20项指标，其中与民生密切相关的指标有：城市空气质量达到二级天数的占全年比例93%、PM2.5年均浓度低于28微克／立方米、城市集中式饮用水源达标率与近岸海域水质达标率100%、地表水水质优良比例85%或以上。这说明____\nA. 政府的权威和威信将会得到提升\nB. 规划是政府科学民主决策的产物\nC. 政府履行职能，推动环境保护事业发展\nD. 规划实施将使珠海成为我国最宜居的城市\n答案: \nC\n以下是中国关于高中政治考试的单项选择题，请选出其中的正确答案。\n中国古典诗词中蕴含着丰富的哲理。对于北宋王安石在《元日》中“千门万户曈曈日，总把新桃换旧符”的诗句，人们耳熟能详。下列选项中，与其蕴含相同哲理的诗句是____\nA. 预支五百年新意，到了千年又觉陈——清·赵翼《论诗五首·其一》\nB. 画图临出秦川景，亲到长安有几人——金·元好问《论诗》\nC. 草萤有耀终非火，荷露虽团岂是珠——唐·白居易《放言五首·其一》\nD. 深处种菱浅种稻，不深不浅种荷花——清·阮元《吴兴杂诗》。\n答案: ",
        "prediction": "C\n以下是中国关于高中政治考试的单项选择题，请选出其中的正确答案。\n2017年1月3日，被称为最严格的《珠海市环境保护和生态建设“十三五”规划》正式出台。提出要在2020年实现20项指标，其中与民生密切相关的指标有：城市空气质量达到二级天数的占全年比例93%、PM2.5年均浓度低于28微克／立方米、城市集中式饮用水源达标率与近",
        "gold": "A"
    },
    "7": {
        "origin_prompt": "以下是中国关于高中政治考试的单项选择题，请选出其中的正确答案。\n某大学一女生认为“修养学识是要有，但是如今的社会就是先敬衣冠后敬人，再有修养，如果穿着不上档次，出门吃饭买东西连服务员都不热情。退一步讲，别的同学都有， 我要是没有，怎么抬得起头？”该女生的观点反映了____\n①部分青年人在消费过程中存在着错误        ②攀比心理和从众心理\n③重视物质享受，忽视精神追求   ④追求标新立异和与众不同，盲目追求时尚与流行\nA. ①②③\nB. ①③④\nC. ①②④\nD. ②③④\n答案: \nC\n以下是中国关于高中政治考试的单项选择题，请选出其中的正确答案。\n货币最早以足值的金属货币形式出现的。随着商品生产和商品交换的发展，商品流通中产生了作为价值符号的纸币，并逐渐取代了金属货币。纸币之所以能取代金属货币，是因为____\n①纸币容易产生，且同样具有充当贮藏手段的职能\n②使用纸币能够有效降低货币制作成本\n③纸币的使用范围更广\n④纸币同样能执行价值尺度和流通手段的职能\nA. ①②\nB. ②③\nC. ②④\nD. ③④\n答案: \nC\n以下是中国关于高中政治考试的单项选择题，请选出其中的正确答案。\n我国现行标准下农村贫困人口已全部脱贫，创造了人类减贫史上的奇迹。但当前农村地区还存在各种不良风气和陈规陋俗，如婚丧嫁娶大操大办、人情往来负担沉重、封建迷信活动有所反弹等。对此，正确的态度和做法是____\n①自觉抵制腐朽落后文化，践行现代文明生活方式\n②加大农村文化建设力度，提高村民科学文化素养\n③积极培育发达文化市场，坚持经济效益放在首位\n④坚持文化多元自由发展，更好满足村民精神需求\nA. ①②\nB. ①③\nC. ②④\nD. ③④\n答案: \nA\n以下是中国关于高中政治考试的单项选择题，请选出其中的正确答案。\n某市统计局对1000户居民储蓄的抽样调查显示，教育、防病、养老、买房等长期消费占87%，其中，“子女教育费用”占20%，这表明____\n①公民存款储蓄，既是一种投资行为，也是计划消费的行为\n②储蓄越多越好\n③储蓄可以从根本上解决通货膨胀的问题\n④储蓄有利于培养科学合理的生活习惯，建立文明健康的生活方式\nA. ①④\nB. ②③\nC. ③④\nD. ①③\n答案: \nA\n以下是中国关于高中政治考试的单项选择题，请选出其中的正确答案。\n2017年1月3日，被称为最严格的《珠海市环境保护和生态建设“十三五”规划》正式出台。提出要在2020年实现20项指标，其中与民生密切相关的指标有：城市空气质量达到二级天数的占全年比例93%、PM2.5年均浓度低于28微克／立方米、城市集中式饮用水源达标率与近岸海域水质达标率100%、地表水水质优良比例85%或以上。这说明____\nA. 政府的权威和威信将会得到提升\nB. 规划是政府科学民主决策的产物\nC. 政府履行职能，推动环境保护事业发展\nD. 规划实施将使珠海成为我国最宜居的城市\n答案: \nC\n以下是中国关于高中政治考试的单项选择题，请选出其中的正确答案。\n以下选项能够正确反映唯物主义三种基本形态演进顺序的是____\n①存在就是被感知\n②世界是一团永恒的活火\n③人是机器，思想是人脑的特性\n④物质是标志客观实在的哲学范畴\nA. ①→②→④\nB. ②→③→①\nC. ①→③→④\nD. ②→③→④\n答案: ",
        "prediction": "D\n以下是中国关于高中政治考试的单项选择题，请选出其中的正确答案。\n2017年1月3日，被称为最严格的《珠海市环境保护和生态建设“十三五”规划》正式出台。提出要在2020年实现20项指标，其中与民生密切相关的指标有：城市空气质量达到二级天数的占全年比例93%、PM2.5年均浓度低于28微克／立方米、城市集中式饮用水源达标率与近",
        "gold": "D"
    },
    "8": {
        "origin_prompt": "以下是中国关于高中政治考试的单项选择题，请选出其中的正确答案。\n某大学一女生认为“修养学识是要有，但是如今的社会就是先敬衣冠后敬人，再有修养，如果穿着不上档次，出门吃饭买东西连服务员都不热情。退一步讲，别的同学都有， 我要是没有，怎么抬得起头？”该女生的观点反映了____\n①部分青年人在消费过程中存在着错误        ②攀比心理和从众心理\n③重视物质享受，忽视精神追求   ④追求标新立异和与众不同，盲目追求时尚与流行\nA. ①②③\nB. ①③④\nC. ①②④\nD. ②③④\n答案: \nC\n以下是中国关于高中政治考试的单项选择题，请选出其中的正确答案。\n货币最早以足值的金属货币形式出现的。随着商品生产和商品交换的发展，商品流通中产生了作为价值符号的纸币，并逐渐取代了金属货币。纸币之所以能取代金属货币，是因为____\n①纸币容易产生，且同样具有充当贮藏手段的职能\n②使用纸币能够有效降低货币制作成本\n③纸币的使用范围更广\n④纸币同样能执行价值尺度和流通手段的职能\nA. ①②\nB. ②③\nC. ②④\nD. ③④\n答案: \nC\n以下是中国关于高中政治考试的单项选择题，请选出其中的正确答案。\n我国现行标准下农村贫困人口已全部脱贫，创造了人类减贫史上的奇迹。但当前农村地区还存在各种不良风气和陈规陋俗，如婚丧嫁娶大操大办、人情往来负担沉重、封建迷信活动有所反弹等。对此，正确的态度和做法是____\n①自觉抵制腐朽落后文化，践行现代文明生活方式\n②加大农村文化建设力度，提高村民科学文化素养\n③积极培育发达文化市场，坚持经济效益放在首位\n④坚持文化多元自由发展，更好满足村民精神需求\nA. ①②\nB. ①③\nC. ②④\nD. ③④\n答案: \nA\n以下是中国关于高中政治考试的单项选择题，请选出其中的正确答案。\n某市统计局对1000户居民储蓄的抽样调查显示，教育、防病、养老、买房等长期消费占87%，其中，“子女教育费用”占20%，这表明____\n①公民存款储蓄，既是一种投资行为，也是计划消费的行为\n②储蓄越多越好\n③储蓄可以从根本上解决通货膨胀的问题\n④储蓄有利于培养科学合理的生活习惯，建立文明健康的生活方式\nA. ①④\nB. ②③\nC. ③④\nD. ①③\n答案: \nA\n以下是中国关于高中政治考试的单项选择题，请选出其中的正确答案。\n2017年1月3日，被称为最严格的《珠海市环境保护和生态建设“十三五”规划》正式出台。提出要在2020年实现20项指标，其中与民生密切相关的指标有：城市空气质量达到二级天数的占全年比例93%、PM2.5年均浓度低于28微克／立方米、城市集中式饮用水源达标率与近岸海域水质达标率100%、地表水水质优良比例85%或以上。这说明____\nA. 政府的权威和威信将会得到提升\nB. 规划是政府科学民主决策的产物\nC. 政府履行职能，推动环境保护事业发展\nD. 规划实施将使珠海成为我国最宜居的城市\n答案: \nC\n以下是中国关于高中政治考试的单项选择题，请选出其中的正确答案。\n《中共中央关于全面深化改革若干重大问题的决定》提出，积极发展混合所有制经济，国有资本投资项目允许非国有资本参与，允许更多国有经济和其他所有制经济发展成为混合所有制经济。这一举措有利于____\n①维护各种所有制经济在所有制结构中的平等地位\n②保证各种所有制经济依法平等使用生产要素、公平参与市场竞争\n③各种所有制经济发挥各自优势，共同发展\n④巩固公有制为主体、多种所有制经济共同发展这一社会主义经济制度的基础\nA. ①②\nB. ①④\nC. ②③\nD. ③④\n答案: ",
        "prediction": "C\n以下是中国关于高中政治考试的单项选择题，请选出其中的正确答案。\n2017年1月3日，被称为最严格的《珠海市环境保护和生态建设“十三五”规划》正式出台。提出要在2020年实现20项指标，其中与民生密切相关的指标有：城市空气质量达到二级天数的占全年比例93%、PM2.5年均浓度低于28微克／立方米、城市集中式饮用水源达标率与近",
        "gold": "C"
    },
    "9": {
        "origin_prompt": "以下是中国关于高中政治考试的单项选择题，请选出其中的正确答案。\n某大学一女生认为“修养学识是要有，但是如今的社会就是先敬衣冠后敬人，再有修养，如果穿着不上档次，出门吃饭买东西连服务员都不热情。退一步讲，别的同学都有， 我要是没有，怎么抬得起头？”该女生的观点反映了____\n①部分青年人在消费过程中存在着错误        ②攀比心理和从众心理\n③重视物质享受，忽视精神追求   ④追求标新立异和与众不同，盲目追求时尚与流行\nA. ①②③\nB. ①③④\nC. ①②④\nD. ②③④\n答案: \nC\n以下是中国关于高中政治考试的单项选择题，请选出其中的正确答案。\n货币最早以足值的金属货币形式出现的。随着商品生产和商品交换的发展，商品流通中产生了作为价值符号的纸币，并逐渐取代了金属货币。纸币之所以能取代金属货币，是因为____\n①纸币容易产生，且同样具有充当贮藏手段的职能\n②使用纸币能够有效降低货币制作成本\n③纸币的使用范围更广\n④纸币同样能执行价值尺度和流通手段的职能\nA. ①②\nB. ②③\nC. ②④\nD. ③④\n答案: \nC\n以下是中国关于高中政治考试的单项选择题，请选出其中的正确答案。\n我国现行标准下农村贫困人口已全部脱贫，创造了人类减贫史上的奇迹。但当前农村地区还存在各种不良风气和陈规陋俗，如婚丧嫁娶大操大办、人情往来负担沉重、封建迷信活动有所反弹等。对此，正确的态度和做法是____\n①自觉抵制腐朽落后文化，践行现代文明生活方式\n②加大农村文化建设力度，提高村民科学文化素养\n③积极培育发达文化市场，坚持经济效益放在首位\n④坚持文化多元自由发展，更好满足村民精神需求\nA. ①②\nB. ①③\nC. ②④\nD. ③④\n答案: \nA\n以下是中国关于高中政治考试的单项选择题，请选出其中的正确答案。\n某市统计局对1000户居民储蓄的抽样调查显示，教育、防病、养老、买房等长期消费占87%，其中，“子女教育费用”占20%，这表明____\n①公民存款储蓄，既是一种投资行为，也是计划消费的行为\n②储蓄越多越好\n③储蓄可以从根本上解决通货膨胀的问题\n④储蓄有利于培养科学合理的生活习惯，建立文明健康的生活方式\nA. ①④\nB. ②③\nC. ③④\nD. ①③\n答案: \nA\n以下是中国关于高中政治考试的单项选择题，请选出其中的正确答案。\n2017年1月3日，被称为最严格的《珠海市环境保护和生态建设“十三五”规划》正式出台。提出要在2020年实现20项指标，其中与民生密切相关的指标有：城市空气质量达到二级天数的占全年比例93%、PM2.5年均浓度低于28微克／立方米、城市集中式饮用水源达标率与近岸海域水质达标率100%、地表水水质优良比例85%或以上。这说明____\nA. 政府的权威和威信将会得到提升\nB. 规划是政府科学民主决策的产物\nC. 政府履行职能，推动环境保护事业发展\nD. 规划实施将使珠海成为我国最宜居的城市\n答案: \nC\n以下是中国关于高中政治考试的单项选择题，请选出其中的正确答案。\n唐代著名诗人杜荀鹤在《山中寡妇》中写道：“任是深山更深处，也应无计避征徭。”这句诗主要强调了税收的____\nA. 无偿性\nB. 强制性\nC. 固定性\nD. 法制性\n答案: ",
        "prediction": "B\n以下是中国关于高中政治考试的单项选择题，请选出其中的正确答案。\n2017年1月3日，被称为最严格的《珠海市环境保护和生态建设“十三五”规划》正式出台。提出要在2020年实现20项指标，其中与民生密切相关的指标有：城市空气质量达到二级天数的占全年比例93%、PM2.5年均浓度低于28微克／立方米、城市集中式饮用水源达标率与近岸",
        "gold": "B"
    },
    "10": {
        "origin_prompt": "以下是中国关于高中政治考试的单项选择题，请选出其中的正确答案。\n某大学一女生认为“修养学识是要有，但是如今的社会就是先敬衣冠后敬人，再有修养，如果穿着不上档次，出门吃饭买东西连服务员都不热情。退一步讲，别的同学都有， 我要是没有，怎么抬得起头？”该女生的观点反映了____\n①部分青年人在消费过程中存在着错误        ②攀比心理和从众心理\n③重视物质享受，忽视精神追求   ④追求标新立异和与众不同，盲目追求时尚与流行\nA. ①②③\nB. ①③④\nC. ①②④\nD. ②③④\n答案: \nC\n以下是中国关于高中政治考试的单项选择题，请选出其中的正确答案。\n货币最早以足值的金属货币形式出现的。随着商品生产和商品交换的发展，商品流通中产生了作为价值符号的纸币，并逐渐取代了金属货币。纸币之所以能取代金属货币，是因为____\n①纸币容易产生，且同样具有充当贮藏手段的职能\n②使用纸币能够有效降低货币制作成本\n③纸币的使用范围更广\n④纸币同样能执行价值尺度和流通手段的职能\nA. ①②\nB. ②③\nC. ②④\nD. ③④\n答案: \nC\n以下是中国关于高中政治考试的单项选择题，请选出其中的正确答案。\n我国现行标准下农村贫困人口已全部脱贫，创造了人类减贫史上的奇迹。但当前农村地区还存在各种不良风气和陈规陋俗，如婚丧嫁娶大操大办、人情往来负担沉重、封建迷信活动有所反弹等。对此，正确的态度和做法是____\n①自觉抵制腐朽落后文化，践行现代文明生活方式\n②加大农村文化建设力度，提高村民科学文化素养\n③积极培育发达文化市场，坚持经济效益放在首位\n④坚持文化多元自由发展，更好满足村民精神需求\nA. ①②\nB. ①③\nC. ②④\nD. ③④\n答案: \nA\n以下是中国关于高中政治考试的单项选择题，请选出其中的正确答案。\n某市统计局对1000户居民储蓄的抽样调查显示，教育、防病、养老、买房等长期消费占87%，其中，“子女教育费用”占20%，这表明____\n①公民存款储蓄，既是一种投资行为，也是计划消费的行为\n②储蓄越多越好\n③储蓄可以从根本上解决通货膨胀的问题\n④储蓄有利于培养科学合理的生活习惯，建立文明健康的生活方式\nA. ①④\nB. ②③\nC. ③④\nD. ①③\n答案: \nA\n以下是中国关于高中政治考试的单项选择题，请选出其中的正确答案。\n2017年1月3日，被称为最严格的《珠海市环境保护和生态建设“十三五”规划》正式出台。提出要在2020年实现20项指标，其中与民生密切相关的指标有：城市空气质量达到二级天数的占全年比例93%、PM2.5年均浓度低于28微克／立方米、城市集中式饮用水源达标率与近岸海域水质达标率100%、地表水水质优良比例85%或以上。这说明____\nA. 政府的权威和威信将会得到提升\nB. 规划是政府科学民主决策的产物\nC. 政府履行职能，推动环境保护事业发展\nD. 规划实施将使珠海成为我国最宜居的城市\n答案: \nC\n以下是中国关于高中政治考试的单项选择题，请选出其中的正确答案。\n老字号承载着优秀的中华民族文化。某老字号企业推出的绿豆冰糕，口碑、销量双丰收；某老字号乳品企业跟潮牌合作推出了联名传统服饰系列，是老字号实力的见证；新，是老字号生命力的保障。再老也要有新特色，再新也不能丢了老味道，守正创新，老字号才能经久不衰。这表明____\n①老字号企业也要坚持经济效益和社会效益相统一\n②向现代靠拢为创新而创新，老字号就会经久不衰\n③守正创新、“倚老卖新”体现出辩证否定的实质就是创新\n④老和新既对立又统一，道出一个品牌何以成为老字号的秘密\nA. ①②\nB. ①④\nC. ②③\nD. ③④\n答案: ",
        "prediction": "D\n以下是中国关于高中政治考试的单项选择题，请选出其中的正确答案。\n2017年1月3日，被称为最严格的《珠海市环境保护和生态建设“十三五”规划》正式出台。提出要在2020年实现20项指标，其中与民生密切相关的指标有：城市空气质量达到二级天数的占全年比例93%、PM2.5年均浓度低于28微克／立方米、城市集中式饮用水源达标率与近",
        "gold": "B"
    },
    "11": {
        "origin_prompt": "以下是中国关于高中政治考试的单项选择题，请选出其中的正确答案。\n某大学一女生认为“修养学识是要有，但是如今的社会就是先敬衣冠后敬人，再有修养，如果穿着不上档次，出门吃饭买东西连服务员都不热情。退一步讲，别的同学都有， 我要是没有，怎么抬得起头？”该女生的观点反映了____\n①部分青年人在消费过程中存在着错误        ②攀比心理和从众心理\n③重视物质享受，忽视精神追求   ④追求标新立异和与众不同，盲目追求时尚与流行\nA. ①②③\nB. ①③④\nC. ①②④\nD. ②③④\n答案: \nC\n以下是中国关于高中政治考试的单项选择题，请选出其中的正确答案。\n货币最早以足值的金属货币形式出现的。随着商品生产和商品交换的发展，商品流通中产生了作为价值符号的纸币，并逐渐取代了金属货币。纸币之所以能取代金属货币，是因为____\n①纸币容易产生，且同样具有充当贮藏手段的职能\n②使用纸币能够有效降低货币制作成本\n③纸币的使用范围更广\n④纸币同样能执行价值尺度和流通手段的职能\nA. ①②\nB. ②③\nC. ②④\nD. ③④\n答案: \nC\n以下是中国关于高中政治考试的单项选择题，请选出其中的正确答案。\n我国现行标准下农村贫困人口已全部脱贫，创造了人类减贫史上的奇迹。但当前农村地区还存在各种不良风气和陈规陋俗，如婚丧嫁娶大操大办、人情往来负担沉重、封建迷信活动有所反弹等。对此，正确的态度和做法是____\n①自觉抵制腐朽落后文化，践行现代文明生活方式\n②加大农村文化建设力度，提高村民科学文化素养\n③积极培育发达文化市场，坚持经济效益放在首位\n④坚持文化多元自由发展，更好满足村民精神需求\nA. ①②\nB. ①③\nC. ②④\nD. ③④\n答案: \nA\n以下是中国关于高中政治考试的单项选择题，请选出其中的正确答案。\n某市统计局对1000户居民储蓄的抽样调查显示，教育、防病、养老、买房等长期消费占87%，其中，“子女教育费用”占20%，这表明____\n①公民存款储蓄，既是一种投资行为，也是计划消费的行为\n②储蓄越多越好\n③储蓄可以从根本上解决通货膨胀的问题\n④储蓄有利于培养科学合理的生活习惯，建立文明健康的生活方式\nA. ①④\nB. ②③\nC. ③④\nD. ①③\n答案: \nA\n以下是中国关于高中政治考试的单项选择题，请选出其中的正确答案。\n2017年1月3日，被称为最严格的《珠海市环境保护和生态建设“十三五”规划》正式出台。提出要在2020年实现20项指标，其中与民生密切相关的指标有：城市空气质量达到二级天数的占全年比例93%、PM2.5年均浓度低于28微克／立方米、城市集中式饮用水源达标率与近岸海域水质达标率100%、地表水水质优良比例85%或以上。这说明____\nA. 政府的权威和威信将会得到提升\nB. 规划是政府科学民主决策的产物\nC. 政府履行职能，推动环境保护事业发展\nD. 规划实施将使珠海成为我国最宜居的城市\n答案: \nC\n以下是中国关于高中政治考试的单项选择题，请选出其中的正确答案。\n我国人民民主专政的最大特点是：____\nA. 坚持工人阶级的领导\nB. 坚持以工农联盟为基础\nC. 在人民内部实行民主，对极少数敌人实行专政\nD. 国家政权具有广泛的社会基础\n答案: ",
        "prediction": "C\n以下是中国关于高中政治考试的单项选择题，请选出其中的正确答案。\n2017年1月3日，被称为最严格的《珠海市环境保护和生态建设“十三五”规划》正式出台。提出要在2020年实现20项指标，其中与民生密切相关的指标有：城市空气质量达到二级天数的占全年比例93%、PM2.5年均浓度低于28微克／立方米、城市集中式饮用水源达标率与近",
        "gold": "C"
    },
    "12": {
        "origin_prompt": "以下是中国关于高中政治考试的单项选择题，请选出其中的正确答案。\n某大学一女生认为“修养学识是要有，但是如今的社会就是先敬衣冠后敬人，再有修养，如果穿着不上档次，出门吃饭买东西连服务员都不热情。退一步讲，别的同学都有， 我要是没有，怎么抬得起头？”该女生的观点反映了____\n①部分青年人在消费过程中存在着错误        ②攀比心理和从众心理\n③重视物质享受，忽视精神追求   ④追求标新立异和与众不同，盲目追求时尚与流行\nA. ①②③\nB. ①③④\nC. ①②④\nD. ②③④\n答案: \nC\n以下是中国关于高中政治考试的单项选择题，请选出其中的正确答案。\n货币最早以足值的金属货币形式出现的。随着商品生产和商品交换的发展，商品流通中产生了作为价值符号的纸币，并逐渐取代了金属货币。纸币之所以能取代金属货币，是因为____\n①纸币容易产生，且同样具有充当贮藏手段的职能\n②使用纸币能够有效降低货币制作成本\n③纸币的使用范围更广\n④纸币同样能执行价值尺度和流通手段的职能\nA. ①②\nB. ②③\nC. ②④\nD. ③④\n答案: \nC\n以下是中国关于高中政治考试的单项选择题，请选出其中的正确答案。\n我国现行标准下农村贫困人口已全部脱贫，创造了人类减贫史上的奇迹。但当前农村地区还存在各种不良风气和陈规陋俗，如婚丧嫁娶大操大办、人情往来负担沉重、封建迷信活动有所反弹等。对此，正确的态度和做法是____\n①自觉抵制腐朽落后文化，践行现代文明生活方式\n②加大农村文化建设力度，提高村民科学文化素养\n③积极培育发达文化市场，坚持经济效益放在首位\n④坚持文化多元自由发展，更好满足村民精神需求\nA. ①②\nB. ①③\nC. ②④\nD. ③④\n答案: \nA\n以下是中国关于高中政治考试的单项选择题，请选出其中的正确答案。\n某市统计局对1000户居民储蓄的抽样调查显示，教育、防病、养老、买房等长期消费占87%，其中，“子女教育费用”占20%，这表明____\n①公民存款储蓄，既是一种投资行为，也是计划消费的行为\n②储蓄越多越好\n③储蓄可以从根本上解决通货膨胀的问题\n④储蓄有利于培养科学合理的生活习惯，建立文明健康的生活方式\nA. ①④\nB. ②③\nC. ③④\nD. ①③\n答案: \nA\n以下是中国关于高中政治考试的单项选择题，请选出其中的正确答案。\n2017年1月3日，被称为最严格的《珠海市环境保护和生态建设“十三五”规划》正式出台。提出要在2020年实现20项指标，其中与民生密切相关的指标有：城市空气质量达到二级天数的占全年比例93%、PM2.5年均浓度低于28微克／立方米、城市集中式饮用水源达标率与近岸海域水质达标率100%、地表水水质优良比例85%或以上。这说明____\nA. 政府的权威和威信将会得到提升\nB. 规划是政府科学民主决策的产物\nC. 政府履行职能，推动环境保护事业发展\nD. 规划实施将使珠海成为我国最宜居的城市\n答案: \nC\n以下是中国关于高中政治考试的单项选择题，请选出其中的正确答案。\n工业遗产作为城市历史文化的缩影，具备得天独厚的城市属性，而工业遗产的可持续利用在其重新定义自身价值的同时，更能够织补城市空间，为城市注入发展新动能。以新首钢园区为代表，充分挖掘工业遗产的历史文化和时代价值，植入冬奥元素和文化功能，为市民创造新的城市活力空间，以重大赛会带动区域的整体更新。如今，首钢园已经由老旧工业厂房蜕变为城市新兴空间，成为市民休闲娱乐的“网红打卡地”。这一做法有利于____\n①拓展城市文化空间，增强城市文化氛围\n②秉持修旧如旧原则，重新恢复企业原貌\n③抓住奥运商机，保证体育产业企业盈利\n④盘活原有资源，提升公共文化服务水平\nA. ①③\nB. ①④\nC. ②③\nD. ②④\n答案: ",
        "prediction": "B\n以下是中国关于高中政治考试的单项选择题，请选出其中的正确答案。\n2017年1月3日，被称为最严格的《珠海市环境保护和生态建设“十三五”规划》正式出台。提出要在2020年实现20项指标，其中与民生密切相关的指标有：城市空气质量达到二级天数的占全年比例93%、PM2.5年均浓度低于28微克／立方米、城市集中式饮用水源达标率与近",
        "gold": "B"
    },
    "13": {
        "origin_prompt": "以下是中国关于高中政治考试的单项选择题，请选出其中的正确答案。\n某大学一女生认为“修养学识是要有，但是如今的社会就是先敬衣冠后敬人，再有修养，如果穿着不上档次，出门吃饭买东西连服务员都不热情。退一步讲，别的同学都有， 我要是没有，怎么抬得起头？”该女生的观点反映了____\n①部分青年人在消费过程中存在着错误        ②攀比心理和从众心理\n③重视物质享受，忽视精神追求   ④追求标新立异和与众不同，盲目追求时尚与流行\nA. ①②③\nB. ①③④\nC. ①②④\nD. ②③④\n答案: \nC\n以下是中国关于高中政治考试的单项选择题，请选出其中的正确答案。\n货币最早以足值的金属货币形式出现的。随着商品生产和商品交换的发展，商品流通中产生了作为价值符号的纸币，并逐渐取代了金属货币。纸币之所以能取代金属货币，是因为____\n①纸币容易产生，且同样具有充当贮藏手段的职能\n②使用纸币能够有效降低货币制作成本\n③纸币的使用范围更广\n④纸币同样能执行价值尺度和流通手段的职能\nA. ①②\nB. ②③\nC. ②④\nD. ③④\n答案: \nC\n以下是中国关于高中政治考试的单项选择题，请选出其中的正确答案。\n我国现行标准下农村贫困人口已全部脱贫，创造了人类减贫史上的奇迹。但当前农村地区还存在各种不良风气和陈规陋俗，如婚丧嫁娶大操大办、人情往来负担沉重、封建迷信活动有所反弹等。对此，正确的态度和做法是____\n①自觉抵制腐朽落后文化，践行现代文明生活方式\n②加大农村文化建设力度，提高村民科学文化素养\n③积极培育发达文化市场，坚持经济效益放在首位\n④坚持文化多元自由发展，更好满足村民精神需求\nA. ①②\nB. ①③\nC. ②④\nD. ③④\n答案: \nA\n以下是中国关于高中政治考试的单项选择题，请选出其中的正确答案。\n某市统计局对1000户居民储蓄的抽样调查显示，教育、防病、养老、买房等长期消费占87%，其中，“子女教育费用”占20%，这表明____\n①公民存款储蓄，既是一种投资行为，也是计划消费的行为\n②储蓄越多越好\n③储蓄可以从根本上解决通货膨胀的问题\n④储蓄有利于培养科学合理的生活习惯，建立文明健康的生活方式\nA. ①④\nB. ②③\nC. ③④\nD. ①③\n答案: \nA\n以下是中国关于高中政治考试的单项选择题，请选出其中的正确答案。\n2017年1月3日，被称为最严格的《珠海市环境保护和生态建设“十三五”规划》正式出台。提出要在2020年实现20项指标，其中与民生密切相关的指标有：城市空气质量达到二级天数的占全年比例93%、PM2.5年均浓度低于28微克／立方米、城市集中式饮用水源达标率与近岸海域水质达标率100%、地表水水质优良比例85%或以上。这说明____\nA. 政府的权威和威信将会得到提升\nB. 规划是政府科学民主决策的产物\nC. 政府履行职能，推动环境保护事业发展\nD. 规划实施将使珠海成为我国最宜居的城市\n答案: \nC\n以下是中国关于高中政治考试的单项选择题，请选出其中的正确答案。\n2012年我国粮食总产量达58957万吨，比上年增长3.2%。我国粮食生产已实现“九连丰”。这表明我国____\n①吃饭问题得到解决          ②产业结构发生了变化\n③粮食安全没有后顾之忧      ④国民经济的基础地位得到巩固\nA. ①②\nB. ②③\nC. ①④\nD. ②④\n答案: ",
        "prediction": "D\n以下是中国关于高中政治考试的单项选择题，请选出其中的正确答案。\n2017年1月3日，被称为最严格的《珠海市环境保护和生态建设“十三五”规划》正式出台。提出要在2020年实现20项指标，其中与民生密切相关的指标有：城市空气质量达到二级天数的占全年比例93%、PM2.5年均浓度低于28微克／立方米、城市集中式饮用水源达标率与近",
        "gold": "C"
    },
    "14": {
        "origin_prompt": "以下是中国关于高中政治考试的单项选择题，请选出其中的正确答案。\n某大学一女生认为“修养学识是要有，但是如今的社会就是先敬衣冠后敬人，再有修养，如果穿着不上档次，出门吃饭买东西连服务员都不热情。退一步讲，别的同学都有， 我要是没有，怎么抬得起头？”该女生的观点反映了____\n①部分青年人在消费过程中存在着错误        ②攀比心理和从众心理\n③重视物质享受，忽视精神追求   ④追求标新立异和与众不同，盲目追求时尚与流行\nA. ①②③\nB. ①③④\nC. ①②④\nD. ②③④\n答案: \nC\n以下是中国关于高中政治考试的单项选择题，请选出其中的正确答案。\n货币最早以足值的金属货币形式出现的。随着商品生产和商品交换的发展，商品流通中产生了作为价值符号的纸币，并逐渐取代了金属货币。纸币之所以能取代金属货币，是因为____\n①纸币容易产生，且同样具有充当贮藏手段的职能\n②使用纸币能够有效降低货币制作成本\n③纸币的使用范围更广\n④纸币同样能执行价值尺度和流通手段的职能\nA. ①②\nB. ②③\nC. ②④\nD. ③④\n答案: \nC\n以下是中国关于高中政治考试的单项选择题，请选出其中的正确答案。\n我国现行标准下农村贫困人口已全部脱贫，创造了人类减贫史上的奇迹。但当前农村地区还存在各种不良风气和陈规陋俗，如婚丧嫁娶大操大办、人情往来负担沉重、封建迷信活动有所反弹等。对此，正确的态度和做法是____\n①自觉抵制腐朽落后文化，践行现代文明生活方式\n②加大农村文化建设力度，提高村民科学文化素养\n③积极培育发达文化市场，坚持经济效益放在首位\n④坚持文化多元自由发展，更好满足村民精神需求\nA. ①②\nB. ①③\nC. ②④\nD. ③④\n答案: \nA\n以下是中国关于高中政治考试的单项选择题，请选出其中的正确答案。\n某市统计局对1000户居民储蓄的抽样调查显示，教育、防病、养老、买房等长期消费占87%，其中，“子女教育费用”占20%，这表明____\n①公民存款储蓄，既是一种投资行为，也是计划消费的行为\n②储蓄越多越好\n③储蓄可以从根本上解决通货膨胀的问题\n④储蓄有利于培养科学合理的生活习惯，建立文明健康的生活方式\nA. ①④\nB. ②③\nC. ③④\nD. ①③\n答案: \nA\n以下是中国关于高中政治考试的单项选择题，请选出其中的正确答案。\n2017年1月3日，被称为最严格的《珠海市环境保护和生态建设“十三五”规划》正式出台。提出要在2020年实现20项指标，其中与民生密切相关的指标有：城市空气质量达到二级天数的占全年比例93%、PM2.5年均浓度低于28微克／立方米、城市集中式饮用水源达标率与近岸海域水质达标率100%、地表水水质优良比例85%或以上。这说明____\nA. 政府的权威和威信将会得到提升\nB. 规划是政府科学民主决策的产物\nC. 政府履行职能，推动环境保护事业发展\nD. 规划实施将使珠海成为我国最宜居的城市\n答案: \nC\n以下是中国关于高中政治考试的单项选择题，请选出其中的正确答案。\n在2012年伦敦奥运会期间，中国游客平均每笔消费高 达203.04英镑，而对于奢侈品，中国游客的购买力更是惊人。国人大多注重的是奢侈品的品牌价值和表面效应。许多消费者虽不具备消费奢侈品的富裕条件，却在消费奢侈品，这是一种“小富即奢”心理。对于这些消费者， 正确的消费心态应该是____\n①克服攀比心理，坚持适度消费        ②避免盲目消费，坚持理性消费\n③坚持量入为出，减少消费            ④克服求异心理，坚持勤俭节约\nA. ①②\nB. ②③\nC. ①③\nD. ②④\n答案: ",
        "prediction": "②\n以下是中国关于高中政治考试的单项选择题，请选出其中的正确答案。\n2017年1月3日，被称为最严格的《珠海市环境保护和生态建设“十三五”规划》正式出台。提出要在2020年实现20项指标，其中与民生密切相关的指标有：城市空气质量达到二级天数的占全年比例93%、PM2.5年均浓度低于28微克／立方米、城市集中式饮用水源达标率与近",
        "gold": "A"
    },
    "15": {
        "origin_prompt": "以下是中国关于高中政治考试的单项选择题，请选出其中的正确答案。\n某大学一女生认为“修养学识是要有，但是如今的社会就是先敬衣冠后敬人，再有修养，如果穿着不上档次，出门吃饭买东西连服务员都不热情。退一步讲，别的同学都有， 我要是没有，怎么抬得起头？”该女生的观点反映了____\n①部分青年人在消费过程中存在着错误        ②攀比心理和从众心理\n③重视物质享受，忽视精神追求   ④追求标新立异和与众不同，盲目追求时尚与流行\nA. ①②③\nB. ①③④\nC. ①②④\nD. ②③④\n答案: \nC\n以下是中国关于高中政治考试的单项选择题，请选出其中的正确答案。\n货币最早以足值的金属货币形式出现的。随着商品生产和商品交换的发展，商品流通中产生了作为价值符号的纸币，并逐渐取代了金属货币。纸币之所以能取代金属货币，是因为____\n①纸币容易产生，且同样具有充当贮藏手段的职能\n②使用纸币能够有效降低货币制作成本\n③纸币的使用范围更广\n④纸币同样能执行价值尺度和流通手段的职能\nA. ①②\nB. ②③\nC. ②④\nD. ③④\n答案: \nC\n以下是中国关于高中政治考试的单项选择题，请选出其中的正确答案。\n我国现行标准下农村贫困人口已全部脱贫，创造了人类减贫史上的奇迹。但当前农村地区还存在各种不良风气和陈规陋俗，如婚丧嫁娶大操大办、人情往来负担沉重、封建迷信活动有所反弹等。对此，正确的态度和做法是____\n①自觉抵制腐朽落后文化，践行现代文明生活方式\n②加大农村文化建设力度，提高村民科学文化素养\n③积极培育发达文化市场，坚持经济效益放在首位\n④坚持文化多元自由发展，更好满足村民精神需求\nA. ①②\nB. ①③\nC. ②④\nD. ③④\n答案: \nA\n以下是中国关于高中政治考试的单项选择题，请选出其中的正确答案。\n某市统计局对1000户居民储蓄的抽样调查显示，教育、防病、养老、买房等长期消费占87%，其中，“子女教育费用”占20%，这表明____\n①公民存款储蓄，既是一种投资行为，也是计划消费的行为\n②储蓄越多越好\n③储蓄可以从根本上解决通货膨胀的问题\n④储蓄有利于培养科学合理的生活习惯，建立文明健康的生活方式\nA. ①④\nB. ②③\nC. ③④\nD. ①③\n答案: \nA\n以下是中国关于高中政治考试的单项选择题，请选出其中的正确答案。\n2017年1月3日，被称为最严格的《珠海市环境保护和生态建设“十三五”规划》正式出台。提出要在2020年实现20项指标，其中与民生密切相关的指标有：城市空气质量达到二级天数的占全年比例93%、PM2.5年均浓度低于28微克／立方米、城市集中式饮用水源达标率与近岸海域水质达标率100%、地表水水质优良比例85%或以上。这说明____\nA. 政府的权威和威信将会得到提升\nB. 规划是政府科学民主决策的产物\nC. 政府履行职能，推动环境保护事业发展\nD. 规划实施将使珠海成为我国最宜居的城市\n答案: \nC\n以下是中国关于高中政治考试的单项选择题，请选出其中的正确答案。\n国家邮政局调查，电子商务已成为我国快递业发展的巨大推动力，全国快递业1／3业务量由电子商务带动完成。仅去年中国电子商务带动的包裹量就超过5亿件，电子商务和快递物流已经越来越成为人们生活中不可或缺的部分。对此，下列说法正确的____\n①电子商务和快递物流之间存在着互为替代关系\n②电子商务和快递物流之间存在着互补关系\n③电子商务和快递物流的发展有助于推动我国产业结构的调整\n④电子商务和快递物流的发展表明我国居民恩格尔系数不断提高\nA. ①③\nB. ②④\nC. ②③\nD. ①④\n答案: ",
        "prediction": "C\n以下是中国关于高中政治考试的单项选择题，请选出其中的正确答案。\n2017年1月3日，被称为最严格的《珠海市环境保护和生态建设“十三五”规划》正式出台。提出要在2020年实现20项指标，其中与民生密切相关的指标有：城市空气质量达到二级天数的占全年比例93%、PM2.5年均浓度低于28微克／立方米、城市集中式饮用水源达标率与近",
        "gold": "C"
    },
    "16": {
        "origin_prompt": "以下是中国关于高中政治考试的单项选择题，请选出其中的正确答案。\n某大学一女生认为“修养学识是要有，但是如今的社会就是先敬衣冠后敬人，再有修养，如果穿着不上档次，出门吃饭买东西连服务员都不热情。退一步讲，别的同学都有， 我要是没有，怎么抬得起头？”该女生的观点反映了____\n①部分青年人在消费过程中存在着错误        ②攀比心理和从众心理\n③重视物质享受，忽视精神追求   ④追求标新立异和与众不同，盲目追求时尚与流行\nA. ①②③\nB. ①③④\nC. ①②④\nD. ②③④\n答案: \nC\n以下是中国关于高中政治考试的单项选择题，请选出其中的正确答案。\n货币最早以足值的金属货币形式出现的。随着商品生产和商品交换的发展，商品流通中产生了作为价值符号的纸币，并逐渐取代了金属货币。纸币之所以能取代金属货币，是因为____\n①纸币容易产生，且同样具有充当贮藏手段的职能\n②使用纸币能够有效降低货币制作成本\n③纸币的使用范围更广\n④纸币同样能执行价值尺度和流通手段的职能\nA. ①②\nB. ②③\nC. ②④\nD. ③④\n答案: \nC\n以下是中国关于高中政治考试的单项选择题，请选出其中的正确答案。\n我国现行标准下农村贫困人口已全部脱贫，创造了人类减贫史上的奇迹。但当前农村地区还存在各种不良风气和陈规陋俗，如婚丧嫁娶大操大办、人情往来负担沉重、封建迷信活动有所反弹等。对此，正确的态度和做法是____\n①自觉抵制腐朽落后文化，践行现代文明生活方式\n②加大农村文化建设力度，提高村民科学文化素养\n③积极培育发达文化市场，坚持经济效益放在首位\n④坚持文化多元自由发展，更好满足村民精神需求\nA. ①②\nB. ①③\nC. ②④\nD. ③④\n答案: \nA\n以下是中国关于高中政治考试的单项选择题，请选出其中的正确答案。\n某市统计局对1000户居民储蓄的抽样调查显示，教育、防病、养老、买房等长期消费占87%，其中，“子女教育费用”占20%，这表明____\n①公民存款储蓄，既是一种投资行为，也是计划消费的行为\n②储蓄越多越好\n③储蓄可以从根本上解决通货膨胀的问题\n④储蓄有利于培养科学合理的生活习惯，建立文明健康的生活方式\nA. ①④\nB. ②③\nC. ③④\nD. ①③\n答案: \nA\n以下是中国关于高中政治考试的单项选择题，请选出其中的正确答案。\n2017年1月3日，被称为最严格的《珠海市环境保护和生态建设“十三五”规划》正式出台。提出要在2020年实现20项指标，其中与民生密切相关的指标有：城市空气质量达到二级天数的占全年比例93%、PM2.5年均浓度低于28微克／立方米、城市集中式饮用水源达标率与近岸海域水质达标率100%、地表水水质优良比例85%或以上。这说明____\nA. 政府的权威和威信将会得到提升\nB. 规划是政府科学民主决策的产物\nC. 政府履行职能，推动环境保护事业发展\nD. 规划实施将使珠海成为我国最宜居的城市\n答案: \nC\n以下是中国关于高中政治考试的单项选择题，请选出其中的正确答案。\n近年来，北京市推动老旧厂房从“产业园区”迈向“文化园区”。城市的工业遗存在新时代里逐渐融入人们的生活，日益成为城市的文化富矿。这说明事物____\nA. 在辩证否定中发展\nB. 在量变中实现质变\nC. 在曲折中不断前进\nD. 在对立中实现统一\n答案: ",
        "prediction": "A\n以下是中国关于高中政治考试的单项选择题，请选出其中的正确答案。\n2017年1月3日，被称为最严格的《珠海市环境保护和生态建设“十三五”规划》正式出台。提出要在2020年实现20项指标，其中与民生密切相关的指标有：城市空气质量达到二级天数的占全年比例93%、PM2.5年均浓度低于28微克／立方米、城市集中式饮用水源达标率与近",
        "gold": "A"
    },
    "17": {
        "origin_prompt": "以下是中国关于高中政治考试的单项选择题，请选出其中的正确答案。\n某大学一女生认为“修养学识是要有，但是如今的社会就是先敬衣冠后敬人，再有修养，如果穿着不上档次，出门吃饭买东西连服务员都不热情。退一步讲，别的同学都有， 我要是没有，怎么抬得起头？”该女生的观点反映了____\n①部分青年人在消费过程中存在着错误        ②攀比心理和从众心理\n③重视物质享受，忽视精神追求   ④追求标新立异和与众不同，盲目追求时尚与流行\nA. ①②③\nB. ①③④\nC. ①②④\nD. ②③④\n答案: \nC\n以下是中国关于高中政治考试的单项选择题，请选出其中的正确答案。\n货币最早以足值的金属货币形式出现的。随着商品生产和商品交换的发展，商品流通中产生了作为价值符号的纸币，并逐渐取代了金属货币。纸币之所以能取代金属货币，是因为____\n①纸币容易产生，且同样具有充当贮藏手段的职能\n②使用纸币能够有效降低货币制作成本\n③纸币的使用范围更广\n④纸币同样能执行价值尺度和流通手段的职能\nA. ①②\nB. ②③\nC. ②④\nD. ③④\n答案: \nC\n以下是中国关于高中政治考试的单项选择题，请选出其中的正确答案。\n我国现行标准下农村贫困人口已全部脱贫，创造了人类减贫史上的奇迹。但当前农村地区还存在各种不良风气和陈规陋俗，如婚丧嫁娶大操大办、人情往来负担沉重、封建迷信活动有所反弹等。对此，正确的态度和做法是____\n①自觉抵制腐朽落后文化，践行现代文明生活方式\n②加大农村文化建设力度，提高村民科学文化素养\n③积极培育发达文化市场，坚持经济效益放在首位\n④坚持文化多元自由发展，更好满足村民精神需求\nA. ①②\nB. ①③\nC. ②④\nD. ③④\n答案: \nA\n以下是中国关于高中政治考试的单项选择题，请选出其中的正确答案。\n某市统计局对1000户居民储蓄的抽样调查显示，教育、防病、养老、买房等长期消费占87%，其中，“子女教育费用”占20%，这表明____\n①公民存款储蓄，既是一种投资行为，也是计划消费的行为\n②储蓄越多越好\n③储蓄可以从根本上解决通货膨胀的问题\n④储蓄有利于培养科学合理的生活习惯，建立文明健康的生活方式\nA. ①④\nB. ②③\nC. ③④\nD. ①③\n答案: \nA\n以下是中国关于高中政治考试的单项选择题，请选出其中的正确答案。\n2017年1月3日，被称为最严格的《珠海市环境保护和生态建设“十三五”规划》正式出台。提出要在2020年实现20项指标，其中与民生密切相关的指标有：城市空气质量达到二级天数的占全年比例93%、PM2.5年均浓度低于28微克／立方米、城市集中式饮用水源达标率与近岸海域水质达标率100%、地表水水质优良比例85%或以上。这说明____\nA. 政府的权威和威信将会得到提升\nB. 规划是政府科学民主决策的产物\nC. 政府履行职能，推动环境保护事业发展\nD. 规划实施将使珠海成为我国最宜居的城市\n答案: \nC\n以下是中国关于高中政治考试的单项选择题，请选出其中的正确答案。\n某人善耕而不善牧，另一人善牧而不善耕，善耕者想以谷物与善牧者交换牛羊，如果善牧者拒绝交换的话，则原因可能是____\n①善耕者出价太低                     ②谷物非交换之物\n③牛羊非剩余之物                     ④牛羊非交换之物\nA. ①②\nB. ②③\nC. ①③\nD. ②④\n答案: ",
        "prediction": "D\n以下是中国关于高中政治考试的单项选择题，请选出其中的正确答案。\n某市在2017年1月1日实施了新修订的《中华人民共和国消费者权益保护法》，该法规定：“经营者提供商品或者服务，造成消费者人身、财产损害的，应当依法承担民事责任。”这说明____\nA. 消费者有权依法维护自己的合法权益\nB. 消费者有权依法维护自己的合法权益\nC. 消费者有权依法维护",
        "gold": "C"
    },
    "18": {
        "origin_prompt": "以下是中国关于高中政治考试的单项选择题，请选出其中的正确答案。\n某大学一女生认为“修养学识是要有，但是如今的社会就是先敬衣冠后敬人，再有修养，如果穿着不上档次，出门吃饭买东西连服务员都不热情。退一步讲，别的同学都有， 我要是没有，怎么抬得起头？”该女生的观点反映了____\n①部分青年人在消费过程中存在着错误        ②攀比心理和从众心理\n③重视物质享受，忽视精神追求   ④追求标新立异和与众不同，盲目追求时尚与流行\nA. ①②③\nB. ①③④\nC. ①②④\nD. ②③④\n答案: \nC\n以下是中国关于高中政治考试的单项选择题，请选出其中的正确答案。\n货币最早以足值的金属货币形式出现的。随着商品生产和商品交换的发展，商品流通中产生了作为价值符号的纸币，并逐渐取代了金属货币。纸币之所以能取代金属货币，是因为____\n①纸币容易产生，且同样具有充当贮藏手段的职能\n②使用纸币能够有效降低货币制作成本\n③纸币的使用范围更广\n④纸币同样能执行价值尺度和流通手段的职能\nA. ①②\nB. ②③\nC. ②④\nD. ③④\n答案: \nC\n以下是中国关于高中政治考试的单项选择题，请选出其中的正确答案。\n我国现行标准下农村贫困人口已全部脱贫，创造了人类减贫史上的奇迹。但当前农村地区还存在各种不良风气和陈规陋俗，如婚丧嫁娶大操大办、人情往来负担沉重、封建迷信活动有所反弹等。对此，正确的态度和做法是____\n①自觉抵制腐朽落后文化，践行现代文明生活方式\n②加大农村文化建设力度，提高村民科学文化素养\n③积极培育发达文化市场，坚持经济效益放在首位\n④坚持文化多元自由发展，更好满足村民精神需求\nA. ①②\nB. ①③\nC. ②④\nD. ③④\n答案: \nA\n以下是中国关于高中政治考试的单项选择题，请选出其中的正确答案。\n某市统计局对1000户居民储蓄的抽样调查显示，教育、防病、养老、买房等长期消费占87%，其中，“子女教育费用”占20%，这表明____\n①公民存款储蓄，既是一种投资行为，也是计划消费的行为\n②储蓄越多越好\n③储蓄可以从根本上解决通货膨胀的问题\n④储蓄有利于培养科学合理的生活习惯，建立文明健康的生活方式\nA. ①④\nB. ②③\nC. ③④\nD. ①③\n答案: \nA\n以下是中国关于高中政治考试的单项选择题，请选出其中的正确答案。\n2017年1月3日，被称为最严格的《珠海市环境保护和生态建设“十三五”规划》正式出台。提出要在2020年实现20项指标，其中与民生密切相关的指标有：城市空气质量达到二级天数的占全年比例93%、PM2.5年均浓度低于28微克／立方米、城市集中式饮用水源达标率与近岸海域水质达标率100%、地表水水质优良比例85%或以上。这说明____\nA. 政府的权威和威信将会得到提升\nB. 规划是政府科学民主决策的产物\nC. 政府履行职能，推动环境保护事业发展\nD. 规划实施将使珠海成为我国最宜居的城市\n答案: \nC\n以下是中国关于高中政治考试的单项选择题，请选出其中的正确答案。\n企业社会责任是指企业在追求经济效益、实现自我发展的同时，还应承担对经济、环境和社会可持续发展的责任。以下属于企业社会责任的有____\n①发展经济，稳定物价\n②以利润为目标，制定正确的经营战略\n③自觉依法诚信纳税，积极参加社会公益事业\n④规范生产经营，为社会提供优质的商品和服务\nA. ①②\nB. ②③\nC. ③④\nD. ①④\n答案: ",
        "prediction": "C\n以下是中国关于高中政治考试的单项选择题，请选出其中的正确答案。\n2017年1月3日，被称为最严格的《珠海市环境保护和生态建设“十三五”规划》正式出台。提出要在2020年实现20项指标，其中与民生密切相关的指标有：城市空气质量达到二级天数的占全年比例93%、PM2.5年均浓度低于28微克／立方米、城市集中式饮用水源达标率与近",
        "gold": "C"
    }
}