{
    "0": {
        "origin_prompt": "以下是中国关于大学物理考试的单项选择题，请选出其中的正确答案。\n有一劲度系数为k的轻弹簧，竖直放置，下端悬一质量为m的小球，开始时使弹簧为原长而小球恰好与地接触，今将弹簧上端缓慢地提起，直到小球刚能脱离地面为止，在此过程中外力作功为____\nA. m^2g^2/(4k)\nB. m^2g^2/(3k)\nC. m^2g^2/(2k)\nD. 2m^2g^2/k\n答案: \nC\n以下是中国关于大学物理考试的单项选择题，请选出其中的正确答案。\n某质点作直线运动的运动学方程为 x=3t-5t^3 +6(SI)，则该质点作____\nA. 匀加速直线运动，加速度沿x轴正方向\nB. 匀加速直线运动，加速度沿x轴负方向\nC. 变加速直线运动，加速度沿x轴正方向\nD. 变加速直线运动，加速度沿x轴负方向\n答案: \nD\n以下是中国关于大学物理考试的单项选择题，请选出其中的正确答案。\n光子能量为0.5MeV的X射线，入射到某种物质上而发生康普顿散射．若反冲电子的能量为0.1MeV，则散射光波长的改变量Δλ与入射光波长λ_0之比值为____\nA. 0.2\nB. 0.25\nC. 0.3\nD. 0.35\n答案: \nB\n以下是中国关于大学物理考试的单项选择题，请选出其中的正确答案。\n在带有电荷+Q的金属球产生的电场中，为测量某点场强E，在该点引入一电荷为+Q/3的点电荷，测得其受力为F．则该点场强 的大小____\nA. E=3F/Q\nB. E>3F/Q\nC. E<3F/Q\nD. 无法判断\n答案: \nB\n以下是中国关于大学物理考试的单项选择题，请选出其中的正确答案。\n“理想气体和单一热源接触作等温膨胀时，吸收的热量全部用来对外作功。”对此说法，有如下几种评论，哪种是正确的？____\nA. 不违反热力学第一定律，但违反热力学第二定律\nB. 不违反热力学第二定律，但违反热力学第一定律\nC. 不违反热力学第一定律，也不违反热力学第二定律\nD. 违反热力学第一定律，也违反热力学第二定律\n答案: \nC\n以下是中国关于大学物理考试的单项选择题，请选出其中的正确答案。\nα粒子在加速器中被加速，当其质量为静止质量的 3 倍时，其动能为静止能量的____\nA. 2倍\nB. 3倍\nC. 4倍\nD. 5倍\n答案: ",
        "prediction": "\nC\n以下是中国关于大学物理考试的单项选择题，请选出其中的正确答案。\n在匀强磁场中，一质量为m的粒子从静止开始做匀加速直线运动，其加速度大小为a，则粒子在磁场中运动的时间为____\nA. 2a\nB. 3a\nC. 4a\nD. 5a\n答案: \nC\n以下是中国关于大学物理考试的单项选择题，",
        "gold": "A"
    },
    "1": {
        "origin_prompt": "以下是中国关于大学物理考试的单项选择题，请选出其中的正确答案。\n有一劲度系数为k的轻弹簧，竖直放置，下端悬一质量为m的小球，开始时使弹簧为原长而小球恰好与地接触，今将弹簧上端缓慢地提起，直到小球刚能脱离地面为止，在此过程中外力作功为____\nA. m^2g^2/(4k)\nB. m^2g^2/(3k)\nC. m^2g^2/(2k)\nD. 2m^2g^2/k\n答案: \nC\n以下是中国关于大学物理考试的单项选择题，请选出其中的正确答案。\n某质点作直线运动的运动学方程为 x=3t-5t^3 +6(SI)，则该质点作____\nA. 匀加速直线运动，加速度沿x轴正方向\nB. 匀加速直线运动，加速度沿x轴负方向\nC. 变加速直线运动，加速度沿x轴正方向\nD. 变加速直线运动，加速度沿x轴负方向\n答案: \nD\n以下是中国关于大学物理考试的单项选择题，请选出其中的正确答案。\n光子能量为0.5MeV的X射线，入射到某种物质上而发生康普顿散射．若反冲电子的能量为0.1MeV，则散射光波长的改变量Δλ与入射光波长λ_0之比值为____\nA. 0.2\nB. 0.25\nC. 0.3\nD. 0.35\n答案: \nB\n以下是中国关于大学物理考试的单项选择题，请选出其中的正确答案。\n在带有电荷+Q的金属球产生的电场中，为测量某点场强E，在该点引入一电荷为+Q/3的点电荷，测得其受力为F．则该点场强 的大小____\nA. E=3F/Q\nB. E>3F/Q\nC. E<3F/Q\nD. 无法判断\n答案: \nB\n以下是中国关于大学物理考试的单项选择题，请选出其中的正确答案。\n“理想气体和单一热源接触作等温膨胀时，吸收的热量全部用来对外作功。”对此说法，有如下几种评论，哪种是正确的？____\nA. 不违反热力学第一定律，但违反热力学第二定律\nB. 不违反热力学第二定律，但违反热力学第一定律\nC. 不违反热力学第一定律，也不违反热力学第二定律\nD. 违反热力学第一定律，也违反热力学第二定律\n答案: \nC\n以下是中国关于大学物理考试的单项选择题，请选出其中的正确答案。\n有三个直径相同的金属小球，小球1和2带等量同号电荷，两者的距离远大于小球直径，相互作用力为F。小球3不带电，装有绝缘手柄．用小球3先和小球1碰一下，接着又和小球2碰一下，然后移去。则此时小球1和2之间的相互作用力为____\nA. F/4\nB. 3F/8\nC. F/2\nD. 3F/4\n答案: ",
        "prediction": "\nD\n以下是中国关于大学物理考试的单项选择题，请选出其中的正确答案。\n在匀强磁场中，一质量为m的粒子以v0=2m/s的速度从A点射出，与B点间的距离为d，则粒子在B点所受的洛伦兹力大小为____\nA. mv0B/2\nB. mv0B/2\nC. mv0B/4\nD. mv0",
        "gold": "B"
    },
    "2": {
        "origin_prompt": "以下是中国关于大学物理考试的单项选择题，请选出其中的正确答案。\n有一劲度系数为k的轻弹簧，竖直放置，下端悬一质量为m的小球，开始时使弹簧为原长而小球恰好与地接触，今将弹簧上端缓慢地提起，直到小球刚能脱离地面为止，在此过程中外力作功为____\nA. m^2g^2/(4k)\nB. m^2g^2/(3k)\nC. m^2g^2/(2k)\nD. 2m^2g^2/k\n答案: \nC\n以下是中国关于大学物理考试的单项选择题，请选出其中的正确答案。\n某质点作直线运动的运动学方程为 x=3t-5t^3 +6(SI)，则该质点作____\nA. 匀加速直线运动，加速度沿x轴正方向\nB. 匀加速直线运动，加速度沿x轴负方向\nC. 变加速直线运动，加速度沿x轴正方向\nD. 变加速直线运动，加速度沿x轴负方向\n答案: \nD\n以下是中国关于大学物理考试的单项选择题，请选出其中的正确答案。\n光子能量为0.5MeV的X射线，入射到某种物质上而发生康普顿散射．若反冲电子的能量为0.1MeV，则散射光波长的改变量Δλ与入射光波长λ_0之比值为____\nA. 0.2\nB. 0.25\nC. 0.3\nD. 0.35\n答案: \nB\n以下是中国关于大学物理考试的单项选择题，请选出其中的正确答案。\n在带有电荷+Q的金属球产生的电场中，为测量某点场强E，在该点引入一电荷为+Q/3的点电荷，测得其受力为F．则该点场强 的大小____\nA. E=3F/Q\nB. E>3F/Q\nC. E<3F/Q\nD. 无法判断\n答案: \nB\n以下是中国关于大学物理考试的单项选择题，请选出其中的正确答案。\n“理想气体和单一热源接触作等温膨胀时，吸收的热量全部用来对外作功。”对此说法，有如下几种评论，哪种是正确的？____\nA. 不违反热力学第一定律，但违反热力学第二定律\nB. 不违反热力学第二定律，但违反热力学第一定律\nC. 不违反热力学第一定律，也不违反热力学第二定律\nD. 违反热力学第一定律，也违反热力学第二定律\n答案: \nC\n以下是中国关于大学物理考试的单项选择题，请选出其中的正确答案。\n在双缝干涉实验中，两条缝的宽度原来是相等的。若其中一缝的宽度略变窄(缝中心位置不变)，则____\nA. 干涉条纹的间距变宽\nB. 干涉条纹的间距变窄\nC. 干涉条纹的间距不变，但原极小处的强度不再为零\nD. 不再发生干涉现象\n答案: ",
        "prediction": "\nC\n以下是中国关于大学物理考试的单项选择题，请选出其中的正确答案。\n在双缝干涉实验中，两条缝的宽度原来是相等的。若其中一缝的宽度略变窄(缝中心位置不变)，则____\nA. 干涉条纹的间距变宽\nB. 干涉条纹的间距变窄\nC. 干涉条纹的间距不变，但原极小处的强度不再为零\nD. 不再发生干涉",
        "gold": "C"
    },
    "3": {
        "origin_prompt": "以下是中国关于大学物理考试的单项选择题，请选出其中的正确答案。\n有一劲度系数为k的轻弹簧，竖直放置，下端悬一质量为m的小球，开始时使弹簧为原长而小球恰好与地接触，今将弹簧上端缓慢地提起，直到小球刚能脱离地面为止，在此过程中外力作功为____\nA. m^2g^2/(4k)\nB. m^2g^2/(3k)\nC. m^2g^2/(2k)\nD. 2m^2g^2/k\n答案: \nC\n以下是中国关于大学物理考试的单项选择题，请选出其中的正确答案。\n某质点作直线运动的运动学方程为 x=3t-5t^3 +6(SI)，则该质点作____\nA. 匀加速直线运动，加速度沿x轴正方向\nB. 匀加速直线运动，加速度沿x轴负方向\nC. 变加速直线运动，加速度沿x轴正方向\nD. 变加速直线运动，加速度沿x轴负方向\n答案: \nD\n以下是中国关于大学物理考试的单项选择题，请选出其中的正确答案。\n光子能量为0.5MeV的X射线，入射到某种物质上而发生康普顿散射．若反冲电子的能量为0.1MeV，则散射光波长的改变量Δλ与入射光波长λ_0之比值为____\nA. 0.2\nB. 0.25\nC. 0.3\nD. 0.35\n答案: \nB\n以下是中国关于大学物理考试的单项选择题，请选出其中的正确答案。\n在带有电荷+Q的金属球产生的电场中，为测量某点场强E，在该点引入一电荷为+Q/3的点电荷，测得其受力为F．则该点场强 的大小____\nA. E=3F/Q\nB. E>3F/Q\nC. E<3F/Q\nD. 无法判断\n答案: \nB\n以下是中国关于大学物理考试的单项选择题，请选出其中的正确答案。\n“理想气体和单一热源接触作等温膨胀时，吸收的热量全部用来对外作功。”对此说法，有如下几种评论，哪种是正确的？____\nA. 不违反热力学第一定律，但违反热力学第二定律\nB. 不违反热力学第二定律，但违反热力学第一定律\nC. 不违反热力学第一定律，也不违反热力学第二定律\nD. 违反热力学第一定律，也违反热力学第二定律\n答案: \nC\n以下是中国关于大学物理考试的单项选择题，请选出其中的正确答案。\n设用频率为ν_1和ν_2的两种单色光，先后照射同一种金属均能产生光电效应。已知金属的红限频率为ν_0，测得两次照射时的遏止电压|U_{a2}|=2|U_{a1}|，则这两种单色光的频率有如下关系：____\nA. ν_2=ν_1-ν_0\nB. ν_2=ν_1+ν_0\nC. ν_2=2ν_1-ν_0\nD. ν_2=ν_1-2ν_0\n答案: ",
        "prediction": "\nC\n以下是中国关于大学物理考试的单项选择题，请选出其中的正确答案。\n在理想气体中，若温度升高，则气体分子平均动能增加，但分子平均速率减小。因此，在理想气体中，温度升高时，气体分子平均速率减小，气体分子平均动能增加。因此，在理想气体中，温度升高时，气体分子平均速率减小，气体分子平均动能增加。因此，在理想气体中，温度升高时",
        "gold": "C"
    },
    "4": {
        "origin_prompt": "以下是中国关于大学物理考试的单项选择题，请选出其中的正确答案。\n有一劲度系数为k的轻弹簧，竖直放置，下端悬一质量为m的小球，开始时使弹簧为原长而小球恰好与地接触，今将弹簧上端缓慢地提起，直到小球刚能脱离地面为止，在此过程中外力作功为____\nA. m^2g^2/(4k)\nB. m^2g^2/(3k)\nC. m^2g^2/(2k)\nD. 2m^2g^2/k\n答案: \nC\n以下是中国关于大学物理考试的单项选择题，请选出其中的正确答案。\n某质点作直线运动的运动学方程为 x=3t-5t^3 +6(SI)，则该质点作____\nA. 匀加速直线运动，加速度沿x轴正方向\nB. 匀加速直线运动，加速度沿x轴负方向\nC. 变加速直线运动，加速度沿x轴正方向\nD. 变加速直线运动，加速度沿x轴负方向\n答案: \nD\n以下是中国关于大学物理考试的单项选择题，请选出其中的正确答案。\n光子能量为0.5MeV的X射线，入射到某种物质上而发生康普顿散射．若反冲电子的能量为0.1MeV，则散射光波长的改变量Δλ与入射光波长λ_0之比值为____\nA. 0.2\nB. 0.25\nC. 0.3\nD. 0.35\n答案: \nB\n以下是中国关于大学物理考试的单项选择题，请选出其中的正确答案。\n在带有电荷+Q的金属球产生的电场中，为测量某点场强E，在该点引入一电荷为+Q/3的点电荷，测得其受力为F．则该点场强 的大小____\nA. E=3F/Q\nB. E>3F/Q\nC. E<3F/Q\nD. 无法判断\n答案: \nB\n以下是中国关于大学物理考试的单项选择题，请选出其中的正确答案。\n“理想气体和单一热源接触作等温膨胀时，吸收的热量全部用来对外作功。”对此说法，有如下几种评论，哪种是正确的？____\nA. 不违反热力学第一定律，但违反热力学第二定律\nB. 不违反热力学第二定律，但违反热力学第一定律\nC. 不违反热力学第一定律，也不违反热力学第二定律\nD. 违反热力学第一定律，也违反热力学第二定律\n答案: \nC\n以下是中国关于大学物理考试的单项选择题，请选出其中的正确答案。\n两瓶不同种类的理想气体，它们的温度和压强都相同，但体积不同，则单位体积内的气体分子数$n$，单位体积内的气体分子的总平动动能($E_K/V$)，单位体积内的气体质量$\\rho$，分别有如下关系：____\nA. $n$不同，($E_K/V$)不同，$\\rho$不同\nB. $n$不同，($E_K/V$)不同，$\\rho$相同\nC. $n$相同，($E_K/V$)相同，$\\rho$不同\nD. $n$相同，($E_K/V$)相同，$\\rho$相同\n答案: ",
        "prediction": "\nD\n以下是中国关于大学物理考试的单项选择题，请选出其中的正确答案。\n在理想气体中，若温度升高，则气体分子平均动能增加，但气体分子平均平动速度减小，气体分子平均平动动能增加，气体分子平均平动速度减小，气体分子平均动能增加，气体分子平均平动速度减小，气体分子平均动能增加，气体分子平均平动速度减小，气体分子平均动能增加，气体分子平均",
        "gold": "C"
    },
    "5": {
        "origin_prompt": "以下是中国关于大学物理考试的单项选择题，请选出其中的正确答案。\n有一劲度系数为k的轻弹簧，竖直放置，下端悬一质量为m的小球，开始时使弹簧为原长而小球恰好与地接触，今将弹簧上端缓慢地提起，直到小球刚能脱离地面为止，在此过程中外力作功为____\nA. m^2g^2/(4k)\nB. m^2g^2/(3k)\nC. m^2g^2/(2k)\nD. 2m^2g^2/k\n答案: \nC\n以下是中国关于大学物理考试的单项选择题，请选出其中的正确答案。\n某质点作直线运动的运动学方程为 x=3t-5t^3 +6(SI)，则该质点作____\nA. 匀加速直线运动，加速度沿x轴正方向\nB. 匀加速直线运动，加速度沿x轴负方向\nC. 变加速直线运动，加速度沿x轴正方向\nD. 变加速直线运动，加速度沿x轴负方向\n答案: \nD\n以下是中国关于大学物理考试的单项选择题，请选出其中的正确答案。\n光子能量为0.5MeV的X射线，入射到某种物质上而发生康普顿散射．若反冲电子的能量为0.1MeV，则散射光波长的改变量Δλ与入射光波长λ_0之比值为____\nA. 0.2\nB. 0.25\nC. 0.3\nD. 0.35\n答案: \nB\n以下是中国关于大学物理考试的单项选择题，请选出其中的正确答案。\n在带有电荷+Q的金属球产生的电场中，为测量某点场强E，在该点引入一电荷为+Q/3的点电荷，测得其受力为F．则该点场强 的大小____\nA. E=3F/Q\nB. E>3F/Q\nC. E<3F/Q\nD. 无法判断\n答案: \nB\n以下是中国关于大学物理考试的单项选择题，请选出其中的正确答案。\n“理想气体和单一热源接触作等温膨胀时，吸收的热量全部用来对外作功。”对此说法，有如下几种评论，哪种是正确的？____\nA. 不违反热力学第一定律，但违反热力学第二定律\nB. 不违反热力学第二定律，但违反热力学第一定律\nC. 不违反热力学第一定律，也不违反热力学第二定律\nD. 违反热力学第一定律，也违反热力学第二定律\n答案: \nC\n以下是中国关于大学物理考试的单项选择题，请选出其中的正确答案。\n设声波通过理想气体的速率正比于气体分子的热运动平均速率，则声波通过具有相同温度的氧气和氢气的速率之比$V_{O_2}/V_{H_2}$为____\nA. 1\nB. 1/2\nC. 1/3\nD. 1/4\n答案: ",
        "prediction": "\nC\n以下是中国关于大学物理考试的单项选择题，请选出其中的正确答案。\n在理想气体中，若温度升高，则气体分子平均动能增加，气体分子平均速率增加，气体分子的平均速率增加，气体分子平均速率增加，气体分子平均速率增加，气体分子平均速率增加，气体分子平均速率增加，气体分子平均速率增加，气体分子平均速率增加，气体分子平均速率增加，气体分子平均速率增加，气体",
        "gold": "D"
    },
    "6": {
        "origin_prompt": "以下是中国关于大学物理考试的单项选择题，请选出其中的正确答案。\n有一劲度系数为k的轻弹簧，竖直放置，下端悬一质量为m的小球，开始时使弹簧为原长而小球恰好与地接触，今将弹簧上端缓慢地提起，直到小球刚能脱离地面为止，在此过程中外力作功为____\nA. m^2g^2/(4k)\nB. m^2g^2/(3k)\nC. m^2g^2/(2k)\nD. 2m^2g^2/k\n答案: \nC\n以下是中国关于大学物理考试的单项选择题，请选出其中的正确答案。\n某质点作直线运动的运动学方程为 x=3t-5t^3 +6(SI)，则该质点作____\nA. 匀加速直线运动，加速度沿x轴正方向\nB. 匀加速直线运动，加速度沿x轴负方向\nC. 变加速直线运动，加速度沿x轴正方向\nD. 变加速直线运动，加速度沿x轴负方向\n答案: \nD\n以下是中国关于大学物理考试的单项选择题，请选出其中的正确答案。\n光子能量为0.5MeV的X射线，入射到某种物质上而发生康普顿散射．若反冲电子的能量为0.1MeV，则散射光波长的改变量Δλ与入射光波长λ_0之比值为____\nA. 0.2\nB. 0.25\nC. 0.3\nD. 0.35\n答案: \nB\n以下是中国关于大学物理考试的单项选择题，请选出其中的正确答案。\n在带有电荷+Q的金属球产生的电场中，为测量某点场强E，在该点引入一电荷为+Q/3的点电荷，测得其受力为F．则该点场强 的大小____\nA. E=3F/Q\nB. E>3F/Q\nC. E<3F/Q\nD. 无法判断\n答案: \nB\n以下是中国关于大学物理考试的单项选择题，请选出其中的正确答案。\n“理想气体和单一热源接触作等温膨胀时，吸收的热量全部用来对外作功。”对此说法，有如下几种评论，哪种是正确的？____\nA. 不违反热力学第一定律，但违反热力学第二定律\nB. 不违反热力学第二定律，但违反热力学第一定律\nC. 不违反热力学第一定律，也不违反热力学第二定律\nD. 违反热力学第一定律，也违反热力学第二定律\n答案: \nC\n以下是中国关于大学物理考试的单项选择题，请选出其中的正确答案。\n两块平玻璃构成空气劈形膜，左边为棱边，用单色平行光垂直入射。若上面的平玻璃以棱边为轴，沿逆时针方向作微小转动，则干涉条纹的____\nA. 间隔变小，并向棱边方向平移\nB. 间隔变大，并向远离棱边方向平移\nC. 间隔不变，向棱边方向平移\nD. 间隔变小，并向远离棱边方向平移\n答案: ",
        "prediction": "\nD\n以下是中国关于大学物理考试的单项选择题，请选出其中的正确答案。\n在理想气体中，若温度升高，则气体分子平均动能增加，气体分子平均速率增加，气体分子平均速度增加，气体分子平均速度增加，气体分子平均速度增加，气体分子平均速度增加，气体分子平均速度增加，气体分子平均速度增加，气体分子平均速度增加，气体分子平均速度增加，气体分子平均速度增加，气体分子",
        "gold": "A"
    },
    "7": {
        "origin_prompt": "以下是中国关于大学物理考试的单项选择题，请选出其中的正确答案。\n有一劲度系数为k的轻弹簧，竖直放置，下端悬一质量为m的小球，开始时使弹簧为原长而小球恰好与地接触，今将弹簧上端缓慢地提起，直到小球刚能脱离地面为止，在此过程中外力作功为____\nA. m^2g^2/(4k)\nB. m^2g^2/(3k)\nC. m^2g^2/(2k)\nD. 2m^2g^2/k\n答案: \nC\n以下是中国关于大学物理考试的单项选择题，请选出其中的正确答案。\n某质点作直线运动的运动学方程为 x=3t-5t^3 +6(SI)，则该质点作____\nA. 匀加速直线运动，加速度沿x轴正方向\nB. 匀加速直线运动，加速度沿x轴负方向\nC. 变加速直线运动，加速度沿x轴正方向\nD. 变加速直线运动，加速度沿x轴负方向\n答案: \nD\n以下是中国关于大学物理考试的单项选择题，请选出其中的正确答案。\n光子能量为0.5MeV的X射线，入射到某种物质上而发生康普顿散射．若反冲电子的能量为0.1MeV，则散射光波长的改变量Δλ与入射光波长λ_0之比值为____\nA. 0.2\nB. 0.25\nC. 0.3\nD. 0.35\n答案: \nB\n以下是中国关于大学物理考试的单项选择题，请选出其中的正确答案。\n在带有电荷+Q的金属球产生的电场中，为测量某点场强E，在该点引入一电荷为+Q/3的点电荷，测得其受力为F．则该点场强 的大小____\nA. E=3F/Q\nB. E>3F/Q\nC. E<3F/Q\nD. 无法判断\n答案: \nB\n以下是中国关于大学物理考试的单项选择题，请选出其中的正确答案。\n“理想气体和单一热源接触作等温膨胀时，吸收的热量全部用来对外作功。”对此说法，有如下几种评论，哪种是正确的？____\nA. 不违反热力学第一定律，但违反热力学第二定律\nB. 不违反热力学第二定律，但违反热力学第一定律\nC. 不违反热力学第一定律，也不违反热力学第二定律\nD. 违反热力学第一定律，也违反热力学第二定律\n答案: \nC\n以下是中国关于大学物理考试的单项选择题，请选出其中的正确答案。\n在双缝干涉实验中，两缝间距为d，双缝与屏幕的距离为D(D>>d)，单色光波长为λ，屏幕上相邻明条纹之间的距离为____\nA. λD/d\nB. λd/D\nC. λD/(2d)\nD. λd/(2D)\n答案: ",
        "prediction": "\nC\n以下是中国关于大学物理考试的单项选择题，请选出其中的正确答案。\n在双缝干涉实验中，两缝间距为d，双缝与屏幕的距离为D(D>>d)，单色光波长为λ，屏幕上相邻明条纹之间的距离为____\nA. λD/d\nB. λd/D\nC. λD/(2d)\nD. λd/(2D)\n答案: C",
        "gold": "A"
    },
    "8": {
        "origin_prompt": "以下是中国关于大学物理考试的单项选择题，请选出其中的正确答案。\n有一劲度系数为k的轻弹簧，竖直放置，下端悬一质量为m的小球，开始时使弹簧为原长而小球恰好与地接触，今将弹簧上端缓慢地提起，直到小球刚能脱离地面为止，在此过程中外力作功为____\nA. m^2g^2/(4k)\nB. m^2g^2/(3k)\nC. m^2g^2/(2k)\nD. 2m^2g^2/k\n答案: \nC\n以下是中国关于大学物理考试的单项选择题，请选出其中的正确答案。\n某质点作直线运动的运动学方程为 x=3t-5t^3 +6(SI)，则该质点作____\nA. 匀加速直线运动，加速度沿x轴正方向\nB. 匀加速直线运动，加速度沿x轴负方向\nC. 变加速直线运动，加速度沿x轴正方向\nD. 变加速直线运动，加速度沿x轴负方向\n答案: \nD\n以下是中国关于大学物理考试的单项选择题，请选出其中的正确答案。\n光子能量为0.5MeV的X射线，入射到某种物质上而发生康普顿散射．若反冲电子的能量为0.1MeV，则散射光波长的改变量Δλ与入射光波长λ_0之比值为____\nA. 0.2\nB. 0.25\nC. 0.3\nD. 0.35\n答案: \nB\n以下是中国关于大学物理考试的单项选择题，请选出其中的正确答案。\n在带有电荷+Q的金属球产生的电场中，为测量某点场强E，在该点引入一电荷为+Q/3的点电荷，测得其受力为F．则该点场强 的大小____\nA. E=3F/Q\nB. E>3F/Q\nC. E<3F/Q\nD. 无法判断\n答案: \nB\n以下是中国关于大学物理考试的单项选择题，请选出其中的正确答案。\n“理想气体和单一热源接触作等温膨胀时，吸收的热量全部用来对外作功。”对此说法，有如下几种评论，哪种是正确的？____\nA. 不违反热力学第一定律，但违反热力学第二定律\nB. 不违反热力学第二定律，但违反热力学第一定律\nC. 不违反热力学第一定律，也不违反热力学第二定律\nD. 违反热力学第一定律，也违反热力学第二定律\n答案: \nC\n以下是中国关于大学物理考试的单项选择题，请选出其中的正确答案。\n关于电场强度定义式E=F/q0，下列说法中哪个是正确的？____\nA. 场强E的大小与试探电荷q0的大小成反比\nB. 对场中某点，试探电荷受力F与q0的比值不因q0而变\nC. 试探电荷受力F的方向就是场强E的方向\nD. 若场中某点不放试探电荷q0，则F=0，从而E=0\n答案: ",
        "prediction": "\nB\n以下是中国关于大学物理考试的单项选择题，请选出其中的正确答案。\n关于电场强度E，下列说法中正确的是_____。\nA. 电场强度E的大小与试探电荷q0的大小成反比\nB. 对场中某点，试探电荷受力F与q0的比值不因q0而变\nC. 试探电荷受力F的方向就是场强E的方向\nD",
        "gold": "B"
    },
    "9": {
        "origin_prompt": "以下是中国关于大学物理考试的单项选择题，请选出其中的正确答案。\n有一劲度系数为k的轻弹簧，竖直放置，下端悬一质量为m的小球，开始时使弹簧为原长而小球恰好与地接触，今将弹簧上端缓慢地提起，直到小球刚能脱离地面为止，在此过程中外力作功为____\nA. m^2g^2/(4k)\nB. m^2g^2/(3k)\nC. m^2g^2/(2k)\nD. 2m^2g^2/k\n答案: \nC\n以下是中国关于大学物理考试的单项选择题，请选出其中的正确答案。\n某质点作直线运动的运动学方程为 x=3t-5t^3 +6(SI)，则该质点作____\nA. 匀加速直线运动，加速度沿x轴正方向\nB. 匀加速直线运动，加速度沿x轴负方向\nC. 变加速直线运动，加速度沿x轴正方向\nD. 变加速直线运动，加速度沿x轴负方向\n答案: \nD\n以下是中国关于大学物理考试的单项选择题，请选出其中的正确答案。\n光子能量为0.5MeV的X射线，入射到某种物质上而发生康普顿散射．若反冲电子的能量为0.1MeV，则散射光波长的改变量Δλ与入射光波长λ_0之比值为____\nA. 0.2\nB. 0.25\nC. 0.3\nD. 0.35\n答案: \nB\n以下是中国关于大学物理考试的单项选择题，请选出其中的正确答案。\n在带有电荷+Q的金属球产生的电场中，为测量某点场强E，在该点引入一电荷为+Q/3的点电荷，测得其受力为F．则该点场强 的大小____\nA. E=3F/Q\nB. E>3F/Q\nC. E<3F/Q\nD. 无法判断\n答案: \nB\n以下是中国关于大学物理考试的单项选择题，请选出其中的正确答案。\n“理想气体和单一热源接触作等温膨胀时，吸收的热量全部用来对外作功。”对此说法，有如下几种评论，哪种是正确的？____\nA. 不违反热力学第一定律，但违反热力学第二定律\nB. 不违反热力学第二定律，但违反热力学第一定律\nC. 不违反热力学第一定律，也不违反热力学第二定律\nD. 违反热力学第一定律，也违反热力学第二定律\n答案: \nC\n以下是中国关于大学物理考试的单项选择题，请选出其中的正确答案。\n设有一个带正电的导体球壳，当球壳内充满电介质、球壳外是真空时，球壳外一点的场强大小和电势用E1，U1表示；而球壳内、外均为真空时，壳外一点的场强大小和电势用E2，U2表示，则两种情况下壳外同一点处的场强大小和电势大小的关系为____\nA. E1 = E2，U1 = U2\nB. E1 = E2，U1 > U2\nC. E1 > E2，U1 > U2\nD. E1 < E2，U1 < U2\n答案: ",
        "prediction": "\nC\n以下是中国关于大学物理考试的单项选择题，请选出其中的正确答案。\n在匀强磁场中，一质量为m的带电粒子以v0=2m/s的速度垂直进入磁场，粒子与磁场相互作用后，速度方向发生偏转，偏转角为θ，则粒子在磁场中受到的洛伦兹力大小为____\nA. mv0sinθ\nB. mv0cosθ\nC. mv0cos",
        "gold": "A"
    },
    "10": {
        "origin_prompt": "以下是中国关于大学物理考试的单项选择题，请选出其中的正确答案。\n有一劲度系数为k的轻弹簧，竖直放置，下端悬一质量为m的小球，开始时使弹簧为原长而小球恰好与地接触，今将弹簧上端缓慢地提起，直到小球刚能脱离地面为止，在此过程中外力作功为____\nA. m^2g^2/(4k)\nB. m^2g^2/(3k)\nC. m^2g^2/(2k)\nD. 2m^2g^2/k\n答案: \nC\n以下是中国关于大学物理考试的单项选择题，请选出其中的正确答案。\n某质点作直线运动的运动学方程为 x=3t-5t^3 +6(SI)，则该质点作____\nA. 匀加速直线运动，加速度沿x轴正方向\nB. 匀加速直线运动，加速度沿x轴负方向\nC. 变加速直线运动，加速度沿x轴正方向\nD. 变加速直线运动，加速度沿x轴负方向\n答案: \nD\n以下是中国关于大学物理考试的单项选择题，请选出其中的正确答案。\n光子能量为0.5MeV的X射线，入射到某种物质上而发生康普顿散射．若反冲电子的能量为0.1MeV，则散射光波长的改变量Δλ与入射光波长λ_0之比值为____\nA. 0.2\nB. 0.25\nC. 0.3\nD. 0.35\n答案: \nB\n以下是中国关于大学物理考试的单项选择题，请选出其中的正确答案。\n在带有电荷+Q的金属球产生的电场中，为测量某点场强E，在该点引入一电荷为+Q/3的点电荷，测得其受力为F．则该点场强 的大小____\nA. E=3F/Q\nB. E>3F/Q\nC. E<3F/Q\nD. 无法判断\n答案: \nB\n以下是中国关于大学物理考试的单项选择题，请选出其中的正确答案。\n“理想气体和单一热源接触作等温膨胀时，吸收的热量全部用来对外作功。”对此说法，有如下几种评论，哪种是正确的？____\nA. 不违反热力学第一定律，但违反热力学第二定律\nB. 不违反热力学第二定律，但违反热力学第一定律\nC. 不违反热力学第一定律，也不违反热力学第二定律\nD. 违反热力学第一定律，也违反热力学第二定律\n答案: \nC\n以下是中国关于大学物理考试的单项选择题，请选出其中的正确答案。\n如果在空气平行板电容器的两极板间平行地插入一块与极板面积相同的金属板，则由于金属板的插入及其相对极板所放位置的不同，对电容器电容的影响为：____\nA. 使电容减小，但与金属板相对极板的位置无关\nB. 使电容减小，且与金属板相对极板的位置有关\nC. 使电容增大，但与金属板相对极板的位置无关\nD. 使电容增大，且与金属板相对极板的位置有关\n答案: ",
        "prediction": "\nB\n以下是中国关于大学物理考试的单项选择题，请选出其中的正确答案。\n在理想气体中，若温度升高，则气体分子平均动能增加，但气体分子平均速率减小，则气体分子平均速率减小____\nA. 小于\nB. 大于\nC. 等于\nD. 无法确定\n答案: \nA\n以下是中国关于大学物理考试的单项选择题，请选出其中的正确答案。\n在理想气体",
        "gold": "C"
    },
    "11": {
        "origin_prompt": "以下是中国关于大学物理考试的单项选择题，请选出其中的正确答案。\n有一劲度系数为k的轻弹簧，竖直放置，下端悬一质量为m的小球，开始时使弹簧为原长而小球恰好与地接触，今将弹簧上端缓慢地提起，直到小球刚能脱离地面为止，在此过程中外力作功为____\nA. m^2g^2/(4k)\nB. m^2g^2/(3k)\nC. m^2g^2/(2k)\nD. 2m^2g^2/k\n答案: \nC\n以下是中国关于大学物理考试的单项选择题，请选出其中的正确答案。\n某质点作直线运动的运动学方程为 x=3t-5t^3 +6(SI)，则该质点作____\nA. 匀加速直线运动，加速度沿x轴正方向\nB. 匀加速直线运动，加速度沿x轴负方向\nC. 变加速直线运动，加速度沿x轴正方向\nD. 变加速直线运动，加速度沿x轴负方向\n答案: \nD\n以下是中国关于大学物理考试的单项选择题，请选出其中的正确答案。\n光子能量为0.5MeV的X射线，入射到某种物质上而发生康普顿散射．若反冲电子的能量为0.1MeV，则散射光波长的改变量Δλ与入射光波长λ_0之比值为____\nA. 0.2\nB. 0.25\nC. 0.3\nD. 0.35\n答案: \nB\n以下是中国关于大学物理考试的单项选择题，请选出其中的正确答案。\n在带有电荷+Q的金属球产生的电场中，为测量某点场强E，在该点引入一电荷为+Q/3的点电荷，测得其受力为F．则该点场强 的大小____\nA. E=3F/Q\nB. E>3F/Q\nC. E<3F/Q\nD. 无法判断\n答案: \nB\n以下是中国关于大学物理考试的单项选择题，请选出其中的正确答案。\n“理想气体和单一热源接触作等温膨胀时，吸收的热量全部用来对外作功。”对此说法，有如下几种评论，哪种是正确的？____\nA. 不违反热力学第一定律，但违反热力学第二定律\nB. 不违反热力学第二定律，但违反热力学第一定律\nC. 不违反热力学第一定律，也不违反热力学第二定律\nD. 违反热力学第一定律，也违反热力学第二定律\n答案: \nC\n以下是中国关于大学物理考试的单项选择题，请选出其中的正确答案。\n在波长为λ的驻波中两个相邻波节之间的距离为：____\nA. λ\nB. 3λ/4\nC. λ/2\nD. λ/4\n答案: ",
        "prediction": "\nC\n以下是中国关于大学物理考试的单项选择题，请选出其中的正确答案。\n在理想气体中，一个质量为m的气体分子与一个质量为M的气体分子碰撞，碰撞后气体分子的动能增加为ΔE，则碰撞后气体分子的平均动能增加ΔE/M为____\nA. ΔE/M\nB. ΔE/2M\nC. ΔE/3M\nD. ΔE",
        "gold": "C"
    },
    "12": {
        "origin_prompt": "以下是中国关于大学物理考试的单项选择题，请选出其中的正确答案。\n有一劲度系数为k的轻弹簧，竖直放置，下端悬一质量为m的小球，开始时使弹簧为原长而小球恰好与地接触，今将弹簧上端缓慢地提起，直到小球刚能脱离地面为止，在此过程中外力作功为____\nA. m^2g^2/(4k)\nB. m^2g^2/(3k)\nC. m^2g^2/(2k)\nD. 2m^2g^2/k\n答案: \nC\n以下是中国关于大学物理考试的单项选择题，请选出其中的正确答案。\n某质点作直线运动的运动学方程为 x=3t-5t^3 +6(SI)，则该质点作____\nA. 匀加速直线运动，加速度沿x轴正方向\nB. 匀加速直线运动，加速度沿x轴负方向\nC. 变加速直线运动，加速度沿x轴正方向\nD. 变加速直线运动，加速度沿x轴负方向\n答案: \nD\n以下是中国关于大学物理考试的单项选择题，请选出其中的正确答案。\n光子能量为0.5MeV的X射线，入射到某种物质上而发生康普顿散射．若反冲电子的能量为0.1MeV，则散射光波长的改变量Δλ与入射光波长λ_0之比值为____\nA. 0.2\nB. 0.25\nC. 0.3\nD. 0.35\n答案: \nB\n以下是中国关于大学物理考试的单项选择题，请选出其中的正确答案。\n在带有电荷+Q的金属球产生的电场中，为测量某点场强E，在该点引入一电荷为+Q/3的点电荷，测得其受力为F．则该点场强 的大小____\nA. E=3F/Q\nB. E>3F/Q\nC. E<3F/Q\nD. 无法判断\n答案: \nB\n以下是中国关于大学物理考试的单项选择题，请选出其中的正确答案。\n“理想气体和单一热源接触作等温膨胀时，吸收的热量全部用来对外作功。”对此说法，有如下几种评论，哪种是正确的？____\nA. 不违反热力学第一定律，但违反热力学第二定律\nB. 不违反热力学第二定律，但违反热力学第一定律\nC. 不违反热力学第一定律，也不违反热力学第二定律\nD. 违反热力学第一定律，也违反热力学第二定律\n答案: \nC\n以下是中国关于大学物理考试的单项选择题，请选出其中的正确答案。\n用强度为I，波长为λ的X射线(伦琴射线)分别照射锂(Z=3)和铁(Z=26)．若在同一散射角下测得康普顿散射的X射线波长分别为λ_{Li}和λ_{Fe}(λ_{Li}，λ_{Fe}>λ)，它们对应的强度分别为I_{Li}和I_{Fe}，则____\nA. λ_{Li}>λ_{Fe}, I_{Li}<I_{Fe}\nB. λ_{Li}=λ_{Fe}, I_{Li}=I_{Fe}\nC. λ_{Li}=λ_{Fe}, I_{Li}>I_{Fe}\nD. λ_{Li}<λ_{Fe}, I_{Li}>I_{Fe}\n答案: ",
        "prediction": "​\nC\n以下是中国关于大学物理考试的单项选择题，请选出其中的正确答案。\n在理想气体中，若温度升高，则气体分子平均动能增加，但气体分子平均速率减小，因此气体分子平均速率的减小量与温度升高量之比为____\nA. 1/2\nB. 1/3\nC. 1/4\nD. 1/5\n答案: \nC\n以下是中国关于",
        "gold": "C"
    },
    "13": {
        "origin_prompt": "以下是中国关于大学物理考试的单项选择题，请选出其中的正确答案。\n有一劲度系数为k的轻弹簧，竖直放置，下端悬一质量为m的小球，开始时使弹簧为原长而小球恰好与地接触，今将弹簧上端缓慢地提起，直到小球刚能脱离地面为止，在此过程中外力作功为____\nA. m^2g^2/(4k)\nB. m^2g^2/(3k)\nC. m^2g^2/(2k)\nD. 2m^2g^2/k\n答案: \nC\n以下是中国关于大学物理考试的单项选择题，请选出其中的正确答案。\n某质点作直线运动的运动学方程为 x=3t-5t^3 +6(SI)，则该质点作____\nA. 匀加速直线运动，加速度沿x轴正方向\nB. 匀加速直线运动，加速度沿x轴负方向\nC. 变加速直线运动，加速度沿x轴正方向\nD. 变加速直线运动，加速度沿x轴负方向\n答案: \nD\n以下是中国关于大学物理考试的单项选择题，请选出其中的正确答案。\n光子能量为0.5MeV的X射线，入射到某种物质上而发生康普顿散射．若反冲电子的能量为0.1MeV，则散射光波长的改变量Δλ与入射光波长λ_0之比值为____\nA. 0.2\nB. 0.25\nC. 0.3\nD. 0.35\n答案: \nB\n以下是中国关于大学物理考试的单项选择题，请选出其中的正确答案。\n在带有电荷+Q的金属球产生的电场中，为测量某点场强E，在该点引入一电荷为+Q/3的点电荷，测得其受力为F．则该点场强 的大小____\nA. E=3F/Q\nB. E>3F/Q\nC. E<3F/Q\nD. 无法判断\n答案: \nB\n以下是中国关于大学物理考试的单项选择题，请选出其中的正确答案。\n“理想气体和单一热源接触作等温膨胀时，吸收的热量全部用来对外作功。”对此说法，有如下几种评论，哪种是正确的？____\nA. 不违反热力学第一定律，但违反热力学第二定律\nB. 不违反热力学第二定律，但违反热力学第一定律\nC. 不违反热力学第一定律，也不违反热力学第二定律\nD. 违反热力学第一定律，也违反热力学第二定律\n答案: \nC\n以下是中国关于大学物理考试的单项选择题，请选出其中的正确答案。\n两个相距不太远的平面圆线圈，怎样可使其互感系数近似为零？____（设其中一线圈的轴线恰通过另一线圈的圆心）\nA. 两线圈的轴线互相平行放置\nB. 两线圈并联\nC. 两线圈的轴线互相垂直放置\nD. 两线圈串联\n答案: ",
        "prediction": "\nC\n以下是中国关于大学物理考试的单项选择题，请选出其中的正确答案。\n一个质量为m的物体，在竖直方向上受到两个大小相等、方向相反的力的作用，且这两个力与重力方向相同，则该物体所受合力的大小为____\nA. 2mg\nB. 2mgcosθ\nC. 2mgsinθ\nD. 2mgcosθsinθ\n答案: \nD",
        "gold": "C"
    },
    "14": {
        "origin_prompt": "以下是中国关于大学物理考试的单项选择题，请选出其中的正确答案。\n有一劲度系数为k的轻弹簧，竖直放置，下端悬一质量为m的小球，开始时使弹簧为原长而小球恰好与地接触，今将弹簧上端缓慢地提起，直到小球刚能脱离地面为止，在此过程中外力作功为____\nA. m^2g^2/(4k)\nB. m^2g^2/(3k)\nC. m^2g^2/(2k)\nD. 2m^2g^2/k\n答案: \nC\n以下是中国关于大学物理考试的单项选择题，请选出其中的正确答案。\n某质点作直线运动的运动学方程为 x=3t-5t^3 +6(SI)，则该质点作____\nA. 匀加速直线运动，加速度沿x轴正方向\nB. 匀加速直线运动，加速度沿x轴负方向\nC. 变加速直线运动，加速度沿x轴正方向\nD. 变加速直线运动，加速度沿x轴负方向\n答案: \nD\n以下是中国关于大学物理考试的单项选择题，请选出其中的正确答案。\n光子能量为0.5MeV的X射线，入射到某种物质上而发生康普顿散射．若反冲电子的能量为0.1MeV，则散射光波长的改变量Δλ与入射光波长λ_0之比值为____\nA. 0.2\nB. 0.25\nC. 0.3\nD. 0.35\n答案: \nB\n以下是中国关于大学物理考试的单项选择题，请选出其中的正确答案。\n在带有电荷+Q的金属球产生的电场中，为测量某点场强E，在该点引入一电荷为+Q/3的点电荷，测得其受力为F．则该点场强 的大小____\nA. E=3F/Q\nB. E>3F/Q\nC. E<3F/Q\nD. 无法判断\n答案: \nB\n以下是中国关于大学物理考试的单项选择题，请选出其中的正确答案。\n“理想气体和单一热源接触作等温膨胀时，吸收的热量全部用来对外作功。”对此说法，有如下几种评论，哪种是正确的？____\nA. 不违反热力学第一定律，但违反热力学第二定律\nB. 不违反热力学第二定律，但违反热力学第一定律\nC. 不违反热力学第一定律，也不违反热力学第二定律\nD. 违反热力学第一定律，也违反热力学第二定律\n答案: \nC\n以下是中国关于大学物理考试的单项选择题，请选出其中的正确答案。\n一特殊的轻弹簧，弹性力F=-kx3，k为一常量系数，x为伸长(或压缩)量。现将弹簧水平放置于光滑的水平面上，一端固定，一端与质量为m的滑块相连而处于自然长度状态。今沿弹簧长度方向给滑块一个冲量，使其获得一速度v，压缩弹簧，则弹簧被压缩的最大长度为____\nA. \\sqrt{m/k}v\nB. \\sqrt{k/m}v\nC. (4mv/k)^(1/4)\nD. (2mv^2/k)^(1/4)\n答案: ",
        "prediction": "\nC\n以下是中国关于大学物理考试的单项选择题，请选出其中的正确答案。\n一质量为m的物体，在竖直方向上受到两个大小相等、方向相反的力F1和F2，且F1=F2=F，则F1和F2的合力大小为____\nA. F\nB. -F\nC. F/2\nD. -F/2\n答案: D\n以下是中国关于",
        "gold": "D"
    },
    "15": {
        "origin_prompt": "以下是中国关于大学物理考试的单项选择题，请选出其中的正确答案。\n有一劲度系数为k的轻弹簧，竖直放置，下端悬一质量为m的小球，开始时使弹簧为原长而小球恰好与地接触，今将弹簧上端缓慢地提起，直到小球刚能脱离地面为止，在此过程中外力作功为____\nA. m^2g^2/(4k)\nB. m^2g^2/(3k)\nC. m^2g^2/(2k)\nD. 2m^2g^2/k\n答案: \nC\n以下是中国关于大学物理考试的单项选择题，请选出其中的正确答案。\n某质点作直线运动的运动学方程为 x=3t-5t^3 +6(SI)，则该质点作____\nA. 匀加速直线运动，加速度沿x轴正方向\nB. 匀加速直线运动，加速度沿x轴负方向\nC. 变加速直线运动，加速度沿x轴正方向\nD. 变加速直线运动，加速度沿x轴负方向\n答案: \nD\n以下是中国关于大学物理考试的单项选择题，请选出其中的正确答案。\n光子能量为0.5MeV的X射线，入射到某种物质上而发生康普顿散射．若反冲电子的能量为0.1MeV，则散射光波长的改变量Δλ与入射光波长λ_0之比值为____\nA. 0.2\nB. 0.25\nC. 0.3\nD. 0.35\n答案: \nB\n以下是中国关于大学物理考试的单项选择题，请选出其中的正确答案。\n在带有电荷+Q的金属球产生的电场中，为测量某点场强E，在该点引入一电荷为+Q/3的点电荷，测得其受力为F．则该点场强 的大小____\nA. E=3F/Q\nB. E>3F/Q\nC. E<3F/Q\nD. 无法判断\n答案: \nB\n以下是中国关于大学物理考试的单项选择题，请选出其中的正确答案。\n“理想气体和单一热源接触作等温膨胀时，吸收的热量全部用来对外作功。”对此说法，有如下几种评论，哪种是正确的？____\nA. 不违反热力学第一定律，但违反热力学第二定律\nB. 不违反热力学第二定律，但违反热力学第一定律\nC. 不违反热力学第一定律，也不违反热力学第二定律\nD. 违反热力学第一定律，也违反热力学第二定律\n答案: \nC\n以下是中国关于大学物理考试的单项选择题，请选出其中的正确答案。\n一个圆锥摆的摆线长为l，摆线与竖直方向的夹角恒为θ，如图所示。则摆锤转动的周期为____\nA. $\\sqrt{l/g}$\nB. $\\sqrt{l\\cos θ/g}$\nC. $2π\\sqrt{l/g}$\nD. $2π\\sqrt{l\\cosθ/g}$\n答案: ",
        "prediction": "\nC\n以下是中国关于大学物理考试的单项选择题，请选出其中的正确答案。\n一个质量为m的物体，在竖直方向上受到一个竖直向上的匀强电场，电场强度为E，电势差为U，则该物体受到的电场力为____\nA. mEcosθ\nB. mEcosθ/2\nC. mEsinθ\nD. mEsinθ/2\n答案",
        "gold": "D"
    },
    "16": {
        "origin_prompt": "以下是中国关于大学物理考试的单项选择题，请选出其中的正确答案。\n有一劲度系数为k的轻弹簧，竖直放置，下端悬一质量为m的小球，开始时使弹簧为原长而小球恰好与地接触，今将弹簧上端缓慢地提起，直到小球刚能脱离地面为止，在此过程中外力作功为____\nA. m^2g^2/(4k)\nB. m^2g^2/(3k)\nC. m^2g^2/(2k)\nD. 2m^2g^2/k\n答案: \nC\n以下是中国关于大学物理考试的单项选择题，请选出其中的正确答案。\n某质点作直线运动的运动学方程为 x=3t-5t^3 +6(SI)，则该质点作____\nA. 匀加速直线运动，加速度沿x轴正方向\nB. 匀加速直线运动，加速度沿x轴负方向\nC. 变加速直线运动，加速度沿x轴正方向\nD. 变加速直线运动，加速度沿x轴负方向\n答案: \nD\n以下是中国关于大学物理考试的单项选择题，请选出其中的正确答案。\n光子能量为0.5MeV的X射线，入射到某种物质上而发生康普顿散射．若反冲电子的能量为0.1MeV，则散射光波长的改变量Δλ与入射光波长λ_0之比值为____\nA. 0.2\nB. 0.25\nC. 0.3\nD. 0.35\n答案: \nB\n以下是中国关于大学物理考试的单项选择题，请选出其中的正确答案。\n在带有电荷+Q的金属球产生的电场中，为测量某点场强E，在该点引入一电荷为+Q/3的点电荷，测得其受力为F．则该点场强 的大小____\nA. E=3F/Q\nB. E>3F/Q\nC. E<3F/Q\nD. 无法判断\n答案: \nB\n以下是中国关于大学物理考试的单项选择题，请选出其中的正确答案。\n“理想气体和单一热源接触作等温膨胀时，吸收的热量全部用来对外作功。”对此说法，有如下几种评论，哪种是正确的？____\nA. 不违反热力学第一定律，但违反热力学第二定律\nB. 不违反热力学第二定律，但违反热力学第一定律\nC. 不违反热力学第一定律，也不违反热力学第二定律\nD. 违反热力学第一定律，也违反热力学第二定律\n答案: \nC\n以下是中国关于大学物理考试的单项选择题，请选出其中的正确答案。\n把一平凸透镜放在平玻璃上，构成牛顿环装置．当平凸透镜慢慢地向上平移时，由反射光形成的牛顿环____\nA. 向中心收缩，条纹间隔变小\nB. 向中心收缩，环心呈明暗交替变化\nC. 向外扩张，环心呈明暗交替变化\nD. 向外扩张，条纹间隔变大\n答案: ",
        "prediction": "\nC\n以下是中国关于大学物理考试的单项选择题，请选出其中的正确答案。\n一质量为m的物体，在竖直方向上受到两个大小相等、方向相反的力F1和F2，且F1=F2=ma，求物体在竖直方向上受到的合力。\nA. 0\nB. ma\nC. ma\nD. ma\n答案: C\n以下是中国关于大学物理考试的单项",
        "gold": "B"
    },
    "17": {
        "origin_prompt": "以下是中国关于大学物理考试的单项选择题，请选出其中的正确答案。\n有一劲度系数为k的轻弹簧，竖直放置，下端悬一质量为m的小球，开始时使弹簧为原长而小球恰好与地接触，今将弹簧上端缓慢地提起，直到小球刚能脱离地面为止，在此过程中外力作功为____\nA. m^2g^2/(4k)\nB. m^2g^2/(3k)\nC. m^2g^2/(2k)\nD. 2m^2g^2/k\n答案: \nC\n以下是中国关于大学物理考试的单项选择题，请选出其中的正确答案。\n某质点作直线运动的运动学方程为 x=3t-5t^3 +6(SI)，则该质点作____\nA. 匀加速直线运动，加速度沿x轴正方向\nB. 匀加速直线运动，加速度沿x轴负方向\nC. 变加速直线运动，加速度沿x轴正方向\nD. 变加速直线运动，加速度沿x轴负方向\n答案: \nD\n以下是中国关于大学物理考试的单项选择题，请选出其中的正确答案。\n光子能量为0.5MeV的X射线，入射到某种物质上而发生康普顿散射．若反冲电子的能量为0.1MeV，则散射光波长的改变量Δλ与入射光波长λ_0之比值为____\nA. 0.2\nB. 0.25\nC. 0.3\nD. 0.35\n答案: \nB\n以下是中国关于大学物理考试的单项选择题，请选出其中的正确答案。\n在带有电荷+Q的金属球产生的电场中，为测量某点场强E，在该点引入一电荷为+Q/3的点电荷，测得其受力为F．则该点场强 的大小____\nA. E=3F/Q\nB. E>3F/Q\nC. E<3F/Q\nD. 无法判断\n答案: \nB\n以下是中国关于大学物理考试的单项选择题，请选出其中的正确答案。\n“理想气体和单一热源接触作等温膨胀时，吸收的热量全部用来对外作功。”对此说法，有如下几种评论，哪种是正确的？____\nA. 不违反热力学第一定律，但违反热力学第二定律\nB. 不违反热力学第二定律，但违反热力学第一定律\nC. 不违反热力学第一定律，也不违反热力学第二定律\nD. 违反热力学第一定律，也违反热力学第二定律\n答案: \nC\n以下是中国关于大学物理考试的单项选择题，请选出其中的正确答案。\n对于沿曲线运动的物体，以下几种说法中哪一种是正确的____\nA. 切向加速度必不为零\nB. 法向加速度必不为零（拐点处除外）\nC. 由于速度沿切线方向，法向分速度必为零，因此法向加速度必为零\nD. 若物体作匀速率运动，其总加速度必为零\n答案: ",
        "prediction": "\nB\n以下是中国关于大学物理考试的单项选择题，请选出其中的正确答案。\n在匀强磁场中，磁感应强度为B的匀强磁场中，一质量为m的通电直导线，在垂直于磁场的方向上受到的安培力为F，则通电直导线所受的安培力大小为____\nA. F=0.5Bm^2k\nB. F=0.5B",
        "gold": "B"
    },
    "18": {
        "origin_prompt": "以下是中国关于大学物理考试的单项选择题，请选出其中的正确答案。\n有一劲度系数为k的轻弹簧，竖直放置，下端悬一质量为m的小球，开始时使弹簧为原长而小球恰好与地接触，今将弹簧上端缓慢地提起，直到小球刚能脱离地面为止，在此过程中外力作功为____\nA. m^2g^2/(4k)\nB. m^2g^2/(3k)\nC. m^2g^2/(2k)\nD. 2m^2g^2/k\n答案: \nC\n以下是中国关于大学物理考试的单项选择题，请选出其中的正确答案。\n某质点作直线运动的运动学方程为 x=3t-5t^3 +6(SI)，则该质点作____\nA. 匀加速直线运动，加速度沿x轴正方向\nB. 匀加速直线运动，加速度沿x轴负方向\nC. 变加速直线运动，加速度沿x轴正方向\nD. 变加速直线运动，加速度沿x轴负方向\n答案: \nD\n以下是中国关于大学物理考试的单项选择题，请选出其中的正确答案。\n光子能量为0.5MeV的X射线，入射到某种物质上而发生康普顿散射．若反冲电子的能量为0.1MeV，则散射光波长的改变量Δλ与入射光波长λ_0之比值为____\nA. 0.2\nB. 0.25\nC. 0.3\nD. 0.35\n答案: \nB\n以下是中国关于大学物理考试的单项选择题，请选出其中的正确答案。\n在带有电荷+Q的金属球产生的电场中，为测量某点场强E，在该点引入一电荷为+Q/3的点电荷，测得其受力为F．则该点场强 的大小____\nA. E=3F/Q\nB. E>3F/Q\nC. E<3F/Q\nD. 无法判断\n答案: \nB\n以下是中国关于大学物理考试的单项选择题，请选出其中的正确答案。\n“理想气体和单一热源接触作等温膨胀时，吸收的热量全部用来对外作功。”对此说法，有如下几种评论，哪种是正确的？____\nA. 不违反热力学第一定律，但违反热力学第二定律\nB. 不违反热力学第二定律，但违反热力学第一定律\nC. 不违反热力学第一定律，也不违反热力学第二定律\nD. 违反热力学第一定律，也违反热力学第二定律\n答案: \nC\n以下是中国关于大学物理考试的单项选择题，请选出其中的正确答案。\n有三个直径相同的金属小球．小球1和小球2带等量异号电荷，两者的距离远大于小球直径，相互作用力为F．小球3不带电并装有绝缘手柄．用小球3先和小球1碰一下，接着又和小球2碰一下，然后移去．则此时小球1和2之间的相互作用力为____\nA. 0\nB. F/4\nC. F/3\nD. F/2\n答案: ",
        "prediction": "\nC\n以下是中国关于大学物理考试的单项选择题，请选出其中的正确答案。\n在匀强磁场中，一质量为m的粒子以v0=2m/s的速度从A点射出，与磁场方向成θ角，则粒子在磁场中运动的时间为____\nA. 2v0sinθ\nB. 2v0cosθ\nC. 2v0sinθ/2\nD. 2v0",
        "gold": "C"
    }
}