{
    "0": {
        "origin_prompt": "以下是中国关于初中政治考试的单项选择题，请选出其中的正确答案。\n当前，虽然地区冲突、霸权主义、孤立主义搅动着世界，令世界忧心，但是世界的主流依然未变，中国愿同国际社会各方一道，倡导共同、综合、合作、可持续的安全观。假如你是外交部发言人，以下可以代表中方立场和观点的是____\n\n①当今时代的主题是和平与发展\n②中国为建设合作共赢的新型国际关系而不懈努力\n③中国国际地位不断提高，成为世界发展的主导力量\n④当今世界，人们越来越致力于以和平谈判代替武力解决争端\nA. ①②③\nB. ②③④\nC. ①③④\nD. ①②④\n答案: \nD\n以下是中国关于初中政治考试的单项选择题，请选出其中的正确答案。\n下列名句能够体现社会主义核心价值观基本内容之一“爱国”的是____\nA. 天下兴亡匹夫有责\nB. 以信立身以诚处世\nC. 己所不欲勿施于人\nD. 善学者能多能者成\n答案: \nA\n以下是中国关于初中政治考试的单项选择题，请选出其中的正确答案。\n我国长江流城及其以南地区国土面积只占全国的36.5%,其水资源量占全国的81%；淮河流域及其以北地区的国土面积占全国的63.5%,其水资源量仅占全国水资源总量的19%。材料反映出我国目前的资源现状是____\nA. 人均资源占有率相对不足\nB. 资源浪费和破坏现象严重\nC. 资源丰富,种类齐全\nD. 资源地区分布不平衡\n答案: \nD\n以下是中国关于初中政治考试的单项选择题，请选出其中的正确答案。\n“少年智则中国智，少年强则中国强”，我的梦是中国梦，中国梦是我们的梦。对此，下列认识不正确的是____\nA. 只有国家兴旺、经济发展、政治文明，人民才能够安居乐业\nB. 只有实现个人利益，才能维护国家利益\nC. 国家的兴旺、富强要靠全体人民的团结奋斗\nD. 要培养自觉的爱国情感，这是现代公民应该具备的品质\n答案: \nB\n以下是中国关于初中政治考试的单项选择题，请选出其中的正确答案。\n在北京冬奥会开幕式上，一个掉队的“小鸽子”被姐姐牵回队伍，共同组成一个大大的心形，这一情节被网友称为“一鸽都不能少”。更有网友直言，“早点回来说的就是中国台湾”。完成我国统一大业的政治基础是____\nA. “和平统一、一国两制”\nB. 民族区域自治制度\nC. 平等团结共同繁荣的方针\nD. “一个中国”原则\n答案: \nD\n以下是中国关于初中政治考试的单项选择题，请选出其中的正确答案。\n近日，泰州首个“泰有礼”主题街在海陵区城北街道正式亮相。主题街上设立的文明新风展示牌和主题雕像，传递着爱国爱家、礼让谦恭、诚信做事的中华传统美德。“泰有礼”主题街的设立有利于____\n\n①提升市民的文明素质  ②增强民族文化认同感\n③重塑政府的良好形象  ④优化城市的人文环境\nA. ①④\nB. ①②④\nC. ①②\nD. ②③④\n答案: ",
        "prediction": "B\n以下是中国关于初中政治考试的单项选择题，请选出其中的正确答案。\n“一带一路”倡议提出以来，中国与沿线国家合作不断深化，中国与沿线国家贸易额不断增长，中国与沿线国家人员往来日益频繁。“一带一路”倡议的提出，有利于促进____\n①经济全球化深入发展 ②世界各国相互依存程度不断加深 ③世界各国共同发展 ④世界各国共同繁荣 ⑤世界各国",
        "gold": "B"
    },
    "1": {
        "origin_prompt": "以下是中国关于初中政治考试的单项选择题，请选出其中的正确答案。\n当前，虽然地区冲突、霸权主义、孤立主义搅动着世界，令世界忧心，但是世界的主流依然未变，中国愿同国际社会各方一道，倡导共同、综合、合作、可持续的安全观。假如你是外交部发言人，以下可以代表中方立场和观点的是____\n\n①当今时代的主题是和平与发展\n②中国为建设合作共赢的新型国际关系而不懈努力\n③中国国际地位不断提高，成为世界发展的主导力量\n④当今世界，人们越来越致力于以和平谈判代替武力解决争端\nA. ①②③\nB. ②③④\nC. ①③④\nD. ①②④\n答案: \nD\n以下是中国关于初中政治考试的单项选择题，请选出其中的正确答案。\n下列名句能够体现社会主义核心价值观基本内容之一“爱国”的是____\nA. 天下兴亡匹夫有责\nB. 以信立身以诚处世\nC. 己所不欲勿施于人\nD. 善学者能多能者成\n答案: \nA\n以下是中国关于初中政治考试的单项选择题，请选出其中的正确答案。\n我国长江流城及其以南地区国土面积只占全国的36.5%,其水资源量占全国的81%；淮河流域及其以北地区的国土面积占全国的63.5%,其水资源量仅占全国水资源总量的19%。材料反映出我国目前的资源现状是____\nA. 人均资源占有率相对不足\nB. 资源浪费和破坏现象严重\nC. 资源丰富,种类齐全\nD. 资源地区分布不平衡\n答案: \nD\n以下是中国关于初中政治考试的单项选择题，请选出其中的正确答案。\n“少年智则中国智，少年强则中国强”，我的梦是中国梦，中国梦是我们的梦。对此，下列认识不正确的是____\nA. 只有国家兴旺、经济发展、政治文明，人民才能够安居乐业\nB. 只有实现个人利益，才能维护国家利益\nC. 国家的兴旺、富强要靠全体人民的团结奋斗\nD. 要培养自觉的爱国情感，这是现代公民应该具备的品质\n答案: \nB\n以下是中国关于初中政治考试的单项选择题，请选出其中的正确答案。\n在北京冬奥会开幕式上，一个掉队的“小鸽子”被姐姐牵回队伍，共同组成一个大大的心形，这一情节被网友称为“一鸽都不能少”。更有网友直言，“早点回来说的就是中国台湾”。完成我国统一大业的政治基础是____\nA. “和平统一、一国两制”\nB. 民族区域自治制度\nC. 平等团结共同繁荣的方针\nD. “一个中国”原则\n答案: \nD\n以下是中国关于初中政治考试的单项选择题，请选出其中的正确答案。\n非公有制经济是我国社会主义市场经济的重要组成问题，我国鼓励、支持、引导非公有制经济发展是因为非公有制经济____\n\n①广泛吸纳社会资金，是国民经济的主导力量 ②有利于增长税收、扩大就业、促进经济增长\n③是我国社会主义经济制度的基础，占主体地位 ④在促进大众创业和万众创新方面发挥重要作用\nA. ①②\nB. ①③\nC. ②④\nD. ③④\n答案: ",
        "prediction": "C\n以下是中国关于初中政治考试的单项选择题，请选出其中的正确答案。\n“一带一路”倡议提出以来，中国与沿线国家合作不断深化，中国与沿线国家贸易往来日益频繁，中国与沿线国家人员往来日益密切，中国与沿线国家人文交流日益频繁。这表明中国与沿线国家合作是____\n\n①互利共赢的合作 ②互惠互利的合作 ③互惠互利的合作 ④互利共赢的",
        "gold": "C"
    },
    "2": {
        "origin_prompt": "以下是中国关于初中政治考试的单项选择题，请选出其中的正确答案。\n当前，虽然地区冲突、霸权主义、孤立主义搅动着世界，令世界忧心，但是世界的主流依然未变，中国愿同国际社会各方一道，倡导共同、综合、合作、可持续的安全观。假如你是外交部发言人，以下可以代表中方立场和观点的是____\n\n①当今时代的主题是和平与发展\n②中国为建设合作共赢的新型国际关系而不懈努力\n③中国国际地位不断提高，成为世界发展的主导力量\n④当今世界，人们越来越致力于以和平谈判代替武力解决争端\nA. ①②③\nB. ②③④\nC. ①③④\nD. ①②④\n答案: \nD\n以下是中国关于初中政治考试的单项选择题，请选出其中的正确答案。\n下列名句能够体现社会主义核心价值观基本内容之一“爱国”的是____\nA. 天下兴亡匹夫有责\nB. 以信立身以诚处世\nC. 己所不欲勿施于人\nD. 善学者能多能者成\n答案: \nA\n以下是中国关于初中政治考试的单项选择题，请选出其中的正确答案。\n我国长江流城及其以南地区国土面积只占全国的36.5%,其水资源量占全国的81%；淮河流域及其以北地区的国土面积占全国的63.5%,其水资源量仅占全国水资源总量的19%。材料反映出我国目前的资源现状是____\nA. 人均资源占有率相对不足\nB. 资源浪费和破坏现象严重\nC. 资源丰富,种类齐全\nD. 资源地区分布不平衡\n答案: \nD\n以下是中国关于初中政治考试的单项选择题，请选出其中的正确答案。\n“少年智则中国智，少年强则中国强”，我的梦是中国梦，中国梦是我们的梦。对此，下列认识不正确的是____\nA. 只有国家兴旺、经济发展、政治文明，人民才能够安居乐业\nB. 只有实现个人利益，才能维护国家利益\nC. 国家的兴旺、富强要靠全体人民的团结奋斗\nD. 要培养自觉的爱国情感，这是现代公民应该具备的品质\n答案: \nB\n以下是中国关于初中政治考试的单项选择题，请选出其中的正确答案。\n在北京冬奥会开幕式上，一个掉队的“小鸽子”被姐姐牵回队伍，共同组成一个大大的心形，这一情节被网友称为“一鸽都不能少”。更有网友直言，“早点回来说的就是中国台湾”。完成我国统一大业的政治基础是____\nA. “和平统一、一国两制”\nB. 民族区域自治制度\nC. 平等团结共同繁荣的方针\nD. “一个中国”原则\n答案: \nD\n以下是中国关于初中政治考试的单项选择题，请选出其中的正确答案。\n要坚持市场在资源配置中起决定性作用，其原因有____ \n\n①为了保持经济发展的活力 ②市场配置资源是最有效率的形式\n③政府履行职能可以保持宏观经济的稳定 ④可以加强和优化公共服务，促进共同富裕\nA. ①②\nB. ①③\nC. ②④\nD. ③④\n答案: ",
        "prediction": "C\n以下是中国关于初中政治考试的单项选择题，请选出其中的正确答案。\n“一带一路”倡议提出以来，中国与沿线国家合作不断深化，中国与沿线国家贸易额不断增长，中国与沿线国家人员往来日益频繁。这表明____\nA. 中国是和平的建设者\nB. 中国是和平的维护者\nC. 中国是和平的建设者和和平的维护者\nD. 中国是和平的",
        "gold": "D"
    },
    "3": {
        "origin_prompt": "以下是中国关于初中政治考试的单项选择题，请选出其中的正确答案。\n当前，虽然地区冲突、霸权主义、孤立主义搅动着世界，令世界忧心，但是世界的主流依然未变，中国愿同国际社会各方一道，倡导共同、综合、合作、可持续的安全观。假如你是外交部发言人，以下可以代表中方立场和观点的是____\n\n①当今时代的主题是和平与发展\n②中国为建设合作共赢的新型国际关系而不懈努力\n③中国国际地位不断提高，成为世界发展的主导力量\n④当今世界，人们越来越致力于以和平谈判代替武力解决争端\nA. ①②③\nB. ②③④\nC. ①③④\nD. ①②④\n答案: \nD\n以下是中国关于初中政治考试的单项选择题，请选出其中的正确答案。\n下列名句能够体现社会主义核心价值观基本内容之一“爱国”的是____\nA. 天下兴亡匹夫有责\nB. 以信立身以诚处世\nC. 己所不欲勿施于人\nD. 善学者能多能者成\n答案: \nA\n以下是中国关于初中政治考试的单项选择题，请选出其中的正确答案。\n我国长江流城及其以南地区国土面积只占全国的36.5%,其水资源量占全国的81%；淮河流域及其以北地区的国土面积占全国的63.5%,其水资源量仅占全国水资源总量的19%。材料反映出我国目前的资源现状是____\nA. 人均资源占有率相对不足\nB. 资源浪费和破坏现象严重\nC. 资源丰富,种类齐全\nD. 资源地区分布不平衡\n答案: \nD\n以下是中国关于初中政治考试的单项选择题，请选出其中的正确答案。\n“少年智则中国智，少年强则中国强”，我的梦是中国梦，中国梦是我们的梦。对此，下列认识不正确的是____\nA. 只有国家兴旺、经济发展、政治文明，人民才能够安居乐业\nB. 只有实现个人利益，才能维护国家利益\nC. 国家的兴旺、富强要靠全体人民的团结奋斗\nD. 要培养自觉的爱国情感，这是现代公民应该具备的品质\n答案: \nB\n以下是中国关于初中政治考试的单项选择题，请选出其中的正确答案。\n在北京冬奥会开幕式上，一个掉队的“小鸽子”被姐姐牵回队伍，共同组成一个大大的心形，这一情节被网友称为“一鸽都不能少”。更有网友直言，“早点回来说的就是中国台湾”。完成我国统一大业的政治基础是____\nA. “和平统一、一国两制”\nB. 民族区域自治制度\nC. 平等团结共同繁荣的方针\nD. “一个中国”原则\n答案: \nD\n以下是中国关于初中政治考试的单项选择题，请选出其中的正确答案。\n下列场景中，你认为符合礼仪要求的是____\nA. 在博物馆参观边听讲解人员讲解，边吃香甜味重的食品\nB. 在楼道里遇到不教自己的本校老师，主动问好\nC. 家庭聚会时，刚一上菜就自顾自的吃起来\nD. 在图书馆阅读区域，和同伴私语，随意大声接打电话\n答案: ",
        "prediction": "B\n以下是中国关于初中政治考试的单项选择题，请选出其中的正确答案。\n“一带一路”倡议提出以来，中国与沿线国家合作不断深化，中国与沿线国家贸易往来日益频繁，中国与沿线国家人员往来日益密切。“一带一路”倡议的提出，有利于促进沿线国家经济社会发展和人民生活水平提高，有利于促进沿线国家共同繁荣。“一带一路”倡议的提出，有利于促进沿线国家经济社会发展和人民生活",
        "gold": "B"
    },
    "4": {
        "origin_prompt": "以下是中国关于初中政治考试的单项选择题，请选出其中的正确答案。\n当前，虽然地区冲突、霸权主义、孤立主义搅动着世界，令世界忧心，但是世界的主流依然未变，中国愿同国际社会各方一道，倡导共同、综合、合作、可持续的安全观。假如你是外交部发言人，以下可以代表中方立场和观点的是____\n\n①当今时代的主题是和平与发展\n②中国为建设合作共赢的新型国际关系而不懈努力\n③中国国际地位不断提高，成为世界发展的主导力量\n④当今世界，人们越来越致力于以和平谈判代替武力解决争端\nA. ①②③\nB. ②③④\nC. ①③④\nD. ①②④\n答案: \nD\n以下是中国关于初中政治考试的单项选择题，请选出其中的正确答案。\n下列名句能够体现社会主义核心价值观基本内容之一“爱国”的是____\nA. 天下兴亡匹夫有责\nB. 以信立身以诚处世\nC. 己所不欲勿施于人\nD. 善学者能多能者成\n答案: \nA\n以下是中国关于初中政治考试的单项选择题，请选出其中的正确答案。\n我国长江流城及其以南地区国土面积只占全国的36.5%,其水资源量占全国的81%；淮河流域及其以北地区的国土面积占全国的63.5%,其水资源量仅占全国水资源总量的19%。材料反映出我国目前的资源现状是____\nA. 人均资源占有率相对不足\nB. 资源浪费和破坏现象严重\nC. 资源丰富,种类齐全\nD. 资源地区分布不平衡\n答案: \nD\n以下是中国关于初中政治考试的单项选择题，请选出其中的正确答案。\n“少年智则中国智，少年强则中国强”，我的梦是中国梦，中国梦是我们的梦。对此，下列认识不正确的是____\nA. 只有国家兴旺、经济发展、政治文明，人民才能够安居乐业\nB. 只有实现个人利益，才能维护国家利益\nC. 国家的兴旺、富强要靠全体人民的团结奋斗\nD. 要培养自觉的爱国情感，这是现代公民应该具备的品质\n答案: \nB\n以下是中国关于初中政治考试的单项选择题，请选出其中的正确答案。\n在北京冬奥会开幕式上，一个掉队的“小鸽子”被姐姐牵回队伍，共同组成一个大大的心形，这一情节被网友称为“一鸽都不能少”。更有网友直言，“早点回来说的就是中国台湾”。完成我国统一大业的政治基础是____\nA. “和平统一、一国两制”\nB. 民族区域自治制度\nC. 平等团结共同繁荣的方针\nD. “一个中国”原则\n答案: \nD\n以下是中国关于初中政治考试的单项选择题，请选出其中的正确答案。\n2018年9月27日，习近平在视察中国石油辽阳石化公司时强调，国有企业地位重要、作用关键、不可替代，是党和国家的重要依靠力量。对此认识正确的有____\nA. 国有经济是国民经济的主导力量\nB. 国有经济是社会主义经济制度的基础\nC. 国家限制国有经济的壮大和发展\nD. 国有经济将取代非公有制经济的地位\n答案: ",
        "prediction": "\nA\n\nA\n以下是中国关于初中政治考试的单项选择题，请选出其中的正确答案。\n2019年1月，习近平在中央全面深化改革委员会第十次会议上指出，要坚持和完善中国特色社会主义制度，推进国家治理体系和治理能力现代化。这表明我国坚持____的制度。\nA. 社会主义制度\nB. 人民代表大会制度\nC. 中国共产党领导的多党合作和政治协商制度\nD. ",
        "gold": "A"
    },
    "5": {
        "origin_prompt": "以下是中国关于初中政治考试的单项选择题，请选出其中的正确答案。\n当前，虽然地区冲突、霸权主义、孤立主义搅动着世界，令世界忧心，但是世界的主流依然未变，中国愿同国际社会各方一道，倡导共同、综合、合作、可持续的安全观。假如你是外交部发言人，以下可以代表中方立场和观点的是____\n\n①当今时代的主题是和平与发展\n②中国为建设合作共赢的新型国际关系而不懈努力\n③中国国际地位不断提高，成为世界发展的主导力量\n④当今世界，人们越来越致力于以和平谈判代替武力解决争端\nA. ①②③\nB. ②③④\nC. ①③④\nD. ①②④\n答案: \nD\n以下是中国关于初中政治考试的单项选择题，请选出其中的正确答案。\n下列名句能够体现社会主义核心价值观基本内容之一“爱国”的是____\nA. 天下兴亡匹夫有责\nB. 以信立身以诚处世\nC. 己所不欲勿施于人\nD. 善学者能多能者成\n答案: \nA\n以下是中国关于初中政治考试的单项选择题，请选出其中的正确答案。\n我国长江流城及其以南地区国土面积只占全国的36.5%,其水资源量占全国的81%；淮河流域及其以北地区的国土面积占全国的63.5%,其水资源量仅占全国水资源总量的19%。材料反映出我国目前的资源现状是____\nA. 人均资源占有率相对不足\nB. 资源浪费和破坏现象严重\nC. 资源丰富,种类齐全\nD. 资源地区分布不平衡\n答案: \nD\n以下是中国关于初中政治考试的单项选择题，请选出其中的正确答案。\n“少年智则中国智，少年强则中国强”，我的梦是中国梦，中国梦是我们的梦。对此，下列认识不正确的是____\nA. 只有国家兴旺、经济发展、政治文明，人民才能够安居乐业\nB. 只有实现个人利益，才能维护国家利益\nC. 国家的兴旺、富强要靠全体人民的团结奋斗\nD. 要培养自觉的爱国情感，这是现代公民应该具备的品质\n答案: \nB\n以下是中国关于初中政治考试的单项选择题，请选出其中的正确答案。\n在北京冬奥会开幕式上，一个掉队的“小鸽子”被姐姐牵回队伍，共同组成一个大大的心形，这一情节被网友称为“一鸽都不能少”。更有网友直言，“早点回来说的就是中国台湾”。完成我国统一大业的政治基础是____\nA. “和平统一、一国两制”\nB. 民族区域自治制度\nC. 平等团结共同繁荣的方针\nD. “一个中国”原则\n答案: \nD\n以下是中国关于初中政治考试的单项选择题，请选出其中的正确答案。\n时至近日，中美经历了九次经贸高级别磋商，并取得实质性进展。这表明____\nA. 发展与合作是当今时代的主题\nB. 经济全球化的背景下，我国经济发展面临着许多风险和挑战\nC. 对话交流成为当今国际社会发展友好关系、解决国际争端、促进合作的主要方式\nD. 中美之间不再有任何的矛盾与分歧\n答案: ",
        "prediction": "C\n以下是中国关于初中政治考试的单项选择题，请选出其中的正确答案。\n“一带一路”倡议提出以来，中国与沿线国家合作不断深化，共建“一带一路”倡议的实施，为沿线国家经济发展提供了新的机遇，为沿线国家人民带来了实实在在的利益。这表明____\nA. 我国坚持对外开放的基本国策\nB. 我国坚持独立自主的和平外交政策\nC. 我国坚持和平发展道路\n",
        "gold": "C"
    },
    "6": {
        "origin_prompt": "以下是中国关于初中政治考试的单项选择题，请选出其中的正确答案。\n当前，虽然地区冲突、霸权主义、孤立主义搅动着世界，令世界忧心，但是世界的主流依然未变，中国愿同国际社会各方一道，倡导共同、综合、合作、可持续的安全观。假如你是外交部发言人，以下可以代表中方立场和观点的是____\n\n①当今时代的主题是和平与发展\n②中国为建设合作共赢的新型国际关系而不懈努力\n③中国国际地位不断提高，成为世界发展的主导力量\n④当今世界，人们越来越致力于以和平谈判代替武力解决争端\nA. ①②③\nB. ②③④\nC. ①③④\nD. ①②④\n答案: \nD\n以下是中国关于初中政治考试的单项选择题，请选出其中的正确答案。\n下列名句能够体现社会主义核心价值观基本内容之一“爱国”的是____\nA. 天下兴亡匹夫有责\nB. 以信立身以诚处世\nC. 己所不欲勿施于人\nD. 善学者能多能者成\n答案: \nA\n以下是中国关于初中政治考试的单项选择题，请选出其中的正确答案。\n我国长江流城及其以南地区国土面积只占全国的36.5%,其水资源量占全国的81%；淮河流域及其以北地区的国土面积占全国的63.5%,其水资源量仅占全国水资源总量的19%。材料反映出我国目前的资源现状是____\nA. 人均资源占有率相对不足\nB. 资源浪费和破坏现象严重\nC. 资源丰富,种类齐全\nD. 资源地区分布不平衡\n答案: \nD\n以下是中国关于初中政治考试的单项选择题，请选出其中的正确答案。\n“少年智则中国智，少年强则中国强”，我的梦是中国梦，中国梦是我们的梦。对此，下列认识不正确的是____\nA. 只有国家兴旺、经济发展、政治文明，人民才能够安居乐业\nB. 只有实现个人利益，才能维护国家利益\nC. 国家的兴旺、富强要靠全体人民的团结奋斗\nD. 要培养自觉的爱国情感，这是现代公民应该具备的品质\n答案: \nB\n以下是中国关于初中政治考试的单项选择题，请选出其中的正确答案。\n在北京冬奥会开幕式上，一个掉队的“小鸽子”被姐姐牵回队伍，共同组成一个大大的心形，这一情节被网友称为“一鸽都不能少”。更有网友直言，“早点回来说的就是中国台湾”。完成我国统一大业的政治基础是____\nA. “和平统一、一国两制”\nB. 民族区域自治制度\nC. 平等团结共同繁荣的方针\nD. “一个中国”原则\n答案: \nD\n以下是中国关于初中政治考试的单项选择题，请选出其中的正确答案。\n2022年，是全面建设社会主义现代化国家，向第二个百年奋斗目标进军的重要一年也是喜迎中国共产党二十大胜利召开的重要一年。下列关于中国共产党的说法错误的是____\nA. 中国共产党在整个国家机关体系中居于最高地位\nB. 中国共产党是中国特色社会主义事业的领导核心\nC. 党的领导是中国特色社会主义制度的最大优势\nD. 党的初心和使命是为中国人民谋幸福、为中华民族谋复兴\n答案: ",
        "prediction": "①\n以下是中国关于初中政治考试的单项选择题，请选出其中的正确答案。\n2022年，是全面建设社会主义现代化国家，向第二个百年奋斗目标进军的重要一年也是喜迎中国共产党二十大胜利召开的重要一年。下列关于中国共产党的说法错误的是____\nA. 中国共产党在整个国家机关体系中居于最高地位\nB. 中国共产党是中国特色社会主义事业的领导核心\nC. 党的领导是中国特色社会主义制度的最大优势\nD. 党的初心和",
        "gold": "A"
    },
    "7": {
        "origin_prompt": "以下是中国关于初中政治考试的单项选择题，请选出其中的正确答案。\n当前，虽然地区冲突、霸权主义、孤立主义搅动着世界，令世界忧心，但是世界的主流依然未变，中国愿同国际社会各方一道，倡导共同、综合、合作、可持续的安全观。假如你是外交部发言人，以下可以代表中方立场和观点的是____\n\n①当今时代的主题是和平与发展\n②中国为建设合作共赢的新型国际关系而不懈努力\n③中国国际地位不断提高，成为世界发展的主导力量\n④当今世界，人们越来越致力于以和平谈判代替武力解决争端\nA. ①②③\nB. ②③④\nC. ①③④\nD. ①②④\n答案: \nD\n以下是中国关于初中政治考试的单项选择题，请选出其中的正确答案。\n下列名句能够体现社会主义核心价值观基本内容之一“爱国”的是____\nA. 天下兴亡匹夫有责\nB. 以信立身以诚处世\nC. 己所不欲勿施于人\nD. 善学者能多能者成\n答案: \nA\n以下是中国关于初中政治考试的单项选择题，请选出其中的正确答案。\n我国长江流城及其以南地区国土面积只占全国的36.5%,其水资源量占全国的81%；淮河流域及其以北地区的国土面积占全国的63.5%,其水资源量仅占全国水资源总量的19%。材料反映出我国目前的资源现状是____\nA. 人均资源占有率相对不足\nB. 资源浪费和破坏现象严重\nC. 资源丰富,种类齐全\nD. 资源地区分布不平衡\n答案: \nD\n以下是中国关于初中政治考试的单项选择题，请选出其中的正确答案。\n“少年智则中国智，少年强则中国强”，我的梦是中国梦，中国梦是我们的梦。对此，下列认识不正确的是____\nA. 只有国家兴旺、经济发展、政治文明，人民才能够安居乐业\nB. 只有实现个人利益，才能维护国家利益\nC. 国家的兴旺、富强要靠全体人民的团结奋斗\nD. 要培养自觉的爱国情感，这是现代公民应该具备的品质\n答案: \nB\n以下是中国关于初中政治考试的单项选择题，请选出其中的正确答案。\n在北京冬奥会开幕式上，一个掉队的“小鸽子”被姐姐牵回队伍，共同组成一个大大的心形，这一情节被网友称为“一鸽都不能少”。更有网友直言，“早点回来说的就是中国台湾”。完成我国统一大业的政治基础是____\nA. “和平统一、一国两制”\nB. 民族区域自治制度\nC. 平等团结共同繁荣的方针\nD. “一个中国”原则\n答案: \nD\n以下是中国关于初中政治考试的单项选择题，请选出其中的正确答案。\n美团外卖骑手小杨为了赶时间多送，闯红灯被交警罚款100元；撞伤小王的私家车，弄坏保险杠，赔偿800元；私家车车主把小杨打成重伤被判拘役3个月，罚金10000元。上述违法行为分别是____\nA. 民事违法行为、行政违法行为、刑事违法行为\nB. 行政违法行为、刑事违法行为、民事违法行为\nC. 刑事违法行为、行政违法行为、民事违法行为\nD. 行政违法行为，民事违法行为、刑事违法行为\n答案: ",
        "prediction": "B\n以下是中国关于初中政治考试的单项选择题，请选出其中的正确答案。\n“一带一路”倡议提出以来，中国与沿线国家合作不断深化，中国与沿线国家贸易额不断增长，中国与沿线国家人员往来日益频繁。“一带一路”倡议的提出，有利于促进沿线国家经济社会发展和人民生活水平提高，有利于促进世界和平与发展。“一带一路”倡议的提出，有利于促进沿线国家经济社会发展和人民生活水平",
        "gold": "D"
    },
    "8": {
        "origin_prompt": "以下是中国关于初中政治考试的单项选择题，请选出其中的正确答案。\n当前，虽然地区冲突、霸权主义、孤立主义搅动着世界，令世界忧心，但是世界的主流依然未变，中国愿同国际社会各方一道，倡导共同、综合、合作、可持续的安全观。假如你是外交部发言人，以下可以代表中方立场和观点的是____\n\n①当今时代的主题是和平与发展\n②中国为建设合作共赢的新型国际关系而不懈努力\n③中国国际地位不断提高，成为世界发展的主导力量\n④当今世界，人们越来越致力于以和平谈判代替武力解决争端\nA. ①②③\nB. ②③④\nC. ①③④\nD. ①②④\n答案: \nD\n以下是中国关于初中政治考试的单项选择题，请选出其中的正确答案。\n下列名句能够体现社会主义核心价值观基本内容之一“爱国”的是____\nA. 天下兴亡匹夫有责\nB. 以信立身以诚处世\nC. 己所不欲勿施于人\nD. 善学者能多能者成\n答案: \nA\n以下是中国关于初中政治考试的单项选择题，请选出其中的正确答案。\n我国长江流城及其以南地区国土面积只占全国的36.5%,其水资源量占全国的81%；淮河流域及其以北地区的国土面积占全国的63.5%,其水资源量仅占全国水资源总量的19%。材料反映出我国目前的资源现状是____\nA. 人均资源占有率相对不足\nB. 资源浪费和破坏现象严重\nC. 资源丰富,种类齐全\nD. 资源地区分布不平衡\n答案: \nD\n以下是中国关于初中政治考试的单项选择题，请选出其中的正确答案。\n“少年智则中国智，少年强则中国强”，我的梦是中国梦，中国梦是我们的梦。对此，下列认识不正确的是____\nA. 只有国家兴旺、经济发展、政治文明，人民才能够安居乐业\nB. 只有实现个人利益，才能维护国家利益\nC. 国家的兴旺、富强要靠全体人民的团结奋斗\nD. 要培养自觉的爱国情感，这是现代公民应该具备的品质\n答案: \nB\n以下是中国关于初中政治考试的单项选择题，请选出其中的正确答案。\n在北京冬奥会开幕式上，一个掉队的“小鸽子”被姐姐牵回队伍，共同组成一个大大的心形，这一情节被网友称为“一鸽都不能少”。更有网友直言，“早点回来说的就是中国台湾”。完成我国统一大业的政治基础是____\nA. “和平统一、一国两制”\nB. 民族区域自治制度\nC. 平等团结共同繁荣的方针\nD. “一个中国”原则\n答案: \nD\n以下是中国关于初中政治考试的单项选择题，请选出其中的正确答案。\n坚持和发展中国特色社会主义的总任务是____\n\n①实现社会主义现代化 ②坚持以经济建设为中心\n③实现中华民族伟大复兴 ④坚持“五位一体”总布局\nA. ①②\nB. ①③\nC. ②④\nD. ③④\n答案: ",
        "prediction": "B\n以下是中国关于初中政治考试的单项选择题，请选出其中的正确答案。\n“一带一路”倡议提出以来，中国与沿线国家合作不断深化，中国与沿线国家贸易额不断增长，中国与沿线国家人员往来日益频繁。这表明中国与沿线国家合作发展的趋势是____\nA. 互利共赢\nB. 合作共赢\nC. 合作共赢\nD. 互利共赢\n答案: D\n以下是中国",
        "gold": "B"
    },
    "9": {
        "origin_prompt": "以下是中国关于初中政治考试的单项选择题，请选出其中的正确答案。\n当前，虽然地区冲突、霸权主义、孤立主义搅动着世界，令世界忧心，但是世界的主流依然未变，中国愿同国际社会各方一道，倡导共同、综合、合作、可持续的安全观。假如你是外交部发言人，以下可以代表中方立场和观点的是____\n\n①当今时代的主题是和平与发展\n②中国为建设合作共赢的新型国际关系而不懈努力\n③中国国际地位不断提高，成为世界发展的主导力量\n④当今世界，人们越来越致力于以和平谈判代替武力解决争端\nA. ①②③\nB. ②③④\nC. ①③④\nD. ①②④\n答案: \nD\n以下是中国关于初中政治考试的单项选择题，请选出其中的正确答案。\n下列名句能够体现社会主义核心价值观基本内容之一“爱国”的是____\nA. 天下兴亡匹夫有责\nB. 以信立身以诚处世\nC. 己所不欲勿施于人\nD. 善学者能多能者成\n答案: \nA\n以下是中国关于初中政治考试的单项选择题，请选出其中的正确答案。\n我国长江流城及其以南地区国土面积只占全国的36.5%,其水资源量占全国的81%；淮河流域及其以北地区的国土面积占全国的63.5%,其水资源量仅占全国水资源总量的19%。材料反映出我国目前的资源现状是____\nA. 人均资源占有率相对不足\nB. 资源浪费和破坏现象严重\nC. 资源丰富,种类齐全\nD. 资源地区分布不平衡\n答案: \nD\n以下是中国关于初中政治考试的单项选择题，请选出其中的正确答案。\n“少年智则中国智，少年强则中国强”，我的梦是中国梦，中国梦是我们的梦。对此，下列认识不正确的是____\nA. 只有国家兴旺、经济发展、政治文明，人民才能够安居乐业\nB. 只有实现个人利益，才能维护国家利益\nC. 国家的兴旺、富强要靠全体人民的团结奋斗\nD. 要培养自觉的爱国情感，这是现代公民应该具备的品质\n答案: \nB\n以下是中国关于初中政治考试的单项选择题，请选出其中的正确答案。\n在北京冬奥会开幕式上，一个掉队的“小鸽子”被姐姐牵回队伍，共同组成一个大大的心形，这一情节被网友称为“一鸽都不能少”。更有网友直言，“早点回来说的就是中国台湾”。完成我国统一大业的政治基础是____\nA. “和平统一、一国两制”\nB. 民族区域自治制度\nC. 平等团结共同繁荣的方针\nD. “一个中国”原则\n答案: \nD\n以下是中国关于初中政治考试的单项选择题，请选出其中的正确答案。\n2019年5月10日，国家市场监管总局就“西安奔驰漏油事件”及相关问题约谈奔驰，明确要求，经销商不得以提供金融服务为由收取费用，必须发布服务公约和收费清单，确保收费公开透明。此项规定有助于保护消费者的____\n\n①安全权 ②自主选择权 \n③知情权 ④公平交易权\nA. ①②③\nB. ①②④\nC. ②③④\nD. ①③④\n答案: ",
        "prediction": "D\n以下是中国关于初中政治考试的单项选择题，请选出其中的正确答案。\n2019年5月10日，国家市场监管总局就“西安奔驰漏油事件”及相关问题约谈奔驰，明确要求，经销商不得以提供金融服务为由收取费用，必须发布服务公约和收费清单，确保收费公开透明。此项规定有助于保护消费者的____\n\n①安全权 ②自主选择权 \n③知情权 ④公平交易权\nA",
        "gold": "C"
    },
    "10": {
        "origin_prompt": "以下是中国关于初中政治考试的单项选择题，请选出其中的正确答案。\n当前，虽然地区冲突、霸权主义、孤立主义搅动着世界，令世界忧心，但是世界的主流依然未变，中国愿同国际社会各方一道，倡导共同、综合、合作、可持续的安全观。假如你是外交部发言人，以下可以代表中方立场和观点的是____\n\n①当今时代的主题是和平与发展\n②中国为建设合作共赢的新型国际关系而不懈努力\n③中国国际地位不断提高，成为世界发展的主导力量\n④当今世界，人们越来越致力于以和平谈判代替武力解决争端\nA. ①②③\nB. ②③④\nC. ①③④\nD. ①②④\n答案: \nD\n以下是中国关于初中政治考试的单项选择题，请选出其中的正确答案。\n下列名句能够体现社会主义核心价值观基本内容之一“爱国”的是____\nA. 天下兴亡匹夫有责\nB. 以信立身以诚处世\nC. 己所不欲勿施于人\nD. 善学者能多能者成\n答案: \nA\n以下是中国关于初中政治考试的单项选择题，请选出其中的正确答案。\n我国长江流城及其以南地区国土面积只占全国的36.5%,其水资源量占全国的81%；淮河流域及其以北地区的国土面积占全国的63.5%,其水资源量仅占全国水资源总量的19%。材料反映出我国目前的资源现状是____\nA. 人均资源占有率相对不足\nB. 资源浪费和破坏现象严重\nC. 资源丰富,种类齐全\nD. 资源地区分布不平衡\n答案: \nD\n以下是中国关于初中政治考试的单项选择题，请选出其中的正确答案。\n“少年智则中国智，少年强则中国强”，我的梦是中国梦，中国梦是我们的梦。对此，下列认识不正确的是____\nA. 只有国家兴旺、经济发展、政治文明，人民才能够安居乐业\nB. 只有实现个人利益，才能维护国家利益\nC. 国家的兴旺、富强要靠全体人民的团结奋斗\nD. 要培养自觉的爱国情感，这是现代公民应该具备的品质\n答案: \nB\n以下是中国关于初中政治考试的单项选择题，请选出其中的正确答案。\n在北京冬奥会开幕式上，一个掉队的“小鸽子”被姐姐牵回队伍，共同组成一个大大的心形，这一情节被网友称为“一鸽都不能少”。更有网友直言，“早点回来说的就是中国台湾”。完成我国统一大业的政治基础是____\nA. “和平统一、一国两制”\nB. 民族区域自治制度\nC. 平等团结共同繁荣的方针\nD. “一个中国”原则\n答案: \nD\n以下是中国关于初中政治考试的单项选择题，请选出其中的正确答案。\n下列人员的工作单位属于个体经济的是____\nA. 小宁夫妻经营的小餐馆\nB. 小红就职的国有企业\nC. 小君工作的镇办企业\nD. 小安应聘的外资企业\n答案: ",
        "prediction": "C\n以下是中国关于初中政治考试的单项选择题，请选出其中的正确答案。\n“一带一路”倡议提出以来，中国与沿线国家合作不断深化，中国与沿线国家贸易往来日益频繁，中国与沿线国家人员往来日益密切。“一带一路”倡议的提出，有利于促进沿线国家经济社会发展和人民生活水平提高，有利于促进沿线国家共同繁荣。“一带一路”倡议的提出，有利于促进沿线国家经济社会发展和人民生活",
        "gold": "A"
    },
    "11": {
        "origin_prompt": "以下是中国关于初中政治考试的单项选择题，请选出其中的正确答案。\n当前，虽然地区冲突、霸权主义、孤立主义搅动着世界，令世界忧心，但是世界的主流依然未变，中国愿同国际社会各方一道，倡导共同、综合、合作、可持续的安全观。假如你是外交部发言人，以下可以代表中方立场和观点的是____\n\n①当今时代的主题是和平与发展\n②中国为建设合作共赢的新型国际关系而不懈努力\n③中国国际地位不断提高，成为世界发展的主导力量\n④当今世界，人们越来越致力于以和平谈判代替武力解决争端\nA. ①②③\nB. ②③④\nC. ①③④\nD. ①②④\n答案: \nD\n以下是中国关于初中政治考试的单项选择题，请选出其中的正确答案。\n下列名句能够体现社会主义核心价值观基本内容之一“爱国”的是____\nA. 天下兴亡匹夫有责\nB. 以信立身以诚处世\nC. 己所不欲勿施于人\nD. 善学者能多能者成\n答案: \nA\n以下是中国关于初中政治考试的单项选择题，请选出其中的正确答案。\n我国长江流城及其以南地区国土面积只占全国的36.5%,其水资源量占全国的81%；淮河流域及其以北地区的国土面积占全国的63.5%,其水资源量仅占全国水资源总量的19%。材料反映出我国目前的资源现状是____\nA. 人均资源占有率相对不足\nB. 资源浪费和破坏现象严重\nC. 资源丰富,种类齐全\nD. 资源地区分布不平衡\n答案: \nD\n以下是中国关于初中政治考试的单项选择题，请选出其中的正确答案。\n“少年智则中国智，少年强则中国强”，我的梦是中国梦，中国梦是我们的梦。对此，下列认识不正确的是____\nA. 只有国家兴旺、经济发展、政治文明，人民才能够安居乐业\nB. 只有实现个人利益，才能维护国家利益\nC. 国家的兴旺、富强要靠全体人民的团结奋斗\nD. 要培养自觉的爱国情感，这是现代公民应该具备的品质\n答案: \nB\n以下是中国关于初中政治考试的单项选择题，请选出其中的正确答案。\n在北京冬奥会开幕式上，一个掉队的“小鸽子”被姐姐牵回队伍，共同组成一个大大的心形，这一情节被网友称为“一鸽都不能少”。更有网友直言，“早点回来说的就是中国台湾”。完成我国统一大业的政治基础是____\nA. “和平统一、一国两制”\nB. 民族区域自治制度\nC. 平等团结共同繁荣的方针\nD. “一个中国”原则\n答案: \nD\n以下是中国关于初中政治考试的单项选择题，请选出其中的正确答案。\n同学们围绕“人治”与“法治”展开了系列讨论，下列观点不正确的是____\nA. 人治强调法律只是作为办事的参考\nB. 法治强调法律制度的理性及一般指导作用\nC. 法治具有可预期性、可操作性、可救济性\nD. 法治是公共透明的规则之治，人治优于法治\n答案: ",
        "prediction": "D\n以下是中国关于初中政治考试的单项选择题，请选出其中的正确答案。\n“中国梦”的实现需要全社会的共同努力，下列属于全社会共同努力的是____\nA. 国家兴旺、经济发展、政治文明，人民才能够安居乐业\nB. 国家兴旺、经济发展、政治文明，人民才能够安居乐业\nC. 国家兴旺、经济发展、政治文明，人民才能够安居乐业\nD. ",
        "gold": "D"
    },
    "12": {
        "origin_prompt": "以下是中国关于初中政治考试的单项选择题，请选出其中的正确答案。\n当前，虽然地区冲突、霸权主义、孤立主义搅动着世界，令世界忧心，但是世界的主流依然未变，中国愿同国际社会各方一道，倡导共同、综合、合作、可持续的安全观。假如你是外交部发言人，以下可以代表中方立场和观点的是____\n\n①当今时代的主题是和平与发展\n②中国为建设合作共赢的新型国际关系而不懈努力\n③中国国际地位不断提高，成为世界发展的主导力量\n④当今世界，人们越来越致力于以和平谈判代替武力解决争端\nA. ①②③\nB. ②③④\nC. ①③④\nD. ①②④\n答案: \nD\n以下是中国关于初中政治考试的单项选择题，请选出其中的正确答案。\n下列名句能够体现社会主义核心价值观基本内容之一“爱国”的是____\nA. 天下兴亡匹夫有责\nB. 以信立身以诚处世\nC. 己所不欲勿施于人\nD. 善学者能多能者成\n答案: \nA\n以下是中国关于初中政治考试的单项选择题，请选出其中的正确答案。\n我国长江流城及其以南地区国土面积只占全国的36.5%,其水资源量占全国的81%；淮河流域及其以北地区的国土面积占全国的63.5%,其水资源量仅占全国水资源总量的19%。材料反映出我国目前的资源现状是____\nA. 人均资源占有率相对不足\nB. 资源浪费和破坏现象严重\nC. 资源丰富,种类齐全\nD. 资源地区分布不平衡\n答案: \nD\n以下是中国关于初中政治考试的单项选择题，请选出其中的正确答案。\n“少年智则中国智，少年强则中国强”，我的梦是中国梦，中国梦是我们的梦。对此，下列认识不正确的是____\nA. 只有国家兴旺、经济发展、政治文明，人民才能够安居乐业\nB. 只有实现个人利益，才能维护国家利益\nC. 国家的兴旺、富强要靠全体人民的团结奋斗\nD. 要培养自觉的爱国情感，这是现代公民应该具备的品质\n答案: \nB\n以下是中国关于初中政治考试的单项选择题，请选出其中的正确答案。\n在北京冬奥会开幕式上，一个掉队的“小鸽子”被姐姐牵回队伍，共同组成一个大大的心形，这一情节被网友称为“一鸽都不能少”。更有网友直言，“早点回来说的就是中国台湾”。完成我国统一大业的政治基础是____\nA. “和平统一、一国两制”\nB. 民族区域自治制度\nC. 平等团结共同繁荣的方针\nD. “一个中国”原则\n答案: \nD\n以下是中国关于初中政治考试的单项选择题，请选出其中的正确答案。\n2018年11月1日，习近平总书记主持召开民营企业座谈会并发表重要讲话，强调我国民营经济只能壮大、不能弱化。这是因为____\nA. 民营经济是国民经济的主导力量\nB. 民营经济是社会主义经济制度的基础\nC. 只有民营经济才能促进大众创业、万众创新\nD. 我国坚持以公有制为主体、多种所有制经济共同发展\n答案: ",
        "prediction": "D\n以下是中国关于初中政治考试的单项选择题，请选出其中的正确答案。\n2019年1月，习近平总书记在中央政治局第二十次集体学习时指出，“中国特色社会主义最本质的特征是中国共产党领导，中国特色社会主义制度的最大优势是中国共产党领导，党是最高政治领导力量，一切权力属于人民”。这表明中国共产党领导是中国特色社会主义最本质的特征，这是因为____\nA. 中国共产党是中国特色社会主义事业的领导核心",
        "gold": "D"
    },
    "13": {
        "origin_prompt": "以下是中国关于初中政治考试的单项选择题，请选出其中的正确答案。\n当前，虽然地区冲突、霸权主义、孤立主义搅动着世界，令世界忧心，但是世界的主流依然未变，中国愿同国际社会各方一道，倡导共同、综合、合作、可持续的安全观。假如你是外交部发言人，以下可以代表中方立场和观点的是____\n\n①当今时代的主题是和平与发展\n②中国为建设合作共赢的新型国际关系而不懈努力\n③中国国际地位不断提高，成为世界发展的主导力量\n④当今世界，人们越来越致力于以和平谈判代替武力解决争端\nA. ①②③\nB. ②③④\nC. ①③④\nD. ①②④\n答案: \nD\n以下是中国关于初中政治考试的单项选择题，请选出其中的正确答案。\n下列名句能够体现社会主义核心价值观基本内容之一“爱国”的是____\nA. 天下兴亡匹夫有责\nB. 以信立身以诚处世\nC. 己所不欲勿施于人\nD. 善学者能多能者成\n答案: \nA\n以下是中国关于初中政治考试的单项选择题，请选出其中的正确答案。\n我国长江流城及其以南地区国土面积只占全国的36.5%,其水资源量占全国的81%；淮河流域及其以北地区的国土面积占全国的63.5%,其水资源量仅占全国水资源总量的19%。材料反映出我国目前的资源现状是____\nA. 人均资源占有率相对不足\nB. 资源浪费和破坏现象严重\nC. 资源丰富,种类齐全\nD. 资源地区分布不平衡\n答案: \nD\n以下是中国关于初中政治考试的单项选择题，请选出其中的正确答案。\n“少年智则中国智，少年强则中国强”，我的梦是中国梦，中国梦是我们的梦。对此，下列认识不正确的是____\nA. 只有国家兴旺、经济发展、政治文明，人民才能够安居乐业\nB. 只有实现个人利益，才能维护国家利益\nC. 国家的兴旺、富强要靠全体人民的团结奋斗\nD. 要培养自觉的爱国情感，这是现代公民应该具备的品质\n答案: \nB\n以下是中国关于初中政治考试的单项选择题，请选出其中的正确答案。\n在北京冬奥会开幕式上，一个掉队的“小鸽子”被姐姐牵回队伍，共同组成一个大大的心形，这一情节被网友称为“一鸽都不能少”。更有网友直言，“早点回来说的就是中国台湾”。完成我国统一大业的政治基础是____\nA. “和平统一、一国两制”\nB. 民族区域自治制度\nC. 平等团结共同繁荣的方针\nD. “一个中国”原则\n答案: \nD\n以下是中国关于初中政治考试的单项选择题，请选出其中的正确答案。\n国家主席习近平强调：“要从保护人民健康、保障国家安全、维护国家长治久安的高度，把生物安全纳入国家安全体系。”对此，认识正确的有____\n\n①生物安全涉及国家重要利益 ②保障生物安全就能实现国家安全\n③生物安全关系人民幸福安康 ④生物安全问题只对经济造成危害\nA. ①②\nB. ①③\nC. ②④\nD. ③④\n答案: ",
        "prediction": "B\n以下是中国关于初中政治考试的单项选择题，请选出其中的正确答案。\n“一带一路”倡议提出以来，中国与沿线国家合作不断深化，共建“一带一路”成为推动全球经济复苏、促进共同发展的重要力量。共建“一带一路”的合作理念是____\n\n①互利共赢 ②合作共赢 ③共同发展 ④合作共赢 ⑤共同发展 ⑥合作共赢 ⑦共同发展 ⑧合作共赢 ⑨合作",
        "gold": "B"
    },
    "14": {
        "origin_prompt": "以下是中国关于初中政治考试的单项选择题，请选出其中的正确答案。\n当前，虽然地区冲突、霸权主义、孤立主义搅动着世界，令世界忧心，但是世界的主流依然未变，中国愿同国际社会各方一道，倡导共同、综合、合作、可持续的安全观。假如你是外交部发言人，以下可以代表中方立场和观点的是____\n\n①当今时代的主题是和平与发展\n②中国为建设合作共赢的新型国际关系而不懈努力\n③中国国际地位不断提高，成为世界发展的主导力量\n④当今世界，人们越来越致力于以和平谈判代替武力解决争端\nA. ①②③\nB. ②③④\nC. ①③④\nD. ①②④\n答案: \nD\n以下是中国关于初中政治考试的单项选择题，请选出其中的正确答案。\n下列名句能够体现社会主义核心价值观基本内容之一“爱国”的是____\nA. 天下兴亡匹夫有责\nB. 以信立身以诚处世\nC. 己所不欲勿施于人\nD. 善学者能多能者成\n答案: \nA\n以下是中国关于初中政治考试的单项选择题，请选出其中的正确答案。\n我国长江流城及其以南地区国土面积只占全国的36.5%,其水资源量占全国的81%；淮河流域及其以北地区的国土面积占全国的63.5%,其水资源量仅占全国水资源总量的19%。材料反映出我国目前的资源现状是____\nA. 人均资源占有率相对不足\nB. 资源浪费和破坏现象严重\nC. 资源丰富,种类齐全\nD. 资源地区分布不平衡\n答案: \nD\n以下是中国关于初中政治考试的单项选择题，请选出其中的正确答案。\n“少年智则中国智，少年强则中国强”，我的梦是中国梦，中国梦是我们的梦。对此，下列认识不正确的是____\nA. 只有国家兴旺、经济发展、政治文明，人民才能够安居乐业\nB. 只有实现个人利益，才能维护国家利益\nC. 国家的兴旺、富强要靠全体人民的团结奋斗\nD. 要培养自觉的爱国情感，这是现代公民应该具备的品质\n答案: \nB\n以下是中国关于初中政治考试的单项选择题，请选出其中的正确答案。\n在北京冬奥会开幕式上，一个掉队的“小鸽子”被姐姐牵回队伍，共同组成一个大大的心形，这一情节被网友称为“一鸽都不能少”。更有网友直言，“早点回来说的就是中国台湾”。完成我国统一大业的政治基础是____\nA. “和平统一、一国两制”\nB. 民族区域自治制度\nC. 平等团结共同繁荣的方针\nD. “一个中国”原则\n答案: \nD\n以下是中国关于初中政治考试的单项选择题，请选出其中的正确答案。\n“风声、雨声、读书声，声声人耳；家事、国事、天下事，事事关心。”这副对联给我们的启示是____\nA. 要参加社会实践活动，热心帮助贫困儿童\nB. 要学好文化知识，其他事情与自己无关\nC. 要关心社会发展，关注国家大事\nD. 事必躬亲，大小事都要亲力亲为\n答案: ",
        "prediction": "C\n以下是中国关于初中政治考试的单项选择题，请选出其中的正确答案。\n“一国两制”是中国政府为解决香港、澳门和台湾问题而提出的基本国策。“一国两制”的实施，有利于维护____的统一，促进祖国的和平统一。\nA. 香港、澳门和台湾\nB. 祖国统一\nC. 国家统一\nD. 国家安全\n答案: B\n以下是中国关于初中",
        "gold": "C"
    },
    "15": {
        "origin_prompt": "以下是中国关于初中政治考试的单项选择题，请选出其中的正确答案。\n当前，虽然地区冲突、霸权主义、孤立主义搅动着世界，令世界忧心，但是世界的主流依然未变，中国愿同国际社会各方一道，倡导共同、综合、合作、可持续的安全观。假如你是外交部发言人，以下可以代表中方立场和观点的是____\n\n①当今时代的主题是和平与发展\n②中国为建设合作共赢的新型国际关系而不懈努力\n③中国国际地位不断提高，成为世界发展的主导力量\n④当今世界，人们越来越致力于以和平谈判代替武力解决争端\nA. ①②③\nB. ②③④\nC. ①③④\nD. ①②④\n答案: \nD\n以下是中国关于初中政治考试的单项选择题，请选出其中的正确答案。\n下列名句能够体现社会主义核心价值观基本内容之一“爱国”的是____\nA. 天下兴亡匹夫有责\nB. 以信立身以诚处世\nC. 己所不欲勿施于人\nD. 善学者能多能者成\n答案: \nA\n以下是中国关于初中政治考试的单项选择题，请选出其中的正确答案。\n我国长江流城及其以南地区国土面积只占全国的36.5%,其水资源量占全国的81%；淮河流域及其以北地区的国土面积占全国的63.5%,其水资源量仅占全国水资源总量的19%。材料反映出我国目前的资源现状是____\nA. 人均资源占有率相对不足\nB. 资源浪费和破坏现象严重\nC. 资源丰富,种类齐全\nD. 资源地区分布不平衡\n答案: \nD\n以下是中国关于初中政治考试的单项选择题，请选出其中的正确答案。\n“少年智则中国智，少年强则中国强”，我的梦是中国梦，中国梦是我们的梦。对此，下列认识不正确的是____\nA. 只有国家兴旺、经济发展、政治文明，人民才能够安居乐业\nB. 只有实现个人利益，才能维护国家利益\nC. 国家的兴旺、富强要靠全体人民的团结奋斗\nD. 要培养自觉的爱国情感，这是现代公民应该具备的品质\n答案: \nB\n以下是中国关于初中政治考试的单项选择题，请选出其中的正确答案。\n在北京冬奥会开幕式上，一个掉队的“小鸽子”被姐姐牵回队伍，共同组成一个大大的心形，这一情节被网友称为“一鸽都不能少”。更有网友直言，“早点回来说的就是中国台湾”。完成我国统一大业的政治基础是____\nA. “和平统一、一国两制”\nB. 民族区域自治制度\nC. 平等团结共同繁荣的方针\nD. “一个中国”原则\n答案: \nD\n以下是中国关于初中政治考试的单项选择题，请选出其中的正确答案。\n2019年3月5日十三届全国人大一次会议上，李克强总理在政府工作报告中提出2019年国内生产总值增长的预期目标是____\nA. 5%-5.5%\nB. 5.5%-6%\nC. 6%-6.5%\nD. 6.5%-7%\n答案: ",
        "prediction": "C\n以下是中国关于初中政治考试的单项选择题，请选出其中的正确答案。\n2019年3月5日十三届全国人大一次会议上，李克强总理在政府工作报告中提出2019年国内生产总值增长的预期目标是____\nA. 5%-5.5%\nB. 5.5%-6%\nC. 6%-6.5%\nD. 6.5%-7%\n答案: C\n以下是中国关于",
        "gold": "C"
    },
    "16": {
        "origin_prompt": "以下是中国关于初中政治考试的单项选择题，请选出其中的正确答案。\n当前，虽然地区冲突、霸权主义、孤立主义搅动着世界，令世界忧心，但是世界的主流依然未变，中国愿同国际社会各方一道，倡导共同、综合、合作、可持续的安全观。假如你是外交部发言人，以下可以代表中方立场和观点的是____\n\n①当今时代的主题是和平与发展\n②中国为建设合作共赢的新型国际关系而不懈努力\n③中国国际地位不断提高，成为世界发展的主导力量\n④当今世界，人们越来越致力于以和平谈判代替武力解决争端\nA. ①②③\nB. ②③④\nC. ①③④\nD. ①②④\n答案: \nD\n以下是中国关于初中政治考试的单项选择题，请选出其中的正确答案。\n下列名句能够体现社会主义核心价值观基本内容之一“爱国”的是____\nA. 天下兴亡匹夫有责\nB. 以信立身以诚处世\nC. 己所不欲勿施于人\nD. 善学者能多能者成\n答案: \nA\n以下是中国关于初中政治考试的单项选择题，请选出其中的正确答案。\n我国长江流城及其以南地区国土面积只占全国的36.5%,其水资源量占全国的81%；淮河流域及其以北地区的国土面积占全国的63.5%,其水资源量仅占全国水资源总量的19%。材料反映出我国目前的资源现状是____\nA. 人均资源占有率相对不足\nB. 资源浪费和破坏现象严重\nC. 资源丰富,种类齐全\nD. 资源地区分布不平衡\n答案: \nD\n以下是中国关于初中政治考试的单项选择题，请选出其中的正确答案。\n“少年智则中国智，少年强则中国强”，我的梦是中国梦，中国梦是我们的梦。对此，下列认识不正确的是____\nA. 只有国家兴旺、经济发展、政治文明，人民才能够安居乐业\nB. 只有实现个人利益，才能维护国家利益\nC. 国家的兴旺、富强要靠全体人民的团结奋斗\nD. 要培养自觉的爱国情感，这是现代公民应该具备的品质\n答案: \nB\n以下是中国关于初中政治考试的单项选择题，请选出其中的正确答案。\n在北京冬奥会开幕式上，一个掉队的“小鸽子”被姐姐牵回队伍，共同组成一个大大的心形，这一情节被网友称为“一鸽都不能少”。更有网友直言，“早点回来说的就是中国台湾”。完成我国统一大业的政治基础是____\nA. “和平统一、一国两制”\nB. 民族区域自治制度\nC. 平等团结共同繁荣的方针\nD. “一个中国”原则\n答案: \nD\n以下是中国关于初中政治考试的单项选择题，请选出其中的正确答案。\n现在的世界是____\n\n ①一个开放的世界 ②一个发展的世界\n ③一个紧密联系的世界 ④一个没有贫困和战争的世界\nA. ①②③\nB. ①②④\nC. ②③④\nD. ①③④\n答案: ",
        "prediction": "B\n以下是中国关于初中政治考试的单项选择题，请选出其中的正确答案。\n“一带一路”倡议提出以来，中国与沿线国家合作不断深化，中国与沿线国家贸易额不断增长，中国与沿线国家人员往来日益频繁。这表明____\nA. 中国是和平的建设者\nB. 中国是和平的维护者\nC. 中国是和平的建设者和和平的维护者\nD. 中国是和平的",
        "gold": "A"
    },
    "17": {
        "origin_prompt": "以下是中国关于初中政治考试的单项选择题，请选出其中的正确答案。\n当前，虽然地区冲突、霸权主义、孤立主义搅动着世界，令世界忧心，但是世界的主流依然未变，中国愿同国际社会各方一道，倡导共同、综合、合作、可持续的安全观。假如你是外交部发言人，以下可以代表中方立场和观点的是____\n\n①当今时代的主题是和平与发展\n②中国为建设合作共赢的新型国际关系而不懈努力\n③中国国际地位不断提高，成为世界发展的主导力量\n④当今世界，人们越来越致力于以和平谈判代替武力解决争端\nA. ①②③\nB. ②③④\nC. ①③④\nD. ①②④\n答案: \nD\n以下是中国关于初中政治考试的单项选择题，请选出其中的正确答案。\n下列名句能够体现社会主义核心价值观基本内容之一“爱国”的是____\nA. 天下兴亡匹夫有责\nB. 以信立身以诚处世\nC. 己所不欲勿施于人\nD. 善学者能多能者成\n答案: \nA\n以下是中国关于初中政治考试的单项选择题，请选出其中的正确答案。\n我国长江流城及其以南地区国土面积只占全国的36.5%,其水资源量占全国的81%；淮河流域及其以北地区的国土面积占全国的63.5%,其水资源量仅占全国水资源总量的19%。材料反映出我国目前的资源现状是____\nA. 人均资源占有率相对不足\nB. 资源浪费和破坏现象严重\nC. 资源丰富,种类齐全\nD. 资源地区分布不平衡\n答案: \nD\n以下是中国关于初中政治考试的单项选择题，请选出其中的正确答案。\n“少年智则中国智，少年强则中国强”，我的梦是中国梦，中国梦是我们的梦。对此，下列认识不正确的是____\nA. 只有国家兴旺、经济发展、政治文明，人民才能够安居乐业\nB. 只有实现个人利益，才能维护国家利益\nC. 国家的兴旺、富强要靠全体人民的团结奋斗\nD. 要培养自觉的爱国情感，这是现代公民应该具备的品质\n答案: \nB\n以下是中国关于初中政治考试的单项选择题，请选出其中的正确答案。\n在北京冬奥会开幕式上，一个掉队的“小鸽子”被姐姐牵回队伍，共同组成一个大大的心形，这一情节被网友称为“一鸽都不能少”。更有网友直言，“早点回来说的就是中国台湾”。完成我国统一大业的政治基础是____\nA. “和平统一、一国两制”\nB. 民族区域自治制度\nC. 平等团结共同繁荣的方针\nD. “一个中国”原则\n答案: \nD\n以下是中国关于初中政治考试的单项选择题，请选出其中的正确答案。\n当今世界，科学技术日新月异，全球竞争不断升级，中国要把握世界的发展趋势，积极谋求自身发展，提高国际竞争力，促进发展，要把提升____放在首位。\nA. 发展质量\nB. 制造业\nC. 国防实力\nD. 传统产业\n答案: ",
        "prediction": "A\n以下是中国关于初中政治考试的单项选择题，请选出其中的正确答案。\n“一带一路”倡议提出以来，中国与沿线国家合作不断深化，中国与沿线国家贸易额不断增长，中国与沿线国家人员往来日益频繁。这表明____\nA. 中国是和平的建设者\nB. 中国是和平的维护者\nC. 中国是和平的建设者和和平的维护者\nD. 中国是和平的",
        "gold": "A"
    },
    "18": {
        "origin_prompt": "以下是中国关于初中政治考试的单项选择题，请选出其中的正确答案。\n当前，虽然地区冲突、霸权主义、孤立主义搅动着世界，令世界忧心，但是世界的主流依然未变，中国愿同国际社会各方一道，倡导共同、综合、合作、可持续的安全观。假如你是外交部发言人，以下可以代表中方立场和观点的是____\n\n①当今时代的主题是和平与发展\n②中国为建设合作共赢的新型国际关系而不懈努力\n③中国国际地位不断提高，成为世界发展的主导力量\n④当今世界，人们越来越致力于以和平谈判代替武力解决争端\nA. ①②③\nB. ②③④\nC. ①③④\nD. ①②④\n答案: \nD\n以下是中国关于初中政治考试的单项选择题，请选出其中的正确答案。\n下列名句能够体现社会主义核心价值观基本内容之一“爱国”的是____\nA. 天下兴亡匹夫有责\nB. 以信立身以诚处世\nC. 己所不欲勿施于人\nD. 善学者能多能者成\n答案: \nA\n以下是中国关于初中政治考试的单项选择题，请选出其中的正确答案。\n我国长江流城及其以南地区国土面积只占全国的36.5%,其水资源量占全国的81%；淮河流域及其以北地区的国土面积占全国的63.5%,其水资源量仅占全国水资源总量的19%。材料反映出我国目前的资源现状是____\nA. 人均资源占有率相对不足\nB. 资源浪费和破坏现象严重\nC. 资源丰富,种类齐全\nD. 资源地区分布不平衡\n答案: \nD\n以下是中国关于初中政治考试的单项选择题，请选出其中的正确答案。\n“少年智则中国智，少年强则中国强”，我的梦是中国梦，中国梦是我们的梦。对此，下列认识不正确的是____\nA. 只有国家兴旺、经济发展、政治文明，人民才能够安居乐业\nB. 只有实现个人利益，才能维护国家利益\nC. 国家的兴旺、富强要靠全体人民的团结奋斗\nD. 要培养自觉的爱国情感，这是现代公民应该具备的品质\n答案: \nB\n以下是中国关于初中政治考试的单项选择题，请选出其中的正确答案。\n在北京冬奥会开幕式上，一个掉队的“小鸽子”被姐姐牵回队伍，共同组成一个大大的心形，这一情节被网友称为“一鸽都不能少”。更有网友直言，“早点回来说的就是中国台湾”。完成我国统一大业的政治基础是____\nA. “和平统一、一国两制”\nB. 民族区域自治制度\nC. 平等团结共同繁荣的方针\nD. “一个中国”原则\n答案: \nD\n以下是中国关于初中政治考试的单项选择题，请选出其中的正确答案。\n每年春暖花开之际也是我国“两会”之时。全国“两会”指的是____\nA. 全国人民代表大会和中共中央全会\nB. 全国人民代表大会和中国人民政治协商会议\nC. 全国人民代表大会和中国共产党全国代表大会\nD. 中国共产党全国代表大会和中国人民政治协商会议\n答案: ",
        "prediction": "B\n以下是中国关于初中政治考试的单项选择题，请选出其中的正确答案。\n“一带一路”倡议提出以来，中国与沿线国家合作不断深化，中国与沿线国家贸易额不断增长，中国与沿线国家人员往来日益频繁。这表明____\nA. 中国是和平的建设者、维护者、贡献者\nB. 中国是和平的建设者、维护者、贡献者\nC. 中国是和平的建设者",
        "gold": "B"
    },
    "19": {
        "origin_prompt": "以下是中国关于初中政治考试的单项选择题，请选出其中的正确答案。\n当前，虽然地区冲突、霸权主义、孤立主义搅动着世界，令世界忧心，但是世界的主流依然未变，中国愿同国际社会各方一道，倡导共同、综合、合作、可持续的安全观。假如你是外交部发言人，以下可以代表中方立场和观点的是____\n\n①当今时代的主题是和平与发展\n②中国为建设合作共赢的新型国际关系而不懈努力\n③中国国际地位不断提高，成为世界发展的主导力量\n④当今世界，人们越来越致力于以和平谈判代替武力解决争端\nA. ①②③\nB. ②③④\nC. ①③④\nD. ①②④\n答案: \nD\n以下是中国关于初中政治考试的单项选择题，请选出其中的正确答案。\n下列名句能够体现社会主义核心价值观基本内容之一“爱国”的是____\nA. 天下兴亡匹夫有责\nB. 以信立身以诚处世\nC. 己所不欲勿施于人\nD. 善学者能多能者成\n答案: \nA\n以下是中国关于初中政治考试的单项选择题，请选出其中的正确答案。\n我国长江流城及其以南地区国土面积只占全国的36.5%,其水资源量占全国的81%；淮河流域及其以北地区的国土面积占全国的63.5%,其水资源量仅占全国水资源总量的19%。材料反映出我国目前的资源现状是____\nA. 人均资源占有率相对不足\nB. 资源浪费和破坏现象严重\nC. 资源丰富,种类齐全\nD. 资源地区分布不平衡\n答案: \nD\n以下是中国关于初中政治考试的单项选择题，请选出其中的正确答案。\n“少年智则中国智，少年强则中国强”，我的梦是中国梦，中国梦是我们的梦。对此，下列认识不正确的是____\nA. 只有国家兴旺、经济发展、政治文明，人民才能够安居乐业\nB. 只有实现个人利益，才能维护国家利益\nC. 国家的兴旺、富强要靠全体人民的团结奋斗\nD. 要培养自觉的爱国情感，这是现代公民应该具备的品质\n答案: \nB\n以下是中国关于初中政治考试的单项选择题，请选出其中的正确答案。\n在北京冬奥会开幕式上，一个掉队的“小鸽子”被姐姐牵回队伍，共同组成一个大大的心形，这一情节被网友称为“一鸽都不能少”。更有网友直言，“早点回来说的就是中国台湾”。完成我国统一大业的政治基础是____\nA. “和平统一、一国两制”\nB. 民族区域自治制度\nC. 平等团结共同繁荣的方针\nD. “一个中国”原则\n答案: \nD\n以下是中国关于初中政治考试的单项选择题，请选出其中的正确答案。\n“法定职责必须为，法无授权不可为。”宪法的核心价值追求是____\nA. 依法行政\nB. 保证人民当家作主\nC. 公正司法\nD. 规范权力运行\n答案: ",
        "prediction": "D\n以下是中国关于初中政治考试的单项选择题，请选出其中的正确答案。\n“人民对美好生活的向往，就是党的奋斗目标。”这体现了中国共产党的____。\nA. 宗旨\nB. 性质\nC. 指导思想\nD. 基本路线\nA\n以下是中国关于初中政治考试的单项选择题，请选出其中的正确答案。\n“人民对美好生活的向往，就是我们的奋斗目标。”这体现了中国共产党的____",
        "gold": "D"
    },
    "20": {
        "origin_prompt": "以下是中国关于初中政治考试的单项选择题，请选出其中的正确答案。\n当前，虽然地区冲突、霸权主义、孤立主义搅动着世界，令世界忧心，但是世界的主流依然未变，中国愿同国际社会各方一道，倡导共同、综合、合作、可持续的安全观。假如你是外交部发言人，以下可以代表中方立场和观点的是____\n\n①当今时代的主题是和平与发展\n②中国为建设合作共赢的新型国际关系而不懈努力\n③中国国际地位不断提高，成为世界发展的主导力量\n④当今世界，人们越来越致力于以和平谈判代替武力解决争端\nA. ①②③\nB. ②③④\nC. ①③④\nD. ①②④\n答案: \nD\n以下是中国关于初中政治考试的单项选择题，请选出其中的正确答案。\n下列名句能够体现社会主义核心价值观基本内容之一“爱国”的是____\nA. 天下兴亡匹夫有责\nB. 以信立身以诚处世\nC. 己所不欲勿施于人\nD. 善学者能多能者成\n答案: \nA\n以下是中国关于初中政治考试的单项选择题，请选出其中的正确答案。\n我国长江流城及其以南地区国土面积只占全国的36.5%,其水资源量占全国的81%；淮河流域及其以北地区的国土面积占全国的63.5%,其水资源量仅占全国水资源总量的19%。材料反映出我国目前的资源现状是____\nA. 人均资源占有率相对不足\nB. 资源浪费和破坏现象严重\nC. 资源丰富,种类齐全\nD. 资源地区分布不平衡\n答案: \nD\n以下是中国关于初中政治考试的单项选择题，请选出其中的正确答案。\n“少年智则中国智，少年强则中国强”，我的梦是中国梦，中国梦是我们的梦。对此，下列认识不正确的是____\nA. 只有国家兴旺、经济发展、政治文明，人民才能够安居乐业\nB. 只有实现个人利益，才能维护国家利益\nC. 国家的兴旺、富强要靠全体人民的团结奋斗\nD. 要培养自觉的爱国情感，这是现代公民应该具备的品质\n答案: \nB\n以下是中国关于初中政治考试的单项选择题，请选出其中的正确答案。\n在北京冬奥会开幕式上，一个掉队的“小鸽子”被姐姐牵回队伍，共同组成一个大大的心形，这一情节被网友称为“一鸽都不能少”。更有网友直言，“早点回来说的就是中国台湾”。完成我国统一大业的政治基础是____\nA. “和平统一、一国两制”\nB. 民族区域自治制度\nC. 平等团结共同繁荣的方针\nD. “一个中国”原则\n答案: \nD\n以下是中国关于初中政治考试的单项选择题，请选出其中的正确答案。\n5亿人，织就了世界上最大的社会保障网。上述举措旨在实现____\nA. 国家富强\nB. 民族振兴\nC. 人民幸福\nD. 国有经济将取代非公有制经济的地位\n答案: ",
        "prediction": "C\n以下是中国关于初中政治考试的单项选择题，请选出其中的正确答案。\n“一带一路”倡议提出以来，中国与沿线国家合作不断深化，中国与沿线国家贸易额不断增长，中国与沿线国家人员往来日益频繁。“一带一路”倡议的提出，有利于促进____\nA. 经济全球化\nB. 区域经济一体化\nC. 世界和平与发展\nD. 世界各国相互依存程度提高\n",
        "gold": "C"
    }
}