{
    "0": {
        "origin_prompt": "以下是中国关于计算机网络考试的单项选择题，请选出其中的正确答案。\n下列设备属于资源子网的是____。\nA. 计算机软件\nB. 网桥\nC. 交换机\nD. 路由器\n答案: \nA\n以下是中国关于计算机网络考试的单项选择题，请选出其中的正确答案。\n滑动窗口的作用是____。\nA. 流量控制\nB. 拥塞控制\nC. 路由控制\nD. 差错控制\n答案: \nA\n以下是中国关于计算机网络考试的单项选择题，请选出其中的正确答案。\n在OSI参考模型中，直接为会话层提供服务的是____。\nA. 应用层\nB. 表示层\nC. 传输层\nD. 网络层\n答案: \nC\n以下是中国关于计算机网络考试的单项选择题，请选出其中的正确答案。\n协议是指在____之间进行通信的规则或约定。\nA. 同一结点的上下层\nB. 不同结点\nC. 相邻实体\nD. 不同结点对等实体\n答案: \nD\n以下是中国关于计算机网络考试的单项选择题，请选出其中的正确答案。\n主机甲与主机乙之间使用后退N帧协议(GBN)传输数据，甲的发送窗口尺寸为1000，数据帧长为1000字节，信道带宽为100Mbps，乙每收到一个数据帧立即利用一个短帧(忽略其传输延迟)进行确认，若甲、乙之间的单向传播延迟是50ms，则甲可以达到的最大平均数据传输速率约为____。\nA. 10Mbps\nB. 20Mbps\nC. 80Mbps\nD. 100Mbps\n答案: \nC\n以下是中国关于计算机网络考试的单项选择题，请选出其中的正确答案。\n使用位填充方法，以01111110为位首flag，数据为011011111111111111110010，求问传送时要添加几个0____\nA. 1\nB. 2\nC. 3\nD. 4\n答案: ",
        "prediction": "\nC\n以下是中国关于计算机网络考试的单项选择题，请选出其中的正确答案。\n在TCP/IP协议中，IP地址属于____。\nA. 网络层\nB. 传输层\nC. 应用层\nD. 网络层\n答案: D\n以下是中国关于计算机网络考试的单项选择题，请选出其中的正确答案。\n在TCP/IP协议中，IP地址属于____。\nA. 网络层\nB",
        "gold": "C"
    },
    "1": {
        "origin_prompt": "以下是中国关于计算机网络考试的单项选择题，请选出其中的正确答案。\n下列设备属于资源子网的是____。\nA. 计算机软件\nB. 网桥\nC. 交换机\nD. 路由器\n答案: \nA\n以下是中国关于计算机网络考试的单项选择题，请选出其中的正确答案。\n滑动窗口的作用是____。\nA. 流量控制\nB. 拥塞控制\nC. 路由控制\nD. 差错控制\n答案: \nA\n以下是中国关于计算机网络考试的单项选择题，请选出其中的正确答案。\n在OSI参考模型中，直接为会话层提供服务的是____。\nA. 应用层\nB. 表示层\nC. 传输层\nD. 网络层\n答案: \nC\n以下是中国关于计算机网络考试的单项选择题，请选出其中的正确答案。\n协议是指在____之间进行通信的规则或约定。\nA. 同一结点的上下层\nB. 不同结点\nC. 相邻实体\nD. 不同结点对等实体\n答案: \nD\n以下是中国关于计算机网络考试的单项选择题，请选出其中的正确答案。\n主机甲与主机乙之间使用后退N帧协议(GBN)传输数据，甲的发送窗口尺寸为1000，数据帧长为1000字节，信道带宽为100Mbps，乙每收到一个数据帧立即利用一个短帧(忽略其传输延迟)进行确认，若甲、乙之间的单向传播延迟是50ms，则甲可以达到的最大平均数据传输速率约为____。\nA. 10Mbps\nB. 20Mbps\nC. 80Mbps\nD. 100Mbps\n答案: \nC\n以下是中国关于计算机网络考试的单项选择题，请选出其中的正确答案。\n在802.3标准中，发送帧之前需要____\nA. 等待冲突\nB. 等待令牌\nC. 监听介质\nD. 接受一个帧\n答案: ",
        "prediction": "\nB\n以下是中国关于计算机网络考试的单项选择题，请选出其中的正确答案。\n在TCP/IP协议族中，IP地址属于____。\nA. 网络层\nB. 传输层\nC. 应用层\nD. 数据链路层\n答案: A\n以下是中国关于计算机网络考试的单项选择题，请选出其中的正确答案。\n在TCP/IP协议族中，IP地址属于____。\nA.",
        "gold": "C"
    },
    "2": {
        "origin_prompt": "以下是中国关于计算机网络考试的单项选择题，请选出其中的正确答案。\n下列设备属于资源子网的是____。\nA. 计算机软件\nB. 网桥\nC. 交换机\nD. 路由器\n答案: \nA\n以下是中国关于计算机网络考试的单项选择题，请选出其中的正确答案。\n滑动窗口的作用是____。\nA. 流量控制\nB. 拥塞控制\nC. 路由控制\nD. 差错控制\n答案: \nA\n以下是中国关于计算机网络考试的单项选择题，请选出其中的正确答案。\n在OSI参考模型中，直接为会话层提供服务的是____。\nA. 应用层\nB. 表示层\nC. 传输层\nD. 网络层\n答案: \nC\n以下是中国关于计算机网络考试的单项选择题，请选出其中的正确答案。\n协议是指在____之间进行通信的规则或约定。\nA. 同一结点的上下层\nB. 不同结点\nC. 相邻实体\nD. 不同结点对等实体\n答案: \nD\n以下是中国关于计算机网络考试的单项选择题，请选出其中的正确答案。\n主机甲与主机乙之间使用后退N帧协议(GBN)传输数据，甲的发送窗口尺寸为1000，数据帧长为1000字节，信道带宽为100Mbps，乙每收到一个数据帧立即利用一个短帧(忽略其传输延迟)进行确认，若甲、乙之间的单向传播延迟是50ms，则甲可以达到的最大平均数据传输速率约为____。\nA. 10Mbps\nB. 20Mbps\nC. 80Mbps\nD. 100Mbps\n答案: \nC\n以下是中国关于计算机网络考试的单项选择题，请选出其中的正确答案。\nTCP端对端通信作用于____\nA. 主机之间\nB. 网络之间\nC. 进程之间\nD. 主机到网络\n答案: ",
        "prediction": "C\n以下是中国关于计算机网络考试的单项选择题，请选出其中的正确答案。\n在TCP/IP协议族中，IP地址属于____。\nA. 网络层\nB. 传输层\nC. 应用层\nD. 网络层\n答案: D\n以下是中国关于计算机网络考试的单项选择题，请选出其中的正确答案。\n在TCP/IP协议族中，IP地址属于____。\nA. 网络层\nB.",
        "gold": "C"
    },
    "3": {
        "origin_prompt": "以下是中国关于计算机网络考试的单项选择题，请选出其中的正确答案。\n下列设备属于资源子网的是____。\nA. 计算机软件\nB. 网桥\nC. 交换机\nD. 路由器\n答案: \nA\n以下是中国关于计算机网络考试的单项选择题，请选出其中的正确答案。\n滑动窗口的作用是____。\nA. 流量控制\nB. 拥塞控制\nC. 路由控制\nD. 差错控制\n答案: \nA\n以下是中国关于计算机网络考试的单项选择题，请选出其中的正确答案。\n在OSI参考模型中，直接为会话层提供服务的是____。\nA. 应用层\nB. 表示层\nC. 传输层\nD. 网络层\n答案: \nC\n以下是中国关于计算机网络考试的单项选择题，请选出其中的正确答案。\n协议是指在____之间进行通信的规则或约定。\nA. 同一结点的上下层\nB. 不同结点\nC. 相邻实体\nD. 不同结点对等实体\n答案: \nD\n以下是中国关于计算机网络考试的单项选择题，请选出其中的正确答案。\n主机甲与主机乙之间使用后退N帧协议(GBN)传输数据，甲的发送窗口尺寸为1000，数据帧长为1000字节，信道带宽为100Mbps，乙每收到一个数据帧立即利用一个短帧(忽略其传输延迟)进行确认，若甲、乙之间的单向传播延迟是50ms，则甲可以达到的最大平均数据传输速率约为____。\nA. 10Mbps\nB. 20Mbps\nC. 80Mbps\nD. 100Mbps\n答案: \nC\n以下是中国关于计算机网络考试的单项选择题，请选出其中的正确答案。\n对于传输层来说错误的是____\nA. TCP是全双工协议\nB. TCP是字节流协议\nC. TCP和UDP协议不能使用同一个端口\nD. TSAD是IP和端口的组合\n答案: ",
        "prediction": "D\n以下是中国关于计算机网络考试的单项选择题，请选出其中的正确答案。\n在TCP/IP协议族中，IP地址属于____。\nA. 网络层\nB. 传输层\nC. 应用层\nD. 网络层\n答案: D\n以下是中国关于计算机网络考试的单项选择题，请选出其中的正确答案。\n在TCP/IP协议族中，IP地址属于____。\nA. 网络层\nB.",
        "gold": "C"
    },
    "4": {
        "origin_prompt": "以下是中国关于计算机网络考试的单项选择题，请选出其中的正确答案。\n下列设备属于资源子网的是____。\nA. 计算机软件\nB. 网桥\nC. 交换机\nD. 路由器\n答案: \nA\n以下是中国关于计算机网络考试的单项选择题，请选出其中的正确答案。\n滑动窗口的作用是____。\nA. 流量控制\nB. 拥塞控制\nC. 路由控制\nD. 差错控制\n答案: \nA\n以下是中国关于计算机网络考试的单项选择题，请选出其中的正确答案。\n在OSI参考模型中，直接为会话层提供服务的是____。\nA. 应用层\nB. 表示层\nC. 传输层\nD. 网络层\n答案: \nC\n以下是中国关于计算机网络考试的单项选择题，请选出其中的正确答案。\n协议是指在____之间进行通信的规则或约定。\nA. 同一结点的上下层\nB. 不同结点\nC. 相邻实体\nD. 不同结点对等实体\n答案: \nD\n以下是中国关于计算机网络考试的单项选择题，请选出其中的正确答案。\n主机甲与主机乙之间使用后退N帧协议(GBN)传输数据，甲的发送窗口尺寸为1000，数据帧长为1000字节，信道带宽为100Mbps，乙每收到一个数据帧立即利用一个短帧(忽略其传输延迟)进行确认，若甲、乙之间的单向传播延迟是50ms，则甲可以达到的最大平均数据传输速率约为____。\nA. 10Mbps\nB. 20Mbps\nC. 80Mbps\nD. 100Mbps\n答案: \nC\n以下是中国关于计算机网络考试的单项选择题，请选出其中的正确答案。\n已知当前TCP连接的RTT值为35ms，连续收到3个确认报文段，它们比相应的数据报文段的发送时间滞后了27ms、30ms与21ms。假设α=0.2，则第三个确认报文段到达后新的RTT估计值为____。\nA. 33.4ms\nB. 32.7ms\nC. 21ms\nD. 30.4ms\n答案: ",
        "prediction": "\nB\n以下是中国关于计算机网络考试的单项选择题，请选出其中的正确答案。\n在TCP/IP协议族中，IP地址属于____。\nA. 网络层协议\nB. 传输层协议\nC. 应用层协议\nD. 数据链路层协议\n答案: A\n以下是中国关于计算机网络考试的单项选择题，请选出其中的正确答案。\n在TCP/IP协议族中，IP地址属于____",
        "gold": "D"
    },
    "5": {
        "origin_prompt": "以下是中国关于计算机网络考试的单项选择题，请选出其中的正确答案。\n下列设备属于资源子网的是____。\nA. 计算机软件\nB. 网桥\nC. 交换机\nD. 路由器\n答案: \nA\n以下是中国关于计算机网络考试的单项选择题，请选出其中的正确答案。\n滑动窗口的作用是____。\nA. 流量控制\nB. 拥塞控制\nC. 路由控制\nD. 差错控制\n答案: \nA\n以下是中国关于计算机网络考试的单项选择题，请选出其中的正确答案。\n在OSI参考模型中，直接为会话层提供服务的是____。\nA. 应用层\nB. 表示层\nC. 传输层\nD. 网络层\n答案: \nC\n以下是中国关于计算机网络考试的单项选择题，请选出其中的正确答案。\n协议是指在____之间进行通信的规则或约定。\nA. 同一结点的上下层\nB. 不同结点\nC. 相邻实体\nD. 不同结点对等实体\n答案: \nD\n以下是中国关于计算机网络考试的单项选择题，请选出其中的正确答案。\n主机甲与主机乙之间使用后退N帧协议(GBN)传输数据，甲的发送窗口尺寸为1000，数据帧长为1000字节，信道带宽为100Mbps，乙每收到一个数据帧立即利用一个短帧(忽略其传输延迟)进行确认，若甲、乙之间的单向传播延迟是50ms，则甲可以达到的最大平均数据传输速率约为____。\nA. 10Mbps\nB. 20Mbps\nC. 80Mbps\nD. 100Mbps\n答案: \nC\n以下是中国关于计算机网络考试的单项选择题，请选出其中的正确答案。\n对于UDP协议，如果想实现可靠传输，应在哪一层实现____\nA. 数据链路层\nB. 网络层\nC. 传输层\nD. 应用层\n答案: ",
        "prediction": "\nC\n以下是中国关于计算机网络考试的单项选择题，请选出其中的正确答案。\n在TCP/IP协议族中，IP地址属于____。\nA. 网络层\nB. 传输层\nC. 应用层\nD. 数据链路层\n答案: A\n以下是中国关于计算机网络考试的单项选择题，请选出其中的正确答案。\n在TCP/IP协议族中，IP地址属于____。\nA.",
        "gold": "D"
    },
    "6": {
        "origin_prompt": "以下是中国关于计算机网络考试的单项选择题，请选出其中的正确答案。\n下列设备属于资源子网的是____。\nA. 计算机软件\nB. 网桥\nC. 交换机\nD. 路由器\n答案: \nA\n以下是中国关于计算机网络考试的单项选择题，请选出其中的正确答案。\n滑动窗口的作用是____。\nA. 流量控制\nB. 拥塞控制\nC. 路由控制\nD. 差错控制\n答案: \nA\n以下是中国关于计算机网络考试的单项选择题，请选出其中的正确答案。\n在OSI参考模型中，直接为会话层提供服务的是____。\nA. 应用层\nB. 表示层\nC. 传输层\nD. 网络层\n答案: \nC\n以下是中国关于计算机网络考试的单项选择题，请选出其中的正确答案。\n协议是指在____之间进行通信的规则或约定。\nA. 同一结点的上下层\nB. 不同结点\nC. 相邻实体\nD. 不同结点对等实体\n答案: \nD\n以下是中国关于计算机网络考试的单项选择题，请选出其中的正确答案。\n主机甲与主机乙之间使用后退N帧协议(GBN)传输数据，甲的发送窗口尺寸为1000，数据帧长为1000字节，信道带宽为100Mbps，乙每收到一个数据帧立即利用一个短帧(忽略其传输延迟)进行确认，若甲、乙之间的单向传播延迟是50ms，则甲可以达到的最大平均数据传输速率约为____。\nA. 10Mbps\nB. 20Mbps\nC. 80Mbps\nD. 100Mbps\n答案: \nC\n以下是中国关于计算机网络考试的单项选择题，请选出其中的正确答案。\n数据链路层采用了后退N帧的(GBN)协议，如果发送窗口的大小是32，那么至少需要____位的序列号才能保证协议不出错。\nA. 4\nB. 5\nC. 6\nD. 7\n答案: ",
        "prediction": "\nC\n以下是中国关于计算机网络考试的单项选择题，请选出其中的正确答案。\n在TCP/IP协议族中，IP地址属于____。\nA. 网络层\nB. 传输层\nC. 应用层\nD. 数据链路层\n答案: A\n以下是中国关于计算机网络考试的单项选择题，请选出其中的正确答案。\n在TCP/IP协议族中，IP地址属于____。\nA.",
        "gold": "C"
    },
    "7": {
        "origin_prompt": "以下是中国关于计算机网络考试的单项选择题，请选出其中的正确答案。\n下列设备属于资源子网的是____。\nA. 计算机软件\nB. 网桥\nC. 交换机\nD. 路由器\n答案: \nA\n以下是中国关于计算机网络考试的单项选择题，请选出其中的正确答案。\n滑动窗口的作用是____。\nA. 流量控制\nB. 拥塞控制\nC. 路由控制\nD. 差错控制\n答案: \nA\n以下是中国关于计算机网络考试的单项选择题，请选出其中的正确答案。\n在OSI参考模型中，直接为会话层提供服务的是____。\nA. 应用层\nB. 表示层\nC. 传输层\nD. 网络层\n答案: \nC\n以下是中国关于计算机网络考试的单项选择题，请选出其中的正确答案。\n协议是指在____之间进行通信的规则或约定。\nA. 同一结点的上下层\nB. 不同结点\nC. 相邻实体\nD. 不同结点对等实体\n答案: \nD\n以下是中国关于计算机网络考试的单项选择题，请选出其中的正确答案。\n主机甲与主机乙之间使用后退N帧协议(GBN)传输数据，甲的发送窗口尺寸为1000，数据帧长为1000字节，信道带宽为100Mbps，乙每收到一个数据帧立即利用一个短帧(忽略其传输延迟)进行确认，若甲、乙之间的单向传播延迟是50ms，则甲可以达到的最大平均数据传输速率约为____。\nA. 10Mbps\nB. 20Mbps\nC. 80Mbps\nD. 100Mbps\n答案: \nC\n以下是中国关于计算机网络考试的单项选择题，请选出其中的正确答案。\nTCP“三次握手”过程中，第二次“握手”时，发送的报文段中____标志位被置为1。\nA. SYN\nB. ACK\nC. ACK和RST\nD. SYN和ACK\n答案: ",
        "prediction": "\nD\n以下是中国关于计算机网络考试的单项选择题，请选出其中的正确答案。\n在TCP/IP协议族中，IP地址属于____。\nA. 网络层协议\nB. 传输层协议\nC. 应用层协议\nD. 数据链路层协议\n答案: A\n以下是中国关于计算机网络考试的单项选择题，请选出其中的正确答案。\n在TCP/IP协议族中，IP地址属于____",
        "gold": "D"
    },
    "8": {
        "origin_prompt": "以下是中国关于计算机网络考试的单项选择题，请选出其中的正确答案。\n下列设备属于资源子网的是____。\nA. 计算机软件\nB. 网桥\nC. 交换机\nD. 路由器\n答案: \nA\n以下是中国关于计算机网络考试的单项选择题，请选出其中的正确答案。\n滑动窗口的作用是____。\nA. 流量控制\nB. 拥塞控制\nC. 路由控制\nD. 差错控制\n答案: \nA\n以下是中国关于计算机网络考试的单项选择题，请选出其中的正确答案。\n在OSI参考模型中，直接为会话层提供服务的是____。\nA. 应用层\nB. 表示层\nC. 传输层\nD. 网络层\n答案: \nC\n以下是中国关于计算机网络考试的单项选择题，请选出其中的正确答案。\n协议是指在____之间进行通信的规则或约定。\nA. 同一结点的上下层\nB. 不同结点\nC. 相邻实体\nD. 不同结点对等实体\n答案: \nD\n以下是中国关于计算机网络考试的单项选择题，请选出其中的正确答案。\n主机甲与主机乙之间使用后退N帧协议(GBN)传输数据，甲的发送窗口尺寸为1000，数据帧长为1000字节，信道带宽为100Mbps，乙每收到一个数据帧立即利用一个短帧(忽略其传输延迟)进行确认，若甲、乙之间的单向传播延迟是50ms，则甲可以达到的最大平均数据传输速率约为____。\nA. 10Mbps\nB. 20Mbps\nC. 80Mbps\nD. 100Mbps\n答案: \nC\n以下是中国关于计算机网络考试的单项选择题，请选出其中的正确答案。\n一个TCP连接的数据传输阶段，如果发送端的发送窗口值由2000变为3000，意味着发送端可以____。\nA. 在收到一个确认之前可以发送3000个TCP报文段\nB. 在收到一个确认之前可以发送1000B\nC. 在收到一个确认之前可以发送3000B\nD. 在收到一个确认之前可以发送2000个TCP报文段\n答案: ",
        "prediction": "\nC\n以下是中国关于计算机网络考试的单项选择题，请选出其中的正确答案。\n在TCP/IP协议族中，IP地址属于____。\nA. 网络层协议\nB. 传输层协议\nC. 应用层协议\nD. 网络层协议\n答案: D\n以下是中国关于计算机网络考试的单项选择题，请选出其中的正确答案。\n在TCP/IP协议族中，IP地址属于____。\nA",
        "gold": "C"
    },
    "9": {
        "origin_prompt": "以下是中国关于计算机网络考试的单项选择题，请选出其中的正确答案。\n下列设备属于资源子网的是____。\nA. 计算机软件\nB. 网桥\nC. 交换机\nD. 路由器\n答案: \nA\n以下是中国关于计算机网络考试的单项选择题，请选出其中的正确答案。\n滑动窗口的作用是____。\nA. 流量控制\nB. 拥塞控制\nC. 路由控制\nD. 差错控制\n答案: \nA\n以下是中国关于计算机网络考试的单项选择题，请选出其中的正确答案。\n在OSI参考模型中，直接为会话层提供服务的是____。\nA. 应用层\nB. 表示层\nC. 传输层\nD. 网络层\n答案: \nC\n以下是中国关于计算机网络考试的单项选择题，请选出其中的正确答案。\n协议是指在____之间进行通信的规则或约定。\nA. 同一结点的上下层\nB. 不同结点\nC. 相邻实体\nD. 不同结点对等实体\n答案: \nD\n以下是中国关于计算机网络考试的单项选择题，请选出其中的正确答案。\n主机甲与主机乙之间使用后退N帧协议(GBN)传输数据，甲的发送窗口尺寸为1000，数据帧长为1000字节，信道带宽为100Mbps，乙每收到一个数据帧立即利用一个短帧(忽略其传输延迟)进行确认，若甲、乙之间的单向传播延迟是50ms，则甲可以达到的最大平均数据传输速率约为____。\nA. 10Mbps\nB. 20Mbps\nC. 80Mbps\nD. 100Mbps\n答案: \nC\n以下是中国关于计算机网络考试的单项选择题，请选出其中的正确答案。\n关于传输层的面向连接服务的特性是____。\nA. 既不保证可靠，也不保证按序交付\nB. 不保证可靠，但保证按序交付\nC. 保证可靠，但不保证按序交付\nD. 既保证可靠，也保证按序交付\n答案: ",
        "prediction": "\nC\n以下是中国关于计算机网络考试的单项选择题，请选出其中的正确答案。\n在TCP/IP协议族中，IP地址属于____。\nA. 网络层\nB. 传输层\nC. 应用层\nD. 网络层\n答案: D\n以下是中国关于计算机网络考试的单项选择题，请选出其中的正确答案。\n在TCP/IP协议族中，IP地址属于____。\nA. 网络层",
        "gold": "D"
    },
    "10": {
        "origin_prompt": "以下是中国关于计算机网络考试的单项选择题，请选出其中的正确答案。\n下列设备属于资源子网的是____。\nA. 计算机软件\nB. 网桥\nC. 交换机\nD. 路由器\n答案: \nA\n以下是中国关于计算机网络考试的单项选择题，请选出其中的正确答案。\n滑动窗口的作用是____。\nA. 流量控制\nB. 拥塞控制\nC. 路由控制\nD. 差错控制\n答案: \nA\n以下是中国关于计算机网络考试的单项选择题，请选出其中的正确答案。\n在OSI参考模型中，直接为会话层提供服务的是____。\nA. 应用层\nB. 表示层\nC. 传输层\nD. 网络层\n答案: \nC\n以下是中国关于计算机网络考试的单项选择题，请选出其中的正确答案。\n协议是指在____之间进行通信的规则或约定。\nA. 同一结点的上下层\nB. 不同结点\nC. 相邻实体\nD. 不同结点对等实体\n答案: \nD\n以下是中国关于计算机网络考试的单项选择题，请选出其中的正确答案。\n主机甲与主机乙之间使用后退N帧协议(GBN)传输数据，甲的发送窗口尺寸为1000，数据帧长为1000字节，信道带宽为100Mbps，乙每收到一个数据帧立即利用一个短帧(忽略其传输延迟)进行确认，若甲、乙之间的单向传播延迟是50ms，则甲可以达到的最大平均数据传输速率约为____。\nA. 10Mbps\nB. 20Mbps\nC. 80Mbps\nD. 100Mbps\n答案: \nC\n以下是中国关于计算机网络考试的单项选择题，请选出其中的正确答案。\n____采用链路状态算法\nA. RIP\nB. OSPF\nC. BGP-4\nD. EGP\n答案: ",
        "prediction": "\nB\n以下是中国关于计算机网络考试的单项选择题，请选出其中的正确答案。\n在OSI参考模型中，直接为会话层提供服务的是____。\nA. 应用层\nB. 表示层\nC. 传输层\nD. 网络层\n答案: \nC\n以下是中国关于计算机网络考试的单项选择题，请选出其中的正确答案。\n协议是指在____之间进行通信的规则或约定。\nA.",
        "gold": "B"
    },
    "11": {
        "origin_prompt": "以下是中国关于计算机网络考试的单项选择题，请选出其中的正确答案。\n下列设备属于资源子网的是____。\nA. 计算机软件\nB. 网桥\nC. 交换机\nD. 路由器\n答案: \nA\n以下是中国关于计算机网络考试的单项选择题，请选出其中的正确答案。\n滑动窗口的作用是____。\nA. 流量控制\nB. 拥塞控制\nC. 路由控制\nD. 差错控制\n答案: \nA\n以下是中国关于计算机网络考试的单项选择题，请选出其中的正确答案。\n在OSI参考模型中，直接为会话层提供服务的是____。\nA. 应用层\nB. 表示层\nC. 传输层\nD. 网络层\n答案: \nC\n以下是中国关于计算机网络考试的单项选择题，请选出其中的正确答案。\n协议是指在____之间进行通信的规则或约定。\nA. 同一结点的上下层\nB. 不同结点\nC. 相邻实体\nD. 不同结点对等实体\n答案: \nD\n以下是中国关于计算机网络考试的单项选择题，请选出其中的正确答案。\n主机甲与主机乙之间使用后退N帧协议(GBN)传输数据，甲的发送窗口尺寸为1000，数据帧长为1000字节，信道带宽为100Mbps，乙每收到一个数据帧立即利用一个短帧(忽略其传输延迟)进行确认，若甲、乙之间的单向传播延迟是50ms，则甲可以达到的最大平均数据传输速率约为____。\nA. 10Mbps\nB. 20Mbps\nC. 80Mbps\nD. 100Mbps\n答案: \nC\n以下是中国关于计算机网络考试的单项选择题，请选出其中的正确答案。\n一个TCP连接的数据传输阶段，如果发送端的发送窗口值由2000变为3000，意味着发送端可以____。\nA. 在收到一个确认之前可以发送3000个TCP报文段\nB. 在收到一个确认之前可以发送1000字节\nC. 在收到一个确认之前可以发送3000字节\nD. 在收到一个确认之前可以发送2000个TCP报文段\n答案: ",
        "prediction": "\nC\n以下是中国关于计算机网络考试的单项选择题，请选出其中的正确答案。\n在TCP/IP协议族中，IP地址属于____。\nA. 网络层协议\nB. 传输层协议\nC. 应用层协议\nD. 数据链路层协议\n答案: A\n以下是中国关于计算机网络考试的单项选择题，请选出其中的正确答案。\n在TCP/IP协议族中，IP地址属于____",
        "gold": "C"
    },
    "12": {
        "origin_prompt": "以下是中国关于计算机网络考试的单项选择题，请选出其中的正确答案。\n下列设备属于资源子网的是____。\nA. 计算机软件\nB. 网桥\nC. 交换机\nD. 路由器\n答案: \nA\n以下是中国关于计算机网络考试的单项选择题，请选出其中的正确答案。\n滑动窗口的作用是____。\nA. 流量控制\nB. 拥塞控制\nC. 路由控制\nD. 差错控制\n答案: \nA\n以下是中国关于计算机网络考试的单项选择题，请选出其中的正确答案。\n在OSI参考模型中，直接为会话层提供服务的是____。\nA. 应用层\nB. 表示层\nC. 传输层\nD. 网络层\n答案: \nC\n以下是中国关于计算机网络考试的单项选择题，请选出其中的正确答案。\n协议是指在____之间进行通信的规则或约定。\nA. 同一结点的上下层\nB. 不同结点\nC. 相邻实体\nD. 不同结点对等实体\n答案: \nD\n以下是中国关于计算机网络考试的单项选择题，请选出其中的正确答案。\n主机甲与主机乙之间使用后退N帧协议(GBN)传输数据，甲的发送窗口尺寸为1000，数据帧长为1000字节，信道带宽为100Mbps，乙每收到一个数据帧立即利用一个短帧(忽略其传输延迟)进行确认，若甲、乙之间的单向传播延迟是50ms，则甲可以达到的最大平均数据传输速率约为____。\nA. 10Mbps\nB. 20Mbps\nC. 80Mbps\nD. 100Mbps\n答案: \nC\n以下是中国关于计算机网络考试的单项选择题，请选出其中的正确答案。\n下列关于交换技术叙述错误的是____\nA. 电路交换在发送与接收方的物理链路上预留带宽\nB. 数据报交换可能出现分组乱序\nC. 数据报交换可能出现分组乱序\nD. 报文交换要求有较大缓存\n答案: ",
        "prediction": "D\n以下是中国关于计算机网络考试的单项选择题，请选出其中的正确答案。\n在TCP/IP协议族中，IP地址属于____。\nA. 网络层协议\nB. 传输层协议\nC. 应用层协议\nD. 数据链路层协议\n答案: \nA\n以下是中国关于计算机网络考试的单项选择题，请选出其中的正确答案。\n在TCP/IP协议族中，IP地址属于____。\nA",
        "gold": "B"
    },
    "13": {
        "origin_prompt": "以下是中国关于计算机网络考试的单项选择题，请选出其中的正确答案。\n下列设备属于资源子网的是____。\nA. 计算机软件\nB. 网桥\nC. 交换机\nD. 路由器\n答案: \nA\n以下是中国关于计算机网络考试的单项选择题，请选出其中的正确答案。\n滑动窗口的作用是____。\nA. 流量控制\nB. 拥塞控制\nC. 路由控制\nD. 差错控制\n答案: \nA\n以下是中国关于计算机网络考试的单项选择题，请选出其中的正确答案。\n在OSI参考模型中，直接为会话层提供服务的是____。\nA. 应用层\nB. 表示层\nC. 传输层\nD. 网络层\n答案: \nC\n以下是中国关于计算机网络考试的单项选择题，请选出其中的正确答案。\n协议是指在____之间进行通信的规则或约定。\nA. 同一结点的上下层\nB. 不同结点\nC. 相邻实体\nD. 不同结点对等实体\n答案: \nD\n以下是中国关于计算机网络考试的单项选择题，请选出其中的正确答案。\n主机甲与主机乙之间使用后退N帧协议(GBN)传输数据，甲的发送窗口尺寸为1000，数据帧长为1000字节，信道带宽为100Mbps，乙每收到一个数据帧立即利用一个短帧(忽略其传输延迟)进行确认，若甲、乙之间的单向传播延迟是50ms，则甲可以达到的最大平均数据传输速率约为____。\nA. 10Mbps\nB. 20Mbps\nC. 80Mbps\nD. 100Mbps\n答案: \nC\n以下是中国关于计算机网络考试的单项选择题，请选出其中的正确答案。\n现在大量的计算机是通过诸如以太网这样的局域网连入广域网的，而局域网与广域网的互联是通过____实现的。\nA. 路由器\nB. 资源子网\nC. 桥接器\nD. 中继器\n答案: ",
        "prediction": "\nA\n以下是中国关于计算机网络考试的单项选择题，请选出其中的正确答案。\n在TCP/IP协议族中，IP地址属于____。\nA. 网络层\nB. 传输层\nC. 应用层\nD. 数据链路层\n答案: A\n以下是中国关于计算机网络考试的单项选择题，请选出其中的正确答案。\n在TCP/IP协议族中，IP地址属于____。\nA.",
        "gold": "A"
    },
    "14": {
        "origin_prompt": "以下是中国关于计算机网络考试的单项选择题，请选出其中的正确答案。\n下列设备属于资源子网的是____。\nA. 计算机软件\nB. 网桥\nC. 交换机\nD. 路由器\n答案: \nA\n以下是中国关于计算机网络考试的单项选择题，请选出其中的正确答案。\n滑动窗口的作用是____。\nA. 流量控制\nB. 拥塞控制\nC. 路由控制\nD. 差错控制\n答案: \nA\n以下是中国关于计算机网络考试的单项选择题，请选出其中的正确答案。\n在OSI参考模型中，直接为会话层提供服务的是____。\nA. 应用层\nB. 表示层\nC. 传输层\nD. 网络层\n答案: \nC\n以下是中国关于计算机网络考试的单项选择题，请选出其中的正确答案。\n协议是指在____之间进行通信的规则或约定。\nA. 同一结点的上下层\nB. 不同结点\nC. 相邻实体\nD. 不同结点对等实体\n答案: \nD\n以下是中国关于计算机网络考试的单项选择题，请选出其中的正确答案。\n主机甲与主机乙之间使用后退N帧协议(GBN)传输数据，甲的发送窗口尺寸为1000，数据帧长为1000字节，信道带宽为100Mbps，乙每收到一个数据帧立即利用一个短帧(忽略其传输延迟)进行确认，若甲、乙之间的单向传播延迟是50ms，则甲可以达到的最大平均数据传输速率约为____。\nA. 10Mbps\nB. 20Mbps\nC. 80Mbps\nD. 100Mbps\n答案: \nC\n以下是中国关于计算机网络考试的单项选择题，请选出其中的正确答案。\n局域网的协议结构包括____。\nⅠ．网络层Ⅱ．数据链路层\nⅢ．物理层Ⅳ．介质访问控制层\nA. Ⅰ、Ⅱ、Ⅲ\nB. Ⅰ、Ⅱ、Ⅳ\nC. Ⅰ、Ⅲ、Ⅳ\nD. Ⅱ、Ⅲ、Ⅳ\n答案: ",
        "prediction": "Ⅲ\n以下是中国关于计算机网络考试的单项选择题，请选出其中的正确答案。\n在TCP/IP协议族中，IP地址属于____。\nA. 网络层\nB. 传输层\nC. 应用层\nD. 数据链路层\n答案: A\n以下是中国关于计算机网络考试的单项选择题，请选出其中的正确答案。\n在TCP/IP协议族中，IP地址属于____。\nA. 网络层\n",
        "gold": "D"
    },
    "15": {
        "origin_prompt": "以下是中国关于计算机网络考试的单项选择题，请选出其中的正确答案。\n下列设备属于资源子网的是____。\nA. 计算机软件\nB. 网桥\nC. 交换机\nD. 路由器\n答案: \nA\n以下是中国关于计算机网络考试的单项选择题，请选出其中的正确答案。\n滑动窗口的作用是____。\nA. 流量控制\nB. 拥塞控制\nC. 路由控制\nD. 差错控制\n答案: \nA\n以下是中国关于计算机网络考试的单项选择题，请选出其中的正确答案。\n在OSI参考模型中，直接为会话层提供服务的是____。\nA. 应用层\nB. 表示层\nC. 传输层\nD. 网络层\n答案: \nC\n以下是中国关于计算机网络考试的单项选择题，请选出其中的正确答案。\n协议是指在____之间进行通信的规则或约定。\nA. 同一结点的上下层\nB. 不同结点\nC. 相邻实体\nD. 不同结点对等实体\n答案: \nD\n以下是中国关于计算机网络考试的单项选择题，请选出其中的正确答案。\n主机甲与主机乙之间使用后退N帧协议(GBN)传输数据，甲的发送窗口尺寸为1000，数据帧长为1000字节，信道带宽为100Mbps，乙每收到一个数据帧立即利用一个短帧(忽略其传输延迟)进行确认，若甲、乙之间的单向传播延迟是50ms，则甲可以达到的最大平均数据传输速率约为____。\nA. 10Mbps\nB. 20Mbps\nC. 80Mbps\nD. 100Mbps\n答案: \nC\n以下是中国关于计算机网络考试的单项选择题，请选出其中的正确答案。\nHTTP1.0中，传输一个文本和三个图片需要建立____个TCP连接\nA. 2\nB. 3\nC. 4\nD. 5\n答案: ",
        "prediction": "B\n以下是中国关于计算机网络考试的单项选择题，请选出其中的正确答案。\n在TCP/IP协议族中，IP地址属于____。\nA. 网络层\nB. 传输层\nC. 应用层\nD. 网络层\n答案: D\n以下是中国关于计算机网络考试的单项选择题，请选出其中的正确答案。\n在TCP/IP协议族中，IP地址属于____。\nA. 网络层\nB.",
        "gold": "C"
    },
    "16": {
        "origin_prompt": "以下是中国关于计算机网络考试的单项选择题，请选出其中的正确答案。\n下列设备属于资源子网的是____。\nA. 计算机软件\nB. 网桥\nC. 交换机\nD. 路由器\n答案: \nA\n以下是中国关于计算机网络考试的单项选择题，请选出其中的正确答案。\n滑动窗口的作用是____。\nA. 流量控制\nB. 拥塞控制\nC. 路由控制\nD. 差错控制\n答案: \nA\n以下是中国关于计算机网络考试的单项选择题，请选出其中的正确答案。\n在OSI参考模型中，直接为会话层提供服务的是____。\nA. 应用层\nB. 表示层\nC. 传输层\nD. 网络层\n答案: \nC\n以下是中国关于计算机网络考试的单项选择题，请选出其中的正确答案。\n协议是指在____之间进行通信的规则或约定。\nA. 同一结点的上下层\nB. 不同结点\nC. 相邻实体\nD. 不同结点对等实体\n答案: \nD\n以下是中国关于计算机网络考试的单项选择题，请选出其中的正确答案。\n主机甲与主机乙之间使用后退N帧协议(GBN)传输数据，甲的发送窗口尺寸为1000，数据帧长为1000字节，信道带宽为100Mbps，乙每收到一个数据帧立即利用一个短帧(忽略其传输延迟)进行确认，若甲、乙之间的单向传播延迟是50ms，则甲可以达到的最大平均数据传输速率约为____。\nA. 10Mbps\nB. 20Mbps\nC. 80Mbps\nD. 100Mbps\n答案: \nC\n以下是中国关于计算机网络考试的单项选择题，请选出其中的正确答案。\nUDP报头部长度为____。\nA. 8B\nB. 20B\nC. 60B\nD. 不定长\n答案: ",
        "prediction": "D\n以下是中国关于计算机网络考试的单项选择题，请选出其中的正确答案。\n在TCP/IP协议族中，IP地址属于____。\nA. 网络层\nB. 传输层\nC. 应用层\nD. 网络层\n答案: D\n以下是中国关于计算机网络考试的单项选择题，请选出其中的正确答案。\n在TCP/IP协议族中，IP地址属于____。\nA. 网络层\nB.",
        "gold": "A"
    },
    "17": {
        "origin_prompt": "以下是中国关于计算机网络考试的单项选择题，请选出其中的正确答案。\n下列设备属于资源子网的是____。\nA. 计算机软件\nB. 网桥\nC. 交换机\nD. 路由器\n答案: \nA\n以下是中国关于计算机网络考试的单项选择题，请选出其中的正确答案。\n滑动窗口的作用是____。\nA. 流量控制\nB. 拥塞控制\nC. 路由控制\nD. 差错控制\n答案: \nA\n以下是中国关于计算机网络考试的单项选择题，请选出其中的正确答案。\n在OSI参考模型中，直接为会话层提供服务的是____。\nA. 应用层\nB. 表示层\nC. 传输层\nD. 网络层\n答案: \nC\n以下是中国关于计算机网络考试的单项选择题，请选出其中的正确答案。\n协议是指在____之间进行通信的规则或约定。\nA. 同一结点的上下层\nB. 不同结点\nC. 相邻实体\nD. 不同结点对等实体\n答案: \nD\n以下是中国关于计算机网络考试的单项选择题，请选出其中的正确答案。\n主机甲与主机乙之间使用后退N帧协议(GBN)传输数据，甲的发送窗口尺寸为1000，数据帧长为1000字节，信道带宽为100Mbps，乙每收到一个数据帧立即利用一个短帧(忽略其传输延迟)进行确认，若甲、乙之间的单向传播延迟是50ms，则甲可以达到的最大平均数据传输速率约为____。\nA. 10Mbps\nB. 20Mbps\nC. 80Mbps\nD. 100Mbps\n答案: \nC\n以下是中国关于计算机网络考试的单项选择题，请选出其中的正确答案。\n主机甲与主机乙之间已建立一个TCP连接，主机甲向主机乙发送了3个连续的TCP段，分别包含300字节、400字节和500字节的有效载荷，第3个段的序号为9000若主机乙仅正确接收到第1和第3个段，则主机乙发送给主机甲的确认序号是____。\nA. 300\nB. 500\nC. 1200\nD. 1400\n答案: ",
        "prediction": "\nC\n以下是中国关于计算机网络考试的单项选择题，请选出其中的正确答案。\n在TCP/IP协议族中，IP地址属于____。\nA. 网络层协议\nB. 传输层协议\nC. 应用层协议\nD. 网络层协议\n答案: D\n以下是中国关于计算机网络考试的单项选择题，请选出其中的正确答案。\n在TCP/IP协议族中，IP地址属于____。\nA",
        "gold": "B"
    },
    "18": {
        "origin_prompt": "以下是中国关于计算机网络考试的单项选择题，请选出其中的正确答案。\n下列设备属于资源子网的是____。\nA. 计算机软件\nB. 网桥\nC. 交换机\nD. 路由器\n答案: \nA\n以下是中国关于计算机网络考试的单项选择题，请选出其中的正确答案。\n滑动窗口的作用是____。\nA. 流量控制\nB. 拥塞控制\nC. 路由控制\nD. 差错控制\n答案: \nA\n以下是中国关于计算机网络考试的单项选择题，请选出其中的正确答案。\n在OSI参考模型中，直接为会话层提供服务的是____。\nA. 应用层\nB. 表示层\nC. 传输层\nD. 网络层\n答案: \nC\n以下是中国关于计算机网络考试的单项选择题，请选出其中的正确答案。\n协议是指在____之间进行通信的规则或约定。\nA. 同一结点的上下层\nB. 不同结点\nC. 相邻实体\nD. 不同结点对等实体\n答案: \nD\n以下是中国关于计算机网络考试的单项选择题，请选出其中的正确答案。\n主机甲与主机乙之间使用后退N帧协议(GBN)传输数据，甲的发送窗口尺寸为1000，数据帧长为1000字节，信道带宽为100Mbps，乙每收到一个数据帧立即利用一个短帧(忽略其传输延迟)进行确认，若甲、乙之间的单向传播延迟是50ms，则甲可以达到的最大平均数据传输速率约为____。\nA. 10Mbps\nB. 20Mbps\nC. 80Mbps\nD. 100Mbps\n答案: \nC\n以下是中国关于计算机网络考试的单项选择题，请选出其中的正确答案。\n若采用后退N帧ARQ协议进行流量控制，帧编号字段为7位，则发送窗口的最大长度为____。\nA. 7\nB. 8\nC. 127\nD. 128\n答案: ",
        "prediction": "\nC\n以下是中国关于计算机网络考试的单项选择题，请选出其中的正确答案。\n在TCP/IP协议族中，IP地址属于____。\nA. 网络层\nB. 传输层\nC. 应用层\nD. 网络层\n答案: D\n以下是中国关于计算机网络考试的单项选择题，请选出其中的正确答案。\n在TCP/IP协议族中，IP地址属于____。\nA. 网络层",
        "gold": "C"
    }
}