{
    "0": {
        "origin_prompt": "以下是中国关于概率统计考试的单项选择题，请选出其中的正确答案。\n设随机变量$(X,Y)$的联合密度函数是:$f(x,y)=\\left\\{\\begin{array}{c}ke^{-x-2y},x>0,y>0\\\\0,\\text{其他}\\end{array}\\right.$则$P(0\\leq X\\leq2,0\\leq Y\\leq1)=$____\nA. $\\left(1-e^{-4}\\right)^{2}$\nB. $\\left(1-e^{-8}\\right)^{2}$\nC. $\\left(1-e^{-2}\\right)^{2}$\nD. $\\left(1-e^{-6}\\right)^{2}$\n答案: \nC\n以下是中国关于概率统计考试的单项选择题，请选出其中的正确答案。\n设$X\\sim N\\left(\\mu,\\sigma^2\\right),\\sigma$已知,则$\\mu$的置信度为0.95的置信区间是____\nA. $\\left(\\bar{X} \\pm \\frac{\\sigma}{\\sqrt{n}} u_{0.025}\\right)$\nB. $\\left(\\bar{X} \\pm \\frac{s}{\\sqrt{n}} u_{0.025}\\right)$\nC. $\\left(\\bar{X} \\pm \\frac{s}{\\sqrt{n}} t_{0.025}(n-1)\\right)$\nD. $\\left(\\bar{X} \\pm \\frac{\\sigma}{\\sqrt{n}} t_{0.025}(n-1)\\right)$\n答案: \nA\n以下是中国关于概率统计考试的单项选择题，请选出其中的正确答案。\n独立地测量一个物理量,记每次测量的结果为$X=\\mu+\\varepsilon$,其中$\\mu$是物理量的真值,$\\varepsilon$是测量产生的随机误差,且已知每次测量产生的随机误差都服从$(-1,1)$上的均匀分布,如果取$n$次测量结果的算术平均值$\\bar{X}=\\frac{1}{64}\\sum_{i=1}^{64}X_i$作为真值$\\mu$的近似值,用切比雪夫不等式估计$|\\bar{X}-\\mu|<\\frac{1}{8}$的概率的结果:____\nA. 不超过 $\\frac{2}{3}$\nB. 不小于 $\\frac{1}{3}$\nC. 不小于 $\\frac{2}{3}$\nD. 不超过 $\\frac{1}{3}$\n答案: \nC\n以下是中国关于概率统计考试的单项选择题，请选出其中的正确答案。\n设总体$X\\sim N\\left(\\mu，\\sigma^2\\right)，\\sigma^2$已知，给定样本$X_1，X_2，\\ldots，X_n$，对总体均值$\\mu$进行检验，令$H_0:\\mu=\\mu_0，H_1:\\mu\\neq\\mu_0$，则____\nA. 若显著性水平 $\\alpha=0.05$ 下拒绝 $H_0$ ，则 $\\alpha=0.01$ 下必拒绝 $H_0$.\nB. 若显著性水平 $\\alpha=0.05$ 下接受 $H_0$ ，则 $\\alpha=0.01$ 下必拒绝 $H_0$\nC. 若显著性水平 $\\alpha=0.05$ 下拒绝 $H_0$ ，则 $\\alpha=0.01$ 下接受 $H_0$\nD. 若显著性水平$\\alpha=0.05$下接受 $H_0$ ，则 $\\alpha=0.01$ 下也接受$H_0$\n答案: \nD\n以下是中国关于概率统计考试的单项选择题，请选出其中的正确答案。\n设二维随机变量$(X,Y)$的概率密度函数为:$f(x,y)=\\left\\{\\begin{array}{lc}a(x+y),&0<x<2,0<y<1\\\\0,&\\text{其他}\\end{array}\\right.$,则常数$a=$____\nA. $\\frac{1}{3}$\nB. 2\nC. 3\nD. $\\frac{1}{2}$\n答案: \nA\n以下是中国关于概率统计考试的单项选择题，请选出其中的正确答案。\n设随机变量$X$和$Y$相互独立，且X$\\sim N(0，1)，Y\\sim N(0$，2)，则$D\\left(X^2Y^2\\right)=$____\nA. 10\nB. 20\nC. 32\nD. 45\n答案: ",
        "prediction": "\nC\n以下是中国关于概率统计考试的单项选择题，请选出其中的正确答案。\n设随机变量$X$服从正态分布$N(0,1)$，$Y$服从正态分布$N(1,2)$，则$P(X\\leqslant 0)$=$\\frac{1}{2}$，$P(X\\geqslant 1)$=$\\frac{1}{2}$，$P(Y\\",
        "gold": "C"
    },
    "1": {
        "origin_prompt": "以下是中国关于概率统计考试的单项选择题，请选出其中的正确答案。\n设随机变量$(X,Y)$的联合密度函数是:$f(x,y)=\\left\\{\\begin{array}{c}ke^{-x-2y},x>0,y>0\\\\0,\\text{其他}\\end{array}\\right.$则$P(0\\leq X\\leq2,0\\leq Y\\leq1)=$____\nA. $\\left(1-e^{-4}\\right)^{2}$\nB. $\\left(1-e^{-8}\\right)^{2}$\nC. $\\left(1-e^{-2}\\right)^{2}$\nD. $\\left(1-e^{-6}\\right)^{2}$\n答案: \nC\n以下是中国关于概率统计考试的单项选择题，请选出其中的正确答案。\n设$X\\sim N\\left(\\mu,\\sigma^2\\right),\\sigma$已知,则$\\mu$的置信度为0.95的置信区间是____\nA. $\\left(\\bar{X} \\pm \\frac{\\sigma}{\\sqrt{n}} u_{0.025}\\right)$\nB. $\\left(\\bar{X} \\pm \\frac{s}{\\sqrt{n}} u_{0.025}\\right)$\nC. $\\left(\\bar{X} \\pm \\frac{s}{\\sqrt{n}} t_{0.025}(n-1)\\right)$\nD. $\\left(\\bar{X} \\pm \\frac{\\sigma}{\\sqrt{n}} t_{0.025}(n-1)\\right)$\n答案: \nA\n以下是中国关于概率统计考试的单项选择题，请选出其中的正确答案。\n独立地测量一个物理量,记每次测量的结果为$X=\\mu+\\varepsilon$,其中$\\mu$是物理量的真值,$\\varepsilon$是测量产生的随机误差,且已知每次测量产生的随机误差都服从$(-1,1)$上的均匀分布,如果取$n$次测量结果的算术平均值$\\bar{X}=\\frac{1}{64}\\sum_{i=1}^{64}X_i$作为真值$\\mu$的近似值,用切比雪夫不等式估计$|\\bar{X}-\\mu|<\\frac{1}{8}$的概率的结果:____\nA. 不超过 $\\frac{2}{3}$\nB. 不小于 $\\frac{1}{3}$\nC. 不小于 $\\frac{2}{3}$\nD. 不超过 $\\frac{1}{3}$\n答案: \nC\n以下是中国关于概率统计考试的单项选择题，请选出其中的正确答案。\n设总体$X\\sim N\\left(\\mu，\\sigma^2\\right)，\\sigma^2$已知，给定样本$X_1，X_2，\\ldots，X_n$，对总体均值$\\mu$进行检验，令$H_0:\\mu=\\mu_0，H_1:\\mu\\neq\\mu_0$，则____\nA. 若显著性水平 $\\alpha=0.05$ 下拒绝 $H_0$ ，则 $\\alpha=0.01$ 下必拒绝 $H_0$.\nB. 若显著性水平 $\\alpha=0.05$ 下接受 $H_0$ ，则 $\\alpha=0.01$ 下必拒绝 $H_0$\nC. 若显著性水平 $\\alpha=0.05$ 下拒绝 $H_0$ ，则 $\\alpha=0.01$ 下接受 $H_0$\nD. 若显著性水平$\\alpha=0.05$下接受 $H_0$ ，则 $\\alpha=0.01$ 下也接受$H_0$\n答案: \nD\n以下是中国关于概率统计考试的单项选择题，请选出其中的正确答案。\n设二维随机变量$(X,Y)$的概率密度函数为:$f(x,y)=\\left\\{\\begin{array}{lc}a(x+y),&0<x<2,0<y<1\\\\0,&\\text{其他}\\end{array}\\right.$,则常数$a=$____\nA. $\\frac{1}{3}$\nB. 2\nC. 3\nD. $\\frac{1}{2}$\n答案: \nA\n以下是中国关于概率统计考试的单项选择题，请选出其中的正确答案。\n设随机变量$(X,Y)$的概率密度为$f(x,y)=\\left\\{\\begin{array}{cc}6y,&0<x<1,0<y<x，\\\\0,&\\text{其他.}\\end{array}\\right.$,$$\\text{则}P\\left(X>\\frac{1}{2}\\mid Y=\\frac{1}{3}\\right)=$$____\nA. $\\frac{3}{4}$\nB. $\\frac{2}{3}$\nC. $\\frac{1}{4}$\nD. $\\frac{1}{3}$\n答案: ",
        "prediction": "\nC\n以下是中国关于概率统计考试的单项选择题，请选出其中的正确答案。\n设随机变量$(X,Y)$的概率密度为$f(x,y)=\\left\\{\\begin{array}{cc}1,&0<x<1,0<y<1\\\\0,&\\text{其他.}\\end{array}\\right.$,$$\\text{则}P\\left(X>1\\mid Y=1\\right)=\\frac{1}{2",
        "gold": "A"
    },
    "2": {
        "origin_prompt": "以下是中国关于概率统计考试的单项选择题，请选出其中的正确答案。\n设随机变量$(X,Y)$的联合密度函数是:$f(x,y)=\\left\\{\\begin{array}{c}ke^{-x-2y},x>0,y>0\\\\0,\\text{其他}\\end{array}\\right.$则$P(0\\leq X\\leq2,0\\leq Y\\leq1)=$____\nA. $\\left(1-e^{-4}\\right)^{2}$\nB. $\\left(1-e^{-8}\\right)^{2}$\nC. $\\left(1-e^{-2}\\right)^{2}$\nD. $\\left(1-e^{-6}\\right)^{2}$\n答案: \nC\n以下是中国关于概率统计考试的单项选择题，请选出其中的正确答案。\n设$X\\sim N\\left(\\mu,\\sigma^2\\right),\\sigma$已知,则$\\mu$的置信度为0.95的置信区间是____\nA. $\\left(\\bar{X} \\pm \\frac{\\sigma}{\\sqrt{n}} u_{0.025}\\right)$\nB. $\\left(\\bar{X} \\pm \\frac{s}{\\sqrt{n}} u_{0.025}\\right)$\nC. $\\left(\\bar{X} \\pm \\frac{s}{\\sqrt{n}} t_{0.025}(n-1)\\right)$\nD. $\\left(\\bar{X} \\pm \\frac{\\sigma}{\\sqrt{n}} t_{0.025}(n-1)\\right)$\n答案: \nA\n以下是中国关于概率统计考试的单项选择题，请选出其中的正确答案。\n独立地测量一个物理量,记每次测量的结果为$X=\\mu+\\varepsilon$,其中$\\mu$是物理量的真值,$\\varepsilon$是测量产生的随机误差,且已知每次测量产生的随机误差都服从$(-1,1)$上的均匀分布,如果取$n$次测量结果的算术平均值$\\bar{X}=\\frac{1}{64}\\sum_{i=1}^{64}X_i$作为真值$\\mu$的近似值,用切比雪夫不等式估计$|\\bar{X}-\\mu|<\\frac{1}{8}$的概率的结果:____\nA. 不超过 $\\frac{2}{3}$\nB. 不小于 $\\frac{1}{3}$\nC. 不小于 $\\frac{2}{3}$\nD. 不超过 $\\frac{1}{3}$\n答案: \nC\n以下是中国关于概率统计考试的单项选择题，请选出其中的正确答案。\n设总体$X\\sim N\\left(\\mu，\\sigma^2\\right)，\\sigma^2$已知，给定样本$X_1，X_2，\\ldots，X_n$，对总体均值$\\mu$进行检验，令$H_0:\\mu=\\mu_0，H_1:\\mu\\neq\\mu_0$，则____\nA. 若显著性水平 $\\alpha=0.05$ 下拒绝 $H_0$ ，则 $\\alpha=0.01$ 下必拒绝 $H_0$.\nB. 若显著性水平 $\\alpha=0.05$ 下接受 $H_0$ ，则 $\\alpha=0.01$ 下必拒绝 $H_0$\nC. 若显著性水平 $\\alpha=0.05$ 下拒绝 $H_0$ ，则 $\\alpha=0.01$ 下接受 $H_0$\nD. 若显著性水平$\\alpha=0.05$下接受 $H_0$ ，则 $\\alpha=0.01$ 下也接受$H_0$\n答案: \nD\n以下是中国关于概率统计考试的单项选择题，请选出其中的正确答案。\n设二维随机变量$(X,Y)$的概率密度函数为:$f(x,y)=\\left\\{\\begin{array}{lc}a(x+y),&0<x<2,0<y<1\\\\0,&\\text{其他}\\end{array}\\right.$,则常数$a=$____\nA. $\\frac{1}{3}$\nB. 2\nC. 3\nD. $\\frac{1}{2}$\n答案: \nA\n以下是中国关于概率统计考试的单项选择题，请选出其中的正确答案。\n总体的简单样本,$\\bar{X}$为样本均值,则$D(\\bar{X})=$____\nA. $\\frac{3}{80}$\nB. $\\frac{9}{16}$\nC. $\\frac{3}{1600}$\nD. $\\frac{3}{160}$\n答案: ",
        "prediction": "\nC\n以下是中国关于概率统计考试的单项选择题，请选出其中的正确答案。\n设$X\\sim N\\left(\\mu,\\sigma^2\\right)$，$\\mu$已知，$\\sigma$已知，则$\\mu$的置信区间是____\nA. $\\left[\\mu-\\frac{s}{\\sqrt{n}} u_{0.025},\\mu+\\frac{s}{\\sqrt{n}} u_{0.025",
        "gold": "C"
    },
    "3": {
        "origin_prompt": "以下是中国关于概率统计考试的单项选择题，请选出其中的正确答案。\n设随机变量$(X,Y)$的联合密度函数是:$f(x,y)=\\left\\{\\begin{array}{c}ke^{-x-2y},x>0,y>0\\\\0,\\text{其他}\\end{array}\\right.$则$P(0\\leq X\\leq2,0\\leq Y\\leq1)=$____\nA. $\\left(1-e^{-4}\\right)^{2}$\nB. $\\left(1-e^{-8}\\right)^{2}$\nC. $\\left(1-e^{-2}\\right)^{2}$\nD. $\\left(1-e^{-6}\\right)^{2}$\n答案: \nC\n以下是中国关于概率统计考试的单项选择题，请选出其中的正确答案。\n设$X\\sim N\\left(\\mu,\\sigma^2\\right),\\sigma$已知,则$\\mu$的置信度为0.95的置信区间是____\nA. $\\left(\\bar{X} \\pm \\frac{\\sigma}{\\sqrt{n}} u_{0.025}\\right)$\nB. $\\left(\\bar{X} \\pm \\frac{s}{\\sqrt{n}} u_{0.025}\\right)$\nC. $\\left(\\bar{X} \\pm \\frac{s}{\\sqrt{n}} t_{0.025}(n-1)\\right)$\nD. $\\left(\\bar{X} \\pm \\frac{\\sigma}{\\sqrt{n}} t_{0.025}(n-1)\\right)$\n答案: \nA\n以下是中国关于概率统计考试的单项选择题，请选出其中的正确答案。\n独立地测量一个物理量,记每次测量的结果为$X=\\mu+\\varepsilon$,其中$\\mu$是物理量的真值,$\\varepsilon$是测量产生的随机误差,且已知每次测量产生的随机误差都服从$(-1,1)$上的均匀分布,如果取$n$次测量结果的算术平均值$\\bar{X}=\\frac{1}{64}\\sum_{i=1}^{64}X_i$作为真值$\\mu$的近似值,用切比雪夫不等式估计$|\\bar{X}-\\mu|<\\frac{1}{8}$的概率的结果:____\nA. 不超过 $\\frac{2}{3}$\nB. 不小于 $\\frac{1}{3}$\nC. 不小于 $\\frac{2}{3}$\nD. 不超过 $\\frac{1}{3}$\n答案: \nC\n以下是中国关于概率统计考试的单项选择题，请选出其中的正确答案。\n设总体$X\\sim N\\left(\\mu，\\sigma^2\\right)，\\sigma^2$已知，给定样本$X_1，X_2，\\ldots，X_n$，对总体均值$\\mu$进行检验，令$H_0:\\mu=\\mu_0，H_1:\\mu\\neq\\mu_0$，则____\nA. 若显著性水平 $\\alpha=0.05$ 下拒绝 $H_0$ ，则 $\\alpha=0.01$ 下必拒绝 $H_0$.\nB. 若显著性水平 $\\alpha=0.05$ 下接受 $H_0$ ，则 $\\alpha=0.01$ 下必拒绝 $H_0$\nC. 若显著性水平 $\\alpha=0.05$ 下拒绝 $H_0$ ，则 $\\alpha=0.01$ 下接受 $H_0$\nD. 若显著性水平$\\alpha=0.05$下接受 $H_0$ ，则 $\\alpha=0.01$ 下也接受$H_0$\n答案: \nD\n以下是中国关于概率统计考试的单项选择题，请选出其中的正确答案。\n设二维随机变量$(X,Y)$的概率密度函数为:$f(x,y)=\\left\\{\\begin{array}{lc}a(x+y),&0<x<2,0<y<1\\\\0,&\\text{其他}\\end{array}\\right.$,则常数$a=$____\nA. $\\frac{1}{3}$\nB. 2\nC. 3\nD. $\\frac{1}{2}$\n答案: \nA\n以下是中国关于概率统计考试的单项选择题，请选出其中的正确答案。\n设总体$X$服从拉普拉斯分布$f(x,\\lambda)=\\frac{1}{4\\lambda}e^{-\\frac{|x|}{2\\lambda}},-\\infty<x<\\infty$,其中$\\lambda>0$。则$E(|X|)=$____\nA. $\\frac{1}{2 \\lambda}$\nB. $\\frac{1}{\\lambda}$\nC. $2 \\lambda$\nD. $\\lambda$\n答案: ",
        "prediction": "选项D\n以下是中国关于概率统计考试的单项选择题，请选出其中的正确答案。\n设随机变量$X$服从正态分布$N(0,1)$，则$P(X\\leqslant 0)=\\frac{1}{2}$，则$P(X\\geqslant 0)=\\frac{1}{2}$的解为_____。\nA. $0$\nB. $1$\nC. $1$",
        "gold": "C"
    },
    "4": {
        "origin_prompt": "以下是中国关于概率统计考试的单项选择题，请选出其中的正确答案。\n设随机变量$(X,Y)$的联合密度函数是:$f(x,y)=\\left\\{\\begin{array}{c}ke^{-x-2y},x>0,y>0\\\\0,\\text{其他}\\end{array}\\right.$则$P(0\\leq X\\leq2,0\\leq Y\\leq1)=$____\nA. $\\left(1-e^{-4}\\right)^{2}$\nB. $\\left(1-e^{-8}\\right)^{2}$\nC. $\\left(1-e^{-2}\\right)^{2}$\nD. $\\left(1-e^{-6}\\right)^{2}$\n答案: \nC\n以下是中国关于概率统计考试的单项选择题，请选出其中的正确答案。\n设$X\\sim N\\left(\\mu,\\sigma^2\\right),\\sigma$已知,则$\\mu$的置信度为0.95的置信区间是____\nA. $\\left(\\bar{X} \\pm \\frac{\\sigma}{\\sqrt{n}} u_{0.025}\\right)$\nB. $\\left(\\bar{X} \\pm \\frac{s}{\\sqrt{n}} u_{0.025}\\right)$\nC. $\\left(\\bar{X} \\pm \\frac{s}{\\sqrt{n}} t_{0.025}(n-1)\\right)$\nD. $\\left(\\bar{X} \\pm \\frac{\\sigma}{\\sqrt{n}} t_{0.025}(n-1)\\right)$\n答案: \nA\n以下是中国关于概率统计考试的单项选择题，请选出其中的正确答案。\n独立地测量一个物理量,记每次测量的结果为$X=\\mu+\\varepsilon$,其中$\\mu$是物理量的真值,$\\varepsilon$是测量产生的随机误差,且已知每次测量产生的随机误差都服从$(-1,1)$上的均匀分布,如果取$n$次测量结果的算术平均值$\\bar{X}=\\frac{1}{64}\\sum_{i=1}^{64}X_i$作为真值$\\mu$的近似值,用切比雪夫不等式估计$|\\bar{X}-\\mu|<\\frac{1}{8}$的概率的结果:____\nA. 不超过 $\\frac{2}{3}$\nB. 不小于 $\\frac{1}{3}$\nC. 不小于 $\\frac{2}{3}$\nD. 不超过 $\\frac{1}{3}$\n答案: \nC\n以下是中国关于概率统计考试的单项选择题，请选出其中的正确答案。\n设总体$X\\sim N\\left(\\mu，\\sigma^2\\right)，\\sigma^2$已知，给定样本$X_1，X_2，\\ldots，X_n$，对总体均值$\\mu$进行检验，令$H_0:\\mu=\\mu_0，H_1:\\mu\\neq\\mu_0$，则____\nA. 若显著性水平 $\\alpha=0.05$ 下拒绝 $H_0$ ，则 $\\alpha=0.01$ 下必拒绝 $H_0$.\nB. 若显著性水平 $\\alpha=0.05$ 下接受 $H_0$ ，则 $\\alpha=0.01$ 下必拒绝 $H_0$\nC. 若显著性水平 $\\alpha=0.05$ 下拒绝 $H_0$ ，则 $\\alpha=0.01$ 下接受 $H_0$\nD. 若显著性水平$\\alpha=0.05$下接受 $H_0$ ，则 $\\alpha=0.01$ 下也接受$H_0$\n答案: \nD\n以下是中国关于概率统计考试的单项选择题，请选出其中的正确答案。\n设二维随机变量$(X,Y)$的概率密度函数为:$f(x,y)=\\left\\{\\begin{array}{lc}a(x+y),&0<x<2,0<y<1\\\\0,&\\text{其他}\\end{array}\\right.$,则常数$a=$____\nA. $\\frac{1}{3}$\nB. 2\nC. 3\nD. $\\frac{1}{2}$\n答案: \nA\n以下是中国关于概率统计考试的单项选择题，请选出其中的正确答案。\n设$X_1,X_2,\\cdots X_{12}$是来自正态总体$X\\sim N\\left(0,\\sigma^2\\right)$的简单样本,随机变量$Y=\\frac{\\sum_{i=1}^6X_i^2}{\\sum_{j=1}^6X_{j+6}^2}$服从的分布为:____\nA. $\\chi^2(6)$\nB. $\\chi^2(1)$\nC. $F(5,5)$\nD. $F(6,6)$\n答案: ",
        "prediction": "不正确\n以下是中国关于概率统计考试的单项选择题，请选出其中的正确答案。\n设$X\\sim N\\left(\\mu,\\sigma^2\\right)$，$\\mu$已知，$\\sigma$已知，则$\\mu$的置信区间为____\nA. $\\left[\\mu-\\frac{1}{2}\\sigma,\\mu+\\frac{1}{2}\\sigma\\right]$\nB. $\\left[\\mu-\\frac{1}{2}\\",
        "gold": "D"
    },
    "5": {
        "origin_prompt": "以下是中国关于概率统计考试的单项选择题，请选出其中的正确答案。\n设随机变量$(X,Y)$的联合密度函数是:$f(x,y)=\\left\\{\\begin{array}{c}ke^{-x-2y},x>0,y>0\\\\0,\\text{其他}\\end{array}\\right.$则$P(0\\leq X\\leq2,0\\leq Y\\leq1)=$____\nA. $\\left(1-e^{-4}\\right)^{2}$\nB. $\\left(1-e^{-8}\\right)^{2}$\nC. $\\left(1-e^{-2}\\right)^{2}$\nD. $\\left(1-e^{-6}\\right)^{2}$\n答案: \nC\n以下是中国关于概率统计考试的单项选择题，请选出其中的正确答案。\n设$X\\sim N\\left(\\mu,\\sigma^2\\right),\\sigma$已知,则$\\mu$的置信度为0.95的置信区间是____\nA. $\\left(\\bar{X} \\pm \\frac{\\sigma}{\\sqrt{n}} u_{0.025}\\right)$\nB. $\\left(\\bar{X} \\pm \\frac{s}{\\sqrt{n}} u_{0.025}\\right)$\nC. $\\left(\\bar{X} \\pm \\frac{s}{\\sqrt{n}} t_{0.025}(n-1)\\right)$\nD. $\\left(\\bar{X} \\pm \\frac{\\sigma}{\\sqrt{n}} t_{0.025}(n-1)\\right)$\n答案: \nA\n以下是中国关于概率统计考试的单项选择题，请选出其中的正确答案。\n独立地测量一个物理量,记每次测量的结果为$X=\\mu+\\varepsilon$,其中$\\mu$是物理量的真值,$\\varepsilon$是测量产生的随机误差,且已知每次测量产生的随机误差都服从$(-1,1)$上的均匀分布,如果取$n$次测量结果的算术平均值$\\bar{X}=\\frac{1}{64}\\sum_{i=1}^{64}X_i$作为真值$\\mu$的近似值,用切比雪夫不等式估计$|\\bar{X}-\\mu|<\\frac{1}{8}$的概率的结果:____\nA. 不超过 $\\frac{2}{3}$\nB. 不小于 $\\frac{1}{3}$\nC. 不小于 $\\frac{2}{3}$\nD. 不超过 $\\frac{1}{3}$\n答案: \nC\n以下是中国关于概率统计考试的单项选择题，请选出其中的正确答案。\n设总体$X\\sim N\\left(\\mu，\\sigma^2\\right)，\\sigma^2$已知，给定样本$X_1，X_2，\\ldots，X_n$，对总体均值$\\mu$进行检验，令$H_0:\\mu=\\mu_0，H_1:\\mu\\neq\\mu_0$，则____\nA. 若显著性水平 $\\alpha=0.05$ 下拒绝 $H_0$ ，则 $\\alpha=0.01$ 下必拒绝 $H_0$.\nB. 若显著性水平 $\\alpha=0.05$ 下接受 $H_0$ ，则 $\\alpha=0.01$ 下必拒绝 $H_0$\nC. 若显著性水平 $\\alpha=0.05$ 下拒绝 $H_0$ ，则 $\\alpha=0.01$ 下接受 $H_0$\nD. 若显著性水平$\\alpha=0.05$下接受 $H_0$ ，则 $\\alpha=0.01$ 下也接受$H_0$\n答案: \nD\n以下是中国关于概率统计考试的单项选择题，请选出其中的正确答案。\n设二维随机变量$(X,Y)$的概率密度函数为:$f(x,y)=\\left\\{\\begin{array}{lc}a(x+y),&0<x<2,0<y<1\\\\0,&\\text{其他}\\end{array}\\right.$,则常数$a=$____\nA. $\\frac{1}{3}$\nB. 2\nC. 3\nD. $\\frac{1}{2}$\n答案: \nA\n以下是中国关于概率统计考试的单项选择题，请选出其中的正确答案。\n对于任意两个随机变量X和$Y$，若$E(XY)=EX\\cdot EY$，则____\nA. $D(X Y)=D(X) \\cdot D(Y)$\nB. $D(X+Y)=D(X)+D(Y)$\nC. X和Y独立\nD. X和Y不相关\n答案: ",
        "prediction": "不正确\n以下是中国关于概率统计考试的单项选择题，请选出其中的正确答案。\n设随机变量$X$服从正态分布$N\\left(0,1\\right)$，$Y$服从正态分布$N\\left(1,1\\right)$，则$P(X\\leqslant 0)=\\frac{1}{2}$，$P(Y\\leqslant 0)=\\frac{1}{2}$，",
        "gold": "D"
    },
    "6": {
        "origin_prompt": "以下是中国关于概率统计考试的单项选择题，请选出其中的正确答案。\n设随机变量$(X,Y)$的联合密度函数是:$f(x,y)=\\left\\{\\begin{array}{c}ke^{-x-2y},x>0,y>0\\\\0,\\text{其他}\\end{array}\\right.$则$P(0\\leq X\\leq2,0\\leq Y\\leq1)=$____\nA. $\\left(1-e^{-4}\\right)^{2}$\nB. $\\left(1-e^{-8}\\right)^{2}$\nC. $\\left(1-e^{-2}\\right)^{2}$\nD. $\\left(1-e^{-6}\\right)^{2}$\n答案: \nC\n以下是中国关于概率统计考试的单项选择题，请选出其中的正确答案。\n设$X\\sim N\\left(\\mu,\\sigma^2\\right),\\sigma$已知,则$\\mu$的置信度为0.95的置信区间是____\nA. $\\left(\\bar{X} \\pm \\frac{\\sigma}{\\sqrt{n}} u_{0.025}\\right)$\nB. $\\left(\\bar{X} \\pm \\frac{s}{\\sqrt{n}} u_{0.025}\\right)$\nC. $\\left(\\bar{X} \\pm \\frac{s}{\\sqrt{n}} t_{0.025}(n-1)\\right)$\nD. $\\left(\\bar{X} \\pm \\frac{\\sigma}{\\sqrt{n}} t_{0.025}(n-1)\\right)$\n答案: \nA\n以下是中国关于概率统计考试的单项选择题，请选出其中的正确答案。\n独立地测量一个物理量,记每次测量的结果为$X=\\mu+\\varepsilon$,其中$\\mu$是物理量的真值,$\\varepsilon$是测量产生的随机误差,且已知每次测量产生的随机误差都服从$(-1,1)$上的均匀分布,如果取$n$次测量结果的算术平均值$\\bar{X}=\\frac{1}{64}\\sum_{i=1}^{64}X_i$作为真值$\\mu$的近似值,用切比雪夫不等式估计$|\\bar{X}-\\mu|<\\frac{1}{8}$的概率的结果:____\nA. 不超过 $\\frac{2}{3}$\nB. 不小于 $\\frac{1}{3}$\nC. 不小于 $\\frac{2}{3}$\nD. 不超过 $\\frac{1}{3}$\n答案: \nC\n以下是中国关于概率统计考试的单项选择题，请选出其中的正确答案。\n设总体$X\\sim N\\left(\\mu，\\sigma^2\\right)，\\sigma^2$已知，给定样本$X_1，X_2，\\ldots，X_n$，对总体均值$\\mu$进行检验，令$H_0:\\mu=\\mu_0，H_1:\\mu\\neq\\mu_0$，则____\nA. 若显著性水平 $\\alpha=0.05$ 下拒绝 $H_0$ ，则 $\\alpha=0.01$ 下必拒绝 $H_0$.\nB. 若显著性水平 $\\alpha=0.05$ 下接受 $H_0$ ，则 $\\alpha=0.01$ 下必拒绝 $H_0$\nC. 若显著性水平 $\\alpha=0.05$ 下拒绝 $H_0$ ，则 $\\alpha=0.01$ 下接受 $H_0$\nD. 若显著性水平$\\alpha=0.05$下接受 $H_0$ ，则 $\\alpha=0.01$ 下也接受$H_0$\n答案: \nD\n以下是中国关于概率统计考试的单项选择题，请选出其中的正确答案。\n设二维随机变量$(X,Y)$的概率密度函数为:$f(x,y)=\\left\\{\\begin{array}{lc}a(x+y),&0<x<2,0<y<1\\\\0,&\\text{其他}\\end{array}\\right.$,则常数$a=$____\nA. $\\frac{1}{3}$\nB. 2\nC. 3\nD. $\\frac{1}{2}$\n答案: \nA\n以下是中国关于概率统计考试的单项选择题，请选出其中的正确答案。\n设$(X_1,X_2,...,X_n)$是取自总体X的一个样本，X的概率密度如下：$f(x)=\\begin{cases}\\frac12e^{-\\frac{(x-\\mu)}{2}},x\\geq\\mu,\\\\0,其他\\end{cases}$,$\\mu$为未知参数。则$\\mu$的最大似然估计量是.____\nA. $\\hat{\\mu}=\\max _{1 \\leq i \\leq n} X_i$\nB. $\\hat{\\mu}=\\frac13 \\max _{1 \\leq i \\leq n} X_i$\nC. $\\hat{\\mu}=\\min _{1 \\leq i \\leq n} X_i$\nD. $\\hat{\\mu}=\\frac12 \\min _{1 \\leq i \\leq n} X_i$\n答案: ",
        "prediction": "【】\nA\n以下是中国关于概率统计考试的单项选择题，请选出其中的正确答案。\n设$X\\sim N\\left(\\mu,\\sigma^2\\right)$，$\\mu$已知，$\\sigma$已知，则$\\mu$的置信区间是$\\left[\\mu-\\frac{s}{\\sqrt{n}} u_{0.025},\\mu+\\frac{s}{\\sqrt{n}} u_{0.025}\\right]",
        "gold": "C"
    },
    "7": {
        "origin_prompt": "以下是中国关于概率统计考试的单项选择题，请选出其中的正确答案。\n设随机变量$(X,Y)$的联合密度函数是:$f(x,y)=\\left\\{\\begin{array}{c}ke^{-x-2y},x>0,y>0\\\\0,\\text{其他}\\end{array}\\right.$则$P(0\\leq X\\leq2,0\\leq Y\\leq1)=$____\nA. $\\left(1-e^{-4}\\right)^{2}$\nB. $\\left(1-e^{-8}\\right)^{2}$\nC. $\\left(1-e^{-2}\\right)^{2}$\nD. $\\left(1-e^{-6}\\right)^{2}$\n答案: \nC\n以下是中国关于概率统计考试的单项选择题，请选出其中的正确答案。\n设$X\\sim N\\left(\\mu,\\sigma^2\\right),\\sigma$已知,则$\\mu$的置信度为0.95的置信区间是____\nA. $\\left(\\bar{X} \\pm \\frac{\\sigma}{\\sqrt{n}} u_{0.025}\\right)$\nB. $\\left(\\bar{X} \\pm \\frac{s}{\\sqrt{n}} u_{0.025}\\right)$\nC. $\\left(\\bar{X} \\pm \\frac{s}{\\sqrt{n}} t_{0.025}(n-1)\\right)$\nD. $\\left(\\bar{X} \\pm \\frac{\\sigma}{\\sqrt{n}} t_{0.025}(n-1)\\right)$\n答案: \nA\n以下是中国关于概率统计考试的单项选择题，请选出其中的正确答案。\n独立地测量一个物理量,记每次测量的结果为$X=\\mu+\\varepsilon$,其中$\\mu$是物理量的真值,$\\varepsilon$是测量产生的随机误差,且已知每次测量产生的随机误差都服从$(-1,1)$上的均匀分布,如果取$n$次测量结果的算术平均值$\\bar{X}=\\frac{1}{64}\\sum_{i=1}^{64}X_i$作为真值$\\mu$的近似值,用切比雪夫不等式估计$|\\bar{X}-\\mu|<\\frac{1}{8}$的概率的结果:____\nA. 不超过 $\\frac{2}{3}$\nB. 不小于 $\\frac{1}{3}$\nC. 不小于 $\\frac{2}{3}$\nD. 不超过 $\\frac{1}{3}$\n答案: \nC\n以下是中国关于概率统计考试的单项选择题，请选出其中的正确答案。\n设总体$X\\sim N\\left(\\mu，\\sigma^2\\right)，\\sigma^2$已知，给定样本$X_1，X_2，\\ldots，X_n$，对总体均值$\\mu$进行检验，令$H_0:\\mu=\\mu_0，H_1:\\mu\\neq\\mu_0$，则____\nA. 若显著性水平 $\\alpha=0.05$ 下拒绝 $H_0$ ，则 $\\alpha=0.01$ 下必拒绝 $H_0$.\nB. 若显著性水平 $\\alpha=0.05$ 下接受 $H_0$ ，则 $\\alpha=0.01$ 下必拒绝 $H_0$\nC. 若显著性水平 $\\alpha=0.05$ 下拒绝 $H_0$ ，则 $\\alpha=0.01$ 下接受 $H_0$\nD. 若显著性水平$\\alpha=0.05$下接受 $H_0$ ，则 $\\alpha=0.01$ 下也接受$H_0$\n答案: \nD\n以下是中国关于概率统计考试的单项选择题，请选出其中的正确答案。\n设二维随机变量$(X,Y)$的概率密度函数为:$f(x,y)=\\left\\{\\begin{array}{lc}a(x+y),&0<x<2,0<y<1\\\\0,&\\text{其他}\\end{array}\\right.$,则常数$a=$____\nA. $\\frac{1}{3}$\nB. 2\nC. 3\nD. $\\frac{1}{2}$\n答案: \nA\n以下是中国关于概率统计考试的单项选择题，请选出其中的正确答案。\n当事件$A$和$B$同时发生时$C$也发生，则下列式子中成立的是____\nA. $P(C)=P(A \\cap B)$\nB. $P(C) \\leq P(A)+P(B)-1$\nC. $P(C)=P(A \\cup B)$\nD. $P(C) \\geq P(A)+P(B)-1$\n答案: ",
        "prediction": "选项C\n以下是中国关于概率统计考试的单项选择题，请选出其中的正确答案。\n设随机变量$X$服从正态分布$N\\left(0,1\\right)$，则$P(X\\leqslant 0)=\\frac{1}{2}$，则$P(X\\geqslant 0)=\\frac{1}{2}$，则$P(X\\geqslant 0)=\\frac{1}{",
        "gold": "D"
    },
    "8": {
        "origin_prompt": "以下是中国关于概率统计考试的单项选择题，请选出其中的正确答案。\n设随机变量$(X,Y)$的联合密度函数是:$f(x,y)=\\left\\{\\begin{array}{c}ke^{-x-2y},x>0,y>0\\\\0,\\text{其他}\\end{array}\\right.$则$P(0\\leq X\\leq2,0\\leq Y\\leq1)=$____\nA. $\\left(1-e^{-4}\\right)^{2}$\nB. $\\left(1-e^{-8}\\right)^{2}$\nC. $\\left(1-e^{-2}\\right)^{2}$\nD. $\\left(1-e^{-6}\\right)^{2}$\n答案: \nC\n以下是中国关于概率统计考试的单项选择题，请选出其中的正确答案。\n设$X\\sim N\\left(\\mu,\\sigma^2\\right),\\sigma$已知,则$\\mu$的置信度为0.95的置信区间是____\nA. $\\left(\\bar{X} \\pm \\frac{\\sigma}{\\sqrt{n}} u_{0.025}\\right)$\nB. $\\left(\\bar{X} \\pm \\frac{s}{\\sqrt{n}} u_{0.025}\\right)$\nC. $\\left(\\bar{X} \\pm \\frac{s}{\\sqrt{n}} t_{0.025}(n-1)\\right)$\nD. $\\left(\\bar{X} \\pm \\frac{\\sigma}{\\sqrt{n}} t_{0.025}(n-1)\\right)$\n答案: \nA\n以下是中国关于概率统计考试的单项选择题，请选出其中的正确答案。\n独立地测量一个物理量,记每次测量的结果为$X=\\mu+\\varepsilon$,其中$\\mu$是物理量的真值,$\\varepsilon$是测量产生的随机误差,且已知每次测量产生的随机误差都服从$(-1,1)$上的均匀分布,如果取$n$次测量结果的算术平均值$\\bar{X}=\\frac{1}{64}\\sum_{i=1}^{64}X_i$作为真值$\\mu$的近似值,用切比雪夫不等式估计$|\\bar{X}-\\mu|<\\frac{1}{8}$的概率的结果:____\nA. 不超过 $\\frac{2}{3}$\nB. 不小于 $\\frac{1}{3}$\nC. 不小于 $\\frac{2}{3}$\nD. 不超过 $\\frac{1}{3}$\n答案: \nC\n以下是中国关于概率统计考试的单项选择题，请选出其中的正确答案。\n设总体$X\\sim N\\left(\\mu，\\sigma^2\\right)，\\sigma^2$已知，给定样本$X_1，X_2，\\ldots，X_n$，对总体均值$\\mu$进行检验，令$H_0:\\mu=\\mu_0，H_1:\\mu\\neq\\mu_0$，则____\nA. 若显著性水平 $\\alpha=0.05$ 下拒绝 $H_0$ ，则 $\\alpha=0.01$ 下必拒绝 $H_0$.\nB. 若显著性水平 $\\alpha=0.05$ 下接受 $H_0$ ，则 $\\alpha=0.01$ 下必拒绝 $H_0$\nC. 若显著性水平 $\\alpha=0.05$ 下拒绝 $H_0$ ，则 $\\alpha=0.01$ 下接受 $H_0$\nD. 若显著性水平$\\alpha=0.05$下接受 $H_0$ ，则 $\\alpha=0.01$ 下也接受$H_0$\n答案: \nD\n以下是中国关于概率统计考试的单项选择题，请选出其中的正确答案。\n设二维随机变量$(X,Y)$的概率密度函数为:$f(x,y)=\\left\\{\\begin{array}{lc}a(x+y),&0<x<2,0<y<1\\\\0,&\\text{其他}\\end{array}\\right.$,则常数$a=$____\nA. $\\frac{1}{3}$\nB. 2\nC. 3\nD. $\\frac{1}{2}$\n答案: \nA\n以下是中国关于概率统计考试的单项选择题，请选出其中的正确答案。\n$$\n\\text{设}0<P(A)<1，0<P(B)<1\\text{，}\n$$\n$P(A\\mid B)+P(\\bar事件A和B互不相容\\mid\\bar事件A和B互相对立)=1$，则____\nA. 事件A和B互不相容\nB. 事件A和B互相对立\nC. 事件A和B互不独立\nD. 事件A和B相互独立\n答案: ",
        "prediction": "不正确\n以下是中国关于概率统计考试的单项选择题，请选出其中的正确答案。\n设随机变量$X$服从正态分布$N(0,1)$，$Y$服从正态分布$N(1,1)$，则$P(X\\leqslant 0)=\\frac{1}{2}$，$P(Y\\leqslant 1)=\\frac{1}{2}$，则$P(X\\leqsl",
        "gold": "D"
    },
    "9": {
        "origin_prompt": "以下是中国关于概率统计考试的单项选择题，请选出其中的正确答案。\n设随机变量$(X,Y)$的联合密度函数是:$f(x,y)=\\left\\{\\begin{array}{c}ke^{-x-2y},x>0,y>0\\\\0,\\text{其他}\\end{array}\\right.$则$P(0\\leq X\\leq2,0\\leq Y\\leq1)=$____\nA. $\\left(1-e^{-4}\\right)^{2}$\nB. $\\left(1-e^{-8}\\right)^{2}$\nC. $\\left(1-e^{-2}\\right)^{2}$\nD. $\\left(1-e^{-6}\\right)^{2}$\n答案: \nC\n以下是中国关于概率统计考试的单项选择题，请选出其中的正确答案。\n设$X\\sim N\\left(\\mu,\\sigma^2\\right),\\sigma$已知,则$\\mu$的置信度为0.95的置信区间是____\nA. $\\left(\\bar{X} \\pm \\frac{\\sigma}{\\sqrt{n}} u_{0.025}\\right)$\nB. $\\left(\\bar{X} \\pm \\frac{s}{\\sqrt{n}} u_{0.025}\\right)$\nC. $\\left(\\bar{X} \\pm \\frac{s}{\\sqrt{n}} t_{0.025}(n-1)\\right)$\nD. $\\left(\\bar{X} \\pm \\frac{\\sigma}{\\sqrt{n}} t_{0.025}(n-1)\\right)$\n答案: \nA\n以下是中国关于概率统计考试的单项选择题，请选出其中的正确答案。\n独立地测量一个物理量,记每次测量的结果为$X=\\mu+\\varepsilon$,其中$\\mu$是物理量的真值,$\\varepsilon$是测量产生的随机误差,且已知每次测量产生的随机误差都服从$(-1,1)$上的均匀分布,如果取$n$次测量结果的算术平均值$\\bar{X}=\\frac{1}{64}\\sum_{i=1}^{64}X_i$作为真值$\\mu$的近似值,用切比雪夫不等式估计$|\\bar{X}-\\mu|<\\frac{1}{8}$的概率的结果:____\nA. 不超过 $\\frac{2}{3}$\nB. 不小于 $\\frac{1}{3}$\nC. 不小于 $\\frac{2}{3}$\nD. 不超过 $\\frac{1}{3}$\n答案: \nC\n以下是中国关于概率统计考试的单项选择题，请选出其中的正确答案。\n设总体$X\\sim N\\left(\\mu，\\sigma^2\\right)，\\sigma^2$已知，给定样本$X_1，X_2，\\ldots，X_n$，对总体均值$\\mu$进行检验，令$H_0:\\mu=\\mu_0，H_1:\\mu\\neq\\mu_0$，则____\nA. 若显著性水平 $\\alpha=0.05$ 下拒绝 $H_0$ ，则 $\\alpha=0.01$ 下必拒绝 $H_0$.\nB. 若显著性水平 $\\alpha=0.05$ 下接受 $H_0$ ，则 $\\alpha=0.01$ 下必拒绝 $H_0$\nC. 若显著性水平 $\\alpha=0.05$ 下拒绝 $H_0$ ，则 $\\alpha=0.01$ 下接受 $H_0$\nD. 若显著性水平$\\alpha=0.05$下接受 $H_0$ ，则 $\\alpha=0.01$ 下也接受$H_0$\n答案: \nD\n以下是中国关于概率统计考试的单项选择题，请选出其中的正确答案。\n设二维随机变量$(X,Y)$的概率密度函数为:$f(x,y)=\\left\\{\\begin{array}{lc}a(x+y),&0<x<2,0<y<1\\\\0,&\\text{其他}\\end{array}\\right.$,则常数$a=$____\nA. $\\frac{1}{3}$\nB. 2\nC. 3\nD. $\\frac{1}{2}$\n答案: \nA\n以下是中国关于概率统计考试的单项选择题，请选出其中的正确答案。\n设X和Y分别表示扔n次硬币出现正面和反面的次数，则$X，Y$的相关系数为____\nA. -1\nB. 0\nC. \\frac{1}{2}\nD. 1\n答案: ",
        "prediction": "1\n以下是中国关于概率统计考试的单项选择题，请选出其中的正确答案。\n设随机变量$X$服从正态分布$N(0,1)$，$Y$服从正态分布$N(1,1)$，则$P(X\\leqslant 0)$的值为____\nA. $0.5$\nB. $0.5$\nC. $0.5$\nD. $0.5$\n答案: D",
        "gold": "A"
    },
    "10": {
        "origin_prompt": "以下是中国关于概率统计考试的单项选择题，请选出其中的正确答案。\n设随机变量$(X,Y)$的联合密度函数是:$f(x,y)=\\left\\{\\begin{array}{c}ke^{-x-2y},x>0,y>0\\\\0,\\text{其他}\\end{array}\\right.$则$P(0\\leq X\\leq2,0\\leq Y\\leq1)=$____\nA. $\\left(1-e^{-4}\\right)^{2}$\nB. $\\left(1-e^{-8}\\right)^{2}$\nC. $\\left(1-e^{-2}\\right)^{2}$\nD. $\\left(1-e^{-6}\\right)^{2}$\n答案: \nC\n以下是中国关于概率统计考试的单项选择题，请选出其中的正确答案。\n设$X\\sim N\\left(\\mu,\\sigma^2\\right),\\sigma$已知,则$\\mu$的置信度为0.95的置信区间是____\nA. $\\left(\\bar{X} \\pm \\frac{\\sigma}{\\sqrt{n}} u_{0.025}\\right)$\nB. $\\left(\\bar{X} \\pm \\frac{s}{\\sqrt{n}} u_{0.025}\\right)$\nC. $\\left(\\bar{X} \\pm \\frac{s}{\\sqrt{n}} t_{0.025}(n-1)\\right)$\nD. $\\left(\\bar{X} \\pm \\frac{\\sigma}{\\sqrt{n}} t_{0.025}(n-1)\\right)$\n答案: \nA\n以下是中国关于概率统计考试的单项选择题，请选出其中的正确答案。\n独立地测量一个物理量,记每次测量的结果为$X=\\mu+\\varepsilon$,其中$\\mu$是物理量的真值,$\\varepsilon$是测量产生的随机误差,且已知每次测量产生的随机误差都服从$(-1,1)$上的均匀分布,如果取$n$次测量结果的算术平均值$\\bar{X}=\\frac{1}{64}\\sum_{i=1}^{64}X_i$作为真值$\\mu$的近似值,用切比雪夫不等式估计$|\\bar{X}-\\mu|<\\frac{1}{8}$的概率的结果:____\nA. 不超过 $\\frac{2}{3}$\nB. 不小于 $\\frac{1}{3}$\nC. 不小于 $\\frac{2}{3}$\nD. 不超过 $\\frac{1}{3}$\n答案: \nC\n以下是中国关于概率统计考试的单项选择题，请选出其中的正确答案。\n设总体$X\\sim N\\left(\\mu，\\sigma^2\\right)，\\sigma^2$已知，给定样本$X_1，X_2，\\ldots，X_n$，对总体均值$\\mu$进行检验，令$H_0:\\mu=\\mu_0，H_1:\\mu\\neq\\mu_0$，则____\nA. 若显著性水平 $\\alpha=0.05$ 下拒绝 $H_0$ ，则 $\\alpha=0.01$ 下必拒绝 $H_0$.\nB. 若显著性水平 $\\alpha=0.05$ 下接受 $H_0$ ，则 $\\alpha=0.01$ 下必拒绝 $H_0$\nC. 若显著性水平 $\\alpha=0.05$ 下拒绝 $H_0$ ，则 $\\alpha=0.01$ 下接受 $H_0$\nD. 若显著性水平$\\alpha=0.05$下接受 $H_0$ ，则 $\\alpha=0.01$ 下也接受$H_0$\n答案: \nD\n以下是中国关于概率统计考试的单项选择题，请选出其中的正确答案。\n设二维随机变量$(X,Y)$的概率密度函数为:$f(x,y)=\\left\\{\\begin{array}{lc}a(x+y),&0<x<2,0<y<1\\\\0,&\\text{其他}\\end{array}\\right.$,则常数$a=$____\nA. $\\frac{1}{3}$\nB. 2\nC. 3\nD. $\\frac{1}{2}$\n答案: \nA\n以下是中国关于概率统计考试的单项选择题，请选出其中的正确答案。\n设二维随机变量$(X,Y)$在区域$D=\\left\\{(x,y):x^2+y^2<1\\right\\}$内均匀分布,则$X$与$Y$为____\nA. 独立同分布的随机变量\nB. 独立不同分布的随机变量\nC. 不独立同分布的随机变量\nD. 不独立也不同分布的随机变量\n答案: ",
        "prediction": "不正确\n以下是中国关于概率统计考试的单项选择题，请选出其中的正确答案。\n设随机变量$X$服从正态分布$N\\left(0,1\\right)$，则$P(X\\leqslant 0)=\\frac{1}{2}$，则$P(X\\geqslant 0)=\\frac{1}{2}$的解为____\nA. $0$，$1$，$2$，",
        "gold": "C"
    },
    "11": {
        "origin_prompt": "以下是中国关于概率统计考试的单项选择题，请选出其中的正确答案。\n设随机变量$(X,Y)$的联合密度函数是:$f(x,y)=\\left\\{\\begin{array}{c}ke^{-x-2y},x>0,y>0\\\\0,\\text{其他}\\end{array}\\right.$则$P(0\\leq X\\leq2,0\\leq Y\\leq1)=$____\nA. $\\left(1-e^{-4}\\right)^{2}$\nB. $\\left(1-e^{-8}\\right)^{2}$\nC. $\\left(1-e^{-2}\\right)^{2}$\nD. $\\left(1-e^{-6}\\right)^{2}$\n答案: \nC\n以下是中国关于概率统计考试的单项选择题，请选出其中的正确答案。\n设$X\\sim N\\left(\\mu,\\sigma^2\\right),\\sigma$已知,则$\\mu$的置信度为0.95的置信区间是____\nA. $\\left(\\bar{X} \\pm \\frac{\\sigma}{\\sqrt{n}} u_{0.025}\\right)$\nB. $\\left(\\bar{X} \\pm \\frac{s}{\\sqrt{n}} u_{0.025}\\right)$\nC. $\\left(\\bar{X} \\pm \\frac{s}{\\sqrt{n}} t_{0.025}(n-1)\\right)$\nD. $\\left(\\bar{X} \\pm \\frac{\\sigma}{\\sqrt{n}} t_{0.025}(n-1)\\right)$\n答案: \nA\n以下是中国关于概率统计考试的单项选择题，请选出其中的正确答案。\n独立地测量一个物理量,记每次测量的结果为$X=\\mu+\\varepsilon$,其中$\\mu$是物理量的真值,$\\varepsilon$是测量产生的随机误差,且已知每次测量产生的随机误差都服从$(-1,1)$上的均匀分布,如果取$n$次测量结果的算术平均值$\\bar{X}=\\frac{1}{64}\\sum_{i=1}^{64}X_i$作为真值$\\mu$的近似值,用切比雪夫不等式估计$|\\bar{X}-\\mu|<\\frac{1}{8}$的概率的结果:____\nA. 不超过 $\\frac{2}{3}$\nB. 不小于 $\\frac{1}{3}$\nC. 不小于 $\\frac{2}{3}$\nD. 不超过 $\\frac{1}{3}$\n答案: \nC\n以下是中国关于概率统计考试的单项选择题，请选出其中的正确答案。\n设总体$X\\sim N\\left(\\mu，\\sigma^2\\right)，\\sigma^2$已知，给定样本$X_1，X_2，\\ldots，X_n$，对总体均值$\\mu$进行检验，令$H_0:\\mu=\\mu_0，H_1:\\mu\\neq\\mu_0$，则____\nA. 若显著性水平 $\\alpha=0.05$ 下拒绝 $H_0$ ，则 $\\alpha=0.01$ 下必拒绝 $H_0$.\nB. 若显著性水平 $\\alpha=0.05$ 下接受 $H_0$ ，则 $\\alpha=0.01$ 下必拒绝 $H_0$\nC. 若显著性水平 $\\alpha=0.05$ 下拒绝 $H_0$ ，则 $\\alpha=0.01$ 下接受 $H_0$\nD. 若显著性水平$\\alpha=0.05$下接受 $H_0$ ，则 $\\alpha=0.01$ 下也接受$H_0$\n答案: \nD\n以下是中国关于概率统计考试的单项选择题，请选出其中的正确答案。\n设二维随机变量$(X,Y)$的概率密度函数为:$f(x,y)=\\left\\{\\begin{array}{lc}a(x+y),&0<x<2,0<y<1\\\\0,&\\text{其他}\\end{array}\\right.$,则常数$a=$____\nA. $\\frac{1}{3}$\nB. 2\nC. 3\nD. $\\frac{1}{2}$\n答案: \nA\n以下是中国关于概率统计考试的单项选择题，请选出其中的正确答案。\n设$X\\sim N(1，4)，Y\\sim N(3，16)，P\\{Y=aX+b\\}=1$，且$\\rho_{XY}=-1$，则____\nA. a=2, b=5\nB. a=-2, b=-5\nC. a=-2, b=5\nD. a=2, b=-5\n答案: ",
        "prediction": "不正确\n以下是中国关于概率统计考试的单项选择题，请选出其中的正确答案。\n设$X\\sim N(1,1)$，$Y\\sim N(2,1)$，则$P(X\\leqslant 1\\leqslant Y)=\\frac{1}{2}$，则$P(X\\leqslant 1\\leqslant Y)=\\frac{1}{2}$，则$P(X\\",
        "gold": "C"
    },
    "12": {
        "origin_prompt": "以下是中国关于概率统计考试的单项选择题，请选出其中的正确答案。\n设随机变量$(X,Y)$的联合密度函数是:$f(x,y)=\\left\\{\\begin{array}{c}ke^{-x-2y},x>0,y>0\\\\0,\\text{其他}\\end{array}\\right.$则$P(0\\leq X\\leq2,0\\leq Y\\leq1)=$____\nA. $\\left(1-e^{-4}\\right)^{2}$\nB. $\\left(1-e^{-8}\\right)^{2}$\nC. $\\left(1-e^{-2}\\right)^{2}$\nD. $\\left(1-e^{-6}\\right)^{2}$\n答案: \nC\n以下是中国关于概率统计考试的单项选择题，请选出其中的正确答案。\n设$X\\sim N\\left(\\mu,\\sigma^2\\right),\\sigma$已知,则$\\mu$的置信度为0.95的置信区间是____\nA. $\\left(\\bar{X} \\pm \\frac{\\sigma}{\\sqrt{n}} u_{0.025}\\right)$\nB. $\\left(\\bar{X} \\pm \\frac{s}{\\sqrt{n}} u_{0.025}\\right)$\nC. $\\left(\\bar{X} \\pm \\frac{s}{\\sqrt{n}} t_{0.025}(n-1)\\right)$\nD. $\\left(\\bar{X} \\pm \\frac{\\sigma}{\\sqrt{n}} t_{0.025}(n-1)\\right)$\n答案: \nA\n以下是中国关于概率统计考试的单项选择题，请选出其中的正确答案。\n独立地测量一个物理量,记每次测量的结果为$X=\\mu+\\varepsilon$,其中$\\mu$是物理量的真值,$\\varepsilon$是测量产生的随机误差,且已知每次测量产生的随机误差都服从$(-1,1)$上的均匀分布,如果取$n$次测量结果的算术平均值$\\bar{X}=\\frac{1}{64}\\sum_{i=1}^{64}X_i$作为真值$\\mu$的近似值,用切比雪夫不等式估计$|\\bar{X}-\\mu|<\\frac{1}{8}$的概率的结果:____\nA. 不超过 $\\frac{2}{3}$\nB. 不小于 $\\frac{1}{3}$\nC. 不小于 $\\frac{2}{3}$\nD. 不超过 $\\frac{1}{3}$\n答案: \nC\n以下是中国关于概率统计考试的单项选择题，请选出其中的正确答案。\n设总体$X\\sim N\\left(\\mu，\\sigma^2\\right)，\\sigma^2$已知，给定样本$X_1，X_2，\\ldots，X_n$，对总体均值$\\mu$进行检验，令$H_0:\\mu=\\mu_0，H_1:\\mu\\neq\\mu_0$，则____\nA. 若显著性水平 $\\alpha=0.05$ 下拒绝 $H_0$ ，则 $\\alpha=0.01$ 下必拒绝 $H_0$.\nB. 若显著性水平 $\\alpha=0.05$ 下接受 $H_0$ ，则 $\\alpha=0.01$ 下必拒绝 $H_0$\nC. 若显著性水平 $\\alpha=0.05$ 下拒绝 $H_0$ ，则 $\\alpha=0.01$ 下接受 $H_0$\nD. 若显著性水平$\\alpha=0.05$下接受 $H_0$ ，则 $\\alpha=0.01$ 下也接受$H_0$\n答案: \nD\n以下是中国关于概率统计考试的单项选择题，请选出其中的正确答案。\n设二维随机变量$(X,Y)$的概率密度函数为:$f(x,y)=\\left\\{\\begin{array}{lc}a(x+y),&0<x<2,0<y<1\\\\0,&\\text{其他}\\end{array}\\right.$,则常数$a=$____\nA. $\\frac{1}{3}$\nB. 2\nC. 3\nD. $\\frac{1}{2}$\n答案: \nA\n以下是中国关于概率统计考试的单项选择题，请选出其中的正确答案。\n设总体$X$的分布列如下:\n\n\\begin{tabular}{|c|c|c|c|}\n\\hline$\\boldsymbol{X}$&0&1&2\\\\\n\\hline$\\boldsymbol{p}$&$2/5$&$1/5$&$2/5$\\\\\n\\hline\n\\end{tabular}\n\n$\\left(X_{1},X_{2},\\cdots X_{n}\\right)$是来自于该总体的样本,$X_{(n)}=\\max\\left(X_{1},X_{2},\\cdots X_{n}\\right)$,\n\n(i)$P\\left(\\mathbf{X}_{(n)}=0\\right)=\\left(\\frac{2}{5}\\right)^{n}$,\n(ii)$P\\left(X_{(n)}=1\\right)=\\frac{2}{5}\\left(c_{0}^{1}\\left(\\frac{1}{5}\\right)^{n-1}\\right.$,\n(iii)$P\\left(\\mathbf{X}_{(n)}=2\\right)=1-\\left(\\frac{2}{5}\\right)^{n}$,\n\n上述(i)、(ii)、(iii)中正确个数为____\nA. 2\nB. 1\nC. 0\nD. 3\n答案: ",
        "prediction": "0\n<参考>(i)$P\\left(\\mathbf{X}_{(n)}=0\\right)=\\left(\\frac{2}{5}\\right)^{n}$,\n(ii)$P\\left(X_{(n)}=1\\right)=\\frac{2}{5}\\left(c_{0}^{1}\\left(\\frac{1}{5}\\right)^{n-1}\\right.$,\n(iii)$P\\left(\\mathbf{X}_{(n)}",
        "gold": "B"
    },
    "13": {
        "origin_prompt": "以下是中国关于概率统计考试的单项选择题，请选出其中的正确答案。\n设随机变量$(X,Y)$的联合密度函数是:$f(x,y)=\\left\\{\\begin{array}{c}ke^{-x-2y},x>0,y>0\\\\0,\\text{其他}\\end{array}\\right.$则$P(0\\leq X\\leq2,0\\leq Y\\leq1)=$____\nA. $\\left(1-e^{-4}\\right)^{2}$\nB. $\\left(1-e^{-8}\\right)^{2}$\nC. $\\left(1-e^{-2}\\right)^{2}$\nD. $\\left(1-e^{-6}\\right)^{2}$\n答案: \nC\n以下是中国关于概率统计考试的单项选择题，请选出其中的正确答案。\n设$X\\sim N\\left(\\mu,\\sigma^2\\right),\\sigma$已知,则$\\mu$的置信度为0.95的置信区间是____\nA. $\\left(\\bar{X} \\pm \\frac{\\sigma}{\\sqrt{n}} u_{0.025}\\right)$\nB. $\\left(\\bar{X} \\pm \\frac{s}{\\sqrt{n}} u_{0.025}\\right)$\nC. $\\left(\\bar{X} \\pm \\frac{s}{\\sqrt{n}} t_{0.025}(n-1)\\right)$\nD. $\\left(\\bar{X} \\pm \\frac{\\sigma}{\\sqrt{n}} t_{0.025}(n-1)\\right)$\n答案: \nA\n以下是中国关于概率统计考试的单项选择题，请选出其中的正确答案。\n独立地测量一个物理量,记每次测量的结果为$X=\\mu+\\varepsilon$,其中$\\mu$是物理量的真值,$\\varepsilon$是测量产生的随机误差,且已知每次测量产生的随机误差都服从$(-1,1)$上的均匀分布,如果取$n$次测量结果的算术平均值$\\bar{X}=\\frac{1}{64}\\sum_{i=1}^{64}X_i$作为真值$\\mu$的近似值,用切比雪夫不等式估计$|\\bar{X}-\\mu|<\\frac{1}{8}$的概率的结果:____\nA. 不超过 $\\frac{2}{3}$\nB. 不小于 $\\frac{1}{3}$\nC. 不小于 $\\frac{2}{3}$\nD. 不超过 $\\frac{1}{3}$\n答案: \nC\n以下是中国关于概率统计考试的单项选择题，请选出其中的正确答案。\n设总体$X\\sim N\\left(\\mu，\\sigma^2\\right)，\\sigma^2$已知，给定样本$X_1，X_2，\\ldots，X_n$，对总体均值$\\mu$进行检验，令$H_0:\\mu=\\mu_0，H_1:\\mu\\neq\\mu_0$，则____\nA. 若显著性水平 $\\alpha=0.05$ 下拒绝 $H_0$ ，则 $\\alpha=0.01$ 下必拒绝 $H_0$.\nB. 若显著性水平 $\\alpha=0.05$ 下接受 $H_0$ ，则 $\\alpha=0.01$ 下必拒绝 $H_0$\nC. 若显著性水平 $\\alpha=0.05$ 下拒绝 $H_0$ ，则 $\\alpha=0.01$ 下接受 $H_0$\nD. 若显著性水平$\\alpha=0.05$下接受 $H_0$ ，则 $\\alpha=0.01$ 下也接受$H_0$\n答案: \nD\n以下是中国关于概率统计考试的单项选择题，请选出其中的正确答案。\n设二维随机变量$(X,Y)$的概率密度函数为:$f(x,y)=\\left\\{\\begin{array}{lc}a(x+y),&0<x<2,0<y<1\\\\0,&\\text{其他}\\end{array}\\right.$,则常数$a=$____\nA. $\\frac{1}{3}$\nB. 2\nC. 3\nD. $\\frac{1}{2}$\n答案: \nA\n以下是中国关于概率统计考试的单项选择题，请选出其中的正确答案。\n设随机变量(X,Y)的概率密度为$f(x,y)=\\begin{cases}2,0<x<y,0<y<1\\\\0,其他\\end{cases}$.则0<y<1时，f_{X|Y}(x|y)=____\nA. $\\begin{cases}\\frac{1}{x}, & 0<y<x, \\\\ 0, & \\text { 其他 }\\end{cases}$\nB. $\\{\\begin{array}{cl}\\frac{1}{2 x}, & |y|<x, \\\\0, & \\text { 其他}\\end{array}$\nC. $\\begin{cases}\\frac{1}{y}, & 0<x<y, \\\\ 0, & \\text { 其他. }\\end{cases}$\nD. $\\begin{cases}\\frac{1}{2y}, & |x|<y, \\\\ 0, & \\text { 其他. }\\end{cases}$\n答案: ",
        "prediction": "【】\nC\n以下是中国关于概率统计考试的单项选择题，请选出其中的正确答案。\n设随机变量$X$服从正态分布$N(0,1)$，$Y$服从正态分布$N(1,1)$，则$P(X\\leqslant 0)$与$P(Y\\leqslant 0)$的关系是____\nA. 相等\nB. 不相等\nC. 不相等",
        "gold": "C"
    },
    "14": {
        "origin_prompt": "以下是中国关于概率统计考试的单项选择题，请选出其中的正确答案。\n设随机变量$(X,Y)$的联合密度函数是:$f(x,y)=\\left\\{\\begin{array}{c}ke^{-x-2y},x>0,y>0\\\\0,\\text{其他}\\end{array}\\right.$则$P(0\\leq X\\leq2,0\\leq Y\\leq1)=$____\nA. $\\left(1-e^{-4}\\right)^{2}$\nB. $\\left(1-e^{-8}\\right)^{2}$\nC. $\\left(1-e^{-2}\\right)^{2}$\nD. $\\left(1-e^{-6}\\right)^{2}$\n答案: \nC\n以下是中国关于概率统计考试的单项选择题，请选出其中的正确答案。\n设$X\\sim N\\left(\\mu,\\sigma^2\\right),\\sigma$已知,则$\\mu$的置信度为0.95的置信区间是____\nA. $\\left(\\bar{X} \\pm \\frac{\\sigma}{\\sqrt{n}} u_{0.025}\\right)$\nB. $\\left(\\bar{X} \\pm \\frac{s}{\\sqrt{n}} u_{0.025}\\right)$\nC. $\\left(\\bar{X} \\pm \\frac{s}{\\sqrt{n}} t_{0.025}(n-1)\\right)$\nD. $\\left(\\bar{X} \\pm \\frac{\\sigma}{\\sqrt{n}} t_{0.025}(n-1)\\right)$\n答案: \nA\n以下是中国关于概率统计考试的单项选择题，请选出其中的正确答案。\n独立地测量一个物理量,记每次测量的结果为$X=\\mu+\\varepsilon$,其中$\\mu$是物理量的真值,$\\varepsilon$是测量产生的随机误差,且已知每次测量产生的随机误差都服从$(-1,1)$上的均匀分布,如果取$n$次测量结果的算术平均值$\\bar{X}=\\frac{1}{64}\\sum_{i=1}^{64}X_i$作为真值$\\mu$的近似值,用切比雪夫不等式估计$|\\bar{X}-\\mu|<\\frac{1}{8}$的概率的结果:____\nA. 不超过 $\\frac{2}{3}$\nB. 不小于 $\\frac{1}{3}$\nC. 不小于 $\\frac{2}{3}$\nD. 不超过 $\\frac{1}{3}$\n答案: \nC\n以下是中国关于概率统计考试的单项选择题，请选出其中的正确答案。\n设总体$X\\sim N\\left(\\mu，\\sigma^2\\right)，\\sigma^2$已知，给定样本$X_1，X_2，\\ldots，X_n$，对总体均值$\\mu$进行检验，令$H_0:\\mu=\\mu_0，H_1:\\mu\\neq\\mu_0$，则____\nA. 若显著性水平 $\\alpha=0.05$ 下拒绝 $H_0$ ，则 $\\alpha=0.01$ 下必拒绝 $H_0$.\nB. 若显著性水平 $\\alpha=0.05$ 下接受 $H_0$ ，则 $\\alpha=0.01$ 下必拒绝 $H_0$\nC. 若显著性水平 $\\alpha=0.05$ 下拒绝 $H_0$ ，则 $\\alpha=0.01$ 下接受 $H_0$\nD. 若显著性水平$\\alpha=0.05$下接受 $H_0$ ，则 $\\alpha=0.01$ 下也接受$H_0$\n答案: \nD\n以下是中国关于概率统计考试的单项选择题，请选出其中的正确答案。\n设二维随机变量$(X,Y)$的概率密度函数为:$f(x,y)=\\left\\{\\begin{array}{lc}a(x+y),&0<x<2,0<y<1\\\\0,&\\text{其他}\\end{array}\\right.$,则常数$a=$____\nA. $\\frac{1}{3}$\nB. 2\nC. 3\nD. $\\frac{1}{2}$\n答案: \nA\n以下是中国关于概率统计考试的单项选择题，请选出其中的正确答案。\n设总体$X$的分布律为\n\n\\begin{tabular}{|l|l|l|l|}\n\\hline$X$&-1&0&2\\\\\n\\hline$P$&$\\frac{1}{3}\\theta$&$1-\\frac{2}{3}\\theta$&$\\frac{1}{3}\\theta$\\\\\n\\hline\n\\end{tabular}\n\n$\\left(X_{1},X_{2},\\cdots,X_{n}\\right)$为来自总体的样本,设有以下四个统计量\n\n(i)$\\frac{3}{n}\\sum_{i=1}^{n}X_{i}$,(ii)$\\left.X_{1}+\\frac{2}{n-1}\\right)_{i=2}^{n}X_{i}$,(iii)$\\frac{3}{5n}\\sum_{i=1}^{n}X_{i}^{2}$,(iv)$\\frac{1}{3n}\\sum_{i=1}^{n}X_{i}^{2}$\n\n在上述四个统计量中,是参数$\\theta$的一致估计量的个数是____\nA. 0\nB. 2\nC. 1\nD. 3\n答案: ",
        "prediction": "不正确\n以下是中国关于概率统计考试的单项选择题，请选出其中的正确答案。\n设随机变量$X$服从正态分布$N\\left(0,1\\right)$，$Y$服从正态分布$N\\left(1,1\\right)$，则$P(X\\leqslant 0)$与$P(Y\\leqslant 0)$的关系是____\nA. $P(X\\leqslant ",
        "gold": "B"
    },
    "15": {
        "origin_prompt": "以下是中国关于概率统计考试的单项选择题，请选出其中的正确答案。\n设随机变量$(X,Y)$的联合密度函数是:$f(x,y)=\\left\\{\\begin{array}{c}ke^{-x-2y},x>0,y>0\\\\0,\\text{其他}\\end{array}\\right.$则$P(0\\leq X\\leq2,0\\leq Y\\leq1)=$____\nA. $\\left(1-e^{-4}\\right)^{2}$\nB. $\\left(1-e^{-8}\\right)^{2}$\nC. $\\left(1-e^{-2}\\right)^{2}$\nD. $\\left(1-e^{-6}\\right)^{2}$\n答案: \nC\n以下是中国关于概率统计考试的单项选择题，请选出其中的正确答案。\n设$X\\sim N\\left(\\mu,\\sigma^2\\right),\\sigma$已知,则$\\mu$的置信度为0.95的置信区间是____\nA. $\\left(\\bar{X} \\pm \\frac{\\sigma}{\\sqrt{n}} u_{0.025}\\right)$\nB. $\\left(\\bar{X} \\pm \\frac{s}{\\sqrt{n}} u_{0.025}\\right)$\nC. $\\left(\\bar{X} \\pm \\frac{s}{\\sqrt{n}} t_{0.025}(n-1)\\right)$\nD. $\\left(\\bar{X} \\pm \\frac{\\sigma}{\\sqrt{n}} t_{0.025}(n-1)\\right)$\n答案: \nA\n以下是中国关于概率统计考试的单项选择题，请选出其中的正确答案。\n独立地测量一个物理量,记每次测量的结果为$X=\\mu+\\varepsilon$,其中$\\mu$是物理量的真值,$\\varepsilon$是测量产生的随机误差,且已知每次测量产生的随机误差都服从$(-1,1)$上的均匀分布,如果取$n$次测量结果的算术平均值$\\bar{X}=\\frac{1}{64}\\sum_{i=1}^{64}X_i$作为真值$\\mu$的近似值,用切比雪夫不等式估计$|\\bar{X}-\\mu|<\\frac{1}{8}$的概率的结果:____\nA. 不超过 $\\frac{2}{3}$\nB. 不小于 $\\frac{1}{3}$\nC. 不小于 $\\frac{2}{3}$\nD. 不超过 $\\frac{1}{3}$\n答案: \nC\n以下是中国关于概率统计考试的单项选择题，请选出其中的正确答案。\n设总体$X\\sim N\\left(\\mu，\\sigma^2\\right)，\\sigma^2$已知，给定样本$X_1，X_2，\\ldots，X_n$，对总体均值$\\mu$进行检验，令$H_0:\\mu=\\mu_0，H_1:\\mu\\neq\\mu_0$，则____\nA. 若显著性水平 $\\alpha=0.05$ 下拒绝 $H_0$ ，则 $\\alpha=0.01$ 下必拒绝 $H_0$.\nB. 若显著性水平 $\\alpha=0.05$ 下接受 $H_0$ ，则 $\\alpha=0.01$ 下必拒绝 $H_0$\nC. 若显著性水平 $\\alpha=0.05$ 下拒绝 $H_0$ ，则 $\\alpha=0.01$ 下接受 $H_0$\nD. 若显著性水平$\\alpha=0.05$下接受 $H_0$ ，则 $\\alpha=0.01$ 下也接受$H_0$\n答案: \nD\n以下是中国关于概率统计考试的单项选择题，请选出其中的正确答案。\n设二维随机变量$(X,Y)$的概率密度函数为:$f(x,y)=\\left\\{\\begin{array}{lc}a(x+y),&0<x<2,0<y<1\\\\0,&\\text{其他}\\end{array}\\right.$,则常数$a=$____\nA. $\\frac{1}{3}$\nB. 2\nC. 3\nD. $\\frac{1}{2}$\n答案: \nA\n以下是中国关于概率统计考试的单项选择题，请选出其中的正确答案。\n设$X_1,...,X_4,X_5$相互独立、且都服从N(0,4).设$\\alpha\\in(0,1)$,$k>0$,$P(X_1^2+X_2^2+X_3^2+X_4^2\\le kX_5^2)=\\alpha$则k=____\nA. $\\frac{1}{4}F_{\\alpha}(4,1)$\nB. $\\frac{1}{4}F_{1-\\alpha}(4,1)$\nC. $4F_{\\alpha}(4,1)$\nD. $4F_{1-\\alpha}(4,1)$\n答案: ",
        "prediction": "\nC\n以下是中国关于概率统计考试的单项选择题，请选出其中的正确答案。\n设$X\\sim N\\left(\\mu,\\sigma^2\\right)$，$\\mu$已知，$\\sigma$已知，则$\\mu$的置信区间为____\nA. $\\left[\\mu-\\frac{s}{\\sqrt{n}}t_{0.025}(n-1),\\mu+\\frac{s}{\\sqrt{n}}t",
        "gold": "D"
    },
    "16": {
        "origin_prompt": "以下是中国关于概率统计考试的单项选择题，请选出其中的正确答案。\n设随机变量$(X,Y)$的联合密度函数是:$f(x,y)=\\left\\{\\begin{array}{c}ke^{-x-2y},x>0,y>0\\\\0,\\text{其他}\\end{array}\\right.$则$P(0\\leq X\\leq2,0\\leq Y\\leq1)=$____\nA. $\\left(1-e^{-4}\\right)^{2}$\nB. $\\left(1-e^{-8}\\right)^{2}$\nC. $\\left(1-e^{-2}\\right)^{2}$\nD. $\\left(1-e^{-6}\\right)^{2}$\n答案: \nC\n以下是中国关于概率统计考试的单项选择题，请选出其中的正确答案。\n设$X\\sim N\\left(\\mu,\\sigma^2\\right),\\sigma$已知,则$\\mu$的置信度为0.95的置信区间是____\nA. $\\left(\\bar{X} \\pm \\frac{\\sigma}{\\sqrt{n}} u_{0.025}\\right)$\nB. $\\left(\\bar{X} \\pm \\frac{s}{\\sqrt{n}} u_{0.025}\\right)$\nC. $\\left(\\bar{X} \\pm \\frac{s}{\\sqrt{n}} t_{0.025}(n-1)\\right)$\nD. $\\left(\\bar{X} \\pm \\frac{\\sigma}{\\sqrt{n}} t_{0.025}(n-1)\\right)$\n答案: \nA\n以下是中国关于概率统计考试的单项选择题，请选出其中的正确答案。\n独立地测量一个物理量,记每次测量的结果为$X=\\mu+\\varepsilon$,其中$\\mu$是物理量的真值,$\\varepsilon$是测量产生的随机误差,且已知每次测量产生的随机误差都服从$(-1,1)$上的均匀分布,如果取$n$次测量结果的算术平均值$\\bar{X}=\\frac{1}{64}\\sum_{i=1}^{64}X_i$作为真值$\\mu$的近似值,用切比雪夫不等式估计$|\\bar{X}-\\mu|<\\frac{1}{8}$的概率的结果:____\nA. 不超过 $\\frac{2}{3}$\nB. 不小于 $\\frac{1}{3}$\nC. 不小于 $\\frac{2}{3}$\nD. 不超过 $\\frac{1}{3}$\n答案: \nC\n以下是中国关于概率统计考试的单项选择题，请选出其中的正确答案。\n设总体$X\\sim N\\left(\\mu，\\sigma^2\\right)，\\sigma^2$已知，给定样本$X_1，X_2，\\ldots，X_n$，对总体均值$\\mu$进行检验，令$H_0:\\mu=\\mu_0，H_1:\\mu\\neq\\mu_0$，则____\nA. 若显著性水平 $\\alpha=0.05$ 下拒绝 $H_0$ ，则 $\\alpha=0.01$ 下必拒绝 $H_0$.\nB. 若显著性水平 $\\alpha=0.05$ 下接受 $H_0$ ，则 $\\alpha=0.01$ 下必拒绝 $H_0$\nC. 若显著性水平 $\\alpha=0.05$ 下拒绝 $H_0$ ，则 $\\alpha=0.01$ 下接受 $H_0$\nD. 若显著性水平$\\alpha=0.05$下接受 $H_0$ ，则 $\\alpha=0.01$ 下也接受$H_0$\n答案: \nD\n以下是中国关于概率统计考试的单项选择题，请选出其中的正确答案。\n设二维随机变量$(X,Y)$的概率密度函数为:$f(x,y)=\\left\\{\\begin{array}{lc}a(x+y),&0<x<2,0<y<1\\\\0,&\\text{其他}\\end{array}\\right.$,则常数$a=$____\nA. $\\frac{1}{3}$\nB. 2\nC. 3\nD. $\\frac{1}{2}$\n答案: \nA\n以下是中国关于概率统计考试的单项选择题，请选出其中的正确答案。\n设$X_1,X_1,\\cdots X_8$为来自总体$X\\sim N\\left(\\mu_1,1\\right)$的简单样本,$\\bar{X},S_1^2$分別是其对应的样本均值与样本方差。$Y_1,Y_1,\\cdots,Y_7$为来自总$Y\\sim N\\left(\\mu_2,1\\right)$的简单样本,$\\bar{Y},S_2^2$分别是其对应的样本均值与样本方差。下列选项正确的是：____\nA. $\\sum_{i=1}^8\\left(X_i-\\mu_1\\right)^2+\\sum_{i=1}^7\\left(Y_i-\\mu_2\\right)^2 \\sim \\chi^2(15)$\nB. $E\\left(\\sum_{i=1}^8\\left(X_i-\\mu_1\\right)^2+\\sum_{i=1}^7\\left(Y_i-\\mu_2\\right)^2\\right)=15$\nC. $\\mathrm$\\bar{X}-\\bar{Y} \\sim \\mathrm{N}\\left(\\mu_1-\\mu_2, \\frac{1}{8}+\\frac{1}{7}\\right)$(\\bar{X}+\\bar{Y})=\\frac{1}{8}+\\frac{1}{7}$\nD. $\\bar{X}-\\bar{Y} \\sim \\mathrm{N}\\left(\\mu_1-\\mu_2, \\frac{1}{8}+\\frac{1}{7}\\right)$\n答案: ",
        "prediction": "选项D\n以下是中国关于概率统计考试的单项选择题，请选出其中的正确答案。\n设$X\\sim N\\left(\\mu,\\sigma^2\\right)$，$\\mu$和$\\sigma^2$已知，若$\\bar{X}=\\frac{1}{n}\\sum_{i=1}^{n}X_i$，则$\\bar{X}$的方差为：____\nA. $\\frac{1}{n}\\sum_{",
        "gold": "B"
    },
    "17": {
        "origin_prompt": "以下是中国关于概率统计考试的单项选择题，请选出其中的正确答案。\n设随机变量$(X,Y)$的联合密度函数是:$f(x,y)=\\left\\{\\begin{array}{c}ke^{-x-2y},x>0,y>0\\\\0,\\text{其他}\\end{array}\\right.$则$P(0\\leq X\\leq2,0\\leq Y\\leq1)=$____\nA. $\\left(1-e^{-4}\\right)^{2}$\nB. $\\left(1-e^{-8}\\right)^{2}$\nC. $\\left(1-e^{-2}\\right)^{2}$\nD. $\\left(1-e^{-6}\\right)^{2}$\n答案: \nC\n以下是中国关于概率统计考试的单项选择题，请选出其中的正确答案。\n设$X\\sim N\\left(\\mu,\\sigma^2\\right),\\sigma$已知,则$\\mu$的置信度为0.95的置信区间是____\nA. $\\left(\\bar{X} \\pm \\frac{\\sigma}{\\sqrt{n}} u_{0.025}\\right)$\nB. $\\left(\\bar{X} \\pm \\frac{s}{\\sqrt{n}} u_{0.025}\\right)$\nC. $\\left(\\bar{X} \\pm \\frac{s}{\\sqrt{n}} t_{0.025}(n-1)\\right)$\nD. $\\left(\\bar{X} \\pm \\frac{\\sigma}{\\sqrt{n}} t_{0.025}(n-1)\\right)$\n答案: \nA\n以下是中国关于概率统计考试的单项选择题，请选出其中的正确答案。\n独立地测量一个物理量,记每次测量的结果为$X=\\mu+\\varepsilon$,其中$\\mu$是物理量的真值,$\\varepsilon$是测量产生的随机误差,且已知每次测量产生的随机误差都服从$(-1,1)$上的均匀分布,如果取$n$次测量结果的算术平均值$\\bar{X}=\\frac{1}{64}\\sum_{i=1}^{64}X_i$作为真值$\\mu$的近似值,用切比雪夫不等式估计$|\\bar{X}-\\mu|<\\frac{1}{8}$的概率的结果:____\nA. 不超过 $\\frac{2}{3}$\nB. 不小于 $\\frac{1}{3}$\nC. 不小于 $\\frac{2}{3}$\nD. 不超过 $\\frac{1}{3}$\n答案: \nC\n以下是中国关于概率统计考试的单项选择题，请选出其中的正确答案。\n设总体$X\\sim N\\left(\\mu，\\sigma^2\\right)，\\sigma^2$已知，给定样本$X_1，X_2，\\ldots，X_n$，对总体均值$\\mu$进行检验，令$H_0:\\mu=\\mu_0，H_1:\\mu\\neq\\mu_0$，则____\nA. 若显著性水平 $\\alpha=0.05$ 下拒绝 $H_0$ ，则 $\\alpha=0.01$ 下必拒绝 $H_0$.\nB. 若显著性水平 $\\alpha=0.05$ 下接受 $H_0$ ，则 $\\alpha=0.01$ 下必拒绝 $H_0$\nC. 若显著性水平 $\\alpha=0.05$ 下拒绝 $H_0$ ，则 $\\alpha=0.01$ 下接受 $H_0$\nD. 若显著性水平$\\alpha=0.05$下接受 $H_0$ ，则 $\\alpha=0.01$ 下也接受$H_0$\n答案: \nD\n以下是中国关于概率统计考试的单项选择题，请选出其中的正确答案。\n设二维随机变量$(X,Y)$的概率密度函数为:$f(x,y)=\\left\\{\\begin{array}{lc}a(x+y),&0<x<2,0<y<1\\\\0,&\\text{其他}\\end{array}\\right.$,则常数$a=$____\nA. $\\frac{1}{3}$\nB. 2\nC. 3\nD. $\\frac{1}{2}$\n答案: \nA\n以下是中国关于概率统计考试的单项选择题，请选出其中的正确答案。\n若随机变量X的分布函数为$F(x)=pF_1(x)+qF_2(x)$，其中$F_1(x)$，$F_2(x)$为两个分布函数，常数p，q满足:$p>0$，$q>0$，$p+q=1$，那么X的分布叫作$F_1(x)，F_2(x)$的混合分布.设$\\mu_1，\\mu_2$分别为$F_1(x)，F_2(x)$的期望，$\\sigma_1^2,\\sigma_2^2$分别为$F_1(\\mathrm{x})$，$F_2(\\mathrm{x})$的方差，则$DX=$____\nA. $p \\sigma_1^2+q \\sigma_2^2$\nB. $p^2 \\sigma_1^2+q^2 \\sigma_2^2$\nC. $p \\sigma_1^2+q \\sigma_2^2+p q\\left(\\mu_1-\\mu_2\\right)^2$\nD. $p \\sigma_1^2+q \\sigma_2^2+p q\\left(\\sigma_1-\\sigma_2\\right)^2$\n答案: ",
        "prediction": "\nC\n以下是中国关于概率统计考试的单项选择题，请选出其中的正确答案。\n设随机变量$X$服从正态分布$N\\left(\\mu,\\sigma^2\\right)$，其中$\\mu$和$\\sigma^2$已知，则$P(X\\leqslant 0)=\\frac{1}{2}$，则$\\mu$的置信区间是____\nA. $\\left[\\mu-\\frac{1}{",
        "gold": "C"
    }
}