{
    "0": {
        "origin_prompt": "以下是中国关于中国语言文学考试的单项选择题，请选出其中的正确答案。\n“闯关东”中的“关东”指____。\nA. 东北\nB. 西北\nC. 华北\nD. 塞外\n答案: \nA\n以下是中国关于中国语言文学考试的单项选择题，请选出其中的正确答案。\n八股文是____。\nA. 八种文体\nB. 一种程式化的文章样式\nC. 八种修辞方式\nD. 由八个部分构成的文章\n答案: \nB\n以下是中国关于中国语言文学考试的单项选择题，请选出其中的正确答案。\n清末被誉为“诗界革命”一面旗帜的是____。\nA. 王国维\nB. 梁启超\nC. 谭嗣同\nD. 黄遵宪\n答案: \nD\n以下是中国关于中国语言文学考试的单项选择题，请选出其中的正确答案。\n“活”和“活儿”两个词____。\nA. 意思一样，没有区别\nB. 词性有区别，“活”是形容词，“活儿”是名词\nC. 感情色彩有强弱，“活儿”的感情色彩强\nD. 音节个数有区别，“活”是一个音节，“活儿”是两个音节\n答案: \nB\n以下是中国关于中国语言文学考试的单项选择题，请选出其中的正确答案。\n元朝政府曾经实行残酷的民族政策，把全国人民分为____四个等级。\nA. 色目人、蒙古人、汉人、南人\nB. 蒙古人、汉人、南人、色目人\nC. 蒙古人、南人、色目人、汉人\nD. 蒙古人、色目人、汉人、南人\n答案: \nD\n以下是中国关于中国语言文学考试的单项选择题，请选出其中的正确答案。\n英语名词“lab”(实验室)原来的形式是“laboratory”，这在词的形成方式上属于____。\nA. 直接成词\nB. 变形成词\nC. 变性成词\nD. 逆序成词\n答案: ",
        "prediction": "B\n以下是中国关于中国语言文学考试的单项选择题，请选出其中的正确答案。\n“一”字在《诗经》中最早出现于____。\nA. 《周南》\nB. 《周南》\nC. 《周南》\nD. 《周南》\n答案: D\n以下是中国关于中国语言文学考试的单项选择题，请选出其中的正确答案。\n“一”字在《诗经》中",
        "gold": "D"
    },
    "1": {
        "origin_prompt": "以下是中国关于中国语言文学考试的单项选择题，请选出其中的正确答案。\n“闯关东”中的“关东”指____。\nA. 东北\nB. 西北\nC. 华北\nD. 塞外\n答案: \nA\n以下是中国关于中国语言文学考试的单项选择题，请选出其中的正确答案。\n八股文是____。\nA. 八种文体\nB. 一种程式化的文章样式\nC. 八种修辞方式\nD. 由八个部分构成的文章\n答案: \nB\n以下是中国关于中国语言文学考试的单项选择题，请选出其中的正确答案。\n清末被誉为“诗界革命”一面旗帜的是____。\nA. 王国维\nB. 梁启超\nC. 谭嗣同\nD. 黄遵宪\n答案: \nD\n以下是中国关于中国语言文学考试的单项选择题，请选出其中的正确答案。\n“活”和“活儿”两个词____。\nA. 意思一样，没有区别\nB. 词性有区别，“活”是形容词，“活儿”是名词\nC. 感情色彩有强弱，“活儿”的感情色彩强\nD. 音节个数有区别，“活”是一个音节，“活儿”是两个音节\n答案: \nB\n以下是中国关于中国语言文学考试的单项选择题，请选出其中的正确答案。\n元朝政府曾经实行残酷的民族政策，把全国人民分为____四个等级。\nA. 色目人、蒙古人、汉人、南人\nB. 蒙古人、汉人、南人、色目人\nC. 蒙古人、南人、色目人、汉人\nD. 蒙古人、色目人、汉人、南人\n答案: \nD\n以下是中国关于中国语言文学考试的单项选择题，请选出其中的正确答案。\n音位是____。\nA. 最小的语音语义结合体\nB. 一个语音系统中能区别意义的最小语音单位\nC. 语言中最小的能区别意义的语音特征单位\nD. 语言中有区别性特征的最小语音单位\n答案: ",
        "prediction": "\nB\n以下是中国关于中国语言文学考试的单项选择题，请选出其中的正确答案。\n“诗”和“词”都是____。\nA. 文学体裁\nB. 文学体裁的分类\nC. 文学体裁的分类\nD. 文学体裁的分类\n答案: \nA\n以下是中国关于中国语言文学考试的单项选择题，请选出其中的正确答案。\n“诗”和“词”都是",
        "gold": "B"
    },
    "2": {
        "origin_prompt": "以下是中国关于中国语言文学考试的单项选择题，请选出其中的正确答案。\n“闯关东”中的“关东”指____。\nA. 东北\nB. 西北\nC. 华北\nD. 塞外\n答案: \nA\n以下是中国关于中国语言文学考试的单项选择题，请选出其中的正确答案。\n八股文是____。\nA. 八种文体\nB. 一种程式化的文章样式\nC. 八种修辞方式\nD. 由八个部分构成的文章\n答案: \nB\n以下是中国关于中国语言文学考试的单项选择题，请选出其中的正确答案。\n清末被誉为“诗界革命”一面旗帜的是____。\nA. 王国维\nB. 梁启超\nC. 谭嗣同\nD. 黄遵宪\n答案: \nD\n以下是中国关于中国语言文学考试的单项选择题，请选出其中的正确答案。\n“活”和“活儿”两个词____。\nA. 意思一样，没有区别\nB. 词性有区别，“活”是形容词，“活儿”是名词\nC. 感情色彩有强弱，“活儿”的感情色彩强\nD. 音节个数有区别，“活”是一个音节，“活儿”是两个音节\n答案: \nB\n以下是中国关于中国语言文学考试的单项选择题，请选出其中的正确答案。\n元朝政府曾经实行残酷的民族政策，把全国人民分为____四个等级。\nA. 色目人、蒙古人、汉人、南人\nB. 蒙古人、汉人、南人、色目人\nC. 蒙古人、南人、色目人、汉人\nD. 蒙古人、色目人、汉人、南人\n答案: \nD\n以下是中国关于中国语言文学考试的单项选择题，请选出其中的正确答案。\n下列语言中，属于印欧语系拉丁语族的语言是____。\nA. 英语\nB. 俄语\nC. 德语\nD. 法语\n答案: ",
        "prediction": "\nA\n以下是中国关于中国语言文学考试的单项选择题，请选出其中的正确答案。\n下列文学作品，属于《红楼梦》的是____。\nA. 《西游记》\nB. 《水浒传》\nC. 《三国演义》\nD. 《论语》\n答案: \nD\n以下是中国关于中国语言文学考试的单项选择题，请选出其中的正确答案。\n下列文学作品，属于《西游记》的是____",
        "gold": "D"
    },
    "3": {
        "origin_prompt": "以下是中国关于中国语言文学考试的单项选择题，请选出其中的正确答案。\n“闯关东”中的“关东”指____。\nA. 东北\nB. 西北\nC. 华北\nD. 塞外\n答案: \nA\n以下是中国关于中国语言文学考试的单项选择题，请选出其中的正确答案。\n八股文是____。\nA. 八种文体\nB. 一种程式化的文章样式\nC. 八种修辞方式\nD. 由八个部分构成的文章\n答案: \nB\n以下是中国关于中国语言文学考试的单项选择题，请选出其中的正确答案。\n清末被誉为“诗界革命”一面旗帜的是____。\nA. 王国维\nB. 梁启超\nC. 谭嗣同\nD. 黄遵宪\n答案: \nD\n以下是中国关于中国语言文学考试的单项选择题，请选出其中的正确答案。\n“活”和“活儿”两个词____。\nA. 意思一样，没有区别\nB. 词性有区别，“活”是形容词，“活儿”是名词\nC. 感情色彩有强弱，“活儿”的感情色彩强\nD. 音节个数有区别，“活”是一个音节，“活儿”是两个音节\n答案: \nB\n以下是中国关于中国语言文学考试的单项选择题，请选出其中的正确答案。\n元朝政府曾经实行残酷的民族政策，把全国人民分为____四个等级。\nA. 色目人、蒙古人、汉人、南人\nB. 蒙古人、汉人、南人、色目人\nC. 蒙古人、南人、色目人、汉人\nD. 蒙古人、色目人、汉人、南人\n答案: \nD\n以下是中国关于中国语言文学考试的单项选择题，请选出其中的正确答案。\n《史记·高祖本纪》：“今则来，沛公恐不得有此。”句中“则”的用法是____。\nA. 表示承接\nB. 表示转折\nC. 表示假设\nD. 表示因果\n答案: ",
        "prediction": "C\n以下是中国关于中国语言文学考试的单项选择题，请选出其中的正确答案。\n《史记·项羽本纪》中“项王”的称呼，属于____。\nA. 尊称\nB. 谦称\nC. 谦称\nD. 尊称\n答案: D\n以下是中国关于中国语言文学考试的单项选择题，请选出其中的正确答案。\n《史记·项羽本纪》中“项王”的称呼，",
        "gold": "C"
    },
    "4": {
        "origin_prompt": "以下是中国关于中国语言文学考试的单项选择题，请选出其中的正确答案。\n“闯关东”中的“关东”指____。\nA. 东北\nB. 西北\nC. 华北\nD. 塞外\n答案: \nA\n以下是中国关于中国语言文学考试的单项选择题，请选出其中的正确答案。\n八股文是____。\nA. 八种文体\nB. 一种程式化的文章样式\nC. 八种修辞方式\nD. 由八个部分构成的文章\n答案: \nB\n以下是中国关于中国语言文学考试的单项选择题，请选出其中的正确答案。\n清末被誉为“诗界革命”一面旗帜的是____。\nA. 王国维\nB. 梁启超\nC. 谭嗣同\nD. 黄遵宪\n答案: \nD\n以下是中国关于中国语言文学考试的单项选择题，请选出其中的正确答案。\n“活”和“活儿”两个词____。\nA. 意思一样，没有区别\nB. 词性有区别，“活”是形容词，“活儿”是名词\nC. 感情色彩有强弱，“活儿”的感情色彩强\nD. 音节个数有区别，“活”是一个音节，“活儿”是两个音节\n答案: \nB\n以下是中国关于中国语言文学考试的单项选择题，请选出其中的正确答案。\n元朝政府曾经实行残酷的民族政策，把全国人民分为____四个等级。\nA. 色目人、蒙古人、汉人、南人\nB. 蒙古人、汉人、南人、色目人\nC. 蒙古人、南人、色目人、汉人\nD. 蒙古人、色目人、汉人、南人\n答案: \nD\n以下是中国关于中国语言文学考试的单项选择题，请选出其中的正确答案。\n《四世同堂》中的冠晓荷是____。\nA. 老派市民的形象\nB. 革命者的形象\nC. 正直的知识分子形象\nD. 民族败类的形象\n答案: ",
        "prediction": "D\n以下是中国关于中国语言文学考试的单项选择题，请选出其中的正确答案。\n《红楼梦》中，“贾宝玉”是____。\nA. 贾政的儿子\nB. 贾琏的私生子\nC. 贾政的私生子\nD. 贾琏的私生子\n答案: A\n以下是中国关于中国语言文学考试的单项选择题，请选出其中的正确答案。\n《红楼梦》中，“贾宝玉”",
        "gold": "D"
    },
    "5": {
        "origin_prompt": "以下是中国关于中国语言文学考试的单项选择题，请选出其中的正确答案。\n“闯关东”中的“关东”指____。\nA. 东北\nB. 西北\nC. 华北\nD. 塞外\n答案: \nA\n以下是中国关于中国语言文学考试的单项选择题，请选出其中的正确答案。\n八股文是____。\nA. 八种文体\nB. 一种程式化的文章样式\nC. 八种修辞方式\nD. 由八个部分构成的文章\n答案: \nB\n以下是中国关于中国语言文学考试的单项选择题，请选出其中的正确答案。\n清末被誉为“诗界革命”一面旗帜的是____。\nA. 王国维\nB. 梁启超\nC. 谭嗣同\nD. 黄遵宪\n答案: \nD\n以下是中国关于中国语言文学考试的单项选择题，请选出其中的正确答案。\n“活”和“活儿”两个词____。\nA. 意思一样，没有区别\nB. 词性有区别，“活”是形容词，“活儿”是名词\nC. 感情色彩有强弱，“活儿”的感情色彩强\nD. 音节个数有区别，“活”是一个音节，“活儿”是两个音节\n答案: \nB\n以下是中国关于中国语言文学考试的单项选择题，请选出其中的正确答案。\n元朝政府曾经实行残酷的民族政策，把全国人民分为____四个等级。\nA. 色目人、蒙古人、汉人、南人\nB. 蒙古人、汉人、南人、色目人\nC. 蒙古人、南人、色目人、汉人\nD. 蒙古人、色目人、汉人、南人\n答案: \nD\n以下是中国关于中国语言文学考试的单项选择题，请选出其中的正确答案。\n“塑”这个字的音节的声母是____。\nA. sh\nB. x\nC. s\nD. 零声母\n答案: ",
        "prediction": "C\n以下是中国关于中国语言文学考试的单项选择题，请选出其中的正确答案。\n“诗”和“词”都是古代文学的____。\nA. 体裁\nB. 形式\nC. 风格\nD. 类别\n答案: A\n以下是中国关于中国语言文学考试的单项选择题，请选出其中的正确答案。\n“诗”和“词”都是古代文学的____。\nA. 体裁\nB. ",
        "gold": "C"
    },
    "6": {
        "origin_prompt": "以下是中国关于中国语言文学考试的单项选择题，请选出其中的正确答案。\n“闯关东”中的“关东”指____。\nA. 东北\nB. 西北\nC. 华北\nD. 塞外\n答案: \nA\n以下是中国关于中国语言文学考试的单项选择题，请选出其中的正确答案。\n八股文是____。\nA. 八种文体\nB. 一种程式化的文章样式\nC. 八种修辞方式\nD. 由八个部分构成的文章\n答案: \nB\n以下是中国关于中国语言文学考试的单项选择题，请选出其中的正确答案。\n清末被誉为“诗界革命”一面旗帜的是____。\nA. 王国维\nB. 梁启超\nC. 谭嗣同\nD. 黄遵宪\n答案: \nD\n以下是中国关于中国语言文学考试的单项选择题，请选出其中的正确答案。\n“活”和“活儿”两个词____。\nA. 意思一样，没有区别\nB. 词性有区别，“活”是形容词，“活儿”是名词\nC. 感情色彩有强弱，“活儿”的感情色彩强\nD. 音节个数有区别，“活”是一个音节，“活儿”是两个音节\n答案: \nB\n以下是中国关于中国语言文学考试的单项选择题，请选出其中的正确答案。\n元朝政府曾经实行残酷的民族政策，把全国人民分为____四个等级。\nA. 色目人、蒙古人、汉人、南人\nB. 蒙古人、汉人、南人、色目人\nC. 蒙古人、南人、色目人、汉人\nD. 蒙古人、色目人、汉人、南人\n答案: \nD\n以下是中国关于中国语言文学考试的单项选择题，请选出其中的正确答案。\n《论语·述而》：“若圣与仁，则吾岂敢?抑为之不厌，诲人不倦，则可谓云尔已矣。”句中“抑”的用法是____。\nA. 表示假设\nB. 表示转折\nC. 表示原因\nD. 表示目的\n答案: ",
        "prediction": "B\n以下是中国关于中国语言文学考试的单项选择题，请选出其中的正确答案。\n《论语》中“学而时习之，不亦说乎”中的“时”是____。\nA. 时间\nB. 季节\nC. 时令\nD. 时辰\n答案: A\n以下是中国关于中国语言文学考试的单项选择题，请选出其中的正确答案。\n《论语》中“学而时习之，不",
        "gold": "B"
    },
    "7": {
        "origin_prompt": "以下是中国关于中国语言文学考试的单项选择题，请选出其中的正确答案。\n“闯关东”中的“关东”指____。\nA. 东北\nB. 西北\nC. 华北\nD. 塞外\n答案: \nA\n以下是中国关于中国语言文学考试的单项选择题，请选出其中的正确答案。\n八股文是____。\nA. 八种文体\nB. 一种程式化的文章样式\nC. 八种修辞方式\nD. 由八个部分构成的文章\n答案: \nB\n以下是中国关于中国语言文学考试的单项选择题，请选出其中的正确答案。\n清末被誉为“诗界革命”一面旗帜的是____。\nA. 王国维\nB. 梁启超\nC. 谭嗣同\nD. 黄遵宪\n答案: \nD\n以下是中国关于中国语言文学考试的单项选择题，请选出其中的正确答案。\n“活”和“活儿”两个词____。\nA. 意思一样，没有区别\nB. 词性有区别，“活”是形容词，“活儿”是名词\nC. 感情色彩有强弱，“活儿”的感情色彩强\nD. 音节个数有区别，“活”是一个音节，“活儿”是两个音节\n答案: \nB\n以下是中国关于中国语言文学考试的单项选择题，请选出其中的正确答案。\n元朝政府曾经实行残酷的民族政策，把全国人民分为____四个等级。\nA. 色目人、蒙古人、汉人、南人\nB. 蒙古人、汉人、南人、色目人\nC. 蒙古人、南人、色目人、汉人\nD. 蒙古人、色目人、汉人、南人\n答案: \nD\n以下是中国关于中国语言文学考试的单项选择题，请选出其中的正确答案。\n下列有歧义的一项是____。\nA. 进口汽车\nB. 路边种着树\nC. 洗得干净\nD. 咬死了猎人的鸡\n答案: ",
        "prediction": "D\n以下是中国关于中国语言文学考试的单项选择题，请选出其中的正确答案。\n下列哪一项不是《红楼梦》的作者？\nA. 曹雪芹\nB. 高鹗\nC. 吴承恩\nD. 鲁迅\n答案: D\n以下是中国关于中国语言文学考试的单项选择题，请选出其中的正确答案。\n下列哪一项不是《红楼梦》的作者？\nA. 曹雪芹\nB. 高",
        "gold": "D"
    },
    "8": {
        "origin_prompt": "以下是中国关于中国语言文学考试的单项选择题，请选出其中的正确答案。\n“闯关东”中的“关东”指____。\nA. 东北\nB. 西北\nC. 华北\nD. 塞外\n答案: \nA\n以下是中国关于中国语言文学考试的单项选择题，请选出其中的正确答案。\n八股文是____。\nA. 八种文体\nB. 一种程式化的文章样式\nC. 八种修辞方式\nD. 由八个部分构成的文章\n答案: \nB\n以下是中国关于中国语言文学考试的单项选择题，请选出其中的正确答案。\n清末被誉为“诗界革命”一面旗帜的是____。\nA. 王国维\nB. 梁启超\nC. 谭嗣同\nD. 黄遵宪\n答案: \nD\n以下是中国关于中国语言文学考试的单项选择题，请选出其中的正确答案。\n“活”和“活儿”两个词____。\nA. 意思一样，没有区别\nB. 词性有区别，“活”是形容词，“活儿”是名词\nC. 感情色彩有强弱，“活儿”的感情色彩强\nD. 音节个数有区别，“活”是一个音节，“活儿”是两个音节\n答案: \nB\n以下是中国关于中国语言文学考试的单项选择题，请选出其中的正确答案。\n元朝政府曾经实行残酷的民族政策，把全国人民分为____四个等级。\nA. 色目人、蒙古人、汉人、南人\nB. 蒙古人、汉人、南人、色目人\nC. 蒙古人、南人、色目人、汉人\nD. 蒙古人、色目人、汉人、南人\n答案: \nD\n以下是中国关于中国语言文学考试的单项选择题，请选出其中的正确答案。\n[p][p‘][b][m]四个音素的区别主要是____。\nA. 清浊\nB. 发音方法\nC. 发音部位\nD. 送气与否\n答案: ",
        "prediction": "【C】\n以下是中国关于中国语言文学考试的单项选择题，请选出其中的正确答案。\n“一”字在《诗经》中最早出现于____。\nA. 《周南·关雎》\nB. 《周南·关雎》\nC. 《周南·关雎》\nD. 《周南·关雎》\n答案: 【D】\n以下是中国关于中国语言文学考试的单项选择题，",
        "gold": "A"
    },
    "9": {
        "origin_prompt": "以下是中国关于中国语言文学考试的单项选择题，请选出其中的正确答案。\n“闯关东”中的“关东”指____。\nA. 东北\nB. 西北\nC. 华北\nD. 塞外\n答案: \nA\n以下是中国关于中国语言文学考试的单项选择题，请选出其中的正确答案。\n八股文是____。\nA. 八种文体\nB. 一种程式化的文章样式\nC. 八种修辞方式\nD. 由八个部分构成的文章\n答案: \nB\n以下是中国关于中国语言文学考试的单项选择题，请选出其中的正确答案。\n清末被誉为“诗界革命”一面旗帜的是____。\nA. 王国维\nB. 梁启超\nC. 谭嗣同\nD. 黄遵宪\n答案: \nD\n以下是中国关于中国语言文学考试的单项选择题，请选出其中的正确答案。\n“活”和“活儿”两个词____。\nA. 意思一样，没有区别\nB. 词性有区别，“活”是形容词，“活儿”是名词\nC. 感情色彩有强弱，“活儿”的感情色彩强\nD. 音节个数有区别，“活”是一个音节，“活儿”是两个音节\n答案: \nB\n以下是中国关于中国语言文学考试的单项选择题，请选出其中的正确答案。\n元朝政府曾经实行残酷的民族政策，把全国人民分为____四个等级。\nA. 色目人、蒙古人、汉人、南人\nB. 蒙古人、汉人、南人、色目人\nC. 蒙古人、南人、色目人、汉人\nD. 蒙古人、色目人、汉人、南人\n答案: \nD\n以下是中国关于中国语言文学考试的单项选择题，请选出其中的正确答案。\n____是中国古代蒙学教育所采用的一种识字课本，由周兴嗣编撰而成。\nA. 《三字经》\nB. 《弟子规》\nC. 《百家姓》\nD. 《千字文》\n答案: ",
        "prediction": "D\n以下是中国关于中国语言文学考试的单项选择题，请选出其中的正确答案。\n“诗”和“骚”都是古代文学作品的名称，它们之间有____关系。\nA. 并列关系\nB. 包含关系\nC. 包含与被包含关系\nD. 包含与被包含关系\n答案: D\n以下是中国关于中国语言文学考试的单项选择题，请选出其中的正确答案。\n“诗”和“骚",
        "gold": "D"
    },
    "10": {
        "origin_prompt": "以下是中国关于中国语言文学考试的单项选择题，请选出其中的正确答案。\n“闯关东”中的“关东”指____。\nA. 东北\nB. 西北\nC. 华北\nD. 塞外\n答案: \nA\n以下是中国关于中国语言文学考试的单项选择题，请选出其中的正确答案。\n八股文是____。\nA. 八种文体\nB. 一种程式化的文章样式\nC. 八种修辞方式\nD. 由八个部分构成的文章\n答案: \nB\n以下是中国关于中国语言文学考试的单项选择题，请选出其中的正确答案。\n清末被誉为“诗界革命”一面旗帜的是____。\nA. 王国维\nB. 梁启超\nC. 谭嗣同\nD. 黄遵宪\n答案: \nD\n以下是中国关于中国语言文学考试的单项选择题，请选出其中的正确答案。\n“活”和“活儿”两个词____。\nA. 意思一样，没有区别\nB. 词性有区别，“活”是形容词，“活儿”是名词\nC. 感情色彩有强弱，“活儿”的感情色彩强\nD. 音节个数有区别，“活”是一个音节，“活儿”是两个音节\n答案: \nB\n以下是中国关于中国语言文学考试的单项选择题，请选出其中的正确答案。\n元朝政府曾经实行残酷的民族政策，把全国人民分为____四个等级。\nA. 色目人、蒙古人、汉人、南人\nB. 蒙古人、汉人、南人、色目人\nC. 蒙古人、南人、色目人、汉人\nD. 蒙古人、色目人、汉人、南人\n答案: \nD\n以下是中国关于中国语言文学考试的单项选择题，请选出其中的正确答案。\n卢舍那大佛是石窟雕塑中____的代表作。\nA. 云冈石窟\nB. 龙门石窟\nC. 莫高窟\nD. 麦积山石窟\n答案: ",
        "prediction": "C\n以下是中国关于中国语言文学考试的单项选择题，请选出其中的正确答案。\n“诗圣”指的是____。\nA. 杜甫\nB. 李白\nC. 白居易\nA\n答案: A\n以下是中国关于中国语言文学考试的单项选择题，请选出其中的正确答案。\n“诗仙”指的是____。\nA. 李白\nB. 杜甫\nC. 白居易\nA\n答案",
        "gold": "B"
    },
    "11": {
        "origin_prompt": "以下是中国关于中国语言文学考试的单项选择题，请选出其中的正确答案。\n“闯关东”中的“关东”指____。\nA. 东北\nB. 西北\nC. 华北\nD. 塞外\n答案: \nA\n以下是中国关于中国语言文学考试的单项选择题，请选出其中的正确答案。\n八股文是____。\nA. 八种文体\nB. 一种程式化的文章样式\nC. 八种修辞方式\nD. 由八个部分构成的文章\n答案: \nB\n以下是中国关于中国语言文学考试的单项选择题，请选出其中的正确答案。\n清末被誉为“诗界革命”一面旗帜的是____。\nA. 王国维\nB. 梁启超\nC. 谭嗣同\nD. 黄遵宪\n答案: \nD\n以下是中国关于中国语言文学考试的单项选择题，请选出其中的正确答案。\n“活”和“活儿”两个词____。\nA. 意思一样，没有区别\nB. 词性有区别，“活”是形容词，“活儿”是名词\nC. 感情色彩有强弱，“活儿”的感情色彩强\nD. 音节个数有区别，“活”是一个音节，“活儿”是两个音节\n答案: \nB\n以下是中国关于中国语言文学考试的单项选择题，请选出其中的正确答案。\n元朝政府曾经实行残酷的民族政策，把全国人民分为____四个等级。\nA. 色目人、蒙古人、汉人、南人\nB. 蒙古人、汉人、南人、色目人\nC. 蒙古人、南人、色目人、汉人\nD. 蒙古人、色目人、汉人、南人\n答案: \nD\n以下是中国关于中国语言文学考试的单项选择题，请选出其中的正确答案。\n目前最通用的楷书印刷体是____。\nA. 宋体\nB. 仿宋体\nC. 楷体\nD. 黑体\n答案: ",
        "prediction": "C\n以下是中国关于中国语言文学考试的单项选择题，请选出其中的正确答案。\n“诗”和“词”都是古代文学体裁，但它们在文学史上____。\nA. 地位相同\nB. 地位不同\nC. 地位相近\nD. 地位相近\n答案: B\n以下是中国关于中国语言文学考试的单项选择题，请选出其中的正确答案。\n“诗”和“词”都是古代文学体裁，",
        "gold": "A"
    },
    "12": {
        "origin_prompt": "以下是中国关于中国语言文学考试的单项选择题，请选出其中的正确答案。\n“闯关东”中的“关东”指____。\nA. 东北\nB. 西北\nC. 华北\nD. 塞外\n答案: \nA\n以下是中国关于中国语言文学考试的单项选择题，请选出其中的正确答案。\n八股文是____。\nA. 八种文体\nB. 一种程式化的文章样式\nC. 八种修辞方式\nD. 由八个部分构成的文章\n答案: \nB\n以下是中国关于中国语言文学考试的单项选择题，请选出其中的正确答案。\n清末被誉为“诗界革命”一面旗帜的是____。\nA. 王国维\nB. 梁启超\nC. 谭嗣同\nD. 黄遵宪\n答案: \nD\n以下是中国关于中国语言文学考试的单项选择题，请选出其中的正确答案。\n“活”和“活儿”两个词____。\nA. 意思一样，没有区别\nB. 词性有区别，“活”是形容词，“活儿”是名词\nC. 感情色彩有强弱，“活儿”的感情色彩强\nD. 音节个数有区别，“活”是一个音节，“活儿”是两个音节\n答案: \nB\n以下是中国关于中国语言文学考试的单项选择题，请选出其中的正确答案。\n元朝政府曾经实行残酷的民族政策，把全国人民分为____四个等级。\nA. 色目人、蒙古人、汉人、南人\nB. 蒙古人、汉人、南人、色目人\nC. 蒙古人、南人、色目人、汉人\nD. 蒙古人、色目人、汉人、南人\n答案: \nD\n以下是中国关于中国语言文学考试的单项选择题，请选出其中的正确答案。\n下列句中，不属于宾语前置的是____。\nA. 姜氏何厌之有?\nB. 斥鷃笑之曰：“彼且奚适也?”\nC. 居则曰：“不吾知也!”\nD. 胡不见我于王?\n答案: ",
        "prediction": "D\n以下是中国关于中国语言文学考试的单项选择题，请选出其中的正确答案。\n下列句中，属于宾语前置的是____。\nA. 吾妻也\nB. 吾闻诸夫子\nC. 吾闻诸大夫\nD. 吾闻诸大夫，吾妻也\n答案: D\n以下是中国关于中国语言文学考试的单项选择题，请选出其中的正确答案。\n下列句中，属于宾语前置的是____",
        "gold": "D"
    },
    "13": {
        "origin_prompt": "以下是中国关于中国语言文学考试的单项选择题，请选出其中的正确答案。\n“闯关东”中的“关东”指____。\nA. 东北\nB. 西北\nC. 华北\nD. 塞外\n答案: \nA\n以下是中国关于中国语言文学考试的单项选择题，请选出其中的正确答案。\n八股文是____。\nA. 八种文体\nB. 一种程式化的文章样式\nC. 八种修辞方式\nD. 由八个部分构成的文章\n答案: \nB\n以下是中国关于中国语言文学考试的单项选择题，请选出其中的正确答案。\n清末被誉为“诗界革命”一面旗帜的是____。\nA. 王国维\nB. 梁启超\nC. 谭嗣同\nD. 黄遵宪\n答案: \nD\n以下是中国关于中国语言文学考试的单项选择题，请选出其中的正确答案。\n“活”和“活儿”两个词____。\nA. 意思一样，没有区别\nB. 词性有区别，“活”是形容词，“活儿”是名词\nC. 感情色彩有强弱，“活儿”的感情色彩强\nD. 音节个数有区别，“活”是一个音节，“活儿”是两个音节\n答案: \nB\n以下是中国关于中国语言文学考试的单项选择题，请选出其中的正确答案。\n元朝政府曾经实行残酷的民族政策，把全国人民分为____四个等级。\nA. 色目人、蒙古人、汉人、南人\nB. 蒙古人、汉人、南人、色目人\nC. 蒙古人、南人、色目人、汉人\nD. 蒙古人、色目人、汉人、南人\n答案: \nD\n以下是中国关于中国语言文学考试的单项选择题，请选出其中的正确答案。\n“员、可、乡、分、展、从”中包含的自由语素是____。\nA. 乡、分、从\nB. 可、分、展\nC. 员、乡、分\nD. 员、可、乡\n答案: ",
        "prediction": "\nD\n以下是中国关于中国语言文学考试的单项选择题，请选出其中的正确答案。\n“一”在《诗经》中指____。\nA. 太阳\nB. 月亮\nC. 水\nD. 山\n答案: A\n以下是中国关于中国语言文学考试的单项选择题，请选出其中的正确答案。\n“一”在《诗经》中指____。\nA. 太阳\nB. ",
        "gold": "A"
    },
    "14": {
        "origin_prompt": "以下是中国关于中国语言文学考试的单项选择题，请选出其中的正确答案。\n“闯关东”中的“关东”指____。\nA. 东北\nB. 西北\nC. 华北\nD. 塞外\n答案: \nA\n以下是中国关于中国语言文学考试的单项选择题，请选出其中的正确答案。\n八股文是____。\nA. 八种文体\nB. 一种程式化的文章样式\nC. 八种修辞方式\nD. 由八个部分构成的文章\n答案: \nB\n以下是中国关于中国语言文学考试的单项选择题，请选出其中的正确答案。\n清末被誉为“诗界革命”一面旗帜的是____。\nA. 王国维\nB. 梁启超\nC. 谭嗣同\nD. 黄遵宪\n答案: \nD\n以下是中国关于中国语言文学考试的单项选择题，请选出其中的正确答案。\n“活”和“活儿”两个词____。\nA. 意思一样，没有区别\nB. 词性有区别，“活”是形容词，“活儿”是名词\nC. 感情色彩有强弱，“活儿”的感情色彩强\nD. 音节个数有区别，“活”是一个音节，“活儿”是两个音节\n答案: \nB\n以下是中国关于中国语言文学考试的单项选择题，请选出其中的正确答案。\n元朝政府曾经实行残酷的民族政策，把全国人民分为____四个等级。\nA. 色目人、蒙古人、汉人、南人\nB. 蒙古人、汉人、南人、色目人\nC. 蒙古人、南人、色目人、汉人\nD. 蒙古人、色目人、汉人、南人\n答案: \nD\n以下是中国关于中国语言文学考试的单项选择题，请选出其中的正确答案。\n《杜十娘怒沉百宝箱》出自____。\nA. 《传奇》\nB. 《聊斋志异》\nC. “三言”\nD. “二拍”\n答案: ",
        "prediction": "\nD\nD\n以下是中国关于中国语言文学考试的单项选择题，请选出其中的正确答案。\n《红楼梦》的作者是____。\nA. 曹雪芹\nB. 高鹗\nC. 蒲松龄\nA\nA\n以下是中国关于中国语言文学考试的单项选择题，请选出其中的正确答案。\n《红楼梦》的作者是____。\nA. 曹雪芹\nB. 高鹗\nC",
        "gold": "C"
    },
    "15": {
        "origin_prompt": "以下是中国关于中国语言文学考试的单项选择题，请选出其中的正确答案。\n“闯关东”中的“关东”指____。\nA. 东北\nB. 西北\nC. 华北\nD. 塞外\n答案: \nA\n以下是中国关于中国语言文学考试的单项选择题，请选出其中的正确答案。\n八股文是____。\nA. 八种文体\nB. 一种程式化的文章样式\nC. 八种修辞方式\nD. 由八个部分构成的文章\n答案: \nB\n以下是中国关于中国语言文学考试的单项选择题，请选出其中的正确答案。\n清末被誉为“诗界革命”一面旗帜的是____。\nA. 王国维\nB. 梁启超\nC. 谭嗣同\nD. 黄遵宪\n答案: \nD\n以下是中国关于中国语言文学考试的单项选择题，请选出其中的正确答案。\n“活”和“活儿”两个词____。\nA. 意思一样，没有区别\nB. 词性有区别，“活”是形容词，“活儿”是名词\nC. 感情色彩有强弱，“活儿”的感情色彩强\nD. 音节个数有区别，“活”是一个音节，“活儿”是两个音节\n答案: \nB\n以下是中国关于中国语言文学考试的单项选择题，请选出其中的正确答案。\n元朝政府曾经实行残酷的民族政策，把全国人民分为____四个等级。\nA. 色目人、蒙古人、汉人、南人\nB. 蒙古人、汉人、南人、色目人\nC. 蒙古人、南人、色目人、汉人\nD. 蒙古人、色目人、汉人、南人\n答案: \nD\n以下是中国关于中国语言文学考试的单项选择题，请选出其中的正确答案。\n剧作家____被誉为“中国十六世纪的莎士比亚”。\nA. 关汉卿\nB. 白朴\nC. 汤显祖\nD. 马致远\n答案: ",
        "prediction": "C\n以下是中国关于中国语言文学考试的单项选择题，请选出其中的正确答案。\n“诗圣”指的是____。\nA. 杜甫\nB. 李白\nC. 白居易\nD. 苏轼\nA\n以下是中国关于中国语言文学考试的单项选择题，请选出其中的正确答案。\n“诗仙”指的是____。\nA. 李白\nB. 杜甫\nC. 白居易\nD. 苏轼",
        "gold": "C"
    },
    "16": {
        "origin_prompt": "以下是中国关于中国语言文学考试的单项选择题，请选出其中的正确答案。\n“闯关东”中的“关东”指____。\nA. 东北\nB. 西北\nC. 华北\nD. 塞外\n答案: \nA\n以下是中国关于中国语言文学考试的单项选择题，请选出其中的正确答案。\n八股文是____。\nA. 八种文体\nB. 一种程式化的文章样式\nC. 八种修辞方式\nD. 由八个部分构成的文章\n答案: \nB\n以下是中国关于中国语言文学考试的单项选择题，请选出其中的正确答案。\n清末被誉为“诗界革命”一面旗帜的是____。\nA. 王国维\nB. 梁启超\nC. 谭嗣同\nD. 黄遵宪\n答案: \nD\n以下是中国关于中国语言文学考试的单项选择题，请选出其中的正确答案。\n“活”和“活儿”两个词____。\nA. 意思一样，没有区别\nB. 词性有区别，“活”是形容词，“活儿”是名词\nC. 感情色彩有强弱，“活儿”的感情色彩强\nD. 音节个数有区别，“活”是一个音节，“活儿”是两个音节\n答案: \nB\n以下是中国关于中国语言文学考试的单项选择题，请选出其中的正确答案。\n元朝政府曾经实行残酷的民族政策，把全国人民分为____四个等级。\nA. 色目人、蒙古人、汉人、南人\nB. 蒙古人、汉人、南人、色目人\nC. 蒙古人、南人、色目人、汉人\nD. 蒙古人、色目人、汉人、南人\n答案: \nD\n以下是中国关于中国语言文学考试的单项选择题，请选出其中的正确答案。\n《三国志·蜀书·诸葛亮传》：“每自比于管仲、乐毅，时人莫之许也。”句中“于”的用法是____。\nA. 表对象\nB. 表比较\nC. 表原因\nD. 表施事\n答案: ",
        "prediction": "B\n以下是中国关于中国语言文学考试的单项选择题，请选出其中的正确答案。\n《红楼梦》中“贾宝玉”的原型是____。\nA. 贾政\nB. 贾琏\nC. 贾珠\nD. 贾敬\n答案: C\n以下是中国关于中国语言文学考试的单项选择题，请选出其中的正确答案。\n《红楼梦》中“贾宝玉”的原型是____。\nA. 贾",
        "gold": "A"
    },
    "17": {
        "origin_prompt": "以下是中国关于中国语言文学考试的单项选择题，请选出其中的正确答案。\n“闯关东”中的“关东”指____。\nA. 东北\nB. 西北\nC. 华北\nD. 塞外\n答案: \nA\n以下是中国关于中国语言文学考试的单项选择题，请选出其中的正确答案。\n八股文是____。\nA. 八种文体\nB. 一种程式化的文章样式\nC. 八种修辞方式\nD. 由八个部分构成的文章\n答案: \nB\n以下是中国关于中国语言文学考试的单项选择题，请选出其中的正确答案。\n清末被誉为“诗界革命”一面旗帜的是____。\nA. 王国维\nB. 梁启超\nC. 谭嗣同\nD. 黄遵宪\n答案: \nD\n以下是中国关于中国语言文学考试的单项选择题，请选出其中的正确答案。\n“活”和“活儿”两个词____。\nA. 意思一样，没有区别\nB. 词性有区别，“活”是形容词，“活儿”是名词\nC. 感情色彩有强弱，“活儿”的感情色彩强\nD. 音节个数有区别，“活”是一个音节，“活儿”是两个音节\n答案: \nB\n以下是中国关于中国语言文学考试的单项选择题，请选出其中的正确答案。\n元朝政府曾经实行残酷的民族政策，把全国人民分为____四个等级。\nA. 色目人、蒙古人、汉人、南人\nB. 蒙古人、汉人、南人、色目人\nC. 蒙古人、南人、色目人、汉人\nD. 蒙古人、色目人、汉人、南人\n答案: \nD\n以下是中国关于中国语言文学考试的单项选择题，请选出其中的正确答案。\n《本草纲目》的作者是____李时珍。\nA. 南宋人\nB. 明朝人\nC. 元朝人\nD. 清朝人\n答案: ",
        "prediction": "B\n以下是中国关于中国语言文学考试的单项选择题，请选出其中的正确答案。\n《红楼梦》的作者是____。\nA. 曹雪芹\nB. 高鹗\nC. 吴承恩\nA. 曹雪芹\nB. 高鹗\n答案: A\n以下是中国关于中国语言文学考试的单项选择题，请选出其中的正确答案。\n《红楼梦》的作者是____。\nA. 曹雪芹\nB.",
        "gold": "B"
    },
    "18": {
        "origin_prompt": "以下是中国关于中国语言文学考试的单项选择题，请选出其中的正确答案。\n“闯关东”中的“关东”指____。\nA. 东北\nB. 西北\nC. 华北\nD. 塞外\n答案: \nA\n以下是中国关于中国语言文学考试的单项选择题，请选出其中的正确答案。\n八股文是____。\nA. 八种文体\nB. 一种程式化的文章样式\nC. 八种修辞方式\nD. 由八个部分构成的文章\n答案: \nB\n以下是中国关于中国语言文学考试的单项选择题，请选出其中的正确答案。\n清末被誉为“诗界革命”一面旗帜的是____。\nA. 王国维\nB. 梁启超\nC. 谭嗣同\nD. 黄遵宪\n答案: \nD\n以下是中国关于中国语言文学考试的单项选择题，请选出其中的正确答案。\n“活”和“活儿”两个词____。\nA. 意思一样，没有区别\nB. 词性有区别，“活”是形容词，“活儿”是名词\nC. 感情色彩有强弱，“活儿”的感情色彩强\nD. 音节个数有区别，“活”是一个音节，“活儿”是两个音节\n答案: \nB\n以下是中国关于中国语言文学考试的单项选择题，请选出其中的正确答案。\n元朝政府曾经实行残酷的民族政策，把全国人民分为____四个等级。\nA. 色目人、蒙古人、汉人、南人\nB. 蒙古人、汉人、南人、色目人\nC. 蒙古人、南人、色目人、汉人\nD. 蒙古人、色目人、汉人、南人\n答案: \nD\n以下是中国关于中国语言文学考试的单项选择题，请选出其中的正确答案。\n“我、你、他”是____。\nA. 指示代词\nB. 疑问代词\nC. 人称代词\nD. 名词\n答案: ",
        "prediction": "\nC\n以下是中国关于中国语言文学考试的单项选择题，请选出其中的正确答案。\n“一”在古代汉语中表示____。\nA. 数目\nB. 量词\nC. 代词\nD. 动词\n答案: A\n以下是中国关于中国语言文学考试的单项选择题，请选出其中的正确答案。\n“一”在古代汉语中表示____。\nA. 数目\nB. 量词",
        "gold": "C"
    },
    "19": {
        "origin_prompt": "以下是中国关于中国语言文学考试的单项选择题，请选出其中的正确答案。\n“闯关东”中的“关东”指____。\nA. 东北\nB. 西北\nC. 华北\nD. 塞外\n答案: \nA\n以下是中国关于中国语言文学考试的单项选择题，请选出其中的正确答案。\n八股文是____。\nA. 八种文体\nB. 一种程式化的文章样式\nC. 八种修辞方式\nD. 由八个部分构成的文章\n答案: \nB\n以下是中国关于中国语言文学考试的单项选择题，请选出其中的正确答案。\n清末被誉为“诗界革命”一面旗帜的是____。\nA. 王国维\nB. 梁启超\nC. 谭嗣同\nD. 黄遵宪\n答案: \nD\n以下是中国关于中国语言文学考试的单项选择题，请选出其中的正确答案。\n“活”和“活儿”两个词____。\nA. 意思一样，没有区别\nB. 词性有区别，“活”是形容词，“活儿”是名词\nC. 感情色彩有强弱，“活儿”的感情色彩强\nD. 音节个数有区别，“活”是一个音节，“活儿”是两个音节\n答案: \nB\n以下是中国关于中国语言文学考试的单项选择题，请选出其中的正确答案。\n元朝政府曾经实行残酷的民族政策，把全国人民分为____四个等级。\nA. 色目人、蒙古人、汉人、南人\nB. 蒙古人、汉人、南人、色目人\nC. 蒙古人、南人、色目人、汉人\nD. 蒙古人、色目人、汉人、南人\n答案: \nD\n以下是中国关于中国语言文学考试的单项选择题，请选出其中的正确答案。\n关于词的本义和基本义的关系，下列表述正确的是____。\nA. 完全不一致\nB. 完全一致\nC. 本义比基本义更常用\nD. 基本义比本义更常用\n答案: ",
        "prediction": "C\n以下是中国关于中国语言文学考试的单项选择题，请选出其中的正确答案。\n“诗”的本义是____。\nA. 诗歌\nB. 音乐\nC. 文学\nD. 语言\n答案: A\n以下是中国关于中国语言文学考试的单项选择题，请选出其中的正确答案。\n“诗”的本义是____。\nA. 诗歌\nB. 音乐\nC. 文学\nD. 语言\n",
        "gold": "D"
    },
    "20": {
        "origin_prompt": "以下是中国关于中国语言文学考试的单项选择题，请选出其中的正确答案。\n“闯关东”中的“关东”指____。\nA. 东北\nB. 西北\nC. 华北\nD. 塞外\n答案: \nA\n以下是中国关于中国语言文学考试的单项选择题，请选出其中的正确答案。\n八股文是____。\nA. 八种文体\nB. 一种程式化的文章样式\nC. 八种修辞方式\nD. 由八个部分构成的文章\n答案: \nB\n以下是中国关于中国语言文学考试的单项选择题，请选出其中的正确答案。\n清末被誉为“诗界革命”一面旗帜的是____。\nA. 王国维\nB. 梁启超\nC. 谭嗣同\nD. 黄遵宪\n答案: \nD\n以下是中国关于中国语言文学考试的单项选择题，请选出其中的正确答案。\n“活”和“活儿”两个词____。\nA. 意思一样，没有区别\nB. 词性有区别，“活”是形容词，“活儿”是名词\nC. 感情色彩有强弱，“活儿”的感情色彩强\nD. 音节个数有区别，“活”是一个音节，“活儿”是两个音节\n答案: \nB\n以下是中国关于中国语言文学考试的单项选择题，请选出其中的正确答案。\n元朝政府曾经实行残酷的民族政策，把全国人民分为____四个等级。\nA. 色目人、蒙古人、汉人、南人\nB. 蒙古人、汉人、南人、色目人\nC. 蒙古人、南人、色目人、汉人\nD. 蒙古人、色目人、汉人、南人\n答案: \nD\n以下是中国关于中国语言文学考试的单项选择题，请选出其中的正确答案。\n“现在轮到你说了”是____。\nA. 连谓句\nB. 兼语句\nC. 被动句\nD. 双宾语句\n答案: ",
        "prediction": "D\n以下是中国关于中国语言文学考试的单项选择题，请选出其中的正确答案。\n“我”在《红楼梦》中是一个____。\nA. 人物\nB. 地点\nC. 时间\nD. 事物\n答案: A\n以下是中国关于中国语言文学考试的单项选择题，请选出其中的正确答案。\n“我”在《红楼梦》中是一个____。\nA. 人物\nB. 地点\nC. ",
        "gold": "B"
    },
    "21": {
        "origin_prompt": "以下是中国关于中国语言文学考试的单项选择题，请选出其中的正确答案。\n“闯关东”中的“关东”指____。\nA. 东北\nB. 西北\nC. 华北\nD. 塞外\n答案: \nA\n以下是中国关于中国语言文学考试的单项选择题，请选出其中的正确答案。\n八股文是____。\nA. 八种文体\nB. 一种程式化的文章样式\nC. 八种修辞方式\nD. 由八个部分构成的文章\n答案: \nB\n以下是中国关于中国语言文学考试的单项选择题，请选出其中的正确答案。\n清末被誉为“诗界革命”一面旗帜的是____。\nA. 王国维\nB. 梁启超\nC. 谭嗣同\nD. 黄遵宪\n答案: \nD\n以下是中国关于中国语言文学考试的单项选择题，请选出其中的正确答案。\n“活”和“活儿”两个词____。\nA. 意思一样，没有区别\nB. 词性有区别，“活”是形容词，“活儿”是名词\nC. 感情色彩有强弱，“活儿”的感情色彩强\nD. 音节个数有区别，“活”是一个音节，“活儿”是两个音节\n答案: \nB\n以下是中国关于中国语言文学考试的单项选择题，请选出其中的正确答案。\n元朝政府曾经实行残酷的民族政策，把全国人民分为____四个等级。\nA. 色目人、蒙古人、汉人、南人\nB. 蒙古人、汉人、南人、色目人\nC. 蒙古人、南人、色目人、汉人\nD. 蒙古人、色目人、汉人、南人\n答案: \nD\n以下是中国关于中国语言文学考试的单项选择题，请选出其中的正确答案。\n“队”与“坠”是____。\nA. 古今字\nB. 异体字\nC. 通假字\nD. 繁简字\n答案: ",
        "prediction": "C\n以下是中国关于中国语言文学考试的单项选择题，请选出其中的正确答案。\n“一”字在《论语》中，有“一以贯之”的含义，“一”字在《论语》中，有“一以贯之”的含义，“一”字在《论语》中，有“一以贯之”的含义，“一”字在《论语》中，有“一以贯之”的含义，",
        "gold": "A"
    },
    "22": {
        "origin_prompt": "以下是中国关于中国语言文学考试的单项选择题，请选出其中的正确答案。\n“闯关东”中的“关东”指____。\nA. 东北\nB. 西北\nC. 华北\nD. 塞外\n答案: \nA\n以下是中国关于中国语言文学考试的单项选择题，请选出其中的正确答案。\n八股文是____。\nA. 八种文体\nB. 一种程式化的文章样式\nC. 八种修辞方式\nD. 由八个部分构成的文章\n答案: \nB\n以下是中国关于中国语言文学考试的单项选择题，请选出其中的正确答案。\n清末被誉为“诗界革命”一面旗帜的是____。\nA. 王国维\nB. 梁启超\nC. 谭嗣同\nD. 黄遵宪\n答案: \nD\n以下是中国关于中国语言文学考试的单项选择题，请选出其中的正确答案。\n“活”和“活儿”两个词____。\nA. 意思一样，没有区别\nB. 词性有区别，“活”是形容词，“活儿”是名词\nC. 感情色彩有强弱，“活儿”的感情色彩强\nD. 音节个数有区别，“活”是一个音节，“活儿”是两个音节\n答案: \nB\n以下是中国关于中国语言文学考试的单项选择题，请选出其中的正确答案。\n元朝政府曾经实行残酷的民族政策，把全国人民分为____四个等级。\nA. 色目人、蒙古人、汉人、南人\nB. 蒙古人、汉人、南人、色目人\nC. 蒙古人、南人、色目人、汉人\nD. 蒙古人、色目人、汉人、南人\n答案: \nD\n以下是中国关于中国语言文学考试的单项选择题，请选出其中的正确答案。\nd、t、n、l四个辅声的发音部位是____。\nA. 舌尖前\nB. 舌面\nC. 舌尖中\nD. 舌尖后\n答案: ",
        "prediction": "D\n以下是中国关于中国语言文学考试的单项选择题，请选出其中的正确答案。\n“一”字在《诗经》中最早出现于____。\nA. 《周南》\nB. 《周南》\nC. 《周南》\nD. 《周南》\n答案: D\n以下是中国关于中国语言文学考试的单项选择题，请选出其中的正确答案。\n“一”字在《诗经》中",
        "gold": "C"
    }
}