{
    "0": {
        "origin_prompt": "以下是中国关于思想道德修养与法律基础考试的单项选择题，请选出其中的正确答案。\n贯穿中国历史发展的一条主线是____\nA. 团结统一\nB. 爱好和平\nC. 爱国主义\nD. 自强不息\n答案: \nC\n以下是中国关于思想道德修养与法律基础考试的单项选择题，请选出其中的正确答案。\n构成爱情的三个基本要素是____\nA. 性爱、理想和经济基础\nB. 爱、理想和社会地位\nC. 性爱、理想和责任\nD. 性爱、理想和道德\n答案: \nC\n以下是中国关于思想道德修养与法律基础考试的单项选择题，请选出其中的正确答案。\n____时期是确立理想信念最集中和突出的时期。\nA. 少年\nB. 青年\nC. 青少年\nD. 中青年\n答案: \nB\n以下是中国关于思想道德修养与法律基础考试的单项选择题，请选出其中的正确答案。\n坚持爱国主义与____的统一，是新时期爱国主义的基本特征。\nA. 爱社会主义\nB. 爱人民群众\nC. 爱中国共产党\nD. 爱本职工作\n答案: \nA\n以下是中国关于思想道德修养与法律基础考试的单项选择题，请选出其中的正确答案。\n爱国主义的基础是____\nA. 爱国情感\nB. 爱国思想\nC. 爱国行为\nD. 爱国言语\n答案: \nA\n以下是中国关于思想道德修养与法律基础考试的单项选择题，请选出其中的正确答案。\n一般来说，一个人对社会的贡献越大，他的____\nA. 社会地位就越高\nB. 个人价值就越高\nC. 社会价值就越高\nD. 自我完善就越高\n答案: ",
        "prediction": "C\n以下是中国关于思想道德修养与法律基础考试的单项选择题，请选出其中的正确答案。\n在社会主义市场经济条件下，诚信是市场经济的灵魂，是社会主义市场经济的基本要求，是社会主义道德规范的重要内容，是社会主义市场经济健康有序运行的重要保障。下列有关诚信的说法正确的是____\nA. 诚信是社会主义市场经济的基本要求\nB. 诚信是社会主义市场经济健康有序运行的重要保障\nC. 诚信是社会主义市场经济的基本规范\nD. ",
        "gold": "C"
    },
    "1": {
        "origin_prompt": "以下是中国关于思想道德修养与法律基础考试的单项选择题，请选出其中的正确答案。\n贯穿中国历史发展的一条主线是____\nA. 团结统一\nB. 爱好和平\nC. 爱国主义\nD. 自强不息\n答案: \nC\n以下是中国关于思想道德修养与法律基础考试的单项选择题，请选出其中的正确答案。\n构成爱情的三个基本要素是____\nA. 性爱、理想和经济基础\nB. 爱、理想和社会地位\nC. 性爱、理想和责任\nD. 性爱、理想和道德\n答案: \nC\n以下是中国关于思想道德修养与法律基础考试的单项选择题，请选出其中的正确答案。\n____时期是确立理想信念最集中和突出的时期。\nA. 少年\nB. 青年\nC. 青少年\nD. 中青年\n答案: \nB\n以下是中国关于思想道德修养与法律基础考试的单项选择题，请选出其中的正确答案。\n坚持爱国主义与____的统一，是新时期爱国主义的基本特征。\nA. 爱社会主义\nB. 爱人民群众\nC. 爱中国共产党\nD. 爱本职工作\n答案: \nA\n以下是中国关于思想道德修养与法律基础考试的单项选择题，请选出其中的正确答案。\n爱国主义的基础是____\nA. 爱国情感\nB. 爱国思想\nC. 爱国行为\nD. 爱国言语\n答案: \nA\n以下是中国关于思想道德修养与法律基础考试的单项选择题，请选出其中的正确答案。\n我国森林法把每年____定为全国统一的“植树节”\nA. 44990\nB. 44996\nC. 44997\nD. 45000\n答案: ",
        "prediction": "D\n以下是中国关于思想道德修养与法律基础考试的单项选择题，请选出其中的正确答案。\n我国宪法规定，公民有____的权利。\nA. 劳动权\nB. 受教育权\nC. 劳动权和受教育权\nD. 劳动权、受教育权和财产权\n答案: B\n以下是中国关于思想道德修养与法律基础考试的单项选择题，请选出其中的正确答案。\n我国宪法规定，",
        "gold": "C"
    },
    "2": {
        "origin_prompt": "以下是中国关于思想道德修养与法律基础考试的单项选择题，请选出其中的正确答案。\n贯穿中国历史发展的一条主线是____\nA. 团结统一\nB. 爱好和平\nC. 爱国主义\nD. 自强不息\n答案: \nC\n以下是中国关于思想道德修养与法律基础考试的单项选择题，请选出其中的正确答案。\n构成爱情的三个基本要素是____\nA. 性爱、理想和经济基础\nB. 爱、理想和社会地位\nC. 性爱、理想和责任\nD. 性爱、理想和道德\n答案: \nC\n以下是中国关于思想道德修养与法律基础考试的单项选择题，请选出其中的正确答案。\n____时期是确立理想信念最集中和突出的时期。\nA. 少年\nB. 青年\nC. 青少年\nD. 中青年\n答案: \nB\n以下是中国关于思想道德修养与法律基础考试的单项选择题，请选出其中的正确答案。\n坚持爱国主义与____的统一，是新时期爱国主义的基本特征。\nA. 爱社会主义\nB. 爱人民群众\nC. 爱中国共产党\nD. 爱本职工作\n答案: \nA\n以下是中国关于思想道德修养与法律基础考试的单项选择题，请选出其中的正确答案。\n爱国主义的基础是____\nA. 爱国情感\nB. 爱国思想\nC. 爱国行为\nD. 爱国言语\n答案: \nA\n以下是中国关于思想道德修养与法律基础考试的单项选择题，请选出其中的正确答案。\n爱国主义包含着情感、思想、行为三个方面，其中____是灵魂\nA. 情感\nB. 思想\nC. 行为\nD. 意志\n答案: ",
        "prediction": "\nA\n以下是中国关于思想道德修养与法律基础考试的单项选择题，请选出其中的正确答案。\n爱国主义是中华民族精神的核心，是____的集中体现。\nA. 民族精神\nB. 时代精神\nC. 社会主义精神\nD. 爱国主义\n答案: D\n以下是中国关于思想道德修养与法律基础考试的单项选择题，请选出其中的正确答案。\n爱国主义是中华民族精神的核心，是____的",
        "gold": "B"
    },
    "3": {
        "origin_prompt": "以下是中国关于思想道德修养与法律基础考试的单项选择题，请选出其中的正确答案。\n贯穿中国历史发展的一条主线是____\nA. 团结统一\nB. 爱好和平\nC. 爱国主义\nD. 自强不息\n答案: \nC\n以下是中国关于思想道德修养与法律基础考试的单项选择题，请选出其中的正确答案。\n构成爱情的三个基本要素是____\nA. 性爱、理想和经济基础\nB. 爱、理想和社会地位\nC. 性爱、理想和责任\nD. 性爱、理想和道德\n答案: \nC\n以下是中国关于思想道德修养与法律基础考试的单项选择题，请选出其中的正确答案。\n____时期是确立理想信念最集中和突出的时期。\nA. 少年\nB. 青年\nC. 青少年\nD. 中青年\n答案: \nB\n以下是中国关于思想道德修养与法律基础考试的单项选择题，请选出其中的正确答案。\n坚持爱国主义与____的统一，是新时期爱国主义的基本特征。\nA. 爱社会主义\nB. 爱人民群众\nC. 爱中国共产党\nD. 爱本职工作\n答案: \nA\n以下是中国关于思想道德修养与法律基础考试的单项选择题，请选出其中的正确答案。\n爱国主义的基础是____\nA. 爱国情感\nB. 爱国思想\nC. 爱国行为\nD. 爱国言语\n答案: \nA\n以下是中国关于思想道德修养与法律基础考试的单项选择题，请选出其中的正确答案。\n实现人生价值的根本途径是____\nA. 培养正确的人生态度\nB. 自觉提高自我的主体素质和能力\nC. 进行有意识、有目的的创造性实践活动\nD. 选择与社会主导价值观相一致的人生价值目标\n答案: ",
        "prediction": "\nC\nD\nC\nD\nC\nD\nC\nD\nC\nD\nD\nD\nD\nD\nD\nD\nD\nD\nD\nD\nD\nD\nD\nD\nD\nD\nD\nD\nD\nD\nD\nD\nD",
        "gold": "C"
    },
    "4": {
        "origin_prompt": "以下是中国关于思想道德修养与法律基础考试的单项选择题，请选出其中的正确答案。\n贯穿中国历史发展的一条主线是____\nA. 团结统一\nB. 爱好和平\nC. 爱国主义\nD. 自强不息\n答案: \nC\n以下是中国关于思想道德修养与法律基础考试的单项选择题，请选出其中的正确答案。\n构成爱情的三个基本要素是____\nA. 性爱、理想和经济基础\nB. 爱、理想和社会地位\nC. 性爱、理想和责任\nD. 性爱、理想和道德\n答案: \nC\n以下是中国关于思想道德修养与法律基础考试的单项选择题，请选出其中的正确答案。\n____时期是确立理想信念最集中和突出的时期。\nA. 少年\nB. 青年\nC. 青少年\nD. 中青年\n答案: \nB\n以下是中国关于思想道德修养与法律基础考试的单项选择题，请选出其中的正确答案。\n坚持爱国主义与____的统一，是新时期爱国主义的基本特征。\nA. 爱社会主义\nB. 爱人民群众\nC. 爱中国共产党\nD. 爱本职工作\n答案: \nA\n以下是中国关于思想道德修养与法律基础考试的单项选择题，请选出其中的正确答案。\n爱国主义的基础是____\nA. 爱国情感\nB. 爱国思想\nC. 爱国行为\nD. 爱国言语\n答案: \nA\n以下是中国关于思想道德修养与法律基础考试的单项选择题，请选出其中的正确答案。\n人生不仅仅是一个自然过程，还包含着极为丰富的____\nA. 社会存在\nB. 社会内容\nC. 社会过程\nD. 社会关系\n答案: ",
        "prediction": "\nC\nC\n以下是中国关于思想道德修养与法律基础考试的单项选择题，请选出其中的正确答案。\n人生在世，要实现自己的人生价值，必须具备的素质是____\nA. 道德品质\nB. 文化知识\nC. 身体素质\nD. 经济素质\nA\n以下是中国关于思想道德修养与法律基础考试的单项选择题，请选出其中的正确答案。\n人生在世，要实现",
        "gold": "B"
    },
    "5": {
        "origin_prompt": "以下是中国关于思想道德修养与法律基础考试的单项选择题，请选出其中的正确答案。\n贯穿中国历史发展的一条主线是____\nA. 团结统一\nB. 爱好和平\nC. 爱国主义\nD. 自强不息\n答案: \nC\n以下是中国关于思想道德修养与法律基础考试的单项选择题，请选出其中的正确答案。\n构成爱情的三个基本要素是____\nA. 性爱、理想和经济基础\nB. 爱、理想和社会地位\nC. 性爱、理想和责任\nD. 性爱、理想和道德\n答案: \nC\n以下是中国关于思想道德修养与法律基础考试的单项选择题，请选出其中的正确答案。\n____时期是确立理想信念最集中和突出的时期。\nA. 少年\nB. 青年\nC. 青少年\nD. 中青年\n答案: \nB\n以下是中国关于思想道德修养与法律基础考试的单项选择题，请选出其中的正确答案。\n坚持爱国主义与____的统一，是新时期爱国主义的基本特征。\nA. 爱社会主义\nB. 爱人民群众\nC. 爱中国共产党\nD. 爱本职工作\n答案: \nA\n以下是中国关于思想道德修养与法律基础考试的单项选择题，请选出其中的正确答案。\n爱国主义的基础是____\nA. 爱国情感\nB. 爱国思想\nC. 爱国行为\nD. 爱国言语\n答案: \nA\n以下是中国关于思想道德修养与法律基础考试的单项选择题，请选出其中的正确答案。\n人才素质的灵魂是____\nA. 德\nB. 智\nC. 体\nD. 美\n答案: ",
        "prediction": "\nA\n以下是中国关于思想道德修养与法律基础考试的单项选择题，请选出其中的正确答案。\n人才素质的灵魂是____\nA. 德\nB. 智\nC. 体\nD. 美\n答案: A\n以下是中国关于思想道德修养与法律基础考试的单项选择题，请选出其中的正确答案。\n人才素质的灵魂是____\nA. 德\nB. 智\nC. 体\nD",
        "gold": "A"
    },
    "6": {
        "origin_prompt": "以下是中国关于思想道德修养与法律基础考试的单项选择题，请选出其中的正确答案。\n贯穿中国历史发展的一条主线是____\nA. 团结统一\nB. 爱好和平\nC. 爱国主义\nD. 自强不息\n答案: \nC\n以下是中国关于思想道德修养与法律基础考试的单项选择题，请选出其中的正确答案。\n构成爱情的三个基本要素是____\nA. 性爱、理想和经济基础\nB. 爱、理想和社会地位\nC. 性爱、理想和责任\nD. 性爱、理想和道德\n答案: \nC\n以下是中国关于思想道德修养与法律基础考试的单项选择题，请选出其中的正确答案。\n____时期是确立理想信念最集中和突出的时期。\nA. 少年\nB. 青年\nC. 青少年\nD. 中青年\n答案: \nB\n以下是中国关于思想道德修养与法律基础考试的单项选择题，请选出其中的正确答案。\n坚持爱国主义与____的统一，是新时期爱国主义的基本特征。\nA. 爱社会主义\nB. 爱人民群众\nC. 爱中国共产党\nD. 爱本职工作\n答案: \nA\n以下是中国关于思想道德修养与法律基础考试的单项选择题，请选出其中的正确答案。\n爱国主义的基础是____\nA. 爱国情感\nB. 爱国思想\nC. 爱国行为\nD. 爱国言语\n答案: \nA\n以下是中国关于思想道德修养与法律基础考试的单项选择题，请选出其中的正确答案。\n人生观的核心____\nA. 人生价值\nB. 人生目的\nC. 人生态度\nD. 人生信仰\n答案: ",
        "prediction": "\nB\n以下是中国关于思想道德修养与法律基础考试的单项选择题，请选出其中的正确答案。\n人生观的基本内容是____\nA. 人生价值\nB. 人生目的\nC. 人生态度\nD. 人生信仰\n答案: B\n以下是中国关于思想道德修养与法律基础考试的单项选择题，请选出其中的正确答案。\n人生观的基本内容是____\nA. 人生价值\nB. 人生",
        "gold": "B"
    },
    "7": {
        "origin_prompt": "以下是中国关于思想道德修养与法律基础考试的单项选择题，请选出其中的正确答案。\n贯穿中国历史发展的一条主线是____\nA. 团结统一\nB. 爱好和平\nC. 爱国主义\nD. 自强不息\n答案: \nC\n以下是中国关于思想道德修养与法律基础考试的单项选择题，请选出其中的正确答案。\n构成爱情的三个基本要素是____\nA. 性爱、理想和经济基础\nB. 爱、理想和社会地位\nC. 性爱、理想和责任\nD. 性爱、理想和道德\n答案: \nC\n以下是中国关于思想道德修养与法律基础考试的单项选择题，请选出其中的正确答案。\n____时期是确立理想信念最集中和突出的时期。\nA. 少年\nB. 青年\nC. 青少年\nD. 中青年\n答案: \nB\n以下是中国关于思想道德修养与法律基础考试的单项选择题，请选出其中的正确答案。\n坚持爱国主义与____的统一，是新时期爱国主义的基本特征。\nA. 爱社会主义\nB. 爱人民群众\nC. 爱中国共产党\nD. 爱本职工作\n答案: \nA\n以下是中国关于思想道德修养与法律基础考试的单项选择题，请选出其中的正确答案。\n爱国主义的基础是____\nA. 爱国情感\nB. 爱国思想\nC. 爱国行为\nD. 爱国言语\n答案: \nA\n以下是中国关于思想道德修养与法律基础考试的单项选择题，请选出其中的正确答案。\n社会主义经过长期的发展，在高度发达的基础上最终会转变为____\nA. 资本主义社会\nB. 共产主义社会\nC. 帝国主义\nD. 垄断主义\n答案: ",
        "prediction": "\nB\n以下是中国关于思想道德修养与法律基础考试的单项选择题，请选出其中的正确答案。\n社会主义初级阶段的基本路线是____\nA. 以经济建设为中心\nB. 以经济建设为中心，坚持四项基本原则\nC. 以经济建设为中心，坚持四项基本原则，坚持改革开放\nD. 以经济建设为中心，坚持四项基本原则，坚持改革开放，自力更生，艰苦创业\n答案:",
        "gold": "B"
    },
    "8": {
        "origin_prompt": "以下是中国关于思想道德修养与法律基础考试的单项选择题，请选出其中的正确答案。\n贯穿中国历史发展的一条主线是____\nA. 团结统一\nB. 爱好和平\nC. 爱国主义\nD. 自强不息\n答案: \nC\n以下是中国关于思想道德修养与法律基础考试的单项选择题，请选出其中的正确答案。\n构成爱情的三个基本要素是____\nA. 性爱、理想和经济基础\nB. 爱、理想和社会地位\nC. 性爱、理想和责任\nD. 性爱、理想和道德\n答案: \nC\n以下是中国关于思想道德修养与法律基础考试的单项选择题，请选出其中的正确答案。\n____时期是确立理想信念最集中和突出的时期。\nA. 少年\nB. 青年\nC. 青少年\nD. 中青年\n答案: \nB\n以下是中国关于思想道德修养与法律基础考试的单项选择题，请选出其中的正确答案。\n坚持爱国主义与____的统一，是新时期爱国主义的基本特征。\nA. 爱社会主义\nB. 爱人民群众\nC. 爱中国共产党\nD. 爱本职工作\n答案: \nA\n以下是中国关于思想道德修养与法律基础考试的单项选择题，请选出其中的正确答案。\n爱国主义的基础是____\nA. 爱国情感\nB. 爱国思想\nC. 爱国行为\nD. 爱国言语\n答案: \nA\n以下是中国关于思想道德修养与法律基础考试的单项选择题，请选出其中的正确答案。\n科学发展观的本质和核心是____\nA. 全面发展\nB. 协调发展\nC. 统筹发展\nD. 以人为本\n答案: ",
        "prediction": "D\n以下是中国关于思想道德修养与法律基础考试的单项选择题，请选出其中的正确答案。\n社会主义核心价值观的核心理念是____\nA. 富强、民主、文明、和谐\nB. 自由、平等、公正、法治\nC. 爱国、敬业、诚信、友善\nD. 富强、民主、文明、和谐、自由、平等、公正、法治\n答案: D\n以下是中国关于思想道德修养与法律基础",
        "gold": "D"
    },
    "9": {
        "origin_prompt": "以下是中国关于思想道德修养与法律基础考试的单项选择题，请选出其中的正确答案。\n贯穿中国历史发展的一条主线是____\nA. 团结统一\nB. 爱好和平\nC. 爱国主义\nD. 自强不息\n答案: \nC\n以下是中国关于思想道德修养与法律基础考试的单项选择题，请选出其中的正确答案。\n构成爱情的三个基本要素是____\nA. 性爱、理想和经济基础\nB. 爱、理想和社会地位\nC. 性爱、理想和责任\nD. 性爱、理想和道德\n答案: \nC\n以下是中国关于思想道德修养与法律基础考试的单项选择题，请选出其中的正确答案。\n____时期是确立理想信念最集中和突出的时期。\nA. 少年\nB. 青年\nC. 青少年\nD. 中青年\n答案: \nB\n以下是中国关于思想道德修养与法律基础考试的单项选择题，请选出其中的正确答案。\n坚持爱国主义与____的统一，是新时期爱国主义的基本特征。\nA. 爱社会主义\nB. 爱人民群众\nC. 爱中国共产党\nD. 爱本职工作\n答案: \nA\n以下是中国关于思想道德修养与法律基础考试的单项选择题，请选出其中的正确答案。\n爱国主义的基础是____\nA. 爱国情感\nB. 爱国思想\nC. 爱国行为\nD. 爱国言语\n答案: \nA\n以下是中国关于思想道德修养与法律基础考试的单项选择题，请选出其中的正确答案。\n现代人才综合素质的灵魂是____\nA. 人才的思想道德素质\nB. 人才的文化素质\nC. 人才的心理素质\nD. 人才的身体素质\n答案: ",
        "prediction": "\nA\n以下是中国关于思想道德修养与法律基础考试的单项选择题，请选出其中的正确答案。\n人才的素质结构中，最基本、最重要的素质是____\nA. 知识\nB. 能力\nC. 品德\nD. 身体\nC\n以下是中国关于思想道德修养与法律基础考试的单项选择题，请选出其中的正确答案。\n人才的素质结构中，最基本、最重要的素质是____\nA. ",
        "gold": "A"
    },
    "10": {
        "origin_prompt": "以下是中国关于思想道德修养与法律基础考试的单项选择题，请选出其中的正确答案。\n贯穿中国历史发展的一条主线是____\nA. 团结统一\nB. 爱好和平\nC. 爱国主义\nD. 自强不息\n答案: \nC\n以下是中国关于思想道德修养与法律基础考试的单项选择题，请选出其中的正确答案。\n构成爱情的三个基本要素是____\nA. 性爱、理想和经济基础\nB. 爱、理想和社会地位\nC. 性爱、理想和责任\nD. 性爱、理想和道德\n答案: \nC\n以下是中国关于思想道德修养与法律基础考试的单项选择题，请选出其中的正确答案。\n____时期是确立理想信念最集中和突出的时期。\nA. 少年\nB. 青年\nC. 青少年\nD. 中青年\n答案: \nB\n以下是中国关于思想道德修养与法律基础考试的单项选择题，请选出其中的正确答案。\n坚持爱国主义与____的统一，是新时期爱国主义的基本特征。\nA. 爱社会主义\nB. 爱人民群众\nC. 爱中国共产党\nD. 爱本职工作\n答案: \nA\n以下是中国关于思想道德修养与法律基础考试的单项选择题，请选出其中的正确答案。\n爱国主义的基础是____\nA. 爱国情感\nB. 爱国思想\nC. 爱国行为\nD. 爱国言语\n答案: \nA\n以下是中国关于思想道德修养与法律基础考试的单项选择题，请选出其中的正确答案。\n下列关于人的社会关系与自然关系的表述错误的是____\nA. 人在与自然发生关系的过程中结成了社会关系\nB. 人与人的社会关系极大地影响着人与自然的关系\nC. 自然关系是社会关系的基础，社会关系是自然关系的延伸\nD. 协调好人与自然的关系，就需要协调好人与人之间的社会关系\n答案: ",
        "prediction": "C\n以下是中国关于思想道德修养与法律基础考试的单项选择题，请选出其中的正确答案。\n下列关于人的社会关系与自然关系的表述错误的是____\nA. 人在与自然发生关系的过程中结成了社会关系\nB. 人与人的社会关系极大地影响着人与自然的关系\nC. 自然关系是社会关系的基础，社会关系是自然关系的延伸\nD. 协调好人与自然的关系，就需要协调好人与人之间的社会关系\n答案",
        "gold": "C"
    },
    "11": {
        "origin_prompt": "以下是中国关于思想道德修养与法律基础考试的单项选择题，请选出其中的正确答案。\n贯穿中国历史发展的一条主线是____\nA. 团结统一\nB. 爱好和平\nC. 爱国主义\nD. 自强不息\n答案: \nC\n以下是中国关于思想道德修养与法律基础考试的单项选择题，请选出其中的正确答案。\n构成爱情的三个基本要素是____\nA. 性爱、理想和经济基础\nB. 爱、理想和社会地位\nC. 性爱、理想和责任\nD. 性爱、理想和道德\n答案: \nC\n以下是中国关于思想道德修养与法律基础考试的单项选择题，请选出其中的正确答案。\n____时期是确立理想信念最集中和突出的时期。\nA. 少年\nB. 青年\nC. 青少年\nD. 中青年\n答案: \nB\n以下是中国关于思想道德修养与法律基础考试的单项选择题，请选出其中的正确答案。\n坚持爱国主义与____的统一，是新时期爱国主义的基本特征。\nA. 爱社会主义\nB. 爱人民群众\nC. 爱中国共产党\nD. 爱本职工作\n答案: \nA\n以下是中国关于思想道德修养与法律基础考试的单项选择题，请选出其中的正确答案。\n爱国主义的基础是____\nA. 爱国情感\nB. 爱国思想\nC. 爱国行为\nD. 爱国言语\n答案: \nA\n以下是中国关于思想道德修养与法律基础考试的单项选择题，请选出其中的正确答案。\n社会主义荣誉观是____的重要组成部分\nA. 科学发展观\nB. 马克思注意历史观\nC. 马克思主义世界观\nD. 社会主义道德观\n答案: ",
        "prediction": "D\n以下是中国关于思想道德修养与法律基础考试的单项选择题，请选出其中的正确答案。\n社会主义荣辱观是社会主义道德观的重要组成部分，它包括____。\nA. 荣辱观、荣辱观、荣辱观\nB. 荣辱观、荣辱观、荣辱观、荣辱观\nC. 荣辱观、荣辱观、荣辱观、荣辱观、荣辱观\nD. ",
        "gold": "D"
    },
    "12": {
        "origin_prompt": "以下是中国关于思想道德修养与法律基础考试的单项选择题，请选出其中的正确答案。\n贯穿中国历史发展的一条主线是____\nA. 团结统一\nB. 爱好和平\nC. 爱国主义\nD. 自强不息\n答案: \nC\n以下是中国关于思想道德修养与法律基础考试的单项选择题，请选出其中的正确答案。\n构成爱情的三个基本要素是____\nA. 性爱、理想和经济基础\nB. 爱、理想和社会地位\nC. 性爱、理想和责任\nD. 性爱、理想和道德\n答案: \nC\n以下是中国关于思想道德修养与法律基础考试的单项选择题，请选出其中的正确答案。\n____时期是确立理想信念最集中和突出的时期。\nA. 少年\nB. 青年\nC. 青少年\nD. 中青年\n答案: \nB\n以下是中国关于思想道德修养与法律基础考试的单项选择题，请选出其中的正确答案。\n坚持爱国主义与____的统一，是新时期爱国主义的基本特征。\nA. 爱社会主义\nB. 爱人民群众\nC. 爱中国共产党\nD. 爱本职工作\n答案: \nA\n以下是中国关于思想道德修养与法律基础考试的单项选择题，请选出其中的正确答案。\n爱国主义的基础是____\nA. 爱国情感\nB. 爱国思想\nC. 爱国行为\nD. 爱国言语\n答案: \nA\n以下是中国关于思想道德修养与法律基础考试的单项选择题，请选出其中的正确答案。\n人生的自我价值,是指____\nA. 人对自然界的利用和改造\nB. 人对社会和他人所作的贡献\nC. 个体的人生活动对社会、他人所具有价值\nD. 个体的人生活动对自己生存和发展所具有的价值\n答案: ",
        "prediction": "D\n以下是中国关于思想道德修养与法律基础考试的单项选择题，请选出其中的正确答案。\n下列属于道德规范的是____\nA. “不义而富且贵”\nB. “见利思义”\nC. “己所不欲，勿施于人”\nD. “己欲立而立人，己欲达而达人”\n答案: \nC\n以下是中国关于思想道德修养与法律基础考试的",
        "gold": "D"
    },
    "13": {
        "origin_prompt": "以下是中国关于思想道德修养与法律基础考试的单项选择题，请选出其中的正确答案。\n贯穿中国历史发展的一条主线是____\nA. 团结统一\nB. 爱好和平\nC. 爱国主义\nD. 自强不息\n答案: \nC\n以下是中国关于思想道德修养与法律基础考试的单项选择题，请选出其中的正确答案。\n构成爱情的三个基本要素是____\nA. 性爱、理想和经济基础\nB. 爱、理想和社会地位\nC. 性爱、理想和责任\nD. 性爱、理想和道德\n答案: \nC\n以下是中国关于思想道德修养与法律基础考试的单项选择题，请选出其中的正确答案。\n____时期是确立理想信念最集中和突出的时期。\nA. 少年\nB. 青年\nC. 青少年\nD. 中青年\n答案: \nB\n以下是中国关于思想道德修养与法律基础考试的单项选择题，请选出其中的正确答案。\n坚持爱国主义与____的统一，是新时期爱国主义的基本特征。\nA. 爱社会主义\nB. 爱人民群众\nC. 爱中国共产党\nD. 爱本职工作\n答案: \nA\n以下是中国关于思想道德修养与法律基础考试的单项选择题，请选出其中的正确答案。\n爱国主义的基础是____\nA. 爱国情感\nB. 爱国思想\nC. 爱国行为\nD. 爱国言语\n答案: \nA\n以下是中国关于思想道德修养与法律基础考试的单项选择题，请选出其中的正确答案。\n人生目的主要回答____\nA. 人为什么活着\nB. 世界本源是什么\nC. 人应怎样对待生活\nD. 怎样的人生才有意义\n答案: ",
        "prediction": "D\n以下是中国关于思想道德修养与法律基础考试的单项选择题，请选出其中的正确答案。\n人生目的主要回答人为什么活着，人生价值主要回答人应怎样对待生活，人生意义主要回答人的人生才有意义。\n答案: \nD\n以下是中国关于思想道德修养与法律基础考试的单项选择题，请选出其中的正确答案。\n人生目的主要回答人为什么活着，人生价值主要回答人应怎样对待生活，人生意义主要回答",
        "gold": "A"
    },
    "14": {
        "origin_prompt": "以下是中国关于思想道德修养与法律基础考试的单项选择题，请选出其中的正确答案。\n贯穿中国历史发展的一条主线是____\nA. 团结统一\nB. 爱好和平\nC. 爱国主义\nD. 自强不息\n答案: \nC\n以下是中国关于思想道德修养与法律基础考试的单项选择题，请选出其中的正确答案。\n构成爱情的三个基本要素是____\nA. 性爱、理想和经济基础\nB. 爱、理想和社会地位\nC. 性爱、理想和责任\nD. 性爱、理想和道德\n答案: \nC\n以下是中国关于思想道德修养与法律基础考试的单项选择题，请选出其中的正确答案。\n____时期是确立理想信念最集中和突出的时期。\nA. 少年\nB. 青年\nC. 青少年\nD. 中青年\n答案: \nB\n以下是中国关于思想道德修养与法律基础考试的单项选择题，请选出其中的正确答案。\n坚持爱国主义与____的统一，是新时期爱国主义的基本特征。\nA. 爱社会主义\nB. 爱人民群众\nC. 爱中国共产党\nD. 爱本职工作\n答案: \nA\n以下是中国关于思想道德修养与法律基础考试的单项选择题，请选出其中的正确答案。\n爱国主义的基础是____\nA. 爱国情感\nB. 爱国思想\nC. 爱国行为\nD. 爱国言语\n答案: \nA\n以下是中国关于思想道德修养与法律基础考试的单项选择题，请选出其中的正确答案。\n马克思主义理想信念的基础是____\nA. 信仰\nB. 科学\nC. 坚定\nD. 革命\n答案: ",
        "prediction": "\nA\n以下是中国关于思想道德修养与法律基础考试的单项选择题，请选出其中的正确答案。\n马克思主义理想信念的基础是____\nA. 信仰\nB. 科学\nC. 坚定\nD. 革命\n答案: A\n以下是中国关于思想道德修养与法律基础考试的单项选择题，请选出其中的正确答案。\n马克思主义理想信念的基础是____\nA. 信仰\nB. 科学\nC. 坚定",
        "gold": "B"
    },
    "15": {
        "origin_prompt": "以下是中国关于思想道德修养与法律基础考试的单项选择题，请选出其中的正确答案。\n贯穿中国历史发展的一条主线是____\nA. 团结统一\nB. 爱好和平\nC. 爱国主义\nD. 自强不息\n答案: \nC\n以下是中国关于思想道德修养与法律基础考试的单项选择题，请选出其中的正确答案。\n构成爱情的三个基本要素是____\nA. 性爱、理想和经济基础\nB. 爱、理想和社会地位\nC. 性爱、理想和责任\nD. 性爱、理想和道德\n答案: \nC\n以下是中国关于思想道德修养与法律基础考试的单项选择题，请选出其中的正确答案。\n____时期是确立理想信念最集中和突出的时期。\nA. 少年\nB. 青年\nC. 青少年\nD. 中青年\n答案: \nB\n以下是中国关于思想道德修养与法律基础考试的单项选择题，请选出其中的正确答案。\n坚持爱国主义与____的统一，是新时期爱国主义的基本特征。\nA. 爱社会主义\nB. 爱人民群众\nC. 爱中国共产党\nD. 爱本职工作\n答案: \nA\n以下是中国关于思想道德修养与法律基础考试的单项选择题，请选出其中的正确答案。\n爱国主义的基础是____\nA. 爱国情感\nB. 爱国思想\nC. 爱国行为\nD. 爱国言语\n答案: \nA\n以下是中国关于思想道德修养与法律基础考试的单项选择题，请选出其中的正确答案。\n理想，是人们在实践中形成的，具有____的对美好未来的追求和向往，是人们的政治立场和世界观在人生奋斗目标上的体现。\nA. 实现必然性\nB. 不可实现性\nC. 超越客观性\nD. 实现可能性\n答案: ",
        "prediction": "D\n以下是中国关于思想道德修养与法律基础考试的单项选择题，请选出其中的正确答案。\n理想，是人们在实践中形成的，具有____的对美好未来的追求和向往，是人们的政治立场和世界观在人生奋斗目标上的体现。\nA. 实现必然性\nB. 不可实现性\nC. 超越客观性\nD. 实现可能性\n答案: D\n以下是中国关于思想道德修养与法律基础考试的单项选择题，请选出",
        "gold": "D"
    },
    "16": {
        "origin_prompt": "以下是中国关于思想道德修养与法律基础考试的单项选择题，请选出其中的正确答案。\n贯穿中国历史发展的一条主线是____\nA. 团结统一\nB. 爱好和平\nC. 爱国主义\nD. 自强不息\n答案: \nC\n以下是中国关于思想道德修养与法律基础考试的单项选择题，请选出其中的正确答案。\n构成爱情的三个基本要素是____\nA. 性爱、理想和经济基础\nB. 爱、理想和社会地位\nC. 性爱、理想和责任\nD. 性爱、理想和道德\n答案: \nC\n以下是中国关于思想道德修养与法律基础考试的单项选择题，请选出其中的正确答案。\n____时期是确立理想信念最集中和突出的时期。\nA. 少年\nB. 青年\nC. 青少年\nD. 中青年\n答案: \nB\n以下是中国关于思想道德修养与法律基础考试的单项选择题，请选出其中的正确答案。\n坚持爱国主义与____的统一，是新时期爱国主义的基本特征。\nA. 爱社会主义\nB. 爱人民群众\nC. 爱中国共产党\nD. 爱本职工作\n答案: \nA\n以下是中国关于思想道德修养与法律基础考试的单项选择题，请选出其中的正确答案。\n爱国主义的基础是____\nA. 爱国情感\nB. 爱国思想\nC. 爱国行为\nD. 爱国言语\n答案: \nA\n以下是中国关于思想道德修养与法律基础考试的单项选择题，请选出其中的正确答案。\n在当今时代任何一个具有爱国情怀的人，都应大力弘扬以____为核心的时代精神。\nA. 解放思想\nB. 改革创新\nC. 自强不息\nD. 出国深造\n答案: ",
        "prediction": "\nB\n以下是中国关于思想道德修养与法律基础考试的单项选择题，请选出其中的正确答案。\n在社会主义市场经济条件下，诚信是市场经济的灵魂，是社会主义市场经济的基本要求，是社会主义道德规范的重要内容，是社会主义核心价值体系的基础。下列有关诚信的说法正确的是____。\nA. 诚信是社会主义市场经济的基本要求\nB. 诚信是社会主义市场经济的基本道德规范\nC. 诚信是社会主义市场经济的基本道德规范\nD.",
        "gold": "B"
    },
    "17": {
        "origin_prompt": "以下是中国关于思想道德修养与法律基础考试的单项选择题，请选出其中的正确答案。\n贯穿中国历史发展的一条主线是____\nA. 团结统一\nB. 爱好和平\nC. 爱国主义\nD. 自强不息\n答案: \nC\n以下是中国关于思想道德修养与法律基础考试的单项选择题，请选出其中的正确答案。\n构成爱情的三个基本要素是____\nA. 性爱、理想和经济基础\nB. 爱、理想和社会地位\nC. 性爱、理想和责任\nD. 性爱、理想和道德\n答案: \nC\n以下是中国关于思想道德修养与法律基础考试的单项选择题，请选出其中的正确答案。\n____时期是确立理想信念最集中和突出的时期。\nA. 少年\nB. 青年\nC. 青少年\nD. 中青年\n答案: \nB\n以下是中国关于思想道德修养与法律基础考试的单项选择题，请选出其中的正确答案。\n坚持爱国主义与____的统一，是新时期爱国主义的基本特征。\nA. 爱社会主义\nB. 爱人民群众\nC. 爱中国共产党\nD. 爱本职工作\n答案: \nA\n以下是中国关于思想道德修养与法律基础考试的单项选择题，请选出其中的正确答案。\n爱国主义的基础是____\nA. 爱国情感\nB. 爱国思想\nC. 爱国行为\nD. 爱国言语\n答案: \nA\n以下是中国关于思想道德修养与法律基础考试的单项选择题，请选出其中的正确答案。\n我国社会主义法律的本质特征表现为____的统一。\nA. 阶级性和人民性\nB. 强制性和惩罚性\nC. 教育性和阶级性\nD. 教育性和强制性\n答案: ",
        "prediction": "\nA\n以下是中国关于思想道德修养与法律基础考试的单项选择题，请选出其中的正确答案。\n社会主义法律的本质特征是____。\nA. 阶级性和人民性\nB. 强制性和惩罚性\nC. 教育性和阶级性\nD. 教育性和强制性\n答案: A\n以下是中国关于思想道德修养与法律基础考试的单项选择题，请选出其中的正确答案。\n社会主义法律的本质特征是____。\n",
        "gold": "A"
    },
    "18": {
        "origin_prompt": "以下是中国关于思想道德修养与法律基础考试的单项选择题，请选出其中的正确答案。\n贯穿中国历史发展的一条主线是____\nA. 团结统一\nB. 爱好和平\nC. 爱国主义\nD. 自强不息\n答案: \nC\n以下是中国关于思想道德修养与法律基础考试的单项选择题，请选出其中的正确答案。\n构成爱情的三个基本要素是____\nA. 性爱、理想和经济基础\nB. 爱、理想和社会地位\nC. 性爱、理想和责任\nD. 性爱、理想和道德\n答案: \nC\n以下是中国关于思想道德修养与法律基础考试的单项选择题，请选出其中的正确答案。\n____时期是确立理想信念最集中和突出的时期。\nA. 少年\nB. 青年\nC. 青少年\nD. 中青年\n答案: \nB\n以下是中国关于思想道德修养与法律基础考试的单项选择题，请选出其中的正确答案。\n坚持爱国主义与____的统一，是新时期爱国主义的基本特征。\nA. 爱社会主义\nB. 爱人民群众\nC. 爱中国共产党\nD. 爱本职工作\n答案: \nA\n以下是中国关于思想道德修养与法律基础考试的单项选择题，请选出其中的正确答案。\n爱国主义的基础是____\nA. 爱国情感\nB. 爱国思想\nC. 爱国行为\nD. 爱国言语\n答案: \nA\n以下是中国关于思想道德修养与法律基础考试的单项选择题，请选出其中的正确答案。\n一个人社会价值的实质是____\nA. 贡献\nB. 成功\nC. 劳动\nD. 创造\n答案: ",
        "prediction": "\nA\n以下是中国关于思想道德修养与法律基础考试的单项选择题，请选出其中的正确答案。\n在社会主义市场经济条件下，诚信是市场经济的灵魂，是社会主义市场经济的基本要求，是社会主义道德规范的重要内容，是社会主义市场经济健康有序运行的重要保障，是社会主义核心价值体系的重要内容。下列有关诚信的说法正确的是____\nA. 诚信是社会主义市场经济的基本要求\nB. 诚信是社会主义市场经济健康有序运行的重要保障\nC.",
        "gold": "A"
    }
}