{
    "0": {
        "origin_prompt": "以下是中国关于大学化学考试的单项选择题，请选出其中的正确答案。\n下列分子中，不存在离域π键的是____\nA. $O_3$\nB. $SO_3$\nC. $HNO_3$\nD. $HNO_2$\n答案: \nD\n以下是中国关于大学化学考试的单项选择题，请选出其中的正确答案。\n下列物质加入电池负极溶液中，使$Zn^{2+}$/$Zn$-$H^+$/$H_2$组成的原电池电动势增大的是____\nA. $ZnSO_4$固体\nB. Zn粒\nC. $Na_2S$溶液\nD. $Na_2SO_4$固体\n答案: \nC\n以下是中国关于大学化学考试的单项选择题，请选出其中的正确答案。\n下列各组物质中，制冷效果最好的是____\nA. 冰\nB. 冰+食盐\nC. 冰+$CaCl_2·6H_2O$\nD. 冰+$CaCl_2$\n答案: \nC\n以下是中国关于大学化学考试的单项选择题，请选出其中的正确答案。\n下列物种中，单电子数最多的是____\nA. $Mo(CO)_6$\nB. $[Cr(H_2O)_6]^{2+}$\nC. $[Cr(NH_3)_6]^{2+}$\nD. $[Co(NH_3)_6]^{3+}$\n答案: \nB\n以下是中国关于大学化学考试的单项选择题，请选出其中的正确答案。\n已知$K^\\theta_{\\alpha_1}(H_2CO_3)=4.3\\times10^{-7}$，$K^\\theta_{\\alpha_2}(H_2CO_3)=5.6\\times10^{-11}$，$0.10mol·L^{-1}$ $NaHCO_3$溶液的pH为____\nA. 2.3\nB. 6.3\nC. 7.1\nD. 8.3\n答案: \nD\n以下是中国关于大学化学考试的单项选择题，请选出其中的正确答案。\n$HO_2$的沸点比$H_2S$的高,可以从____角度来进行解释。\nA. 共价键牢固\nB. 变形性\nC. 氢键\nD. 分子间力\n答案: ",
        "prediction": "【C】\n以下是中国关于大学化学考试的单项选择题，请选出其中的正确答案。\n$H_2S$分子中，$S$原子与$H$原子之间存在____键。\nA. 非极性共价键\nB. 极性共价键\nC. 非极性共价键\nD. 极性共价键\n答案: 【D】\n以下是中国关于大学化学考试的单项选择题，",
        "gold": "C"
    },
    "1": {
        "origin_prompt": "以下是中国关于大学化学考试的单项选择题，请选出其中的正确答案。\n下列分子中，不存在离域π键的是____\nA. $O_3$\nB. $SO_3$\nC. $HNO_3$\nD. $HNO_2$\n答案: \nD\n以下是中国关于大学化学考试的单项选择题，请选出其中的正确答案。\n下列物质加入电池负极溶液中，使$Zn^{2+}$/$Zn$-$H^+$/$H_2$组成的原电池电动势增大的是____\nA. $ZnSO_4$固体\nB. Zn粒\nC. $Na_2S$溶液\nD. $Na_2SO_4$固体\n答案: \nC\n以下是中国关于大学化学考试的单项选择题，请选出其中的正确答案。\n下列各组物质中，制冷效果最好的是____\nA. 冰\nB. 冰+食盐\nC. 冰+$CaCl_2·6H_2O$\nD. 冰+$CaCl_2$\n答案: \nC\n以下是中国关于大学化学考试的单项选择题，请选出其中的正确答案。\n下列物种中，单电子数最多的是____\nA. $Mo(CO)_6$\nB. $[Cr(H_2O)_6]^{2+}$\nC. $[Cr(NH_3)_6]^{2+}$\nD. $[Co(NH_3)_6]^{3+}$\n答案: \nB\n以下是中国关于大学化学考试的单项选择题，请选出其中的正确答案。\n已知$K^\\theta_{\\alpha_1}(H_2CO_3)=4.3\\times10^{-7}$，$K^\\theta_{\\alpha_2}(H_2CO_3)=5.6\\times10^{-11}$，$0.10mol·L^{-1}$ $NaHCO_3$溶液的pH为____\nA. 2.3\nB. 6.3\nC. 7.1\nD. 8.3\n答案: \nD\n以下是中国关于大学化学考试的单项选择题，请选出其中的正确答案。\n$Mg(OH)_2$饱和溶液中的$[OH^-]=10^{-4}mol/dm^3$,若往该溶液中加入NaOH溶液,使溶液中$[OH^-]$的浓度变为原来的10倍,则$Mg(OH)_2$的溶解度在理论上将____\nA. 变为原来的$10^{-3}$倍\nB. 变为原来的$10^{-2}$倍\nC. 变为原来的$10$倍\nD. 不发生变化\n答案: ",
        "prediction": "D\n以下是中国关于大学化学考试的单项选择题，请选出其中的正确答案。\n下列物质中，在常温常压下，能与$H_2SO_4$发生反应生成$SO_3$的化合物是____\nA. $Na_2SO_4$\nB. $Na_2SO_3$\nC. $Na_2SO_4$和$NaOH$\nD. $Na_2SO_4$和$Na",
        "gold": "B"
    },
    "2": {
        "origin_prompt": "以下是中国关于大学化学考试的单项选择题，请选出其中的正确答案。\n下列分子中，不存在离域π键的是____\nA. $O_3$\nB. $SO_3$\nC. $HNO_3$\nD. $HNO_2$\n答案: \nD\n以下是中国关于大学化学考试的单项选择题，请选出其中的正确答案。\n下列物质加入电池负极溶液中，使$Zn^{2+}$/$Zn$-$H^+$/$H_2$组成的原电池电动势增大的是____\nA. $ZnSO_4$固体\nB. Zn粒\nC. $Na_2S$溶液\nD. $Na_2SO_4$固体\n答案: \nC\n以下是中国关于大学化学考试的单项选择题，请选出其中的正确答案。\n下列各组物质中，制冷效果最好的是____\nA. 冰\nB. 冰+食盐\nC. 冰+$CaCl_2·6H_2O$\nD. 冰+$CaCl_2$\n答案: \nC\n以下是中国关于大学化学考试的单项选择题，请选出其中的正确答案。\n下列物种中，单电子数最多的是____\nA. $Mo(CO)_6$\nB. $[Cr(H_2O)_6]^{2+}$\nC. $[Cr(NH_3)_6]^{2+}$\nD. $[Co(NH_3)_6]^{3+}$\n答案: \nB\n以下是中国关于大学化学考试的单项选择题，请选出其中的正确答案。\n已知$K^\\theta_{\\alpha_1}(H_2CO_3)=4.3\\times10^{-7}$，$K^\\theta_{\\alpha_2}(H_2CO_3)=5.6\\times10^{-11}$，$0.10mol·L^{-1}$ $NaHCO_3$溶液的pH为____\nA. 2.3\nB. 6.3\nC. 7.1\nD. 8.3\n答案: \nD\n以下是中国关于大学化学考试的单项选择题，请选出其中的正确答案。\n估计下列分子或离子中，键角最小的是____\nA. $NH_3$\nB. $NO_3^{-}$\nC. $NF_3$\nD. $NCl_3$\n答案: ",
        "prediction": "\nC\n以下是中国关于大学化学考试的单项选择题，请选出其中的正确答案。\n下列化合物中，含有$N$原子，且$N$原子与$O$原子之间存在$σ$键的是____\nA. $HNO_3$\nB. $HNO_2$\nC. $HNO_2$和$HNO_3$的混合物\nD. $HNO_2$和$HNO_3$",
        "gold": "C"
    },
    "3": {
        "origin_prompt": "以下是中国关于大学化学考试的单项选择题，请选出其中的正确答案。\n下列分子中，不存在离域π键的是____\nA. $O_3$\nB. $SO_3$\nC. $HNO_3$\nD. $HNO_2$\n答案: \nD\n以下是中国关于大学化学考试的单项选择题，请选出其中的正确答案。\n下列物质加入电池负极溶液中，使$Zn^{2+}$/$Zn$-$H^+$/$H_2$组成的原电池电动势增大的是____\nA. $ZnSO_4$固体\nB. Zn粒\nC. $Na_2S$溶液\nD. $Na_2SO_4$固体\n答案: \nC\n以下是中国关于大学化学考试的单项选择题，请选出其中的正确答案。\n下列各组物质中，制冷效果最好的是____\nA. 冰\nB. 冰+食盐\nC. 冰+$CaCl_2·6H_2O$\nD. 冰+$CaCl_2$\n答案: \nC\n以下是中国关于大学化学考试的单项选择题，请选出其中的正确答案。\n下列物种中，单电子数最多的是____\nA. $Mo(CO)_6$\nB. $[Cr(H_2O)_6]^{2+}$\nC. $[Cr(NH_3)_6]^{2+}$\nD. $[Co(NH_3)_6]^{3+}$\n答案: \nB\n以下是中国关于大学化学考试的单项选择题，请选出其中的正确答案。\n已知$K^\\theta_{\\alpha_1}(H_2CO_3)=4.3\\times10^{-7}$，$K^\\theta_{\\alpha_2}(H_2CO_3)=5.6\\times10^{-11}$，$0.10mol·L^{-1}$ $NaHCO_3$溶液的pH为____\nA. 2.3\nB. 6.3\nC. 7.1\nD. 8.3\n答案: \nD\n以下是中国关于大学化学考试的单项选择题，请选出其中的正确答案。\n已知$K_b^{\\theta}(NH_3·H_2O)=1.8×10^{-5}$，用$NH_3·H_2O$和$NH_4Cl$配制pH=9.00的缓冲溶液时，c($NH_3·H_2O$)/c($NH_4Cl$)=____\nA. 5.6\nB. 0.56\nC. 1.8\nD. 3.6\n答案: ",
        "prediction": "\nC\n以下是中国关于大学化学考试的单项选择题，请选出其中的正确答案。\n已知$K_b^{\\theta}(NH_3·H_2O)=1.8×10^{-5}$，用$NH_3·H_2O$和$NH_4Cl$配制pH=9.00的缓冲溶液时，c($NH_3·H_2O$)/c($NH_4Cl$)=",
        "gold": "B"
    },
    "4": {
        "origin_prompt": "以下是中国关于大学化学考试的单项选择题，请选出其中的正确答案。\n下列分子中，不存在离域π键的是____\nA. $O_3$\nB. $SO_3$\nC. $HNO_3$\nD. $HNO_2$\n答案: \nD\n以下是中国关于大学化学考试的单项选择题，请选出其中的正确答案。\n下列物质加入电池负极溶液中，使$Zn^{2+}$/$Zn$-$H^+$/$H_2$组成的原电池电动势增大的是____\nA. $ZnSO_4$固体\nB. Zn粒\nC. $Na_2S$溶液\nD. $Na_2SO_4$固体\n答案: \nC\n以下是中国关于大学化学考试的单项选择题，请选出其中的正确答案。\n下列各组物质中，制冷效果最好的是____\nA. 冰\nB. 冰+食盐\nC. 冰+$CaCl_2·6H_2O$\nD. 冰+$CaCl_2$\n答案: \nC\n以下是中国关于大学化学考试的单项选择题，请选出其中的正确答案。\n下列物种中，单电子数最多的是____\nA. $Mo(CO)_6$\nB. $[Cr(H_2O)_6]^{2+}$\nC. $[Cr(NH_3)_6]^{2+}$\nD. $[Co(NH_3)_6]^{3+}$\n答案: \nB\n以下是中国关于大学化学考试的单项选择题，请选出其中的正确答案。\n已知$K^\\theta_{\\alpha_1}(H_2CO_3)=4.3\\times10^{-7}$，$K^\\theta_{\\alpha_2}(H_2CO_3)=5.6\\times10^{-11}$，$0.10mol·L^{-1}$ $NaHCO_3$溶液的pH为____\nA. 2.3\nB. 6.3\nC. 7.1\nD. 8.3\n答案: \nD\n以下是中国关于大学化学考试的单项选择题，请选出其中的正确答案。\n根据酸碱质子理论、HCI、HAc和$NH_4^+$酸性由弱到强的顺序为____\nA. $NH_4^+<HAc<HCl$\nB. $HAc<HCl<NH_4^+$\nC. $NH_4^+<HCl<HAc$\nD. $HAc<NH_4^+<HCl$\n答案: ",
        "prediction": "\nC\n以下是中国关于大学化学考试的单项选择题，请选出其中的正确答案。\n下列化合物中，属于离子化合物的是____\nA. $Na_2O_2$\nB. $Na_2SO_4$\nC. $Na_2CO_3$\nD. $Na_2CO_3$ + $Na_2CO_3$ = $2Na_2CO_3$\n答案: C\n以下是中国关于大学",
        "gold": "A"
    },
    "5": {
        "origin_prompt": "以下是中国关于大学化学考试的单项选择题，请选出其中的正确答案。\n下列分子中，不存在离域π键的是____\nA. $O_3$\nB. $SO_3$\nC. $HNO_3$\nD. $HNO_2$\n答案: \nD\n以下是中国关于大学化学考试的单项选择题，请选出其中的正确答案。\n下列物质加入电池负极溶液中，使$Zn^{2+}$/$Zn$-$H^+$/$H_2$组成的原电池电动势增大的是____\nA. $ZnSO_4$固体\nB. Zn粒\nC. $Na_2S$溶液\nD. $Na_2SO_4$固体\n答案: \nC\n以下是中国关于大学化学考试的单项选择题，请选出其中的正确答案。\n下列各组物质中，制冷效果最好的是____\nA. 冰\nB. 冰+食盐\nC. 冰+$CaCl_2·6H_2O$\nD. 冰+$CaCl_2$\n答案: \nC\n以下是中国关于大学化学考试的单项选择题，请选出其中的正确答案。\n下列物种中，单电子数最多的是____\nA. $Mo(CO)_6$\nB. $[Cr(H_2O)_6]^{2+}$\nC. $[Cr(NH_3)_6]^{2+}$\nD. $[Co(NH_3)_6]^{3+}$\n答案: \nB\n以下是中国关于大学化学考试的单项选择题，请选出其中的正确答案。\n已知$K^\\theta_{\\alpha_1}(H_2CO_3)=4.3\\times10^{-7}$，$K^\\theta_{\\alpha_2}(H_2CO_3)=5.6\\times10^{-11}$，$0.10mol·L^{-1}$ $NaHCO_3$溶液的pH为____\nA. 2.3\nB. 6.3\nC. 7.1\nD. 8.3\n答案: \nD\n以下是中国关于大学化学考试的单项选择题，请选出其中的正确答案。\n二氧化氮通入NaOH溶液，得到的主要产物是____\nA. $NaNO_2$\nB. $NaNO_2$和$O_2$\nC. $NaNO_3$和NO\nD. $NaNO_3$和$NaNO_2$\n答案: ",
        "prediction": "\nD\n以下是中国关于大学化学考试的单项选择题，请选出其中的正确答案。\n下列化合物中，属于离子化合物的是____\nA. $Na_2O_2$\nB. $Na_2SO_4$\nC. $Na_2CO_3$\nD. $Na_2CO_3$和$Na_2CO_3$的混合物\n答案: \nC\n以下是中国关于大学化学考试的单项选择题，",
        "gold": "D"
    },
    "6": {
        "origin_prompt": "以下是中国关于大学化学考试的单项选择题，请选出其中的正确答案。\n下列分子中，不存在离域π键的是____\nA. $O_3$\nB. $SO_3$\nC. $HNO_3$\nD. $HNO_2$\n答案: \nD\n以下是中国关于大学化学考试的单项选择题，请选出其中的正确答案。\n下列物质加入电池负极溶液中，使$Zn^{2+}$/$Zn$-$H^+$/$H_2$组成的原电池电动势增大的是____\nA. $ZnSO_4$固体\nB. Zn粒\nC. $Na_2S$溶液\nD. $Na_2SO_4$固体\n答案: \nC\n以下是中国关于大学化学考试的单项选择题，请选出其中的正确答案。\n下列各组物质中，制冷效果最好的是____\nA. 冰\nB. 冰+食盐\nC. 冰+$CaCl_2·6H_2O$\nD. 冰+$CaCl_2$\n答案: \nC\n以下是中国关于大学化学考试的单项选择题，请选出其中的正确答案。\n下列物种中，单电子数最多的是____\nA. $Mo(CO)_6$\nB. $[Cr(H_2O)_6]^{2+}$\nC. $[Cr(NH_3)_6]^{2+}$\nD. $[Co(NH_3)_6]^{3+}$\n答案: \nB\n以下是中国关于大学化学考试的单项选择题，请选出其中的正确答案。\n已知$K^\\theta_{\\alpha_1}(H_2CO_3)=4.3\\times10^{-7}$，$K^\\theta_{\\alpha_2}(H_2CO_3)=5.6\\times10^{-11}$，$0.10mol·L^{-1}$ $NaHCO_3$溶液的pH为____\nA. 2.3\nB. 6.3\nC. 7.1\nD. 8.3\n答案: \nD\n以下是中国关于大学化学考试的单项选择题，请选出其中的正确答案。\n若$[ML_4]^{2+}$的$K_f=a$，$[MY_4]^{2-}$的$K_f=b$，则反应$[ML_4]^{2+}+4Y^-=[MY_4]^{2-}+4L$的平衡常数K为____\nA. ab\nB. a+b\nC. a/b\nD. b/a\n答案: ",
        "prediction": "D\n以下是中国关于大学化学考试的单项选择题，请选出其中的正确答案。\n下列物质中，在标准状况下，其密度大于$1.0\\times10^{-3}g·cm^{-3}$的是____\nA. $NaCl$\nB. $KCl$\nC. $MgCl_2$\nD. $CaCl_2$\n答案: \nC\n以下是中国关于大学化学考试的单项选择题，请选出其中的正确",
        "gold": "D"
    },
    "7": {
        "origin_prompt": "以下是中国关于大学化学考试的单项选择题，请选出其中的正确答案。\n下列分子中，不存在离域π键的是____\nA. $O_3$\nB. $SO_3$\nC. $HNO_3$\nD. $HNO_2$\n答案: \nD\n以下是中国关于大学化学考试的单项选择题，请选出其中的正确答案。\n下列物质加入电池负极溶液中，使$Zn^{2+}$/$Zn$-$H^+$/$H_2$组成的原电池电动势增大的是____\nA. $ZnSO_4$固体\nB. Zn粒\nC. $Na_2S$溶液\nD. $Na_2SO_4$固体\n答案: \nC\n以下是中国关于大学化学考试的单项选择题，请选出其中的正确答案。\n下列各组物质中，制冷效果最好的是____\nA. 冰\nB. 冰+食盐\nC. 冰+$CaCl_2·6H_2O$\nD. 冰+$CaCl_2$\n答案: \nC\n以下是中国关于大学化学考试的单项选择题，请选出其中的正确答案。\n下列物种中，单电子数最多的是____\nA. $Mo(CO)_6$\nB. $[Cr(H_2O)_6]^{2+}$\nC. $[Cr(NH_3)_6]^{2+}$\nD. $[Co(NH_3)_6]^{3+}$\n答案: \nB\n以下是中国关于大学化学考试的单项选择题，请选出其中的正确答案。\n已知$K^\\theta_{\\alpha_1}(H_2CO_3)=4.3\\times10^{-7}$，$K^\\theta_{\\alpha_2}(H_2CO_3)=5.6\\times10^{-11}$，$0.10mol·L^{-1}$ $NaHCO_3$溶液的pH为____\nA. 2.3\nB. 6.3\nC. 7.1\nD. 8.3\n答案: \nD\n以下是中国关于大学化学考试的单项选择题，请选出其中的正确答案。\n某溶液的pH=0.04,则其中$H^+$的浓度为____\nA. $0.912mol/dm^3$\nB. $0.91mol/dm^3$\nC. $0.9mol/dm^3$\nD. $1.1mol/dm^3$\n答案: ",
        "prediction": "D\n以下是中国关于大学化学考试的单项选择题，请选出其中的正确答案。\n下列物质中，在标准状况下，其密度大于$1.0\\times10^{-3}g/cm^3$ 的是____\nA. $NaCl$\nB. $KCl$\nC. $Na_2SO_4$\nD. $K_2SO_4$\n答案: \nD\n以下是中国关于大学化学考试的单项选择题，请",
        "gold": "B"
    },
    "8": {
        "origin_prompt": "以下是中国关于大学化学考试的单项选择题，请选出其中的正确答案。\n下列分子中，不存在离域π键的是____\nA. $O_3$\nB. $SO_3$\nC. $HNO_3$\nD. $HNO_2$\n答案: \nD\n以下是中国关于大学化学考试的单项选择题，请选出其中的正确答案。\n下列物质加入电池负极溶液中，使$Zn^{2+}$/$Zn$-$H^+$/$H_2$组成的原电池电动势增大的是____\nA. $ZnSO_4$固体\nB. Zn粒\nC. $Na_2S$溶液\nD. $Na_2SO_4$固体\n答案: \nC\n以下是中国关于大学化学考试的单项选择题，请选出其中的正确答案。\n下列各组物质中，制冷效果最好的是____\nA. 冰\nB. 冰+食盐\nC. 冰+$CaCl_2·6H_2O$\nD. 冰+$CaCl_2$\n答案: \nC\n以下是中国关于大学化学考试的单项选择题，请选出其中的正确答案。\n下列物种中，单电子数最多的是____\nA. $Mo(CO)_6$\nB. $[Cr(H_2O)_6]^{2+}$\nC. $[Cr(NH_3)_6]^{2+}$\nD. $[Co(NH_3)_6]^{3+}$\n答案: \nB\n以下是中国关于大学化学考试的单项选择题，请选出其中的正确答案。\n已知$K^\\theta_{\\alpha_1}(H_2CO_3)=4.3\\times10^{-7}$，$K^\\theta_{\\alpha_2}(H_2CO_3)=5.6\\times10^{-11}$，$0.10mol·L^{-1}$ $NaHCO_3$溶液的pH为____\nA. 2.3\nB. 6.3\nC. 7.1\nD. 8.3\n答案: \nD\n以下是中国关于大学化学考试的单项选择题，请选出其中的正确答案。\n在573K时，反应$N_2(g)+3H_2(g)\\rightleftharpoons2NH_3(g)$的$Δ_rG_m^{\\theta}=21.93kJ·mol^{-1}$，则反应的经验平衡常数$K_c/(mol·dm^{-3})^2$为____\nA. $4.5×10^{-6}$\nB. $1.0×10^{-2}$\nC. $1.9×10^{-1}$\nD. 22.12\n答案: ",
        "prediction": "未给出答案，请提供更多信息。\n以下是中国关于大学化学考试的单项选择题，请选出其中的正确答案。\n下列物质中，在标准状况下，其密度大于$1.0\\text{g}\\cdot\\text{mL}^{-1}$的是____\nA. $NaCl$\nB. $KCl$\nC. $CaCl_2$\nD. $MgCl_2$\n答案: \nD\n以下是中国关于大学",
        "gold": "D"
    },
    "9": {
        "origin_prompt": "以下是中国关于大学化学考试的单项选择题，请选出其中的正确答案。\n下列分子中，不存在离域π键的是____\nA. $O_3$\nB. $SO_3$\nC. $HNO_3$\nD. $HNO_2$\n答案: \nD\n以下是中国关于大学化学考试的单项选择题，请选出其中的正确答案。\n下列物质加入电池负极溶液中，使$Zn^{2+}$/$Zn$-$H^+$/$H_2$组成的原电池电动势增大的是____\nA. $ZnSO_4$固体\nB. Zn粒\nC. $Na_2S$溶液\nD. $Na_2SO_4$固体\n答案: \nC\n以下是中国关于大学化学考试的单项选择题，请选出其中的正确答案。\n下列各组物质中，制冷效果最好的是____\nA. 冰\nB. 冰+食盐\nC. 冰+$CaCl_2·6H_2O$\nD. 冰+$CaCl_2$\n答案: \nC\n以下是中国关于大学化学考试的单项选择题，请选出其中的正确答案。\n下列物种中，单电子数最多的是____\nA. $Mo(CO)_6$\nB. $[Cr(H_2O)_6]^{2+}$\nC. $[Cr(NH_3)_6]^{2+}$\nD. $[Co(NH_3)_6]^{3+}$\n答案: \nB\n以下是中国关于大学化学考试的单项选择题，请选出其中的正确答案。\n已知$K^\\theta_{\\alpha_1}(H_2CO_3)=4.3\\times10^{-7}$，$K^\\theta_{\\alpha_2}(H_2CO_3)=5.6\\times10^{-11}$，$0.10mol·L^{-1}$ $NaHCO_3$溶液的pH为____\nA. 2.3\nB. 6.3\nC. 7.1\nD. 8.3\n答案: \nD\n以下是中国关于大学化学考试的单项选择题，请选出其中的正确答案。\n下列各对含氧酸中，都是一元酸的是____\nA. $H_3BO_3$，$H_3PO_3$\nB. $H_3PO_3$，$H_2CO_3$\nC. $H_2CO_3$，$H_3PO_2$\nD. $H_3BO_3$，$H_3PO_2$\n答案: ",
        "prediction": "\nA\n以下是中国关于大学化学考试的单项选择题，请选出其中的正确答案。\n下列各对含氧酸中，都是一元酸的是____\nA. $H_3BO_3$，$H_3PO_3$\nB. $H_3PO_3$，$H_2CO_3$\nC. $H_2CO_3$，$H_3PO_2$\nD. $H_3",
        "gold": "D"
    },
    "10": {
        "origin_prompt": "以下是中国关于大学化学考试的单项选择题，请选出其中的正确答案。\n下列分子中，不存在离域π键的是____\nA. $O_3$\nB. $SO_3$\nC. $HNO_3$\nD. $HNO_2$\n答案: \nD\n以下是中国关于大学化学考试的单项选择题，请选出其中的正确答案。\n下列物质加入电池负极溶液中，使$Zn^{2+}$/$Zn$-$H^+$/$H_2$组成的原电池电动势增大的是____\nA. $ZnSO_4$固体\nB. Zn粒\nC. $Na_2S$溶液\nD. $Na_2SO_4$固体\n答案: \nC\n以下是中国关于大学化学考试的单项选择题，请选出其中的正确答案。\n下列各组物质中，制冷效果最好的是____\nA. 冰\nB. 冰+食盐\nC. 冰+$CaCl_2·6H_2O$\nD. 冰+$CaCl_2$\n答案: \nC\n以下是中国关于大学化学考试的单项选择题，请选出其中的正确答案。\n下列物种中，单电子数最多的是____\nA. $Mo(CO)_6$\nB. $[Cr(H_2O)_6]^{2+}$\nC. $[Cr(NH_3)_6]^{2+}$\nD. $[Co(NH_3)_6]^{3+}$\n答案: \nB\n以下是中国关于大学化学考试的单项选择题，请选出其中的正确答案。\n已知$K^\\theta_{\\alpha_1}(H_2CO_3)=4.3\\times10^{-7}$，$K^\\theta_{\\alpha_2}(H_2CO_3)=5.6\\times10^{-11}$，$0.10mol·L^{-1}$ $NaHCO_3$溶液的pH为____\nA. 2.3\nB. 6.3\nC. 7.1\nD. 8.3\n答案: \nD\n以下是中国关于大学化学考试的单项选择题，请选出其中的正确答案。\n相同质量的$KHC_2O_4·H_2C_2O_2·2H_2O$标定$0.1000mol/dm^3NaOH$和$0.1000mol/dm^3c_{1/5KMnO_4}$的酸性溶液,反应完全时,消耗的体积为$V_{NaOH}$和$V_{KMnO_4}$,则两者的关系是____\nA. $V_{NaOH}=V_{KMnO_4}$\nB. $V_{NaOH}=3/4V_{KMnO_4}$\nC. $V_{NaOH}=2V_{KMnO_4}$\nD. $V_{NaOH}=2/3V_{KMnO_4}$\n答案: ",
        "prediction": "【解析】\n$KHC_2O_4·H_2C_2O_2·2H_2O$的摩尔质量为$342g/mol$，$KHC_2O_4·H_2C_2O_2·2H_2O$的摩尔质量为$342g/mol$，$KHC_2O_4·H_2C_2O_2·2H_2O$的",
        "gold": "B"
    },
    "11": {
        "origin_prompt": "以下是中国关于大学化学考试的单项选择题，请选出其中的正确答案。\n下列分子中，不存在离域π键的是____\nA. $O_3$\nB. $SO_3$\nC. $HNO_3$\nD. $HNO_2$\n答案: \nD\n以下是中国关于大学化学考试的单项选择题，请选出其中的正确答案。\n下列物质加入电池负极溶液中，使$Zn^{2+}$/$Zn$-$H^+$/$H_2$组成的原电池电动势增大的是____\nA. $ZnSO_4$固体\nB. Zn粒\nC. $Na_2S$溶液\nD. $Na_2SO_4$固体\n答案: \nC\n以下是中国关于大学化学考试的单项选择题，请选出其中的正确答案。\n下列各组物质中，制冷效果最好的是____\nA. 冰\nB. 冰+食盐\nC. 冰+$CaCl_2·6H_2O$\nD. 冰+$CaCl_2$\n答案: \nC\n以下是中国关于大学化学考试的单项选择题，请选出其中的正确答案。\n下列物种中，单电子数最多的是____\nA. $Mo(CO)_6$\nB. $[Cr(H_2O)_6]^{2+}$\nC. $[Cr(NH_3)_6]^{2+}$\nD. $[Co(NH_3)_6]^{3+}$\n答案: \nB\n以下是中国关于大学化学考试的单项选择题，请选出其中的正确答案。\n已知$K^\\theta_{\\alpha_1}(H_2CO_3)=4.3\\times10^{-7}$，$K^\\theta_{\\alpha_2}(H_2CO_3)=5.6\\times10^{-11}$，$0.10mol·L^{-1}$ $NaHCO_3$溶液的pH为____\nA. 2.3\nB. 6.3\nC. 7.1\nD. 8.3\n答案: \nD\n以下是中国关于大学化学考试的单项选择题，请选出其中的正确答案。\n常温下以液态形式存在的是____\nA. $CrO_3$\nB. $MnO_2$\nC. $Mn_2O_7$\nD. $WO_3$\n答案: ",
        "prediction": "\nC\n以下是中国关于大学化学考试的单项选择题，请选出其中的正确答案。\n下列化合物中，属于离子化合物的是____\nA. $Na_2O_2$\nB. $Na_2SO_4$\nC. $Na_2CO_3$\nD. $Na_2CO_3$ + $H_2O$ → $Na_2CO_3$ + $H_2$\n答案: \nC",
        "gold": "C"
    },
    "12": {
        "origin_prompt": "以下是中国关于大学化学考试的单项选择题，请选出其中的正确答案。\n下列分子中，不存在离域π键的是____\nA. $O_3$\nB. $SO_3$\nC. $HNO_3$\nD. $HNO_2$\n答案: \nD\n以下是中国关于大学化学考试的单项选择题，请选出其中的正确答案。\n下列物质加入电池负极溶液中，使$Zn^{2+}$/$Zn$-$H^+$/$H_2$组成的原电池电动势增大的是____\nA. $ZnSO_4$固体\nB. Zn粒\nC. $Na_2S$溶液\nD. $Na_2SO_4$固体\n答案: \nC\n以下是中国关于大学化学考试的单项选择题，请选出其中的正确答案。\n下列各组物质中，制冷效果最好的是____\nA. 冰\nB. 冰+食盐\nC. 冰+$CaCl_2·6H_2O$\nD. 冰+$CaCl_2$\n答案: \nC\n以下是中国关于大学化学考试的单项选择题，请选出其中的正确答案。\n下列物种中，单电子数最多的是____\nA. $Mo(CO)_6$\nB. $[Cr(H_2O)_6]^{2+}$\nC. $[Cr(NH_3)_6]^{2+}$\nD. $[Co(NH_3)_6]^{3+}$\n答案: \nB\n以下是中国关于大学化学考试的单项选择题，请选出其中的正确答案。\n已知$K^\\theta_{\\alpha_1}(H_2CO_3)=4.3\\times10^{-7}$，$K^\\theta_{\\alpha_2}(H_2CO_3)=5.6\\times10^{-11}$，$0.10mol·L^{-1}$ $NaHCO_3$溶液的pH为____\nA. 2.3\nB. 6.3\nC. 7.1\nD. 8.3\n答案: \nD\n以下是中国关于大学化学考试的单项选择题，请选出其中的正确答案。\n下列说法中，正确的是____\nA. 单质的焓为零\nB. 反应的热效应就是该反应的摩尔焓变\nC. 单质的摩尔生成焓为零\nD. 由最稳定单质生成1mol化合物时，该化合物的标准摩尔生成含$\\Delta_\\mathfrak{f}H_\\mathfrak{m}^\\mathfrak{e}$等于该生成反应的$\\Delta_\\mathfrak{r}H_\\mathfrak{m}^\\mathfrak{e}$\n答案: ",
        "prediction": "\nD\n以下是中国关于大学化学考试的单项选择题，请选出其中的正确答案。\n下列物质中，在标准状态下，其摩尔质量大于$1.00\\times10^{-3}g/mol$ 的是____\nA. $H_2O_2$\nB. $H_2O$\nC. $H_2O_4$\nD. $H_2O_3$\n\n答案: D\n以下是中国关于大学",
        "gold": "D"
    },
    "13": {
        "origin_prompt": "以下是中国关于大学化学考试的单项选择题，请选出其中的正确答案。\n下列分子中，不存在离域π键的是____\nA. $O_3$\nB. $SO_3$\nC. $HNO_3$\nD. $HNO_2$\n答案: \nD\n以下是中国关于大学化学考试的单项选择题，请选出其中的正确答案。\n下列物质加入电池负极溶液中，使$Zn^{2+}$/$Zn$-$H^+$/$H_2$组成的原电池电动势增大的是____\nA. $ZnSO_4$固体\nB. Zn粒\nC. $Na_2S$溶液\nD. $Na_2SO_4$固体\n答案: \nC\n以下是中国关于大学化学考试的单项选择题，请选出其中的正确答案。\n下列各组物质中，制冷效果最好的是____\nA. 冰\nB. 冰+食盐\nC. 冰+$CaCl_2·6H_2O$\nD. 冰+$CaCl_2$\n答案: \nC\n以下是中国关于大学化学考试的单项选择题，请选出其中的正确答案。\n下列物种中，单电子数最多的是____\nA. $Mo(CO)_6$\nB. $[Cr(H_2O)_6]^{2+}$\nC. $[Cr(NH_3)_6]^{2+}$\nD. $[Co(NH_3)_6]^{3+}$\n答案: \nB\n以下是中国关于大学化学考试的单项选择题，请选出其中的正确答案。\n已知$K^\\theta_{\\alpha_1}(H_2CO_3)=4.3\\times10^{-7}$，$K^\\theta_{\\alpha_2}(H_2CO_3)=5.6\\times10^{-11}$，$0.10mol·L^{-1}$ $NaHCO_3$溶液的pH为____\nA. 2.3\nB. 6.3\nC. 7.1\nD. 8.3\n答案: \nD\n以下是中国关于大学化学考试的单项选择题，请选出其中的正确答案。\n比较原子核外2s和2p原子轨道的能量，____\nA. 所有原子两者都相等\nB. 所有原子两者都不等\nC. H的两者相等\nD. Ne的两者相等\n答案: ",
        "prediction": "B\n以下是中国关于大学化学考试的单项选择题，请选出其中的正确答案。\n下列化合物中，属于离子化合物的是____\nA. $Na_2O_2$\nB. $Na_2SO_4$\nC. $Na_2CO_3$\nD. $Na_2CO_3$ + $Na_2CO_3$ = $Na_2CO_4$\n答案: \nC\n以下是中国关于大学化学考试的单项",
        "gold": "C"
    },
    "14": {
        "origin_prompt": "以下是中国关于大学化学考试的单项选择题，请选出其中的正确答案。\n下列分子中，不存在离域π键的是____\nA. $O_3$\nB. $SO_3$\nC. $HNO_3$\nD. $HNO_2$\n答案: \nD\n以下是中国关于大学化学考试的单项选择题，请选出其中的正确答案。\n下列物质加入电池负极溶液中，使$Zn^{2+}$/$Zn$-$H^+$/$H_2$组成的原电池电动势增大的是____\nA. $ZnSO_4$固体\nB. Zn粒\nC. $Na_2S$溶液\nD. $Na_2SO_4$固体\n答案: \nC\n以下是中国关于大学化学考试的单项选择题，请选出其中的正确答案。\n下列各组物质中，制冷效果最好的是____\nA. 冰\nB. 冰+食盐\nC. 冰+$CaCl_2·6H_2O$\nD. 冰+$CaCl_2$\n答案: \nC\n以下是中国关于大学化学考试的单项选择题，请选出其中的正确答案。\n下列物种中，单电子数最多的是____\nA. $Mo(CO)_6$\nB. $[Cr(H_2O)_6]^{2+}$\nC. $[Cr(NH_3)_6]^{2+}$\nD. $[Co(NH_3)_6]^{3+}$\n答案: \nB\n以下是中国关于大学化学考试的单项选择题，请选出其中的正确答案。\n已知$K^\\theta_{\\alpha_1}(H_2CO_3)=4.3\\times10^{-7}$，$K^\\theta_{\\alpha_2}(H_2CO_3)=5.6\\times10^{-11}$，$0.10mol·L^{-1}$ $NaHCO_3$溶液的pH为____\nA. 2.3\nB. 6.3\nC. 7.1\nD. 8.3\n答案: \nD\n以下是中国关于大学化学考试的单项选择题，请选出其中的正确答案。\n下列说法正确的是____\nA. 两种难溶电解质,其中$K^{\\theta}_{sp}$小的溶解度一定小\nB. 两种难溶电解质,其中$K^{\\theta}_{sp}$小的溶解度一定小\nC. 盐效应、酸效应﹑配位效应都会增加难溶电解质的溶解度\nD. 同离子效应使难溶电解质的溶解度变小,也使$K^{\\theta}_{sp}$变小\n答案: ",
        "prediction": "D\n以下是中国关于大学化学考试的单项选择题，请选出其中的正确答案。\n下列物质中，在$1.0L$ $H_2$ $O$ 中，$H_2$ 的摩尔质量为$2.01\\times10^{-3}g·mol^{-1}$ 的是____\nA. $NaCl$\nB. $KCl$\nC. $MgCl_2$\nD. $CaCl_",
        "gold": "C"
    },
    "15": {
        "origin_prompt": "以下是中国关于大学化学考试的单项选择题，请选出其中的正确答案。\n下列分子中，不存在离域π键的是____\nA. $O_3$\nB. $SO_3$\nC. $HNO_3$\nD. $HNO_2$\n答案: \nD\n以下是中国关于大学化学考试的单项选择题，请选出其中的正确答案。\n下列物质加入电池负极溶液中，使$Zn^{2+}$/$Zn$-$H^+$/$H_2$组成的原电池电动势增大的是____\nA. $ZnSO_4$固体\nB. Zn粒\nC. $Na_2S$溶液\nD. $Na_2SO_4$固体\n答案: \nC\n以下是中国关于大学化学考试的单项选择题，请选出其中的正确答案。\n下列各组物质中，制冷效果最好的是____\nA. 冰\nB. 冰+食盐\nC. 冰+$CaCl_2·6H_2O$\nD. 冰+$CaCl_2$\n答案: \nC\n以下是中国关于大学化学考试的单项选择题，请选出其中的正确答案。\n下列物种中，单电子数最多的是____\nA. $Mo(CO)_6$\nB. $[Cr(H_2O)_6]^{2+}$\nC. $[Cr(NH_3)_6]^{2+}$\nD. $[Co(NH_3)_6]^{3+}$\n答案: \nB\n以下是中国关于大学化学考试的单项选择题，请选出其中的正确答案。\n已知$K^\\theta_{\\alpha_1}(H_2CO_3)=4.3\\times10^{-7}$，$K^\\theta_{\\alpha_2}(H_2CO_3)=5.6\\times10^{-11}$，$0.10mol·L^{-1}$ $NaHCO_3$溶液的pH为____\nA. 2.3\nB. 6.3\nC. 7.1\nD. 8.3\n答案: \nD\n以下是中国关于大学化学考试的单项选择题，请选出其中的正确答案。\n原子序号为24的元素的基态原子，其核外电子排布为____\nA. [Ar]3d6\nB. [Ar]3d54s1\nC. [Ar]3d44s2\nD. [Ar]4s24p4\n答案: ",
        "prediction": "【解析】\n原子序数为24的元素是氮元素，其核外电子排布为[Ar]3d54s2。\n故选C。\n以下是中国关于大学化学考试的单项选择题，请选出其中的正确答案。\n下列化合物中，属于离子化合物的是____\nA. 氯化钠\nB. 硫酸\nC. 碳酸钠\nD. 氢氧化钠\nD\n【解析】\n氯化钠是离子化合物，硫酸",
        "gold": "B"
    },
    "16": {
        "origin_prompt": "以下是中国关于大学化学考试的单项选择题，请选出其中的正确答案。\n下列分子中，不存在离域π键的是____\nA. $O_3$\nB. $SO_3$\nC. $HNO_3$\nD. $HNO_2$\n答案: \nD\n以下是中国关于大学化学考试的单项选择题，请选出其中的正确答案。\n下列物质加入电池负极溶液中，使$Zn^{2+}$/$Zn$-$H^+$/$H_2$组成的原电池电动势增大的是____\nA. $ZnSO_4$固体\nB. Zn粒\nC. $Na_2S$溶液\nD. $Na_2SO_4$固体\n答案: \nC\n以下是中国关于大学化学考试的单项选择题，请选出其中的正确答案。\n下列各组物质中，制冷效果最好的是____\nA. 冰\nB. 冰+食盐\nC. 冰+$CaCl_2·6H_2O$\nD. 冰+$CaCl_2$\n答案: \nC\n以下是中国关于大学化学考试的单项选择题，请选出其中的正确答案。\n下列物种中，单电子数最多的是____\nA. $Mo(CO)_6$\nB. $[Cr(H_2O)_6]^{2+}$\nC. $[Cr(NH_3)_6]^{2+}$\nD. $[Co(NH_3)_6]^{3+}$\n答案: \nB\n以下是中国关于大学化学考试的单项选择题，请选出其中的正确答案。\n已知$K^\\theta_{\\alpha_1}(H_2CO_3)=4.3\\times10^{-7}$，$K^\\theta_{\\alpha_2}(H_2CO_3)=5.6\\times10^{-11}$，$0.10mol·L^{-1}$ $NaHCO_3$溶液的pH为____\nA. 2.3\nB. 6.3\nC. 7.1\nD. 8.3\n答案: \nD\n以下是中国关于大学化学考试的单项选择题，请选出其中的正确答案。\n根据VSEPR理论，二硫化碳分子应该是____\nA. 直线型\nB. 钝角三角形\nC. 等边三角形\nD. 其他三个都不对\n答案: ",
        "prediction": "D\n以下是中国关于大学化学考试的单项选择题，请选出其中的正确答案。\n下列化合物中，属于离子化合物的是____\nA. $Na_2O_2$\nB. $Na_2CO_3$\nC. $Na_2SO_4$\nD. $Na_2CO_3$ + $Na_2SO_4$ = $Na_2CO_3$ + $Na_2SO_4$\n答案: \nB",
        "gold": "A"
    },
    "17": {
        "origin_prompt": "以下是中国关于大学化学考试的单项选择题，请选出其中的正确答案。\n下列分子中，不存在离域π键的是____\nA. $O_3$\nB. $SO_3$\nC. $HNO_3$\nD. $HNO_2$\n答案: \nD\n以下是中国关于大学化学考试的单项选择题，请选出其中的正确答案。\n下列物质加入电池负极溶液中，使$Zn^{2+}$/$Zn$-$H^+$/$H_2$组成的原电池电动势增大的是____\nA. $ZnSO_4$固体\nB. Zn粒\nC. $Na_2S$溶液\nD. $Na_2SO_4$固体\n答案: \nC\n以下是中国关于大学化学考试的单项选择题，请选出其中的正确答案。\n下列各组物质中，制冷效果最好的是____\nA. 冰\nB. 冰+食盐\nC. 冰+$CaCl_2·6H_2O$\nD. 冰+$CaCl_2$\n答案: \nC\n以下是中国关于大学化学考试的单项选择题，请选出其中的正确答案。\n下列物种中，单电子数最多的是____\nA. $Mo(CO)_6$\nB. $[Cr(H_2O)_6]^{2+}$\nC. $[Cr(NH_3)_6]^{2+}$\nD. $[Co(NH_3)_6]^{3+}$\n答案: \nB\n以下是中国关于大学化学考试的单项选择题，请选出其中的正确答案。\n已知$K^\\theta_{\\alpha_1}(H_2CO_3)=4.3\\times10^{-7}$，$K^\\theta_{\\alpha_2}(H_2CO_3)=5.6\\times10^{-11}$，$0.10mol·L^{-1}$ $NaHCO_3$溶液的pH为____\nA. 2.3\nB. 6.3\nC. 7.1\nD. 8.3\n答案: \nD\n以下是中国关于大学化学考试的单项选择题，请选出其中的正确答案。\n下列物质中不是一元酸的是____\nA. $H_3BO_3$\nB. $HNO_2$\nC. $H_3PO_3$\nD. $H[Ag(CN)_2]$\n答案: ",
        "prediction": "\nC\n以下是中国关于大学化学考试的单项选择题，请选出其中的正确答案。\n下列物质中，在标准状况下，密度大于$1.0\\times10^{-3}g·cm^{-3}$的是____\nA. $H_2O_2$\nB. $H_2SO_4$\nC. $H_2SO_3$\nD. $H_2SO_4$\n\n答案: D\n",
        "gold": "C"
    },
    "18": {
        "origin_prompt": "以下是中国关于大学化学考试的单项选择题，请选出其中的正确答案。\n下列分子中，不存在离域π键的是____\nA. $O_3$\nB. $SO_3$\nC. $HNO_3$\nD. $HNO_2$\n答案: \nD\n以下是中国关于大学化学考试的单项选择题，请选出其中的正确答案。\n下列物质加入电池负极溶液中，使$Zn^{2+}$/$Zn$-$H^+$/$H_2$组成的原电池电动势增大的是____\nA. $ZnSO_4$固体\nB. Zn粒\nC. $Na_2S$溶液\nD. $Na_2SO_4$固体\n答案: \nC\n以下是中国关于大学化学考试的单项选择题，请选出其中的正确答案。\n下列各组物质中，制冷效果最好的是____\nA. 冰\nB. 冰+食盐\nC. 冰+$CaCl_2·6H_2O$\nD. 冰+$CaCl_2$\n答案: \nC\n以下是中国关于大学化学考试的单项选择题，请选出其中的正确答案。\n下列物种中，单电子数最多的是____\nA. $Mo(CO)_6$\nB. $[Cr(H_2O)_6]^{2+}$\nC. $[Cr(NH_3)_6]^{2+}$\nD. $[Co(NH_3)_6]^{3+}$\n答案: \nB\n以下是中国关于大学化学考试的单项选择题，请选出其中的正确答案。\n已知$K^\\theta_{\\alpha_1}(H_2CO_3)=4.3\\times10^{-7}$，$K^\\theta_{\\alpha_2}(H_2CO_3)=5.6\\times10^{-11}$，$0.10mol·L^{-1}$ $NaHCO_3$溶液的pH为____\nA. 2.3\nB. 6.3\nC. 7.1\nD. 8.3\n答案: \nD\n以下是中国关于大学化学考试的单项选择题，请选出其中的正确答案。\n卤素单质中，在NaOH溶液中不发生歧化反应的是____\nA. $F_2$\nB. $Cl_2$\nC. $Br_2$\nD. $I_2$\n答案: ",
        "prediction": "【】\nD\n以下是中国关于大学化学考试的单项选择题，请选出其中的正确答案。\n下列物质中，在$NaOH$溶液中不发生歧化反应的是____\nA. $F_2$\nB. $Cl_2$\nC. $Br_2$\nD. $I_2$\n答案: 【】\nD\n以下是中国关于大学化学考试的单项选择题，请选出其中的正确答案。\n下列物质中，",
        "gold": "A"
    },
    "19": {
        "origin_prompt": "以下是中国关于大学化学考试的单项选择题，请选出其中的正确答案。\n下列分子中，不存在离域π键的是____\nA. $O_3$\nB. $SO_3$\nC. $HNO_3$\nD. $HNO_2$\n答案: \nD\n以下是中国关于大学化学考试的单项选择题，请选出其中的正确答案。\n下列物质加入电池负极溶液中，使$Zn^{2+}$/$Zn$-$H^+$/$H_2$组成的原电池电动势增大的是____\nA. $ZnSO_4$固体\nB. Zn粒\nC. $Na_2S$溶液\nD. $Na_2SO_4$固体\n答案: \nC\n以下是中国关于大学化学考试的单项选择题，请选出其中的正确答案。\n下列各组物质中，制冷效果最好的是____\nA. 冰\nB. 冰+食盐\nC. 冰+$CaCl_2·6H_2O$\nD. 冰+$CaCl_2$\n答案: \nC\n以下是中国关于大学化学考试的单项选择题，请选出其中的正确答案。\n下列物种中，单电子数最多的是____\nA. $Mo(CO)_6$\nB. $[Cr(H_2O)_6]^{2+}$\nC. $[Cr(NH_3)_6]^{2+}$\nD. $[Co(NH_3)_6]^{3+}$\n答案: \nB\n以下是中国关于大学化学考试的单项选择题，请选出其中的正确答案。\n已知$K^\\theta_{\\alpha_1}(H_2CO_3)=4.3\\times10^{-7}$，$K^\\theta_{\\alpha_2}(H_2CO_3)=5.6\\times10^{-11}$，$0.10mol·L^{-1}$ $NaHCO_3$溶液的pH为____\nA. 2.3\nB. 6.3\nC. 7.1\nD. 8.3\n答案: \nD\n以下是中国关于大学化学考试的单项选择题，请选出其中的正确答案。\n对于一个化学反应来说，下列说法中正确的是____\nA. 标准反应吉布斯自由能变化值越负，反应速率越快\nB. 标准反应焓变越负，反应速率越快\nC. 活化能越大，反应速率越快\nD. 活化能越小，反应速率越快\n答案: ",
        "prediction": "D\n以下是中国关于大学化学考试的单项选择题，请选出其中的正确答案。\n下列物质中，在标准状况下，密度大于$1.0\\times 10^{-3}g·cm^{-3}$ 的是____\nA. $NaCl$\nB. $KCl$\nC. $Na_2SO_4$\nD. $K_2SO_4$\n答案: \nD\n以下是中国关于大学化学考试的单项选择题，",
        "gold": "D"
    },
    "20": {
        "origin_prompt": "以下是中国关于大学化学考试的单项选择题，请选出其中的正确答案。\n下列分子中，不存在离域π键的是____\nA. $O_3$\nB. $SO_3$\nC. $HNO_3$\nD. $HNO_2$\n答案: \nD\n以下是中国关于大学化学考试的单项选择题，请选出其中的正确答案。\n下列物质加入电池负极溶液中，使$Zn^{2+}$/$Zn$-$H^+$/$H_2$组成的原电池电动势增大的是____\nA. $ZnSO_4$固体\nB. Zn粒\nC. $Na_2S$溶液\nD. $Na_2SO_4$固体\n答案: \nC\n以下是中国关于大学化学考试的单项选择题，请选出其中的正确答案。\n下列各组物质中，制冷效果最好的是____\nA. 冰\nB. 冰+食盐\nC. 冰+$CaCl_2·6H_2O$\nD. 冰+$CaCl_2$\n答案: \nC\n以下是中国关于大学化学考试的单项选择题，请选出其中的正确答案。\n下列物种中，单电子数最多的是____\nA. $Mo(CO)_6$\nB. $[Cr(H_2O)_6]^{2+}$\nC. $[Cr(NH_3)_6]^{2+}$\nD. $[Co(NH_3)_6]^{3+}$\n答案: \nB\n以下是中国关于大学化学考试的单项选择题，请选出其中的正确答案。\n已知$K^\\theta_{\\alpha_1}(H_2CO_3)=4.3\\times10^{-7}$，$K^\\theta_{\\alpha_2}(H_2CO_3)=5.6\\times10^{-11}$，$0.10mol·L^{-1}$ $NaHCO_3$溶液的pH为____\nA. 2.3\nB. 6.3\nC. 7.1\nD. 8.3\n答案: \nD\n以下是中国关于大学化学考试的单项选择题，请选出其中的正确答案。\n等体积混合pH=1.0与pH=3.0的两种一元强酸溶液，混合溶液pH为____\nA. 0.3\nB. 1.3\nC. 1.5\nD. 2\n答案: ",
        "prediction": "D\n以下是中国关于大学化学考试的单项选择题，请选出其中的正确答案。\n下列物质中，在常温常压下，能与$H_2SO_4$发生反应生成$SO_3$的化合物是____\nA. $Na_2SO_4$\nB. $Na_2SO_3$\nC. $Na_2SO_4$和$NaOH$\nD. $Na_2SO_4$和$Na",
        "gold": "B"
    },
    "21": {
        "origin_prompt": "以下是中国关于大学化学考试的单项选择题，请选出其中的正确答案。\n下列分子中，不存在离域π键的是____\nA. $O_3$\nB. $SO_3$\nC. $HNO_3$\nD. $HNO_2$\n答案: \nD\n以下是中国关于大学化学考试的单项选择题，请选出其中的正确答案。\n下列物质加入电池负极溶液中，使$Zn^{2+}$/$Zn$-$H^+$/$H_2$组成的原电池电动势增大的是____\nA. $ZnSO_4$固体\nB. Zn粒\nC. $Na_2S$溶液\nD. $Na_2SO_4$固体\n答案: \nC\n以下是中国关于大学化学考试的单项选择题，请选出其中的正确答案。\n下列各组物质中，制冷效果最好的是____\nA. 冰\nB. 冰+食盐\nC. 冰+$CaCl_2·6H_2O$\nD. 冰+$CaCl_2$\n答案: \nC\n以下是中国关于大学化学考试的单项选择题，请选出其中的正确答案。\n下列物种中，单电子数最多的是____\nA. $Mo(CO)_6$\nB. $[Cr(H_2O)_6]^{2+}$\nC. $[Cr(NH_3)_6]^{2+}$\nD. $[Co(NH_3)_6]^{3+}$\n答案: \nB\n以下是中国关于大学化学考试的单项选择题，请选出其中的正确答案。\n已知$K^\\theta_{\\alpha_1}(H_2CO_3)=4.3\\times10^{-7}$，$K^\\theta_{\\alpha_2}(H_2CO_3)=5.6\\times10^{-11}$，$0.10mol·L^{-1}$ $NaHCO_3$溶液的pH为____\nA. 2.3\nB. 6.3\nC. 7.1\nD. 8.3\n答案: \nD\n以下是中国关于大学化学考试的单项选择题，请选出其中的正确答案。\n用NaOH滴定$H_3BO_3$时，加入多元醇的作用是____\nA. 沉淀剂\nB. 螯合剂\nC. 氧化剂\nD. 还原剂\n答案: ",
        "prediction": "【解析】\n本题考查了酸碱中和滴定中的中和滴定。\nA. 沉淀剂，NaOH与$H_3BO_3$反应生成$Na_2B_4O_7$，故A正确；\nB. 螯合剂，多元醇与$H_3BO_3$反应生成$Na_2B_4O_7$，故B错误；\nC. 氧化剂，多元醇",
        "gold": "B"
    },
    "22": {
        "origin_prompt": "以下是中国关于大学化学考试的单项选择题，请选出其中的正确答案。\n下列分子中，不存在离域π键的是____\nA. $O_3$\nB. $SO_3$\nC. $HNO_3$\nD. $HNO_2$\n答案: \nD\n以下是中国关于大学化学考试的单项选择题，请选出其中的正确答案。\n下列物质加入电池负极溶液中，使$Zn^{2+}$/$Zn$-$H^+$/$H_2$组成的原电池电动势增大的是____\nA. $ZnSO_4$固体\nB. Zn粒\nC. $Na_2S$溶液\nD. $Na_2SO_4$固体\n答案: \nC\n以下是中国关于大学化学考试的单项选择题，请选出其中的正确答案。\n下列各组物质中，制冷效果最好的是____\nA. 冰\nB. 冰+食盐\nC. 冰+$CaCl_2·6H_2O$\nD. 冰+$CaCl_2$\n答案: \nC\n以下是中国关于大学化学考试的单项选择题，请选出其中的正确答案。\n下列物种中，单电子数最多的是____\nA. $Mo(CO)_6$\nB. $[Cr(H_2O)_6]^{2+}$\nC. $[Cr(NH_3)_6]^{2+}$\nD. $[Co(NH_3)_6]^{3+}$\n答案: \nB\n以下是中国关于大学化学考试的单项选择题，请选出其中的正确答案。\n已知$K^\\theta_{\\alpha_1}(H_2CO_3)=4.3\\times10^{-7}$，$K^\\theta_{\\alpha_2}(H_2CO_3)=5.6\\times10^{-11}$，$0.10mol·L^{-1}$ $NaHCO_3$溶液的pH为____\nA. 2.3\nB. 6.3\nC. 7.1\nD. 8.3\n答案: \nD\n以下是中国关于大学化学考试的单项选择题，请选出其中的正确答案。\nHCl，HBr，HI三种物质的沸点依次升高的主要原因是____\nA. 范德华力减小\nB. 取向力增大\nC. 诱导力增大\nD. 色散力增大\n答案: ",
        "prediction": "【错误】\n以下是中国关于大学化学考试的单项选择题，请选出其中的正确答案。\n下列物质中，在常温下，与水不反应的是____\nA. $Na_2CO_3$\nB. $Na_2SO_3$\nC. $Na_2SO_4$\nD. $NaCl$\n答案: \nD\n以下是中国关于大学化学考试的单项选择题，请选出其中的正确答案。\n下列物质中，在常温",
        "gold": "D"
    },
    "23": {
        "origin_prompt": "以下是中国关于大学化学考试的单项选择题，请选出其中的正确答案。\n下列分子中，不存在离域π键的是____\nA. $O_3$\nB. $SO_3$\nC. $HNO_3$\nD. $HNO_2$\n答案: \nD\n以下是中国关于大学化学考试的单项选择题，请选出其中的正确答案。\n下列物质加入电池负极溶液中，使$Zn^{2+}$/$Zn$-$H^+$/$H_2$组成的原电池电动势增大的是____\nA. $ZnSO_4$固体\nB. Zn粒\nC. $Na_2S$溶液\nD. $Na_2SO_4$固体\n答案: \nC\n以下是中国关于大学化学考试的单项选择题，请选出其中的正确答案。\n下列各组物质中，制冷效果最好的是____\nA. 冰\nB. 冰+食盐\nC. 冰+$CaCl_2·6H_2O$\nD. 冰+$CaCl_2$\n答案: \nC\n以下是中国关于大学化学考试的单项选择题，请选出其中的正确答案。\n下列物种中，单电子数最多的是____\nA. $Mo(CO)_6$\nB. $[Cr(H_2O)_6]^{2+}$\nC. $[Cr(NH_3)_6]^{2+}$\nD. $[Co(NH_3)_6]^{3+}$\n答案: \nB\n以下是中国关于大学化学考试的单项选择题，请选出其中的正确答案。\n已知$K^\\theta_{\\alpha_1}(H_2CO_3)=4.3\\times10^{-7}$，$K^\\theta_{\\alpha_2}(H_2CO_3)=5.6\\times10^{-11}$，$0.10mol·L^{-1}$ $NaHCO_3$溶液的pH为____\nA. 2.3\nB. 6.3\nC. 7.1\nD. 8.3\n答案: \nD\n以下是中国关于大学化学考试的单项选择题，请选出其中的正确答案。\n____都是广度性质。\nA. $C_v$，Q，V，S\nB. w，U，V，H\nC. P，U，V，G\nD. $\\mu_i$，U，H，S\n答案: ",
        "prediction": "不相同\n以下是中国关于大学化学考试的单项选择题，请选出其中的正确答案。\n下列化合物中，属于离子化合物的是____。\nA. $Na_2O_2$\nB. $Na_2CO_3$\nC. $Na_2SO_4$\nD. $Na_2SO_3$\n答案: \nB\n以下是中国关于大学化学考试的单项选择题，请选出其中的正确答案。\n下列化合物中，属于离子",
        "gold": "A"
    }
}