{
    "0": {
        "origin_prompt": "以下是中国关于初中生物考试的单项选择题，请选出其中的正确答案。\n在进行植物分类时，小刚将玉米、向日葵、油松归为一类，将肾蕨、葫芦藓、水绵归为另一类，他的分类依据是____\nA. 是否有根\nB. 是否有茎和叶\nC. 能否产生种子\nD. 能否形成果实\n答案: \nC\n以下是中国关于初中生物考试的单项选择题，请选出其中的正确答案。\n下列关于病毒的说法，不正确的是____\nA. 病毒没有细胞结构，不能独立生活\nB. 病毒个体很小，要用电子显微镜才能观察得到\nC. 某些病毒可以携带某些基因进入正常细胞，来达到转基因或基因治疗的目的\nD. 病毒一旦侵入人体，就会使人患病\n答案: \nD\n以下是中国关于初中生物考试的单项选择题，请选出其中的正确答案。\n细菌与真菌相比，在细胞结构上，细菌没有____\nA. 细胞壁\nB. 细胞膜\nC. 细胞质\nD. 成形的细胞核\n答案: \nD\n以下是中国关于初中生物考试的单项选择题，请选出其中的正确答案。\n下列有关生物多样性的叙述错误的是____\nA. 保护生物多样性并不意味着禁止开发和利用生物资源\nB. 建立自然保护区是保护生物多样性最为有效的措施\nC. 物种多样性、生态系统多样性和遗传多样性共同组成了生物多样性\nD. 为了丰富我国的动植物资源，应大力引进一些外来物种\n答案: \nD\n以下是中国关于初中生物考试的单项选择题，请选出其中的正确答案。\n吸烟有害健康，吸烟对以下系统危害最大的是____\nA. 消化系统\nB. 循环系统\nC. 神经系统\nD. 呼吸系统\n答案: \nD\n以下是中国关于初中生物考试的单项选择题，请选出其中的正确答案。\n运用适当的方法可以保存食品。将新鲜蘑菇制成干蘑菇采用的保存方法是____\nA. 低温冷藏\nB. 真空包装\nC. 脱水法\nD. 添加防腐剂\n答案: ",
        "prediction": "C\n以下是中国关于初中生物考试的单项选择题，请选出其中的正确答案。\n下列关于植物分类，说法错误的是____\nA. 植物分类是研究植物分类的方法\nB. 植物分类是研究植物分类的方法\nC. 植物分类是研究植物分类的方法\nD. 植物分类是研究植物分类的方法\n答案: \nD\n以下是中国关于初中生物考试的单项选择题，请选出其中的正确答案。\n下列关于植物分类，",
        "gold": "C"
    },
    "1": {
        "origin_prompt": "以下是中国关于初中生物考试的单项选择题，请选出其中的正确答案。\n在进行植物分类时，小刚将玉米、向日葵、油松归为一类，将肾蕨、葫芦藓、水绵归为另一类，他的分类依据是____\nA. 是否有根\nB. 是否有茎和叶\nC. 能否产生种子\nD. 能否形成果实\n答案: \nC\n以下是中国关于初中生物考试的单项选择题，请选出其中的正确答案。\n下列关于病毒的说法，不正确的是____\nA. 病毒没有细胞结构，不能独立生活\nB. 病毒个体很小，要用电子显微镜才能观察得到\nC. 某些病毒可以携带某些基因进入正常细胞，来达到转基因或基因治疗的目的\nD. 病毒一旦侵入人体，就会使人患病\n答案: \nD\n以下是中国关于初中生物考试的单项选择题，请选出其中的正确答案。\n细菌与真菌相比，在细胞结构上，细菌没有____\nA. 细胞壁\nB. 细胞膜\nC. 细胞质\nD. 成形的细胞核\n答案: \nD\n以下是中国关于初中生物考试的单项选择题，请选出其中的正确答案。\n下列有关生物多样性的叙述错误的是____\nA. 保护生物多样性并不意味着禁止开发和利用生物资源\nB. 建立自然保护区是保护生物多样性最为有效的措施\nC. 物种多样性、生态系统多样性和遗传多样性共同组成了生物多样性\nD. 为了丰富我国的动植物资源，应大力引进一些外来物种\n答案: \nD\n以下是中国关于初中生物考试的单项选择题，请选出其中的正确答案。\n吸烟有害健康，吸烟对以下系统危害最大的是____\nA. 消化系统\nB. 循环系统\nC. 神经系统\nD. 呼吸系统\n答案: \nD\n以下是中国关于初中生物考试的单项选择题，请选出其中的正确答案。\n动物能促进生态系统中的物质循环．这里的“物质循环”是指____\nA. 动物能将无机物转化为有机物\nB. 动物能将有机物转化为无机物回到自然界中\nC. 动物能为植物提供粪便，促进植物生长\nD. 动物能抑制植物的生长，保护自然界中生物的平衡\n答案: ",
        "prediction": "B\n以下是中国关于初中生物考试的单项选择题，请选出其中的正确答案。\n下列关于植物分类，说法错误的是____\nA. 植物分类是研究植物分类的方法\nB. 植物分类是研究植物分类的方法\nC. 植物分类是研究植物分类的方法\nD. 植物分类是研究植物分类的方法\n答案: \nC\n以下是中国关于初中生物考试的单项选择题，请选出其中的正确答案。\n下列关于植物分类，",
        "gold": "B"
    },
    "2": {
        "origin_prompt": "以下是中国关于初中生物考试的单项选择题，请选出其中的正确答案。\n在进行植物分类时，小刚将玉米、向日葵、油松归为一类，将肾蕨、葫芦藓、水绵归为另一类，他的分类依据是____\nA. 是否有根\nB. 是否有茎和叶\nC. 能否产生种子\nD. 能否形成果实\n答案: \nC\n以下是中国关于初中生物考试的单项选择题，请选出其中的正确答案。\n下列关于病毒的说法，不正确的是____\nA. 病毒没有细胞结构，不能独立生活\nB. 病毒个体很小，要用电子显微镜才能观察得到\nC. 某些病毒可以携带某些基因进入正常细胞，来达到转基因或基因治疗的目的\nD. 病毒一旦侵入人体，就会使人患病\n答案: \nD\n以下是中国关于初中生物考试的单项选择题，请选出其中的正确答案。\n细菌与真菌相比，在细胞结构上，细菌没有____\nA. 细胞壁\nB. 细胞膜\nC. 细胞质\nD. 成形的细胞核\n答案: \nD\n以下是中国关于初中生物考试的单项选择题，请选出其中的正确答案。\n下列有关生物多样性的叙述错误的是____\nA. 保护生物多样性并不意味着禁止开发和利用生物资源\nB. 建立自然保护区是保护生物多样性最为有效的措施\nC. 物种多样性、生态系统多样性和遗传多样性共同组成了生物多样性\nD. 为了丰富我国的动植物资源，应大力引进一些外来物种\n答案: \nD\n以下是中国关于初中生物考试的单项选择题，请选出其中的正确答案。\n吸烟有害健康，吸烟对以下系统危害最大的是____\nA. 消化系统\nB. 循环系统\nC. 神经系统\nD. 呼吸系统\n答案: \nD\n以下是中国关于初中生物考试的单项选择题，请选出其中的正确答案。\n保护生物多样性的最为有效是措施是____\nA. 迁地保护\nB. 就地保护\nC. 克隆\nD. 法制管理\n答案: ",
        "prediction": "B\n以下是中国关于初中生物考试的单项选择题，请选出其中的正确答案。\n下列关于生物多样性的叙述，错误的是____\nA. 生物多样性包括遗传多样性、物种多样性和生态系统多样性\nB. 生物多样性是生物赖以生存的基础\nC. 生物多样性保护的主要目标是维护生态平衡\nD. 生物多样性保护的主要手段是建立自然保护区\n答案: \nC\n以下是中国关于初中",
        "gold": "B"
    },
    "3": {
        "origin_prompt": "以下是中国关于初中生物考试的单项选择题，请选出其中的正确答案。\n在进行植物分类时，小刚将玉米、向日葵、油松归为一类，将肾蕨、葫芦藓、水绵归为另一类，他的分类依据是____\nA. 是否有根\nB. 是否有茎和叶\nC. 能否产生种子\nD. 能否形成果实\n答案: \nC\n以下是中国关于初中生物考试的单项选择题，请选出其中的正确答案。\n下列关于病毒的说法，不正确的是____\nA. 病毒没有细胞结构，不能独立生活\nB. 病毒个体很小，要用电子显微镜才能观察得到\nC. 某些病毒可以携带某些基因进入正常细胞，来达到转基因或基因治疗的目的\nD. 病毒一旦侵入人体，就会使人患病\n答案: \nD\n以下是中国关于初中生物考试的单项选择题，请选出其中的正确答案。\n细菌与真菌相比，在细胞结构上，细菌没有____\nA. 细胞壁\nB. 细胞膜\nC. 细胞质\nD. 成形的细胞核\n答案: \nD\n以下是中国关于初中生物考试的单项选择题，请选出其中的正确答案。\n下列有关生物多样性的叙述错误的是____\nA. 保护生物多样性并不意味着禁止开发和利用生物资源\nB. 建立自然保护区是保护生物多样性最为有效的措施\nC. 物种多样性、生态系统多样性和遗传多样性共同组成了生物多样性\nD. 为了丰富我国的动植物资源，应大力引进一些外来物种\n答案: \nD\n以下是中国关于初中生物考试的单项选择题，请选出其中的正确答案。\n吸烟有害健康，吸烟对以下系统危害最大的是____\nA. 消化系统\nB. 循环系统\nC. 神经系统\nD. 呼吸系统\n答案: \nD\n以下是中国关于初中生物考试的单项选择题，请选出其中的正确答案。\n胎儿在母体内的生长发育需要营养物质和排出废物，胎儿与母体之间进行物质交换的器官是____\nA. 卵巢\nB. 输卵管\nC. 胎盘\nD. 子宫内膜\n答案: ",
        "prediction": "C\n以下是中国关于初中生物考试的单项选择题，请选出其中的正确答案。\n下列关于人体免疫系统的叙述，错误的是____\nA. 人体免疫系统具有防卫功能\nB. 人体免疫系统具有监控功能\nC. 人体免疫系统具有清除功能\nD. 人体免疫系统具有防御功能\n答案: \nD\n以下是中国关于初中生物考试的单项选择题，请选出其中的正确答案。\n下列关于人体免疫系统的叙述，",
        "gold": "C"
    },
    "4": {
        "origin_prompt": "以下是中国关于初中生物考试的单项选择题，请选出其中的正确答案。\n在进行植物分类时，小刚将玉米、向日葵、油松归为一类，将肾蕨、葫芦藓、水绵归为另一类，他的分类依据是____\nA. 是否有根\nB. 是否有茎和叶\nC. 能否产生种子\nD. 能否形成果实\n答案: \nC\n以下是中国关于初中生物考试的单项选择题，请选出其中的正确答案。\n下列关于病毒的说法，不正确的是____\nA. 病毒没有细胞结构，不能独立生活\nB. 病毒个体很小，要用电子显微镜才能观察得到\nC. 某些病毒可以携带某些基因进入正常细胞，来达到转基因或基因治疗的目的\nD. 病毒一旦侵入人体，就会使人患病\n答案: \nD\n以下是中国关于初中生物考试的单项选择题，请选出其中的正确答案。\n细菌与真菌相比，在细胞结构上，细菌没有____\nA. 细胞壁\nB. 细胞膜\nC. 细胞质\nD. 成形的细胞核\n答案: \nD\n以下是中国关于初中生物考试的单项选择题，请选出其中的正确答案。\n下列有关生物多样性的叙述错误的是____\nA. 保护生物多样性并不意味着禁止开发和利用生物资源\nB. 建立自然保护区是保护生物多样性最为有效的措施\nC. 物种多样性、生态系统多样性和遗传多样性共同组成了生物多样性\nD. 为了丰富我国的动植物资源，应大力引进一些外来物种\n答案: \nD\n以下是中国关于初中生物考试的单项选择题，请选出其中的正确答案。\n吸烟有害健康，吸烟对以下系统危害最大的是____\nA. 消化系统\nB. 循环系统\nC. 神经系统\nD. 呼吸系统\n答案: \nD\n以下是中国关于初中生物考试的单项选择题，请选出其中的正确答案。\n下列说法正确的是____\nA. 一位妇女颅内大脑皮层上长了肿瘤导致她失明，是由于肿瘤压迫了反射孤的神经中枢\nB. 醉酒驾车极易发生交通事故，是因为酒精主要麻醉了酒驾者的脑干\nC. 赛场上选手听到发令枪声后迅速起跑属于简单反射\nD. 人体的生命活动主要受到激素调节的影响，也受到神经系统的调节\n答案: ",
        "prediction": "D\n以下是中国关于初中生物考试的单项选择题，请选出其中的正确答案。\n下列关于人体免疫系统的叙述，错误的是____\nA. 人体免疫系统具有防卫功能\nB. 人体免疫系统具有监控功能\nC. 人体免疫系统具有清除功能\nD. 人体免疫系统具有防御功能\n答案: \nA\n以下是中国关于初中生物考试的单项选择题，请选出其中的正确答案。\n下列关于人体免疫系统的叙述，",
        "gold": "D"
    },
    "5": {
        "origin_prompt": "以下是中国关于初中生物考试的单项选择题，请选出其中的正确答案。\n在进行植物分类时，小刚将玉米、向日葵、油松归为一类，将肾蕨、葫芦藓、水绵归为另一类，他的分类依据是____\nA. 是否有根\nB. 是否有茎和叶\nC. 能否产生种子\nD. 能否形成果实\n答案: \nC\n以下是中国关于初中生物考试的单项选择题，请选出其中的正确答案。\n下列关于病毒的说法，不正确的是____\nA. 病毒没有细胞结构，不能独立生活\nB. 病毒个体很小，要用电子显微镜才能观察得到\nC. 某些病毒可以携带某些基因进入正常细胞，来达到转基因或基因治疗的目的\nD. 病毒一旦侵入人体，就会使人患病\n答案: \nD\n以下是中国关于初中生物考试的单项选择题，请选出其中的正确答案。\n细菌与真菌相比，在细胞结构上，细菌没有____\nA. 细胞壁\nB. 细胞膜\nC. 细胞质\nD. 成形的细胞核\n答案: \nD\n以下是中国关于初中生物考试的单项选择题，请选出其中的正确答案。\n下列有关生物多样性的叙述错误的是____\nA. 保护生物多样性并不意味着禁止开发和利用生物资源\nB. 建立自然保护区是保护生物多样性最为有效的措施\nC. 物种多样性、生态系统多样性和遗传多样性共同组成了生物多样性\nD. 为了丰富我国的动植物资源，应大力引进一些外来物种\n答案: \nD\n以下是中国关于初中生物考试的单项选择题，请选出其中的正确答案。\n吸烟有害健康，吸烟对以下系统危害最大的是____\nA. 消化系统\nB. 循环系统\nC. 神经系统\nD. 呼吸系统\n答案: \nD\n以下是中国关于初中生物考试的单项选择题，请选出其中的正确答案。\n裸子植物和被子植物都属于种子植物，两者之间的主要区别是____\nA. 生长环境不同\nB. 种子外面是否有果皮包被\nC. 在地球上出现的年代不同\nD. 分布的范围不同\n答案: ",
        "prediction": "B\n以下是中国关于初中生物考试的单项选择题，请选出其中的正确答案。\n下列关于植物分类，说法错误的是____\nA. 植物分类是研究植物分类的方法\nB. 植物分类是研究植物分类的方法\nC. 植物分类是研究植物分类的方法\nD. 植物分类是研究植物分类的方法\n答案: \nC\n以下是中国关于初中生物考试的单项选择题，请选出其中的正确答案。\n下列关于植物分类，",
        "gold": "B"
    },
    "6": {
        "origin_prompt": "以下是中国关于初中生物考试的单项选择题，请选出其中的正确答案。\n在进行植物分类时，小刚将玉米、向日葵、油松归为一类，将肾蕨、葫芦藓、水绵归为另一类，他的分类依据是____\nA. 是否有根\nB. 是否有茎和叶\nC. 能否产生种子\nD. 能否形成果实\n答案: \nC\n以下是中国关于初中生物考试的单项选择题，请选出其中的正确答案。\n下列关于病毒的说法，不正确的是____\nA. 病毒没有细胞结构，不能独立生活\nB. 病毒个体很小，要用电子显微镜才能观察得到\nC. 某些病毒可以携带某些基因进入正常细胞，来达到转基因或基因治疗的目的\nD. 病毒一旦侵入人体，就会使人患病\n答案: \nD\n以下是中国关于初中生物考试的单项选择题，请选出其中的正确答案。\n细菌与真菌相比，在细胞结构上，细菌没有____\nA. 细胞壁\nB. 细胞膜\nC. 细胞质\nD. 成形的细胞核\n答案: \nD\n以下是中国关于初中生物考试的单项选择题，请选出其中的正确答案。\n下列有关生物多样性的叙述错误的是____\nA. 保护生物多样性并不意味着禁止开发和利用生物资源\nB. 建立自然保护区是保护生物多样性最为有效的措施\nC. 物种多样性、生态系统多样性和遗传多样性共同组成了生物多样性\nD. 为了丰富我国的动植物资源，应大力引进一些外来物种\n答案: \nD\n以下是中国关于初中生物考试的单项选择题，请选出其中的正确答案。\n吸烟有害健康，吸烟对以下系统危害最大的是____\nA. 消化系统\nB. 循环系统\nC. 神经系统\nD. 呼吸系统\n答案: \nD\n以下是中国关于初中生物考试的单项选择题，请选出其中的正确答案。\n洋葱表皮细胞与人的口腔上皮细胞的区别是后者没有的是____\nA. 细胞壁\nB. 细胞膜\nC. 细胞核\nD. 细胞质\n答案: ",
        "prediction": "D\n以下是中国关于初中生物考试的单项选择题，请选出其中的正确答案。\n下列关于植物细胞的结构，错误的是____\nA. 细胞壁是由纤维素和果胶构成的\nB. 细胞膜是植物细胞和动物细胞的共同特征\nC. 细胞质是植物细胞的基本结构\nD. 细胞核是植物细胞特有的结构\n答案: \nD\n以下是中国关于初中生物考试的单项选择题，请选出其中的正确答案。",
        "gold": "A"
    },
    "7": {
        "origin_prompt": "以下是中国关于初中生物考试的单项选择题，请选出其中的正确答案。\n在进行植物分类时，小刚将玉米、向日葵、油松归为一类，将肾蕨、葫芦藓、水绵归为另一类，他的分类依据是____\nA. 是否有根\nB. 是否有茎和叶\nC. 能否产生种子\nD. 能否形成果实\n答案: \nC\n以下是中国关于初中生物考试的单项选择题，请选出其中的正确答案。\n下列关于病毒的说法，不正确的是____\nA. 病毒没有细胞结构，不能独立生活\nB. 病毒个体很小，要用电子显微镜才能观察得到\nC. 某些病毒可以携带某些基因进入正常细胞，来达到转基因或基因治疗的目的\nD. 病毒一旦侵入人体，就会使人患病\n答案: \nD\n以下是中国关于初中生物考试的单项选择题，请选出其中的正确答案。\n细菌与真菌相比，在细胞结构上，细菌没有____\nA. 细胞壁\nB. 细胞膜\nC. 细胞质\nD. 成形的细胞核\n答案: \nD\n以下是中国关于初中生物考试的单项选择题，请选出其中的正确答案。\n下列有关生物多样性的叙述错误的是____\nA. 保护生物多样性并不意味着禁止开发和利用生物资源\nB. 建立自然保护区是保护生物多样性最为有效的措施\nC. 物种多样性、生态系统多样性和遗传多样性共同组成了生物多样性\nD. 为了丰富我国的动植物资源，应大力引进一些外来物种\n答案: \nD\n以下是中国关于初中生物考试的单项选择题，请选出其中的正确答案。\n吸烟有害健康，吸烟对以下系统危害最大的是____\nA. 消化系统\nB. 循环系统\nC. 神经系统\nD. 呼吸系统\n答案: \nD\n以下是中国关于初中生物考试的单项选择题，请选出其中的正确答案。\n《寂静的春天》是一本引发了全世界环境保护事业的书，书中描述人类可能将面临一个没有鸟、蜜蜂和蝴蝶的世界，正是这本不寻常的书，在世界范围内引起人们对野生动物的关注，唤起了人们的环境意识，动物在生物圈中具有的重要作用的是____\n\n①维持生态平衡 ②消灭病虫害 ③帮助植物传粉、传播种子 ④促进物质循环．\nA. ①②③\nB. ②③④\nC. ①③④\nD. ①②④\n答案: ",
        "prediction": "C\n以下是中国关于初中生物考试的单项选择题，请选出其中的正确答案。\n下列关于植物分类，说法正确的是____\nA. 植物分类是研究植物形态、结构、生理和生态等方面的科学\nB. 植物分类是研究植物形态、结构、生理和生态等方面的科学\nC. 植物分类是研究植物形态、结构、生理和生态等方面的科学\nD. 植物分类是研究植物形态、结构、生理和生态等方面的",
        "gold": "C"
    },
    "8": {
        "origin_prompt": "以下是中国关于初中生物考试的单项选择题，请选出其中的正确答案。\n在进行植物分类时，小刚将玉米、向日葵、油松归为一类，将肾蕨、葫芦藓、水绵归为另一类，他的分类依据是____\nA. 是否有根\nB. 是否有茎和叶\nC. 能否产生种子\nD. 能否形成果实\n答案: \nC\n以下是中国关于初中生物考试的单项选择题，请选出其中的正确答案。\n下列关于病毒的说法，不正确的是____\nA. 病毒没有细胞结构，不能独立生活\nB. 病毒个体很小，要用电子显微镜才能观察得到\nC. 某些病毒可以携带某些基因进入正常细胞，来达到转基因或基因治疗的目的\nD. 病毒一旦侵入人体，就会使人患病\n答案: \nD\n以下是中国关于初中生物考试的单项选择题，请选出其中的正确答案。\n细菌与真菌相比，在细胞结构上，细菌没有____\nA. 细胞壁\nB. 细胞膜\nC. 细胞质\nD. 成形的细胞核\n答案: \nD\n以下是中国关于初中生物考试的单项选择题，请选出其中的正确答案。\n下列有关生物多样性的叙述错误的是____\nA. 保护生物多样性并不意味着禁止开发和利用生物资源\nB. 建立自然保护区是保护生物多样性最为有效的措施\nC. 物种多样性、生态系统多样性和遗传多样性共同组成了生物多样性\nD. 为了丰富我国的动植物资源，应大力引进一些外来物种\n答案: \nD\n以下是中国关于初中生物考试的单项选择题，请选出其中的正确答案。\n吸烟有害健康，吸烟对以下系统危害最大的是____\nA. 消化系统\nB. 循环系统\nC. 神经系统\nD. 呼吸系统\n答案: \nD\n以下是中国关于初中生物考试的单项选择题，请选出其中的正确答案。\n正在结西瓜的植株，其吸收的水分主要用于____\nA. 光合作用\nB. 蒸腾作用\nC. 呼吸作用\nD. 吸收作用\n答案: ",
        "prediction": "B\n以下是中国关于初中生物考试的单项选择题，请选出其中的正确答案。\n下列关于植物分类，说法错误的是____\nA. 植物分类是研究植物分类的方法\nB. 植物分类是研究植物分类的方法\nC. 植物分类是研究植物分类的方法\nD. 植物分类是研究植物分类的方法\n答案: \nD\n以下是中国关于初中生物考试的单项选择题，请选出其中的正确答案。\n下列关于植物分类，",
        "gold": "D"
    },
    "9": {
        "origin_prompt": "以下是中国关于初中生物考试的单项选择题，请选出其中的正确答案。\n在进行植物分类时，小刚将玉米、向日葵、油松归为一类，将肾蕨、葫芦藓、水绵归为另一类，他的分类依据是____\nA. 是否有根\nB. 是否有茎和叶\nC. 能否产生种子\nD. 能否形成果实\n答案: \nC\n以下是中国关于初中生物考试的单项选择题，请选出其中的正确答案。\n下列关于病毒的说法，不正确的是____\nA. 病毒没有细胞结构，不能独立生活\nB. 病毒个体很小，要用电子显微镜才能观察得到\nC. 某些病毒可以携带某些基因进入正常细胞，来达到转基因或基因治疗的目的\nD. 病毒一旦侵入人体，就会使人患病\n答案: \nD\n以下是中国关于初中生物考试的单项选择题，请选出其中的正确答案。\n细菌与真菌相比，在细胞结构上，细菌没有____\nA. 细胞壁\nB. 细胞膜\nC. 细胞质\nD. 成形的细胞核\n答案: \nD\n以下是中国关于初中生物考试的单项选择题，请选出其中的正确答案。\n下列有关生物多样性的叙述错误的是____\nA. 保护生物多样性并不意味着禁止开发和利用生物资源\nB. 建立自然保护区是保护生物多样性最为有效的措施\nC. 物种多样性、生态系统多样性和遗传多样性共同组成了生物多样性\nD. 为了丰富我国的动植物资源，应大力引进一些外来物种\n答案: \nD\n以下是中国关于初中生物考试的单项选择题，请选出其中的正确答案。\n吸烟有害健康，吸烟对以下系统危害最大的是____\nA. 消化系统\nB. 循环系统\nC. 神经系统\nD. 呼吸系统\n答案: \nD\n以下是中国关于初中生物考试的单项选择题，请选出其中的正确答案。\n哈维的主要贡献是____\nA. 发现了DNA的双螺旋结构\nB. 发现了血液循环\nC. 创立了生物进化论\nD. 创立了统一的生物命名法\n答案: ",
        "prediction": "B\n以下是中国关于初中生物考试的单项选择题，请选出其中的正确答案。\n下列关于生物多样性的叙述，错误的是____\nA. 生物多样性包括遗传多样性、物种多样性和生态系统多样性\nB. 生物多样性是生物赖以生存的基础\nC. 生物多样性保护的主要措施是建立自然保护区\nD. 生物多样性保护的主要目标是维护生态平衡\n答案: \nD\n以下是中国关于初中生物考试的",
        "gold": "B"
    },
    "10": {
        "origin_prompt": "以下是中国关于初中生物考试的单项选择题，请选出其中的正确答案。\n在进行植物分类时，小刚将玉米、向日葵、油松归为一类，将肾蕨、葫芦藓、水绵归为另一类，他的分类依据是____\nA. 是否有根\nB. 是否有茎和叶\nC. 能否产生种子\nD. 能否形成果实\n答案: \nC\n以下是中国关于初中生物考试的单项选择题，请选出其中的正确答案。\n下列关于病毒的说法，不正确的是____\nA. 病毒没有细胞结构，不能独立生活\nB. 病毒个体很小，要用电子显微镜才能观察得到\nC. 某些病毒可以携带某些基因进入正常细胞，来达到转基因或基因治疗的目的\nD. 病毒一旦侵入人体，就会使人患病\n答案: \nD\n以下是中国关于初中生物考试的单项选择题，请选出其中的正确答案。\n细菌与真菌相比，在细胞结构上，细菌没有____\nA. 细胞壁\nB. 细胞膜\nC. 细胞质\nD. 成形的细胞核\n答案: \nD\n以下是中国关于初中生物考试的单项选择题，请选出其中的正确答案。\n下列有关生物多样性的叙述错误的是____\nA. 保护生物多样性并不意味着禁止开发和利用生物资源\nB. 建立自然保护区是保护生物多样性最为有效的措施\nC. 物种多样性、生态系统多样性和遗传多样性共同组成了生物多样性\nD. 为了丰富我国的动植物资源，应大力引进一些外来物种\n答案: \nD\n以下是中国关于初中生物考试的单项选择题，请选出其中的正确答案。\n吸烟有害健康，吸烟对以下系统危害最大的是____\nA. 消化系统\nB. 循环系统\nC. 神经系统\nD. 呼吸系统\n答案: \nD\n以下是中国关于初中生物考试的单项选择题，请选出其中的正确答案。\n下列关于植物的光合作用和呼吸作用的叙述正确的是____\nA. 叶绿素是绿叶进行光合作用的主要场所\nB. 低温能保鲜蔬菜、水果是因为低温能降低植物细胞的呼吸作用\nC. 绿色植物通过呼吸作用，来维持生物圈中二氧化碳和氧气的相对平衡\nD. 农业生产上要提高农作物的产量，只需加强农作物的光合作用无需考虑其呼吸作用\n答案: ",
        "prediction": "B\n以下是中国关于初中生物考试的单项选择题，请选出其中的正确答案。\n下列关于植物细胞的结构，叙述错误的是____\nA. 细胞壁是由纤维素和果胶构成的\nB. 细胞膜是植物细胞和动物细胞的共同特征\nC. 细胞质是细胞膜以内，细胞核以外的部分\nD. 植物细胞具有全能性，其分裂方式是细胞分裂\n答案: \nD\n以下是中国关于初中生物考试的单项",
        "gold": "B"
    },
    "11": {
        "origin_prompt": "以下是中国关于初中生物考试的单项选择题，请选出其中的正确答案。\n在进行植物分类时，小刚将玉米、向日葵、油松归为一类，将肾蕨、葫芦藓、水绵归为另一类，他的分类依据是____\nA. 是否有根\nB. 是否有茎和叶\nC. 能否产生种子\nD. 能否形成果实\n答案: \nC\n以下是中国关于初中生物考试的单项选择题，请选出其中的正确答案。\n下列关于病毒的说法，不正确的是____\nA. 病毒没有细胞结构，不能独立生活\nB. 病毒个体很小，要用电子显微镜才能观察得到\nC. 某些病毒可以携带某些基因进入正常细胞，来达到转基因或基因治疗的目的\nD. 病毒一旦侵入人体，就会使人患病\n答案: \nD\n以下是中国关于初中生物考试的单项选择题，请选出其中的正确答案。\n细菌与真菌相比，在细胞结构上，细菌没有____\nA. 细胞壁\nB. 细胞膜\nC. 细胞质\nD. 成形的细胞核\n答案: \nD\n以下是中国关于初中生物考试的单项选择题，请选出其中的正确答案。\n下列有关生物多样性的叙述错误的是____\nA. 保护生物多样性并不意味着禁止开发和利用生物资源\nB. 建立自然保护区是保护生物多样性最为有效的措施\nC. 物种多样性、生态系统多样性和遗传多样性共同组成了生物多样性\nD. 为了丰富我国的动植物资源，应大力引进一些外来物种\n答案: \nD\n以下是中国关于初中生物考试的单项选择题，请选出其中的正确答案。\n吸烟有害健康，吸烟对以下系统危害最大的是____\nA. 消化系统\nB. 循环系统\nC. 神经系统\nD. 呼吸系统\n答案: \nD\n以下是中国关于初中生物考试的单项选择题，请选出其中的正确答案。\n生物体结构和功能是相适应的。下列各项中，有利于组织细胞获得氧气的是____\nA. 小肠内表面具有许多皱襞和绒毛\nB. 毛细血管壁由一层扁平上皮细胞构成\nC. 动脉血管和静脉血管内都有瓣膜\nD. 肾小球由许多毛细血管缠绕而成\n答案: ",
        "prediction": "\nB\n以下是中国关于初中生物考试的单项选择题，请选出其中的正确答案。\n下列关于植物细胞的结构，错误的是____\nA. 细胞壁是由纤维素构成的\nB. 细胞膜是由脂质和蛋白质构成的\nC. 细胞质基质中含有多种酶\nD. 细胞核内有染色体和DNA\n答案: \nD\n以下是中国关于初中生物考试的单项选择题，请选出其中的正确答案。\n下列关于植物",
        "gold": "B"
    },
    "12": {
        "origin_prompt": "以下是中国关于初中生物考试的单项选择题，请选出其中的正确答案。\n在进行植物分类时，小刚将玉米、向日葵、油松归为一类，将肾蕨、葫芦藓、水绵归为另一类，他的分类依据是____\nA. 是否有根\nB. 是否有茎和叶\nC. 能否产生种子\nD. 能否形成果实\n答案: \nC\n以下是中国关于初中生物考试的单项选择题，请选出其中的正确答案。\n下列关于病毒的说法，不正确的是____\nA. 病毒没有细胞结构，不能独立生活\nB. 病毒个体很小，要用电子显微镜才能观察得到\nC. 某些病毒可以携带某些基因进入正常细胞，来达到转基因或基因治疗的目的\nD. 病毒一旦侵入人体，就会使人患病\n答案: \nD\n以下是中国关于初中生物考试的单项选择题，请选出其中的正确答案。\n细菌与真菌相比，在细胞结构上，细菌没有____\nA. 细胞壁\nB. 细胞膜\nC. 细胞质\nD. 成形的细胞核\n答案: \nD\n以下是中国关于初中生物考试的单项选择题，请选出其中的正确答案。\n下列有关生物多样性的叙述错误的是____\nA. 保护生物多样性并不意味着禁止开发和利用生物资源\nB. 建立自然保护区是保护生物多样性最为有效的措施\nC. 物种多样性、生态系统多样性和遗传多样性共同组成了生物多样性\nD. 为了丰富我国的动植物资源，应大力引进一些外来物种\n答案: \nD\n以下是中国关于初中生物考试的单项选择题，请选出其中的正确答案。\n吸烟有害健康，吸烟对以下系统危害最大的是____\nA. 消化系统\nB. 循环系统\nC. 神经系统\nD. 呼吸系统\n答案: \nD\n以下是中国关于初中生物考试的单项选择题，请选出其中的正确答案。\n捕蝇草和蝇在细胞基本结构上的区别是捕蝇草的细胞中具有____\nA. 细胞质\nB. 细胞膜\nC. 细胞核\nD. 细胞壁\n答案: ",
        "prediction": "D\n以下是中国关于初中生物考试的单项选择题，请选出其中的正确答案。\n下列关于植物细胞结构的说法，正确的是____\nA. 植物细胞壁是由纤维素和果胶构成的\nB. 植物细胞壁的主要作用是保护和支持细胞\nC. 植物细胞壁的成分是纤维素和果胶\nD. 植物细胞壁的成分是纤维素和果胶\nC\n以下是中国关于初中生物考试的单项选择题，请选出其中的",
        "gold": "D"
    },
    "13": {
        "origin_prompt": "以下是中国关于初中生物考试的单项选择题，请选出其中的正确答案。\n在进行植物分类时，小刚将玉米、向日葵、油松归为一类，将肾蕨、葫芦藓、水绵归为另一类，他的分类依据是____\nA. 是否有根\nB. 是否有茎和叶\nC. 能否产生种子\nD. 能否形成果实\n答案: \nC\n以下是中国关于初中生物考试的单项选择题，请选出其中的正确答案。\n下列关于病毒的说法，不正确的是____\nA. 病毒没有细胞结构，不能独立生活\nB. 病毒个体很小，要用电子显微镜才能观察得到\nC. 某些病毒可以携带某些基因进入正常细胞，来达到转基因或基因治疗的目的\nD. 病毒一旦侵入人体，就会使人患病\n答案: \nD\n以下是中国关于初中生物考试的单项选择题，请选出其中的正确答案。\n细菌与真菌相比，在细胞结构上，细菌没有____\nA. 细胞壁\nB. 细胞膜\nC. 细胞质\nD. 成形的细胞核\n答案: \nD\n以下是中国关于初中生物考试的单项选择题，请选出其中的正确答案。\n下列有关生物多样性的叙述错误的是____\nA. 保护生物多样性并不意味着禁止开发和利用生物资源\nB. 建立自然保护区是保护生物多样性最为有效的措施\nC. 物种多样性、生态系统多样性和遗传多样性共同组成了生物多样性\nD. 为了丰富我国的动植物资源，应大力引进一些外来物种\n答案: \nD\n以下是中国关于初中生物考试的单项选择题，请选出其中的正确答案。\n吸烟有害健康，吸烟对以下系统危害最大的是____\nA. 消化系统\nB. 循环系统\nC. 神经系统\nD. 呼吸系统\n答案: \nD\n以下是中国关于初中生物考试的单项选择题，请选出其中的正确答案。\n对于病毒的认识正确的是：____\nA. 病毒对人类都是有害的，毫无利用价值\nB. 病毒一旦浸入人体，就会使人患病\nC. 病毒的个体很小，要用电子显微镜才能观察到\nD. 动物病毒也可以寄生在植物细胞里\n答案: ",
        "prediction": "D\n以下是中国关于初中生物考试的单项选择题，请选出其中的正确答案。\n下列关于植物分类，说法错误的是：____\nA. 植物分类是研究植物分类的方法\nB. 植物分类是研究植物分类的方法\nC. 植物分类是研究植物分类的方法\nD. 植物分类是研究植物分类的方法\n答案: \nA\n以下是中国关于初中生物考试的单项选择题，请选出其中的正确答案。\n下列关于植物分类",
        "gold": "C"
    },
    "14": {
        "origin_prompt": "以下是中国关于初中生物考试的单项选择题，请选出其中的正确答案。\n在进行植物分类时，小刚将玉米、向日葵、油松归为一类，将肾蕨、葫芦藓、水绵归为另一类，他的分类依据是____\nA. 是否有根\nB. 是否有茎和叶\nC. 能否产生种子\nD. 能否形成果实\n答案: \nC\n以下是中国关于初中生物考试的单项选择题，请选出其中的正确答案。\n下列关于病毒的说法，不正确的是____\nA. 病毒没有细胞结构，不能独立生活\nB. 病毒个体很小，要用电子显微镜才能观察得到\nC. 某些病毒可以携带某些基因进入正常细胞，来达到转基因或基因治疗的目的\nD. 病毒一旦侵入人体，就会使人患病\n答案: \nD\n以下是中国关于初中生物考试的单项选择题，请选出其中的正确答案。\n细菌与真菌相比，在细胞结构上，细菌没有____\nA. 细胞壁\nB. 细胞膜\nC. 细胞质\nD. 成形的细胞核\n答案: \nD\n以下是中国关于初中生物考试的单项选择题，请选出其中的正确答案。\n下列有关生物多样性的叙述错误的是____\nA. 保护生物多样性并不意味着禁止开发和利用生物资源\nB. 建立自然保护区是保护生物多样性最为有效的措施\nC. 物种多样性、生态系统多样性和遗传多样性共同组成了生物多样性\nD. 为了丰富我国的动植物资源，应大力引进一些外来物种\n答案: \nD\n以下是中国关于初中生物考试的单项选择题，请选出其中的正确答案。\n吸烟有害健康，吸烟对以下系统危害最大的是____\nA. 消化系统\nB. 循环系统\nC. 神经系统\nD. 呼吸系统\n答案: \nD\n以下是中国关于初中生物考试的单项选择题，请选出其中的正确答案。\n堆放时间较长的蔬菜会因产热而腐烂，与细胞产热直接相关的生理过程是____\nA. 呼吸作用\nB. 蒸腾作用\nC. 光合作用\nD. 运输作用\n答案: ",
        "prediction": "\nA\n以下是中国关于初中生物考试的单项选择题，请选出其中的正确答案。\n下列关于植物细胞结构的说法，错误的是____\nA. 植物细胞壁是由纤维素和果胶构成的\nB. 植物细胞壁的主要作用是保护和支持细胞\nC. 植物细胞壁的成分与动物细胞壁的成分不同\nD. 植物细胞壁的成分与动物细胞壁的成分不同，但都具有保护和支持作用\n",
        "gold": "A"
    },
    "15": {
        "origin_prompt": "以下是中国关于初中生物考试的单项选择题，请选出其中的正确答案。\n在进行植物分类时，小刚将玉米、向日葵、油松归为一类，将肾蕨、葫芦藓、水绵归为另一类，他的分类依据是____\nA. 是否有根\nB. 是否有茎和叶\nC. 能否产生种子\nD. 能否形成果实\n答案: \nC\n以下是中国关于初中生物考试的单项选择题，请选出其中的正确答案。\n下列关于病毒的说法，不正确的是____\nA. 病毒没有细胞结构，不能独立生活\nB. 病毒个体很小，要用电子显微镜才能观察得到\nC. 某些病毒可以携带某些基因进入正常细胞，来达到转基因或基因治疗的目的\nD. 病毒一旦侵入人体，就会使人患病\n答案: \nD\n以下是中国关于初中生物考试的单项选择题，请选出其中的正确答案。\n细菌与真菌相比，在细胞结构上，细菌没有____\nA. 细胞壁\nB. 细胞膜\nC. 细胞质\nD. 成形的细胞核\n答案: \nD\n以下是中国关于初中生物考试的单项选择题，请选出其中的正确答案。\n下列有关生物多样性的叙述错误的是____\nA. 保护生物多样性并不意味着禁止开发和利用生物资源\nB. 建立自然保护区是保护生物多样性最为有效的措施\nC. 物种多样性、生态系统多样性和遗传多样性共同组成了生物多样性\nD. 为了丰富我国的动植物资源，应大力引进一些外来物种\n答案: \nD\n以下是中国关于初中生物考试的单项选择题，请选出其中的正确答案。\n吸烟有害健康，吸烟对以下系统危害最大的是____\nA. 消化系统\nB. 循环系统\nC. 神经系统\nD. 呼吸系统\n答案: \nD\n以下是中国关于初中生物考试的单项选择题，请选出其中的正确答案。\n果酒的制作需要____\nA. 酵母菌\nB. 乳酸菌\nC. 霉菌\nD. 醋酸菌\n答案: ",
        "prediction": "A\n以下是中国关于初中生物考试的单项选择题，请选出其中的正确答案。\n下列关于植物细胞的结构，错误的是____\nA. 细胞壁是由纤维素构成的\nB. 细胞膜是植物细胞和动物细胞的共同特征\nC. 细胞质是细胞膜以内，细胞核以外的部分\nD. 细胞质基质是细胞代谢的主要场所\n答案: \nD\n以下是中国关于初中生物考试的单项选择题，请选出其中的",
        "gold": "A"
    },
    "16": {
        "origin_prompt": "以下是中国关于初中生物考试的单项选择题，请选出其中的正确答案。\n在进行植物分类时，小刚将玉米、向日葵、油松归为一类，将肾蕨、葫芦藓、水绵归为另一类，他的分类依据是____\nA. 是否有根\nB. 是否有茎和叶\nC. 能否产生种子\nD. 能否形成果实\n答案: \nC\n以下是中国关于初中生物考试的单项选择题，请选出其中的正确答案。\n下列关于病毒的说法，不正确的是____\nA. 病毒没有细胞结构，不能独立生活\nB. 病毒个体很小，要用电子显微镜才能观察得到\nC. 某些病毒可以携带某些基因进入正常细胞，来达到转基因或基因治疗的目的\nD. 病毒一旦侵入人体，就会使人患病\n答案: \nD\n以下是中国关于初中生物考试的单项选择题，请选出其中的正确答案。\n细菌与真菌相比，在细胞结构上，细菌没有____\nA. 细胞壁\nB. 细胞膜\nC. 细胞质\nD. 成形的细胞核\n答案: \nD\n以下是中国关于初中生物考试的单项选择题，请选出其中的正确答案。\n下列有关生物多样性的叙述错误的是____\nA. 保护生物多样性并不意味着禁止开发和利用生物资源\nB. 建立自然保护区是保护生物多样性最为有效的措施\nC. 物种多样性、生态系统多样性和遗传多样性共同组成了生物多样性\nD. 为了丰富我国的动植物资源，应大力引进一些外来物种\n答案: \nD\n以下是中国关于初中生物考试的单项选择题，请选出其中的正确答案。\n吸烟有害健康，吸烟对以下系统危害最大的是____\nA. 消化系统\nB. 循环系统\nC. 神经系统\nD. 呼吸系统\n答案: \nD\n以下是中国关于初中生物考试的单项选择题，请选出其中的正确答案。\n“植物人”有心眺、呼吸，不能自主活动、无意识，可确定神经系统受到损伤的是____\nA. 大脑\nB. 小脑\nC. 脑干\nD. 脊髄\n答案: ",
        "prediction": "C\n以下是中国关于初中生物考试的单项选择题，请选出其中的正确答案。\n下列关于植物生长调节剂的叙述，错误的是____\nA. 生长素类似物可促进植物茎的伸长\nB. 赤霉素可促进植物茎的伸长\nC. 细胞分裂素可促进植物茎的伸长\nD. 脱落酸可促进植物茎的伸长\n答案: \nD\n以下是中国关于初中生物考试的单项",
        "gold": "C"
    },
    "17": {
        "origin_prompt": "以下是中国关于初中生物考试的单项选择题，请选出其中的正确答案。\n在进行植物分类时，小刚将玉米、向日葵、油松归为一类，将肾蕨、葫芦藓、水绵归为另一类，他的分类依据是____\nA. 是否有根\nB. 是否有茎和叶\nC. 能否产生种子\nD. 能否形成果实\n答案: \nC\n以下是中国关于初中生物考试的单项选择题，请选出其中的正确答案。\n下列关于病毒的说法，不正确的是____\nA. 病毒没有细胞结构，不能独立生活\nB. 病毒个体很小，要用电子显微镜才能观察得到\nC. 某些病毒可以携带某些基因进入正常细胞，来达到转基因或基因治疗的目的\nD. 病毒一旦侵入人体，就会使人患病\n答案: \nD\n以下是中国关于初中生物考试的单项选择题，请选出其中的正确答案。\n细菌与真菌相比，在细胞结构上，细菌没有____\nA. 细胞壁\nB. 细胞膜\nC. 细胞质\nD. 成形的细胞核\n答案: \nD\n以下是中国关于初中生物考试的单项选择题，请选出其中的正确答案。\n下列有关生物多样性的叙述错误的是____\nA. 保护生物多样性并不意味着禁止开发和利用生物资源\nB. 建立自然保护区是保护生物多样性最为有效的措施\nC. 物种多样性、生态系统多样性和遗传多样性共同组成了生物多样性\nD. 为了丰富我国的动植物资源，应大力引进一些外来物种\n答案: \nD\n以下是中国关于初中生物考试的单项选择题，请选出其中的正确答案。\n吸烟有害健康，吸烟对以下系统危害最大的是____\nA. 消化系统\nB. 循环系统\nC. 神经系统\nD. 呼吸系统\n答案: \nD\n以下是中国关于初中生物考试的单项选择题，请选出其中的正确答案。\n在紧急情况下，壁虎的尾巴能自动断落，断落部分还能做屈曲运动。蜥蜴的这种行为是动物的____\nA. 攻击行为\nB. 繁殖行为\nC. 社会行为\nD. 防御行为\n答案: ",
        "prediction": "D\n以下是中国关于初中生物考试的单项选择题，请选出其中的正确答案。\n下列关于生物的分类，说法错误的是____\nA. 生物分类单位由大到小依次是界、门、纲、目、科、属、种\nB. 生物分类单位由大到小依次是界、门、纲、目、科、属、种\nC. 生物分类单位由大到小依次是界、门、纲、目、科",
        "gold": "D"
    },
    "18": {
        "origin_prompt": "以下是中国关于初中生物考试的单项选择题，请选出其中的正确答案。\n在进行植物分类时，小刚将玉米、向日葵、油松归为一类，将肾蕨、葫芦藓、水绵归为另一类，他的分类依据是____\nA. 是否有根\nB. 是否有茎和叶\nC. 能否产生种子\nD. 能否形成果实\n答案: \nC\n以下是中国关于初中生物考试的单项选择题，请选出其中的正确答案。\n下列关于病毒的说法，不正确的是____\nA. 病毒没有细胞结构，不能独立生活\nB. 病毒个体很小，要用电子显微镜才能观察得到\nC. 某些病毒可以携带某些基因进入正常细胞，来达到转基因或基因治疗的目的\nD. 病毒一旦侵入人体，就会使人患病\n答案: \nD\n以下是中国关于初中生物考试的单项选择题，请选出其中的正确答案。\n细菌与真菌相比，在细胞结构上，细菌没有____\nA. 细胞壁\nB. 细胞膜\nC. 细胞质\nD. 成形的细胞核\n答案: \nD\n以下是中国关于初中生物考试的单项选择题，请选出其中的正确答案。\n下列有关生物多样性的叙述错误的是____\nA. 保护生物多样性并不意味着禁止开发和利用生物资源\nB. 建立自然保护区是保护生物多样性最为有效的措施\nC. 物种多样性、生态系统多样性和遗传多样性共同组成了生物多样性\nD. 为了丰富我国的动植物资源，应大力引进一些外来物种\n答案: \nD\n以下是中国关于初中生物考试的单项选择题，请选出其中的正确答案。\n吸烟有害健康，吸烟对以下系统危害最大的是____\nA. 消化系统\nB. 循环系统\nC. 神经系统\nD. 呼吸系统\n答案: \nD\n以下是中国关于初中生物考试的单项选择题，请选出其中的正确答案。\n下列有关动物的形态结构与生活环境相适应的叙述错误的是____\nA. 家鸽前肢变成翼，适于在空中飞翔\nB. 野兔神经系统发达，能迅速发现并躲避天敌\nC. 鲫鱼身体呈纺锤形，用鳃呼吸，适于在水中生活\nD. 蚯蚓生活在土壤中，依靠肺进行呼吸\n答案: ",
        "prediction": "D\n以下是中国关于初中生物考试的单项选择题，请选出其中的正确答案。\n下列关于植物分类，说法错误的是____\nA. 植物分类是研究植物分类的方法\nB. 植物分类是研究植物分类的方法\nC. 植物分类是研究植物分类的方法\nD. 植物分类是研究植物分类的方法\n答案: \nC\n以下是中国关于初中生物考试的单项选择题，请选出其中的正确答案。\n下列关于植物分类，",
        "gold": "D"
    },
    "19": {
        "origin_prompt": "以下是中国关于初中生物考试的单项选择题，请选出其中的正确答案。\n在进行植物分类时，小刚将玉米、向日葵、油松归为一类，将肾蕨、葫芦藓、水绵归为另一类，他的分类依据是____\nA. 是否有根\nB. 是否有茎和叶\nC. 能否产生种子\nD. 能否形成果实\n答案: \nC\n以下是中国关于初中生物考试的单项选择题，请选出其中的正确答案。\n下列关于病毒的说法，不正确的是____\nA. 病毒没有细胞结构，不能独立生活\nB. 病毒个体很小，要用电子显微镜才能观察得到\nC. 某些病毒可以携带某些基因进入正常细胞，来达到转基因或基因治疗的目的\nD. 病毒一旦侵入人体，就会使人患病\n答案: \nD\n以下是中国关于初中生物考试的单项选择题，请选出其中的正确答案。\n细菌与真菌相比，在细胞结构上，细菌没有____\nA. 细胞壁\nB. 细胞膜\nC. 细胞质\nD. 成形的细胞核\n答案: \nD\n以下是中国关于初中生物考试的单项选择题，请选出其中的正确答案。\n下列有关生物多样性的叙述错误的是____\nA. 保护生物多样性并不意味着禁止开发和利用生物资源\nB. 建立自然保护区是保护生物多样性最为有效的措施\nC. 物种多样性、生态系统多样性和遗传多样性共同组成了生物多样性\nD. 为了丰富我国的动植物资源，应大力引进一些外来物种\n答案: \nD\n以下是中国关于初中生物考试的单项选择题，请选出其中的正确答案。\n吸烟有害健康，吸烟对以下系统危害最大的是____\nA. 消化系统\nB. 循环系统\nC. 神经系统\nD. 呼吸系统\n答案: \nD\n以下是中国关于初中生物考试的单项选择题，请选出其中的正确答案。\n以下有关达尔文自然选择学说的叙述，不正确的是____\nA. 这种生物普遍都具有很强的繁殖能力\nB. 生物要生存下去，就得为了获得食物和空间而进行生存斗争\nC. 自然选择保留的变异永远都有利于该生物的生存\nD. 不适应环境的生物将被淘汰\n答案: ",
        "prediction": "C\n以下是中国关于初中生物考试的单项选择题，请选出其中的正确答案。\n下列关于生物多样性的叙述，错误的是____\nA. 生物多样性包括遗传多样性、物种多样性和生态系统多样性\nB. 生物多样性是生物赖以生存的基础\nC. 生物多样性保护的主要措施是建立自然保护区\nD. 生物多样性保护的主要目标是维护生态平衡\n答案: \nD\n以下是中国关于初中生物考试的",
        "gold": "C"
    },
    "20": {
        "origin_prompt": "以下是中国关于初中生物考试的单项选择题，请选出其中的正确答案。\n在进行植物分类时，小刚将玉米、向日葵、油松归为一类，将肾蕨、葫芦藓、水绵归为另一类，他的分类依据是____\nA. 是否有根\nB. 是否有茎和叶\nC. 能否产生种子\nD. 能否形成果实\n答案: \nC\n以下是中国关于初中生物考试的单项选择题，请选出其中的正确答案。\n下列关于病毒的说法，不正确的是____\nA. 病毒没有细胞结构，不能独立生活\nB. 病毒个体很小，要用电子显微镜才能观察得到\nC. 某些病毒可以携带某些基因进入正常细胞，来达到转基因或基因治疗的目的\nD. 病毒一旦侵入人体，就会使人患病\n答案: \nD\n以下是中国关于初中生物考试的单项选择题，请选出其中的正确答案。\n细菌与真菌相比，在细胞结构上，细菌没有____\nA. 细胞壁\nB. 细胞膜\nC. 细胞质\nD. 成形的细胞核\n答案: \nD\n以下是中国关于初中生物考试的单项选择题，请选出其中的正确答案。\n下列有关生物多样性的叙述错误的是____\nA. 保护生物多样性并不意味着禁止开发和利用生物资源\nB. 建立自然保护区是保护生物多样性最为有效的措施\nC. 物种多样性、生态系统多样性和遗传多样性共同组成了生物多样性\nD. 为了丰富我国的动植物资源，应大力引进一些外来物种\n答案: \nD\n以下是中国关于初中生物考试的单项选择题，请选出其中的正确答案。\n吸烟有害健康，吸烟对以下系统危害最大的是____\nA. 消化系统\nB. 循环系统\nC. 神经系统\nD. 呼吸系统\n答案: \nD\n以下是中国关于初中生物考试的单项选择题，请选出其中的正确答案。\n下列有关生命的起源和进化的叙述，不正确的是____\nA. 生命起源于原始陆地\nB. 化石是研究生物进化的最直接证据\nC. 米勒实验说明原始地球条件下无机小分子形成有机小分子是可能的\nD. 原始生命诞生的标志是能从外界获取营养并排出代谢废物，能进行生长和繁殖等\n答案: ",
        "prediction": "D\n以下是中国关于初中生物考试的单项选择题，请选出其中的正确答案。\n下列关于生物多样性的叙述，错误的是____\nA. 生物多样性包括遗传多样性、物种多样性和生态系统多样性\nB. 生物多样性是生物赖以生存的基础\nC. 生物多样性丧失的主要原因是人类活动\nD. 生物多样性保护的主要措施是建立自然保护区\n答案: \nD\n以下是中国关于初中生物考试的单",
        "gold": "A"
    }
}