{
    "0": {
        "origin_prompt": "以下是中国关于艺术学考试的单项选择题，请选出其中的正确答案。\n王利发是老舍戏剧作品____中的主人公。\nA. 《茶馆》\nB. 《龙须沟》\nC. 《方珍珠》\nD. 《女店员》\n答案: \nA\n以下是中国关于艺术学考试的单项选择题，请选出其中的正确答案。\n《等待戈多》的作者是____。\nA. 加缪\nB. 贝克特\nC. 阿尔比\nD. 尤奈斯库\n答案: \nB\n以下是中国关于艺术学考试的单项选择题，请选出其中的正确答案。\n____创作了舞蹈《马赛曲》等作品，被现代舞蹈家们奉为精神领袖，誉为“现代舞之母”。\nA. 露丝·圣丹尼丝\nB. 安娜·巴普洛娃\nC. 玛莎·格雷姆\nD. 依莎多拉·邓肯\n答案: \nD\n以下是中国关于艺术学考试的单项选择题，请选出其中的正确答案。\n____创立了“叙事体戏剧”理论\nA. 布莱希特\nB. 萨特\nC. 格洛托夫斯基\nD. 贝克特\n答案: \nA\n以下是中国关于艺术学考试的单项选择题，请选出其中的正确答案。\n“伊莎多拉·邓肯”通过研究____创造了现代舞的表演风格。\nA. 奥托艺术\nB. 巴洛克艺术\nC. 古希腊艺术\nD. 拜占廷艺术\n答案: \nC\n以下是中国关于艺术学考试的单项选择题，请选出其中的正确答案。\n蓝印花布是一种传统的民间纺织印染工艺品。蓝印花布印制方法始于____。\nA. 汉代\nB. 魏晋时期\nC. 唐代\nD. 宋代\n答案: ",
        "prediction": "\nC\n以下是中国关于艺术学考试的单项选择题，请选出其中的正确答案。\n“中国古典戏曲”是指____。\nA. 戏曲艺术\nB. 戏曲艺术与绘画艺术\nC. 戏曲艺术与音乐艺术\nD. 戏曲艺术与舞蹈艺术\n答案: A\n以下是中国关于艺术学考试的单项选择题，请选出其中的正确答案。\n“戏曲艺术”是指____。\nA. 戏曲艺术与",
        "gold": "A"
    },
    "1": {
        "origin_prompt": "以下是中国关于艺术学考试的单项选择题，请选出其中的正确答案。\n王利发是老舍戏剧作品____中的主人公。\nA. 《茶馆》\nB. 《龙须沟》\nC. 《方珍珠》\nD. 《女店员》\n答案: \nA\n以下是中国关于艺术学考试的单项选择题，请选出其中的正确答案。\n《等待戈多》的作者是____。\nA. 加缪\nB. 贝克特\nC. 阿尔比\nD. 尤奈斯库\n答案: \nB\n以下是中国关于艺术学考试的单项选择题，请选出其中的正确答案。\n____创作了舞蹈《马赛曲》等作品，被现代舞蹈家们奉为精神领袖，誉为“现代舞之母”。\nA. 露丝·圣丹尼丝\nB. 安娜·巴普洛娃\nC. 玛莎·格雷姆\nD. 依莎多拉·邓肯\n答案: \nD\n以下是中国关于艺术学考试的单项选择题，请选出其中的正确答案。\n____创立了“叙事体戏剧”理论\nA. 布莱希特\nB. 萨特\nC. 格洛托夫斯基\nD. 贝克特\n答案: \nA\n以下是中国关于艺术学考试的单项选择题，请选出其中的正确答案。\n“伊莎多拉·邓肯”通过研究____创造了现代舞的表演风格。\nA. 奥托艺术\nB. 巴洛克艺术\nC. 古希腊艺术\nD. 拜占廷艺术\n答案: \nC\n以下是中国关于艺术学考试的单项选择题，请选出其中的正确答案。\n程婴、公孙杵臼是____中的人物。\nA. 《赵氏孤儿》\nB. 《杀狗记》\nC. 《墙头马上》\nD. 《岳阳楼》\n答案: ",
        "prediction": "\nA\n以下是中国关于艺术学考试的单项选择题，请选出其中的正确答案。\n《红楼梦》中，____是贾宝玉的表妹。\nA. 林黛玉\nB. 薛宝钗\nC. 史湘云\nD. 妙玉\n答案: \nA\n以下是中国关于艺术学考试的单项选择题，请选出其中的正确答案。\n《红楼梦》中，____是贾宝玉的表妹。\n",
        "gold": "A"
    },
    "2": {
        "origin_prompt": "以下是中国关于艺术学考试的单项选择题，请选出其中的正确答案。\n王利发是老舍戏剧作品____中的主人公。\nA. 《茶馆》\nB. 《龙须沟》\nC. 《方珍珠》\nD. 《女店员》\n答案: \nA\n以下是中国关于艺术学考试的单项选择题，请选出其中的正确答案。\n《等待戈多》的作者是____。\nA. 加缪\nB. 贝克特\nC. 阿尔比\nD. 尤奈斯库\n答案: \nB\n以下是中国关于艺术学考试的单项选择题，请选出其中的正确答案。\n____创作了舞蹈《马赛曲》等作品，被现代舞蹈家们奉为精神领袖，誉为“现代舞之母”。\nA. 露丝·圣丹尼丝\nB. 安娜·巴普洛娃\nC. 玛莎·格雷姆\nD. 依莎多拉·邓肯\n答案: \nD\n以下是中国关于艺术学考试的单项选择题，请选出其中的正确答案。\n____创立了“叙事体戏剧”理论\nA. 布莱希特\nB. 萨特\nC. 格洛托夫斯基\nD. 贝克特\n答案: \nA\n以下是中国关于艺术学考试的单项选择题，请选出其中的正确答案。\n“伊莎多拉·邓肯”通过研究____创造了现代舞的表演风格。\nA. 奥托艺术\nB. 巴洛克艺术\nC. 古希腊艺术\nD. 拜占廷艺术\n答案: \nC\n以下是中国关于艺术学考试的单项选择题，请选出其中的正确答案。\n____不是古典主义戏剧的代表人物。\nA. 高乃依\nB. 拉辛\nC. 莎士比\nD. 莫里哀\n答案: ",
        "prediction": "D\n以下是中国关于艺术学考试的单项选择题，请选出其中的正确答案。\n____是现代戏剧的奠基人之一。\nA. 布莱希特\nB. 萨特\nC. 贝克特\nD. 爱森斯坦\n答案: \nC\n以下是中国关于艺术学考试的单项选择题，请选出其中的正确答案。\n____是现代戏剧的奠基人之一。\nA. 布莱希特\nB.",
        "gold": "C"
    },
    "3": {
        "origin_prompt": "以下是中国关于艺术学考试的单项选择题，请选出其中的正确答案。\n王利发是老舍戏剧作品____中的主人公。\nA. 《茶馆》\nB. 《龙须沟》\nC. 《方珍珠》\nD. 《女店员》\n答案: \nA\n以下是中国关于艺术学考试的单项选择题，请选出其中的正确答案。\n《等待戈多》的作者是____。\nA. 加缪\nB. 贝克特\nC. 阿尔比\nD. 尤奈斯库\n答案: \nB\n以下是中国关于艺术学考试的单项选择题，请选出其中的正确答案。\n____创作了舞蹈《马赛曲》等作品，被现代舞蹈家们奉为精神领袖，誉为“现代舞之母”。\nA. 露丝·圣丹尼丝\nB. 安娜·巴普洛娃\nC. 玛莎·格雷姆\nD. 依莎多拉·邓肯\n答案: \nD\n以下是中国关于艺术学考试的单项选择题，请选出其中的正确答案。\n____创立了“叙事体戏剧”理论\nA. 布莱希特\nB. 萨特\nC. 格洛托夫斯基\nD. 贝克特\n答案: \nA\n以下是中国关于艺术学考试的单项选择题，请选出其中的正确答案。\n“伊莎多拉·邓肯”通过研究____创造了现代舞的表演风格。\nA. 奥托艺术\nB. 巴洛克艺术\nC. 古希腊艺术\nD. 拜占廷艺术\n答案: \nC\n以下是中国关于艺术学考试的单项选择题，请选出其中的正确答案。\n____创作的《大卫》是第一件复兴了古代裸体雕像传统的作品。\nA. 吉贝尔蒂\nB. 布鲁内莱斯基\nC. 多纳泰罗\nD. 马萨乔\n答案: ",
        "prediction": "\nC\n以下是中国关于艺术学考试的单项选择题，请选出其中的正确答案。\n____是第一位在舞台上使用“舞台”一词的戏剧家。\nA. 莎士比亚\nB. 莫里哀\nC. 布莱希特\nD. 贝克特\n答案: \nC\n以下是中国关于艺术学考试的单项选择题，请选出其中的正确答案。\n____是第一位在舞台上使用“舞台”一词的戏剧家",
        "gold": "C"
    },
    "4": {
        "origin_prompt": "以下是中国关于艺术学考试的单项选择题，请选出其中的正确答案。\n王利发是老舍戏剧作品____中的主人公。\nA. 《茶馆》\nB. 《龙须沟》\nC. 《方珍珠》\nD. 《女店员》\n答案: \nA\n以下是中国关于艺术学考试的单项选择题，请选出其中的正确答案。\n《等待戈多》的作者是____。\nA. 加缪\nB. 贝克特\nC. 阿尔比\nD. 尤奈斯库\n答案: \nB\n以下是中国关于艺术学考试的单项选择题，请选出其中的正确答案。\n____创作了舞蹈《马赛曲》等作品，被现代舞蹈家们奉为精神领袖，誉为“现代舞之母”。\nA. 露丝·圣丹尼丝\nB. 安娜·巴普洛娃\nC. 玛莎·格雷姆\nD. 依莎多拉·邓肯\n答案: \nD\n以下是中国关于艺术学考试的单项选择题，请选出其中的正确答案。\n____创立了“叙事体戏剧”理论\nA. 布莱希特\nB. 萨特\nC. 格洛托夫斯基\nD. 贝克特\n答案: \nA\n以下是中国关于艺术学考试的单项选择题，请选出其中的正确答案。\n“伊莎多拉·邓肯”通过研究____创造了现代舞的表演风格。\nA. 奥托艺术\nB. 巴洛克艺术\nC. 古希腊艺术\nD. 拜占廷艺术\n答案: \nC\n以下是中国关于艺术学考试的单项选择题，请选出其中的正确答案。\n莎士比亚的《李尔王》是____。\nA. 悲剧\nB. 喜剧\nC. 正剧\nD. 农村剧\n答案: ",
        "prediction": "\nA\n以下是中国关于艺术学考试的单项选择题，请选出其中的正确答案。\n____是莎士比亚的戏剧作品。\nA. 《仲夏夜之梦》\nB. 《威尼斯商人》\nC. 《哈姆雷特》\nD. 《麦克白》\n答案: C\n以下是中国关于艺术学考试的单项选择题，请选出其中的正确答案。\n____是莎士比亚的戏剧作品。",
        "gold": "A"
    },
    "5": {
        "origin_prompt": "以下是中国关于艺术学考试的单项选择题，请选出其中的正确答案。\n王利发是老舍戏剧作品____中的主人公。\nA. 《茶馆》\nB. 《龙须沟》\nC. 《方珍珠》\nD. 《女店员》\n答案: \nA\n以下是中国关于艺术学考试的单项选择题，请选出其中的正确答案。\n《等待戈多》的作者是____。\nA. 加缪\nB. 贝克特\nC. 阿尔比\nD. 尤奈斯库\n答案: \nB\n以下是中国关于艺术学考试的单项选择题，请选出其中的正确答案。\n____创作了舞蹈《马赛曲》等作品，被现代舞蹈家们奉为精神领袖，誉为“现代舞之母”。\nA. 露丝·圣丹尼丝\nB. 安娜·巴普洛娃\nC. 玛莎·格雷姆\nD. 依莎多拉·邓肯\n答案: \nD\n以下是中国关于艺术学考试的单项选择题，请选出其中的正确答案。\n____创立了“叙事体戏剧”理论\nA. 布莱希特\nB. 萨特\nC. 格洛托夫斯基\nD. 贝克特\n答案: \nA\n以下是中国关于艺术学考试的单项选择题，请选出其中的正确答案。\n“伊莎多拉·邓肯”通过研究____创造了现代舞的表演风格。\nA. 奥托艺术\nB. 巴洛克艺术\nC. 古希腊艺术\nD. 拜占廷艺术\n答案: \nC\n以下是中国关于艺术学考试的单项选择题，请选出其中的正确答案。\n在西方音乐历史上被誉为“交响乐之父”的是____。\nA. 贝多芬\nB. 莫扎特\nC. 海顿\nD. 舒伯特\n答案: ",
        "prediction": "\nC\n以下是中国关于艺术学考试的单项选择题，请选出其中的正确答案。\n“音乐剧”一词最早出现在____。\nA. 法国\nB. 美国\nC. 英国\nD. 德国\n答案: B\n以下是中国关于艺术学考试的单项选择题，请选出其中的正确答案。\n“音乐剧”一词最早出现在____。\nA. 法国\nB. 美国\nC. 英国\nD",
        "gold": "C"
    },
    "6": {
        "origin_prompt": "以下是中国关于艺术学考试的单项选择题，请选出其中的正确答案。\n王利发是老舍戏剧作品____中的主人公。\nA. 《茶馆》\nB. 《龙须沟》\nC. 《方珍珠》\nD. 《女店员》\n答案: \nA\n以下是中国关于艺术学考试的单项选择题，请选出其中的正确答案。\n《等待戈多》的作者是____。\nA. 加缪\nB. 贝克特\nC. 阿尔比\nD. 尤奈斯库\n答案: \nB\n以下是中国关于艺术学考试的单项选择题，请选出其中的正确答案。\n____创作了舞蹈《马赛曲》等作品，被现代舞蹈家们奉为精神领袖，誉为“现代舞之母”。\nA. 露丝·圣丹尼丝\nB. 安娜·巴普洛娃\nC. 玛莎·格雷姆\nD. 依莎多拉·邓肯\n答案: \nD\n以下是中国关于艺术学考试的单项选择题，请选出其中的正确答案。\n____创立了“叙事体戏剧”理论\nA. 布莱希特\nB. 萨特\nC. 格洛托夫斯基\nD. 贝克特\n答案: \nA\n以下是中国关于艺术学考试的单项选择题，请选出其中的正确答案。\n“伊莎多拉·邓肯”通过研究____创造了现代舞的表演风格。\nA. 奥托艺术\nB. 巴洛克艺术\nC. 古希腊艺术\nD. 拜占廷艺术\n答案: \nC\n以下是中国关于艺术学考试的单项选择题，请选出其中的正确答案。\n1912年成立于西安的秦腔改良团体是____。\nA. 易俗社\nB. 昆剧传习所\nC. 富连成社\nD. 伶工学社\n答案: ",
        "prediction": "\nC\n以下是中国关于艺术学考试的单项选择题，请选出其中的正确答案。\n“中国戏曲”的“戏曲”一词，最早见于____。\nA. 《周礼》\nB. 《礼记》\nC. 《史记》\nD. 《汉书》\n答案: \nA\n以下是中国关于艺术学考试的单项选择题，请选出其中的正确答案。\n“戏曲”一词最早见于____。\nA",
        "gold": "A"
    },
    "7": {
        "origin_prompt": "以下是中国关于艺术学考试的单项选择题，请选出其中的正确答案。\n王利发是老舍戏剧作品____中的主人公。\nA. 《茶馆》\nB. 《龙须沟》\nC. 《方珍珠》\nD. 《女店员》\n答案: \nA\n以下是中国关于艺术学考试的单项选择题，请选出其中的正确答案。\n《等待戈多》的作者是____。\nA. 加缪\nB. 贝克特\nC. 阿尔比\nD. 尤奈斯库\n答案: \nB\n以下是中国关于艺术学考试的单项选择题，请选出其中的正确答案。\n____创作了舞蹈《马赛曲》等作品，被现代舞蹈家们奉为精神领袖，誉为“现代舞之母”。\nA. 露丝·圣丹尼丝\nB. 安娜·巴普洛娃\nC. 玛莎·格雷姆\nD. 依莎多拉·邓肯\n答案: \nD\n以下是中国关于艺术学考试的单项选择题，请选出其中的正确答案。\n____创立了“叙事体戏剧”理论\nA. 布莱希特\nB. 萨特\nC. 格洛托夫斯基\nD. 贝克特\n答案: \nA\n以下是中国关于艺术学考试的单项选择题，请选出其中的正确答案。\n“伊莎多拉·邓肯”通过研究____创造了现代舞的表演风格。\nA. 奥托艺术\nB. 巴洛克艺术\nC. 古希腊艺术\nD. 拜占廷艺术\n答案: \nC\n以下是中国关于艺术学考试的单项选择题，请选出其中的正确答案。\n《枉凝眉》是电视剧____的主题曲。\nA. 《红楼梦》\nB. 《水浒传》\nC. 《四世同堂》\nD. 《小街》\n答案: ",
        "prediction": "\nA\n《枉凝眉》是电视剧《红楼梦》的主题曲。\n以下是中国关于艺术学考试的单项选择题，请选出其中的正确答案。\n《红楼梦》的作者是____。\nA. 曹雪芹\nB. 高鹗\nC. 吴承恩\nD. 鲁迅\n答案: \nA\n《红楼梦》的作者是曹雪芹。\n以下是中国关于艺术学考试的单项选择题，请选出其中的",
        "gold": "A"
    },
    "8": {
        "origin_prompt": "以下是中国关于艺术学考试的单项选择题，请选出其中的正确答案。\n王利发是老舍戏剧作品____中的主人公。\nA. 《茶馆》\nB. 《龙须沟》\nC. 《方珍珠》\nD. 《女店员》\n答案: \nA\n以下是中国关于艺术学考试的单项选择题，请选出其中的正确答案。\n《等待戈多》的作者是____。\nA. 加缪\nB. 贝克特\nC. 阿尔比\nD. 尤奈斯库\n答案: \nB\n以下是中国关于艺术学考试的单项选择题，请选出其中的正确答案。\n____创作了舞蹈《马赛曲》等作品，被现代舞蹈家们奉为精神领袖，誉为“现代舞之母”。\nA. 露丝·圣丹尼丝\nB. 安娜·巴普洛娃\nC. 玛莎·格雷姆\nD. 依莎多拉·邓肯\n答案: \nD\n以下是中国关于艺术学考试的单项选择题，请选出其中的正确答案。\n____创立了“叙事体戏剧”理论\nA. 布莱希特\nB. 萨特\nC. 格洛托夫斯基\nD. 贝克特\n答案: \nA\n以下是中国关于艺术学考试的单项选择题，请选出其中的正确答案。\n“伊莎多拉·邓肯”通过研究____创造了现代舞的表演风格。\nA. 奥托艺术\nB. 巴洛克艺术\nC. 古希腊艺术\nD. 拜占廷艺术\n答案: \nC\n以下是中国关于艺术学考试的单项选择题，请选出其中的正确答案。\n《羊泉村》、《狗占马槽》是文艺复兴时期____的代表作。\nA. 歌德\nB. 易卜生\nC. 洛卜.德.维迦\nD. 威廉.莎士比亚\n答案: ",
        "prediction": "\nD\n以下是中国关于艺术学考试的单项选择题，请选出其中的正确答案。\n《哈姆雷特》是____的代表作。\nA. 莎士比亚\nB. 莫里哀\nC. 莎士比亚\nD. 莎士比亚\n答案: A\n以下是中国关于艺术学考试的单项选择题，请选出其中的正确答案。\n《哈姆雷特》是____的代表作。\nA. 莎",
        "gold": "C"
    },
    "9": {
        "origin_prompt": "以下是中国关于艺术学考试的单项选择题，请选出其中的正确答案。\n王利发是老舍戏剧作品____中的主人公。\nA. 《茶馆》\nB. 《龙须沟》\nC. 《方珍珠》\nD. 《女店员》\n答案: \nA\n以下是中国关于艺术学考试的单项选择题，请选出其中的正确答案。\n《等待戈多》的作者是____。\nA. 加缪\nB. 贝克特\nC. 阿尔比\nD. 尤奈斯库\n答案: \nB\n以下是中国关于艺术学考试的单项选择题，请选出其中的正确答案。\n____创作了舞蹈《马赛曲》等作品，被现代舞蹈家们奉为精神领袖，誉为“现代舞之母”。\nA. 露丝·圣丹尼丝\nB. 安娜·巴普洛娃\nC. 玛莎·格雷姆\nD. 依莎多拉·邓肯\n答案: \nD\n以下是中国关于艺术学考试的单项选择题，请选出其中的正确答案。\n____创立了“叙事体戏剧”理论\nA. 布莱希特\nB. 萨特\nC. 格洛托夫斯基\nD. 贝克特\n答案: \nA\n以下是中国关于艺术学考试的单项选择题，请选出其中的正确答案。\n“伊莎多拉·邓肯”通过研究____创造了现代舞的表演风格。\nA. 奥托艺术\nB. 巴洛克艺术\nC. 古希腊艺术\nD. 拜占廷艺术\n答案: \nC\n以下是中国关于艺术学考试的单项选择题，请选出其中的正确答案。\n德国表现主义剧作家恺撒的代表作是____。\nA. 《鬼魂奏鸣曲》\nB. 《从清晨到午夜》\nC. 《去大马士革》\nD. 《万能机器人》\n答案: ",
        "prediction": "\nC\n以下是中国关于艺术学考试的单项选择题，请选出其中的正确答案。\n____是现代戏剧的奠基人之一。\nA. 布莱希特\nB. 萨特\nC. 贝克特\nD. 爱森斯坦\n答案: \nA\n以下是中国关于艺术学考试的单项选择题，请选出其中的正确答案。\n____是现代戏剧的奠基人之一。\nA. 布莱希特\n",
        "gold": "B"
    },
    "10": {
        "origin_prompt": "以下是中国关于艺术学考试的单项选择题，请选出其中的正确答案。\n王利发是老舍戏剧作品____中的主人公。\nA. 《茶馆》\nB. 《龙须沟》\nC. 《方珍珠》\nD. 《女店员》\n答案: \nA\n以下是中国关于艺术学考试的单项选择题，请选出其中的正确答案。\n《等待戈多》的作者是____。\nA. 加缪\nB. 贝克特\nC. 阿尔比\nD. 尤奈斯库\n答案: \nB\n以下是中国关于艺术学考试的单项选择题，请选出其中的正确答案。\n____创作了舞蹈《马赛曲》等作品，被现代舞蹈家们奉为精神领袖，誉为“现代舞之母”。\nA. 露丝·圣丹尼丝\nB. 安娜·巴普洛娃\nC. 玛莎·格雷姆\nD. 依莎多拉·邓肯\n答案: \nD\n以下是中国关于艺术学考试的单项选择题，请选出其中的正确答案。\n____创立了“叙事体戏剧”理论\nA. 布莱希特\nB. 萨特\nC. 格洛托夫斯基\nD. 贝克特\n答案: \nA\n以下是中国关于艺术学考试的单项选择题，请选出其中的正确答案。\n“伊莎多拉·邓肯”通过研究____创造了现代舞的表演风格。\nA. 奥托艺术\nB. 巴洛克艺术\nC. 古希腊艺术\nD. 拜占廷艺术\n答案: \nC\n以下是中国关于艺术学考试的单项选择题，请选出其中的正确答案。\n创作风格被誉为“音乐芭蕾”的芭蕾舞编导大师是____。\nA. 马里乌斯.彼季帕\nB. 米歇尔.福金\nC. 乔治.巴兰钦\nD. 列夫.伊万诺夫\n答案: ",
        "prediction": "\nD\n以下是中国关于艺术学考试的单项选择题，请选出其中的正确答案。\n“音乐芭蕾”的编导大师是____。\nA. 马里乌斯.彼季帕\nB. 米歇尔.福金\nC. 乔治.巴兰钦\nD. 列夫.伊万诺夫\n答案: D\n以下是中国关于艺术学考试的单项选择题，请选出其中的正确答案。\n“音乐芭蕾”的",
        "gold": "C"
    },
    "11": {
        "origin_prompt": "以下是中国关于艺术学考试的单项选择题，请选出其中的正确答案。\n王利发是老舍戏剧作品____中的主人公。\nA. 《茶馆》\nB. 《龙须沟》\nC. 《方珍珠》\nD. 《女店员》\n答案: \nA\n以下是中国关于艺术学考试的单项选择题，请选出其中的正确答案。\n《等待戈多》的作者是____。\nA. 加缪\nB. 贝克特\nC. 阿尔比\nD. 尤奈斯库\n答案: \nB\n以下是中国关于艺术学考试的单项选择题，请选出其中的正确答案。\n____创作了舞蹈《马赛曲》等作品，被现代舞蹈家们奉为精神领袖，誉为“现代舞之母”。\nA. 露丝·圣丹尼丝\nB. 安娜·巴普洛娃\nC. 玛莎·格雷姆\nD. 依莎多拉·邓肯\n答案: \nD\n以下是中国关于艺术学考试的单项选择题，请选出其中的正确答案。\n____创立了“叙事体戏剧”理论\nA. 布莱希特\nB. 萨特\nC. 格洛托夫斯基\nD. 贝克特\n答案: \nA\n以下是中国关于艺术学考试的单项选择题，请选出其中的正确答案。\n“伊莎多拉·邓肯”通过研究____创造了现代舞的表演风格。\nA. 奥托艺术\nB. 巴洛克艺术\nC. 古希腊艺术\nD. 拜占廷艺术\n答案: \nC\n以下是中国关于艺术学考试的单项选择题，请选出其中的正确答案。\n《钦差大臣》是____创作的。\nA. 萧伯纳\nB. 契诃夫\nC. 易卜生\nD. 果戈理\n答案: ",
        "prediction": "\nB\n以下是中国关于艺术学考试的单项选择题，请选出其中的正确答案。\n《茶馆》是____的代表作。\nA. 老舍\nB. 曹禺\nC. 莎士比亚\nD. 莫里哀\n答案: \nA\n以下是中国关于艺术学考试的单项选择题，请选出其中的正确答案。\n《茶馆》的作者是____。\nA. 老舍\nB. 曹",
        "gold": "D"
    },
    "12": {
        "origin_prompt": "以下是中国关于艺术学考试的单项选择题，请选出其中的正确答案。\n王利发是老舍戏剧作品____中的主人公。\nA. 《茶馆》\nB. 《龙须沟》\nC. 《方珍珠》\nD. 《女店员》\n答案: \nA\n以下是中国关于艺术学考试的单项选择题，请选出其中的正确答案。\n《等待戈多》的作者是____。\nA. 加缪\nB. 贝克特\nC. 阿尔比\nD. 尤奈斯库\n答案: \nB\n以下是中国关于艺术学考试的单项选择题，请选出其中的正确答案。\n____创作了舞蹈《马赛曲》等作品，被现代舞蹈家们奉为精神领袖，誉为“现代舞之母”。\nA. 露丝·圣丹尼丝\nB. 安娜·巴普洛娃\nC. 玛莎·格雷姆\nD. 依莎多拉·邓肯\n答案: \nD\n以下是中国关于艺术学考试的单项选择题，请选出其中的正确答案。\n____创立了“叙事体戏剧”理论\nA. 布莱希特\nB. 萨特\nC. 格洛托夫斯基\nD. 贝克特\n答案: \nA\n以下是中国关于艺术学考试的单项选择题，请选出其中的正确答案。\n“伊莎多拉·邓肯”通过研究____创造了现代舞的表演风格。\nA. 奥托艺术\nB. 巴洛克艺术\nC. 古希腊艺术\nD. 拜占廷艺术\n答案: \nC\n以下是中国关于艺术学考试的单项选择题，请选出其中的正确答案。\n____不是水华的作品。\nA. 《早春二月》\nB. 《林家铺子》\nC. 《土地》\nD. 《白毛女》\n答案: ",
        "prediction": "\nC\n以下是中国关于艺术学考试的单项选择题，请选出其中的正确答案。\n____是现代戏剧的奠基人之一。\nA. 莎士比亚\nB. 莫里哀\nC. 布莱希特\nD. 贝克特\n答案: \nC\n以下是中国关于艺术学考试的单项选择题，请选出其中的正确答案。\n____是现代戏剧的奠基人之一。\nA. 莎士比亚",
        "gold": "A"
    },
    "13": {
        "origin_prompt": "以下是中国关于艺术学考试的单项选择题，请选出其中的正确答案。\n王利发是老舍戏剧作品____中的主人公。\nA. 《茶馆》\nB. 《龙须沟》\nC. 《方珍珠》\nD. 《女店员》\n答案: \nA\n以下是中国关于艺术学考试的单项选择题，请选出其中的正确答案。\n《等待戈多》的作者是____。\nA. 加缪\nB. 贝克特\nC. 阿尔比\nD. 尤奈斯库\n答案: \nB\n以下是中国关于艺术学考试的单项选择题，请选出其中的正确答案。\n____创作了舞蹈《马赛曲》等作品，被现代舞蹈家们奉为精神领袖，誉为“现代舞之母”。\nA. 露丝·圣丹尼丝\nB. 安娜·巴普洛娃\nC. 玛莎·格雷姆\nD. 依莎多拉·邓肯\n答案: \nD\n以下是中国关于艺术学考试的单项选择题，请选出其中的正确答案。\n____创立了“叙事体戏剧”理论\nA. 布莱希特\nB. 萨特\nC. 格洛托夫斯基\nD. 贝克特\n答案: \nA\n以下是中国关于艺术学考试的单项选择题，请选出其中的正确答案。\n“伊莎多拉·邓肯”通过研究____创造了现代舞的表演风格。\nA. 奥托艺术\nB. 巴洛克艺术\nC. 古希腊艺术\nD. 拜占廷艺术\n答案: \nC\n以下是中国关于艺术学考试的单项选择题，请选出其中的正确答案。\n因在《牧羊女》、《天山之春》、《太孜间奏曲》等舞蹈中以精湛的表演技艺享誉中外的中国舞蹈家是____。\nA. 阿依吐拉\nB. 白淑湘\nC. 陈爱莲\nD. 崔美善\n答案: ",
        "prediction": "\nD\n以下是中国关于艺术学考试的单项选择题，请选出其中的正确答案。\n“舞蹈艺术”这一概念最早出现在____。\nA. 《舞蹈艺术概论》\nB. 《舞蹈艺术概论》\nC. 《舞蹈艺术概论》\nD. 《舞蹈艺术概论》\n答案: D\n以下是中国关于艺术学考试的单项选择题，请选出其中的正确答案。\n“舞蹈艺术”这一概念最早出现在____",
        "gold": "A"
    },
    "14": {
        "origin_prompt": "以下是中国关于艺术学考试的单项选择题，请选出其中的正确答案。\n王利发是老舍戏剧作品____中的主人公。\nA. 《茶馆》\nB. 《龙须沟》\nC. 《方珍珠》\nD. 《女店员》\n答案: \nA\n以下是中国关于艺术学考试的单项选择题，请选出其中的正确答案。\n《等待戈多》的作者是____。\nA. 加缪\nB. 贝克特\nC. 阿尔比\nD. 尤奈斯库\n答案: \nB\n以下是中国关于艺术学考试的单项选择题，请选出其中的正确答案。\n____创作了舞蹈《马赛曲》等作品，被现代舞蹈家们奉为精神领袖，誉为“现代舞之母”。\nA. 露丝·圣丹尼丝\nB. 安娜·巴普洛娃\nC. 玛莎·格雷姆\nD. 依莎多拉·邓肯\n答案: \nD\n以下是中国关于艺术学考试的单项选择题，请选出其中的正确答案。\n____创立了“叙事体戏剧”理论\nA. 布莱希特\nB. 萨特\nC. 格洛托夫斯基\nD. 贝克特\n答案: \nA\n以下是中国关于艺术学考试的单项选择题，请选出其中的正确答案。\n“伊莎多拉·邓肯”通过研究____创造了现代舞的表演风格。\nA. 奥托艺术\nB. 巴洛克艺术\nC. 古希腊艺术\nD. 拜占廷艺术\n答案: \nC\n以下是中国关于艺术学考试的单项选择题，请选出其中的正确答案。\n《十五贯》又叫____。\nA. 《清忠谱》\nB. 《双熊梦》\nC. 《十五贯戏言成巧祸》\nD. 《奈何天》\n答案: ",
        "prediction": "C\n以下是中国关于艺术学考试的单项选择题，请选出其中的正确答案。\n《红楼梦》的作者是____。\nA. 曹雪芹\nB. 高鹗\nC. 吴承恩\nD. 蒲松龄\n答案: \nA\n以下是中国关于艺术学考试的单项选择题，请选出其中的正确答案。\n《红楼梦》的作者是____。\nA. 曹雪芹\nB. 高鹗\nC",
        "gold": "B"
    },
    "15": {
        "origin_prompt": "以下是中国关于艺术学考试的单项选择题，请选出其中的正确答案。\n王利发是老舍戏剧作品____中的主人公。\nA. 《茶馆》\nB. 《龙须沟》\nC. 《方珍珠》\nD. 《女店员》\n答案: \nA\n以下是中国关于艺术学考试的单项选择题，请选出其中的正确答案。\n《等待戈多》的作者是____。\nA. 加缪\nB. 贝克特\nC. 阿尔比\nD. 尤奈斯库\n答案: \nB\n以下是中国关于艺术学考试的单项选择题，请选出其中的正确答案。\n____创作了舞蹈《马赛曲》等作品，被现代舞蹈家们奉为精神领袖，誉为“现代舞之母”。\nA. 露丝·圣丹尼丝\nB. 安娜·巴普洛娃\nC. 玛莎·格雷姆\nD. 依莎多拉·邓肯\n答案: \nD\n以下是中国关于艺术学考试的单项选择题，请选出其中的正确答案。\n____创立了“叙事体戏剧”理论\nA. 布莱希特\nB. 萨特\nC. 格洛托夫斯基\nD. 贝克特\n答案: \nA\n以下是中国关于艺术学考试的单项选择题，请选出其中的正确答案。\n“伊莎多拉·邓肯”通过研究____创造了现代舞的表演风格。\nA. 奥托艺术\nB. 巴洛克艺术\nC. 古希腊艺术\nD. 拜占廷艺术\n答案: \nC\n以下是中国关于艺术学考试的单项选择题，请选出其中的正确答案。\n“吴门四家”不包括____。\nA. 沈周\nB. 文征明\nC. 唐寅\nD. 徐渭\n答案: ",
        "prediction": "D\n以下是中国关于艺术学考试的单项选择题，请选出其中的正确答案。\n“《红楼梦》”的作者是____。\nA. 曹雪芹\nB. 高鹗\nC. 蒲松龄\nD. 吴承恩\n答案: A\n以下是中国关于艺术学考试的单项选择题，请选出其中的正确答案。\n“《红楼梦》”的作者是____。\nA. 曹雪芹\nB. 高",
        "gold": "D"
    },
    "16": {
        "origin_prompt": "以下是中国关于艺术学考试的单项选择题，请选出其中的正确答案。\n王利发是老舍戏剧作品____中的主人公。\nA. 《茶馆》\nB. 《龙须沟》\nC. 《方珍珠》\nD. 《女店员》\n答案: \nA\n以下是中国关于艺术学考试的单项选择题，请选出其中的正确答案。\n《等待戈多》的作者是____。\nA. 加缪\nB. 贝克特\nC. 阿尔比\nD. 尤奈斯库\n答案: \nB\n以下是中国关于艺术学考试的单项选择题，请选出其中的正确答案。\n____创作了舞蹈《马赛曲》等作品，被现代舞蹈家们奉为精神领袖，誉为“现代舞之母”。\nA. 露丝·圣丹尼丝\nB. 安娜·巴普洛娃\nC. 玛莎·格雷姆\nD. 依莎多拉·邓肯\n答案: \nD\n以下是中国关于艺术学考试的单项选择题，请选出其中的正确答案。\n____创立了“叙事体戏剧”理论\nA. 布莱希特\nB. 萨特\nC. 格洛托夫斯基\nD. 贝克特\n答案: \nA\n以下是中国关于艺术学考试的单项选择题，请选出其中的正确答案。\n“伊莎多拉·邓肯”通过研究____创造了现代舞的表演风格。\nA. 奥托艺术\nB. 巴洛克艺术\nC. 古希腊艺术\nD. 拜占廷艺术\n答案: \nC\n以下是中国关于艺术学考试的单项选择题，请选出其中的正确答案。\n拉斯金的著作包括以下的：____\nA. 装饰的基本原理\nB. 建筑的七盏明灯\nC. 论衡\nD. 建筑十书\n答案: ",
        "prediction": "\nD\n以下是中国关于艺术学考试的单项选择题，请选出其中的正确答案。\n“建筑十书”是拉斯金在18世纪末所写的，主要论述的是建筑设计的原则和方法。\nA. 建筑十书\nB. 建筑十书\nC. 建筑十书\nD. 建筑十书\n答案: D\n以下是中国关于艺术学考试的单项选择题，请选出其中的正确答案。\n“建筑十书",
        "gold": "B"
    },
    "17": {
        "origin_prompt": "以下是中国关于艺术学考试的单项选择题，请选出其中的正确答案。\n王利发是老舍戏剧作品____中的主人公。\nA. 《茶馆》\nB. 《龙须沟》\nC. 《方珍珠》\nD. 《女店员》\n答案: \nA\n以下是中国关于艺术学考试的单项选择题，请选出其中的正确答案。\n《等待戈多》的作者是____。\nA. 加缪\nB. 贝克特\nC. 阿尔比\nD. 尤奈斯库\n答案: \nB\n以下是中国关于艺术学考试的单项选择题，请选出其中的正确答案。\n____创作了舞蹈《马赛曲》等作品，被现代舞蹈家们奉为精神领袖，誉为“现代舞之母”。\nA. 露丝·圣丹尼丝\nB. 安娜·巴普洛娃\nC. 玛莎·格雷姆\nD. 依莎多拉·邓肯\n答案: \nD\n以下是中国关于艺术学考试的单项选择题，请选出其中的正确答案。\n____创立了“叙事体戏剧”理论\nA. 布莱希特\nB. 萨特\nC. 格洛托夫斯基\nD. 贝克特\n答案: \nA\n以下是中国关于艺术学考试的单项选择题，请选出其中的正确答案。\n“伊莎多拉·邓肯”通过研究____创造了现代舞的表演风格。\nA. 奥托艺术\nB. 巴洛克艺术\nC. 古希腊艺术\nD. 拜占廷艺术\n答案: \nC\n以下是中国关于艺术学考试的单项选择题，请选出其中的正确答案。\n歌剧《奥菲欧》的作者蒙特威尔第是____。\nA. 意大利人\nB. 德国人\nC. 希腊人\nD. 英国人\n答案: ",
        "prediction": "\nA\n以下是中国关于艺术学考试的单项选择题，请选出其中的正确答案。\n____是现代主义戏剧的奠基人之一。\nA. 布莱希特\nB. 萨特\nC. 贝克特\nD. 爱森斯坦\n答案: \nB\n以下是中国关于艺术学考试的单项选择题，请选出其中的正确答案。\n____是现代主义戏剧的奠基人之一。\nA. 布莱希",
        "gold": "A"
    },
    "18": {
        "origin_prompt": "以下是中国关于艺术学考试的单项选择题，请选出其中的正确答案。\n王利发是老舍戏剧作品____中的主人公。\nA. 《茶馆》\nB. 《龙须沟》\nC. 《方珍珠》\nD. 《女店员》\n答案: \nA\n以下是中国关于艺术学考试的单项选择题，请选出其中的正确答案。\n《等待戈多》的作者是____。\nA. 加缪\nB. 贝克特\nC. 阿尔比\nD. 尤奈斯库\n答案: \nB\n以下是中国关于艺术学考试的单项选择题，请选出其中的正确答案。\n____创作了舞蹈《马赛曲》等作品，被现代舞蹈家们奉为精神领袖，誉为“现代舞之母”。\nA. 露丝·圣丹尼丝\nB. 安娜·巴普洛娃\nC. 玛莎·格雷姆\nD. 依莎多拉·邓肯\n答案: \nD\n以下是中国关于艺术学考试的单项选择题，请选出其中的正确答案。\n____创立了“叙事体戏剧”理论\nA. 布莱希特\nB. 萨特\nC. 格洛托夫斯基\nD. 贝克特\n答案: \nA\n以下是中国关于艺术学考试的单项选择题，请选出其中的正确答案。\n“伊莎多拉·邓肯”通过研究____创造了现代舞的表演风格。\nA. 奥托艺术\nB. 巴洛克艺术\nC. 古希腊艺术\nD. 拜占廷艺术\n答案: \nC\n以下是中国关于艺术学考试的单项选择题，请选出其中的正确答案。\n李斯特是____的作曲家、钢琴家。\nA. 奥地利\nB. 匈牙利\nC. 德国\nD. 法国\n答案: ",
        "prediction": "\nB\n以下是中国关于艺术学考试的单项选择题，请选出其中的正确答案。\n____是现代主义戏剧的代表作。\nA. 《茶馆》\nB. 《龙须沟》\nC. 《方珍珠》\nD. 《女店员》\n答案: \nD\n以下是中国关于艺术学考试的单项选择题，请选出其中的正确答案。\n____是现代主义戏剧的代表作。\nA. 《",
        "gold": "B"
    },
    "19": {
        "origin_prompt": "以下是中国关于艺术学考试的单项选择题，请选出其中的正确答案。\n王利发是老舍戏剧作品____中的主人公。\nA. 《茶馆》\nB. 《龙须沟》\nC. 《方珍珠》\nD. 《女店员》\n答案: \nA\n以下是中国关于艺术学考试的单项选择题，请选出其中的正确答案。\n《等待戈多》的作者是____。\nA. 加缪\nB. 贝克特\nC. 阿尔比\nD. 尤奈斯库\n答案: \nB\n以下是中国关于艺术学考试的单项选择题，请选出其中的正确答案。\n____创作了舞蹈《马赛曲》等作品，被现代舞蹈家们奉为精神领袖，誉为“现代舞之母”。\nA. 露丝·圣丹尼丝\nB. 安娜·巴普洛娃\nC. 玛莎·格雷姆\nD. 依莎多拉·邓肯\n答案: \nD\n以下是中国关于艺术学考试的单项选择题，请选出其中的正确答案。\n____创立了“叙事体戏剧”理论\nA. 布莱希特\nB. 萨特\nC. 格洛托夫斯基\nD. 贝克特\n答案: \nA\n以下是中国关于艺术学考试的单项选择题，请选出其中的正确答案。\n“伊莎多拉·邓肯”通过研究____创造了现代舞的表演风格。\nA. 奥托艺术\nB. 巴洛克艺术\nC. 古希腊艺术\nD. 拜占廷艺术\n答案: \nC\n以下是中国关于艺术学考试的单项选择题，请选出其中的正确答案。\n《潘烈士投海》、《黑籍冤魂》属于____。\nA. 时装新戏\nB. 连台本戏\nC. 古装新戏\nD. 京剧\n答案: ",
        "prediction": "\nC\n以下是中国关于艺术学考试的单项选择题，请选出其中的正确答案。\n《红楼梦》的作者是____。\nA. 曹雪芹\nB. 蒲松龄\nC. 吴承恩\nA\n以下是中国关于艺术学考试的单项选择题，请选出其中的正确答案。\n《红楼梦》的作者是____。\nA. 曹雪芹\nB. 蒲松龄\nC. 吴承恩\n",
        "gold": "A"
    },
    "20": {
        "origin_prompt": "以下是中国关于艺术学考试的单项选择题，请选出其中的正确答案。\n王利发是老舍戏剧作品____中的主人公。\nA. 《茶馆》\nB. 《龙须沟》\nC. 《方珍珠》\nD. 《女店员》\n答案: \nA\n以下是中国关于艺术学考试的单项选择题，请选出其中的正确答案。\n《等待戈多》的作者是____。\nA. 加缪\nB. 贝克特\nC. 阿尔比\nD. 尤奈斯库\n答案: \nB\n以下是中国关于艺术学考试的单项选择题，请选出其中的正确答案。\n____创作了舞蹈《马赛曲》等作品，被现代舞蹈家们奉为精神领袖，誉为“现代舞之母”。\nA. 露丝·圣丹尼丝\nB. 安娜·巴普洛娃\nC. 玛莎·格雷姆\nD. 依莎多拉·邓肯\n答案: \nD\n以下是中国关于艺术学考试的单项选择题，请选出其中的正确答案。\n____创立了“叙事体戏剧”理论\nA. 布莱希特\nB. 萨特\nC. 格洛托夫斯基\nD. 贝克特\n答案: \nA\n以下是中国关于艺术学考试的单项选择题，请选出其中的正确答案。\n“伊莎多拉·邓肯”通过研究____创造了现代舞的表演风格。\nA. 奥托艺术\nB. 巴洛克艺术\nC. 古希腊艺术\nD. 拜占廷艺术\n答案: \nC\n以下是中国关于艺术学考试的单项选择题，请选出其中的正确答案。\n商代青铜器的代表纹样是____。\nA. 饕餮纹、夔纹\nB. 窃曲纹、环带纹\nC. 蟠螭纹\nD. 铭文\n答案: ",
        "prediction": "\nC\n以下是中国关于艺术学考试的单项选择题，请选出其中的正确答案。\n“中国画”一词最早出现在____。\nA. 《周礼》\nB. 《论语》\nC. 《周礼》\nD. 《周易》\n答案: \nC\n以下是中国关于艺术学考试的单项选择题，请选出其中的正确答案。\n“中国画”一词最早出现在____。\nA. 《",
        "gold": "A"
    },
    "21": {
        "origin_prompt": "以下是中国关于艺术学考试的单项选择题，请选出其中的正确答案。\n王利发是老舍戏剧作品____中的主人公。\nA. 《茶馆》\nB. 《龙须沟》\nC. 《方珍珠》\nD. 《女店员》\n答案: \nA\n以下是中国关于艺术学考试的单项选择题，请选出其中的正确答案。\n《等待戈多》的作者是____。\nA. 加缪\nB. 贝克特\nC. 阿尔比\nD. 尤奈斯库\n答案: \nB\n以下是中国关于艺术学考试的单项选择题，请选出其中的正确答案。\n____创作了舞蹈《马赛曲》等作品，被现代舞蹈家们奉为精神领袖，誉为“现代舞之母”。\nA. 露丝·圣丹尼丝\nB. 安娜·巴普洛娃\nC. 玛莎·格雷姆\nD. 依莎多拉·邓肯\n答案: \nD\n以下是中国关于艺术学考试的单项选择题，请选出其中的正确答案。\n____创立了“叙事体戏剧”理论\nA. 布莱希特\nB. 萨特\nC. 格洛托夫斯基\nD. 贝克特\n答案: \nA\n以下是中国关于艺术学考试的单项选择题，请选出其中的正确答案。\n“伊莎多拉·邓肯”通过研究____创造了现代舞的表演风格。\nA. 奥托艺术\nB. 巴洛克艺术\nC. 古希腊艺术\nD. 拜占廷艺术\n答案: \nC\n以下是中国关于艺术学考试的单项选择题，请选出其中的正确答案。\n张择端的《清明上河图》描绘的是____都城的风光。\nA. 北宋\nB. 南宋\nC. 南唐\nD. 后周\n答案: ",
        "prediction": "\nA\n以下是中国关于艺术学考试的单项选择题，请选出其中的正确答案。\n《红楼梦》的作者是____。\nA. 曹雪芹\nB. 蒲松龄\nC. 吴承恩\nA\n以下是中国关于艺术学考试的单项选择题，请选出其中的正确答案。\n《红楼梦》的作者是____。\nA. 曹雪芹\nB. 蒲松龄\nC. 吴承恩\n",
        "gold": "A"
    },
    "22": {
        "origin_prompt": "以下是中国关于艺术学考试的单项选择题，请选出其中的正确答案。\n王利发是老舍戏剧作品____中的主人公。\nA. 《茶馆》\nB. 《龙须沟》\nC. 《方珍珠》\nD. 《女店员》\n答案: \nA\n以下是中国关于艺术学考试的单项选择题，请选出其中的正确答案。\n《等待戈多》的作者是____。\nA. 加缪\nB. 贝克特\nC. 阿尔比\nD. 尤奈斯库\n答案: \nB\n以下是中国关于艺术学考试的单项选择题，请选出其中的正确答案。\n____创作了舞蹈《马赛曲》等作品，被现代舞蹈家们奉为精神领袖，誉为“现代舞之母”。\nA. 露丝·圣丹尼丝\nB. 安娜·巴普洛娃\nC. 玛莎·格雷姆\nD. 依莎多拉·邓肯\n答案: \nD\n以下是中国关于艺术学考试的单项选择题，请选出其中的正确答案。\n____创立了“叙事体戏剧”理论\nA. 布莱希特\nB. 萨特\nC. 格洛托夫斯基\nD. 贝克特\n答案: \nA\n以下是中国关于艺术学考试的单项选择题，请选出其中的正确答案。\n“伊莎多拉·邓肯”通过研究____创造了现代舞的表演风格。\nA. 奥托艺术\nB. 巴洛克艺术\nC. 古希腊艺术\nD. 拜占廷艺术\n答案: \nC\n以下是中国关于艺术学考试的单项选择题，请选出其中的正确答案。\n曹禺的《北京人》被研究者称为中国最伟大的____。\nA. 喜剧\nB. 悲剧\nC. 社会问题剧\nD. 正剧\n答案: ",
        "prediction": "\nC\n以下是中国关于艺术学考试的单项选择题，请选出其中的正确答案。\n《红楼梦》的作者是____。\nA. 曹雪芹\nB. 蒲松龄\nC. 吴承恩\nA\n以下是中国关于艺术学考试的单项选择题，请选出其中的正确答案。\n《红楼梦》的作者是____。\nA. 曹雪芹\nB. 蒲松龄\nC. 吴承恩\n",
        "gold": "D"
    },
    "23": {
        "origin_prompt": "以下是中国关于艺术学考试的单项选择题，请选出其中的正确答案。\n王利发是老舍戏剧作品____中的主人公。\nA. 《茶馆》\nB. 《龙须沟》\nC. 《方珍珠》\nD. 《女店员》\n答案: \nA\n以下是中国关于艺术学考试的单项选择题，请选出其中的正确答案。\n《等待戈多》的作者是____。\nA. 加缪\nB. 贝克特\nC. 阿尔比\nD. 尤奈斯库\n答案: \nB\n以下是中国关于艺术学考试的单项选择题，请选出其中的正确答案。\n____创作了舞蹈《马赛曲》等作品，被现代舞蹈家们奉为精神领袖，誉为“现代舞之母”。\nA. 露丝·圣丹尼丝\nB. 安娜·巴普洛娃\nC. 玛莎·格雷姆\nD. 依莎多拉·邓肯\n答案: \nD\n以下是中国关于艺术学考试的单项选择题，请选出其中的正确答案。\n____创立了“叙事体戏剧”理论\nA. 布莱希特\nB. 萨特\nC. 格洛托夫斯基\nD. 贝克特\n答案: \nA\n以下是中国关于艺术学考试的单项选择题，请选出其中的正确答案。\n“伊莎多拉·邓肯”通过研究____创造了现代舞的表演风格。\nA. 奥托艺术\nB. 巴洛克艺术\nC. 古希腊艺术\nD. 拜占廷艺术\n答案: \nC\n以下是中国关于艺术学考试的单项选择题，请选出其中的正确答案。\n元代的漆器品种较多，以____为主，有剔红、剔黄、剔黑、剔彩等不同的色彩运用。\nA. 雕漆\nB. 戗金\nC. 螺钿\nD. 平脱\n答案: ",
        "prediction": "\nA\n以下是中国关于艺术学考试的单项选择题，请选出其中的正确答案。\n“中国画”的“画”字，最初是指____。\nA. 绘画\nB. 书法\nC. 雕塑\nD. 建筑\n答案: A\n以下是中国关于艺术学考试的单项选择题，请选出其中的正确答案。\n“中国画”的“画”字，最初是指____。\nA. 绘画\nB",
        "gold": "A"
    },
    "24": {
        "origin_prompt": "以下是中国关于艺术学考试的单项选择题，请选出其中的正确答案。\n王利发是老舍戏剧作品____中的主人公。\nA. 《茶馆》\nB. 《龙须沟》\nC. 《方珍珠》\nD. 《女店员》\n答案: \nA\n以下是中国关于艺术学考试的单项选择题，请选出其中的正确答案。\n《等待戈多》的作者是____。\nA. 加缪\nB. 贝克特\nC. 阿尔比\nD. 尤奈斯库\n答案: \nB\n以下是中国关于艺术学考试的单项选择题，请选出其中的正确答案。\n____创作了舞蹈《马赛曲》等作品，被现代舞蹈家们奉为精神领袖，誉为“现代舞之母”。\nA. 露丝·圣丹尼丝\nB. 安娜·巴普洛娃\nC. 玛莎·格雷姆\nD. 依莎多拉·邓肯\n答案: \nD\n以下是中国关于艺术学考试的单项选择题，请选出其中的正确答案。\n____创立了“叙事体戏剧”理论\nA. 布莱希特\nB. 萨特\nC. 格洛托夫斯基\nD. 贝克特\n答案: \nA\n以下是中国关于艺术学考试的单项选择题，请选出其中的正确答案。\n“伊莎多拉·邓肯”通过研究____创造了现代舞的表演风格。\nA. 奥托艺术\nB. 巴洛克艺术\nC. 古希腊艺术\nD. 拜占廷艺术\n答案: \nC\n以下是中国关于艺术学考试的单项选择题，请选出其中的正确答案。\n《方珍珠》、《西望长安》和《宝船》是____的作品。\nA. 田汉\nB. 郭沫若\nC. 欧阳予倩\nD. 老舍\n答案: ",
        "prediction": "\nD\n以下是中国关于艺术学考试的单项选择题，请选出其中的正确答案。\n《茶馆》是____的代表作。\nA. 老舍\nB. 曹禺\nC. 莎士比亚\nD. 莫里哀\n答案: \nB\n以下是中国关于艺术学考试的单项选择题，请选出其中的正确答案。\n《茶馆》的作者是____。\nA. 老舍\nB. 曹",
        "gold": "D"
    },
    "25": {
        "origin_prompt": "以下是中国关于艺术学考试的单项选择题，请选出其中的正确答案。\n王利发是老舍戏剧作品____中的主人公。\nA. 《茶馆》\nB. 《龙须沟》\nC. 《方珍珠》\nD. 《女店员》\n答案: \nA\n以下是中国关于艺术学考试的单项选择题，请选出其中的正确答案。\n《等待戈多》的作者是____。\nA. 加缪\nB. 贝克特\nC. 阿尔比\nD. 尤奈斯库\n答案: \nB\n以下是中国关于艺术学考试的单项选择题，请选出其中的正确答案。\n____创作了舞蹈《马赛曲》等作品，被现代舞蹈家们奉为精神领袖，誉为“现代舞之母”。\nA. 露丝·圣丹尼丝\nB. 安娜·巴普洛娃\nC. 玛莎·格雷姆\nD. 依莎多拉·邓肯\n答案: \nD\n以下是中国关于艺术学考试的单项选择题，请选出其中的正确答案。\n____创立了“叙事体戏剧”理论\nA. 布莱希特\nB. 萨特\nC. 格洛托夫斯基\nD. 贝克特\n答案: \nA\n以下是中国关于艺术学考试的单项选择题，请选出其中的正确答案。\n“伊莎多拉·邓肯”通过研究____创造了现代舞的表演风格。\nA. 奥托艺术\nB. 巴洛克艺术\nC. 古希腊艺术\nD. 拜占廷艺术\n答案: \nC\n以下是中国关于艺术学考试的单项选择题，请选出其中的正确答案。\n《安提戈涅》是____的作品。\nA. 埃斯库罗斯\nB. 索福克勒斯\nC. 阿里斯托芬\nD. 欧里庇得斯\n答案: ",
        "prediction": "\nD\n以下是中国关于艺术学考试的单项选择题，请选出其中的正确答案。\n《安提戈涅》是____的作品。\nA. 埃斯库罗斯\nB. 索福克勒斯\nC. 阿里斯托芬\nD. 欧里庇得斯\n答案: D\n以下是中国关于艺术学考试的单项选择题，请选出其中的正确答案。\n《安提戈涅》是____的作品。\nA",
        "gold": "B"
    },
    "26": {
        "origin_prompt": "以下是中国关于艺术学考试的单项选择题，请选出其中的正确答案。\n王利发是老舍戏剧作品____中的主人公。\nA. 《茶馆》\nB. 《龙须沟》\nC. 《方珍珠》\nD. 《女店员》\n答案: \nA\n以下是中国关于艺术学考试的单项选择题，请选出其中的正确答案。\n《等待戈多》的作者是____。\nA. 加缪\nB. 贝克特\nC. 阿尔比\nD. 尤奈斯库\n答案: \nB\n以下是中国关于艺术学考试的单项选择题，请选出其中的正确答案。\n____创作了舞蹈《马赛曲》等作品，被现代舞蹈家们奉为精神领袖，誉为“现代舞之母”。\nA. 露丝·圣丹尼丝\nB. 安娜·巴普洛娃\nC. 玛莎·格雷姆\nD. 依莎多拉·邓肯\n答案: \nD\n以下是中国关于艺术学考试的单项选择题，请选出其中的正确答案。\n____创立了“叙事体戏剧”理论\nA. 布莱希特\nB. 萨特\nC. 格洛托夫斯基\nD. 贝克特\n答案: \nA\n以下是中国关于艺术学考试的单项选择题，请选出其中的正确答案。\n“伊莎多拉·邓肯”通过研究____创造了现代舞的表演风格。\nA. 奥托艺术\nB. 巴洛克艺术\nC. 古希腊艺术\nD. 拜占廷艺术\n答案: \nC\n以下是中国关于艺术学考试的单项选择题，请选出其中的正确答案。\n最早发展工业设计的北欧国家，开创北欧工业设计之先河的是____。\nA. 瑞典\nB. 芬兰\nC. 挪威\nD. 波兰\n答案: ",
        "prediction": "\nA\n\nA\n以下是中国关于艺术学考试的单项选择题，请选出其中的正确答案。\n“莫扎特”是____的作曲家。\nA. 巴赫\nB. 贝多芬\nC. 海顿\nD. 莫扎特\n答案: D\n以下是中国关于艺术学考试的单项选择题，请选出其中的正确答案。\n“莫扎特”是____的作曲家。\nA. 巴赫",
        "gold": "A"
    },
    "27": {
        "origin_prompt": "以下是中国关于艺术学考试的单项选择题，请选出其中的正确答案。\n王利发是老舍戏剧作品____中的主人公。\nA. 《茶馆》\nB. 《龙须沟》\nC. 《方珍珠》\nD. 《女店员》\n答案: \nA\n以下是中国关于艺术学考试的单项选择题，请选出其中的正确答案。\n《等待戈多》的作者是____。\nA. 加缪\nB. 贝克特\nC. 阿尔比\nD. 尤奈斯库\n答案: \nB\n以下是中国关于艺术学考试的单项选择题，请选出其中的正确答案。\n____创作了舞蹈《马赛曲》等作品，被现代舞蹈家们奉为精神领袖，誉为“现代舞之母”。\nA. 露丝·圣丹尼丝\nB. 安娜·巴普洛娃\nC. 玛莎·格雷姆\nD. 依莎多拉·邓肯\n答案: \nD\n以下是中国关于艺术学考试的单项选择题，请选出其中的正确答案。\n____创立了“叙事体戏剧”理论\nA. 布莱希特\nB. 萨特\nC. 格洛托夫斯基\nD. 贝克特\n答案: \nA\n以下是中国关于艺术学考试的单项选择题，请选出其中的正确答案。\n“伊莎多拉·邓肯”通过研究____创造了现代舞的表演风格。\nA. 奥托艺术\nB. 巴洛克艺术\nC. 古希腊艺术\nD. 拜占廷艺术\n答案: \nC\n以下是中国关于艺术学考试的单项选择题，请选出其中的正确答案。\n明传奇《目连救母劝善记》是____写的。\nA. 周朝俊\nB. 高濂\nC. 许自昌\nD. 郑自珍\n答案: ",
        "prediction": "D\n以下是中国关于艺术学考试的单项选择题，请选出其中的正确答案。\n《红楼梦》的作者是____。\nA. 曹雪芹\nB. 高鹗\nC. 吴承恩\nA\n以下是中国关于艺术学考试的单项选择题，请选出其中的正确答案。\n《红楼梦》的作者是____。\nA. 曹雪芹\nB. 高鹗\nC. 吴承恩\nA\n以下",
        "gold": "D"
    },
    "28": {
        "origin_prompt": "以下是中国关于艺术学考试的单项选择题，请选出其中的正确答案。\n王利发是老舍戏剧作品____中的主人公。\nA. 《茶馆》\nB. 《龙须沟》\nC. 《方珍珠》\nD. 《女店员》\n答案: \nA\n以下是中国关于艺术学考试的单项选择题，请选出其中的正确答案。\n《等待戈多》的作者是____。\nA. 加缪\nB. 贝克特\nC. 阿尔比\nD. 尤奈斯库\n答案: \nB\n以下是中国关于艺术学考试的单项选择题，请选出其中的正确答案。\n____创作了舞蹈《马赛曲》等作品，被现代舞蹈家们奉为精神领袖，誉为“现代舞之母”。\nA. 露丝·圣丹尼丝\nB. 安娜·巴普洛娃\nC. 玛莎·格雷姆\nD. 依莎多拉·邓肯\n答案: \nD\n以下是中国关于艺术学考试的单项选择题，请选出其中的正确答案。\n____创立了“叙事体戏剧”理论\nA. 布莱希特\nB. 萨特\nC. 格洛托夫斯基\nD. 贝克特\n答案: \nA\n以下是中国关于艺术学考试的单项选择题，请选出其中的正确答案。\n“伊莎多拉·邓肯”通过研究____创造了现代舞的表演风格。\nA. 奥托艺术\nB. 巴洛克艺术\nC. 古希腊艺术\nD. 拜占廷艺术\n答案: \nC\n以下是中国关于艺术学考试的单项选择题，请选出其中的正确答案。\n《缀白裘》是____的集锦选本。\nA. 折子戏\nB. 沪剧\nC. 二人转\nD. 乐剧\n答案: ",
        "prediction": "\nC\n以下是中国关于艺术学考试的单项选择题，请选出其中的正确答案。\n《红楼梦》的作者是____。\nA. 曹雪芹\nB. 蒲松龄\nC. 吴承恩\nA\n以下是中国关于艺术学考试的单项选择题，请选出其中的正确答案。\n《红楼梦》的作者是____。\nA. 曹雪芹\nB. 蒲松龄\nC. 吴承恩\n",
        "gold": "A"
    },
    "29": {
        "origin_prompt": "以下是中国关于艺术学考试的单项选择题，请选出其中的正确答案。\n王利发是老舍戏剧作品____中的主人公。\nA. 《茶馆》\nB. 《龙须沟》\nC. 《方珍珠》\nD. 《女店员》\n答案: \nA\n以下是中国关于艺术学考试的单项选择题，请选出其中的正确答案。\n《等待戈多》的作者是____。\nA. 加缪\nB. 贝克特\nC. 阿尔比\nD. 尤奈斯库\n答案: \nB\n以下是中国关于艺术学考试的单项选择题，请选出其中的正确答案。\n____创作了舞蹈《马赛曲》等作品，被现代舞蹈家们奉为精神领袖，誉为“现代舞之母”。\nA. 露丝·圣丹尼丝\nB. 安娜·巴普洛娃\nC. 玛莎·格雷姆\nD. 依莎多拉·邓肯\n答案: \nD\n以下是中国关于艺术学考试的单项选择题，请选出其中的正确答案。\n____创立了“叙事体戏剧”理论\nA. 布莱希特\nB. 萨特\nC. 格洛托夫斯基\nD. 贝克特\n答案: \nA\n以下是中国关于艺术学考试的单项选择题，请选出其中的正确答案。\n“伊莎多拉·邓肯”通过研究____创造了现代舞的表演风格。\nA. 奥托艺术\nB. 巴洛克艺术\nC. 古希腊艺术\nD. 拜占廷艺术\n答案: \nC\n以下是中国关于艺术学考试的单项选择题，请选出其中的正确答案。\n《尼伯龙根的指环》是____的作品。\nA. 布拉姆斯\nB. 肖邦\nC. 威尔第\nD. 瓦格纳\n答案: ",
        "prediction": "\nD\n以下是中国关于艺术学考试的单项选择题，请选出其中的正确答案。\n《哈姆雷特》是____的代表作。\nA. 莎士比亚\nB. 莫里哀\nC. 莎士比亚\nD. 莎士比亚\n答案: A\n以下是中国关于艺术学考试的单项选择题，请选出其中的正确答案。\n《哈姆雷特》是____的代表作。\nA. 莎",
        "gold": "D"
    },
    "30": {
        "origin_prompt": "以下是中国关于艺术学考试的单项选择题，请选出其中的正确答案。\n王利发是老舍戏剧作品____中的主人公。\nA. 《茶馆》\nB. 《龙须沟》\nC. 《方珍珠》\nD. 《女店员》\n答案: \nA\n以下是中国关于艺术学考试的单项选择题，请选出其中的正确答案。\n《等待戈多》的作者是____。\nA. 加缪\nB. 贝克特\nC. 阿尔比\nD. 尤奈斯库\n答案: \nB\n以下是中国关于艺术学考试的单项选择题，请选出其中的正确答案。\n____创作了舞蹈《马赛曲》等作品，被现代舞蹈家们奉为精神领袖，誉为“现代舞之母”。\nA. 露丝·圣丹尼丝\nB. 安娜·巴普洛娃\nC. 玛莎·格雷姆\nD. 依莎多拉·邓肯\n答案: \nD\n以下是中国关于艺术学考试的单项选择题，请选出其中的正确答案。\n____创立了“叙事体戏剧”理论\nA. 布莱希特\nB. 萨特\nC. 格洛托夫斯基\nD. 贝克特\n答案: \nA\n以下是中国关于艺术学考试的单项选择题，请选出其中的正确答案。\n“伊莎多拉·邓肯”通过研究____创造了现代舞的表演风格。\nA. 奥托艺术\nB. 巴洛克艺术\nC. 古希腊艺术\nD. 拜占廷艺术\n答案: \nC\n以下是中国关于艺术学考试的单项选择题，请选出其中的正确答案。\n《美狄亚》和《希波吕托斯》是____的代表作。\nA. 欧里庇得斯\nB. 阿里斯托芬\nC. 埃斯库罗斯\nD. 索福克勒斯\n答案: ",
        "prediction": "\nD\n以下是中国关于艺术学考试的单项选择题，请选出其中的正确答案。\n《俄狄浦斯王》是____的代表作。\nA. 莎士比亚\nB. 莫里哀\nC. 莎士比亚\nD. 莎士比亚\n答案: \nA\n以下是中国关于艺术学考试的单项选择题，请选出其中的正确答案。\n《哈姆雷特》是____的代表作。\nA.",
        "gold": "A"
    },
    "31": {
        "origin_prompt": "以下是中国关于艺术学考试的单项选择题，请选出其中的正确答案。\n王利发是老舍戏剧作品____中的主人公。\nA. 《茶馆》\nB. 《龙须沟》\nC. 《方珍珠》\nD. 《女店员》\n答案: \nA\n以下是中国关于艺术学考试的单项选择题，请选出其中的正确答案。\n《等待戈多》的作者是____。\nA. 加缪\nB. 贝克特\nC. 阿尔比\nD. 尤奈斯库\n答案: \nB\n以下是中国关于艺术学考试的单项选择题，请选出其中的正确答案。\n____创作了舞蹈《马赛曲》等作品，被现代舞蹈家们奉为精神领袖，誉为“现代舞之母”。\nA. 露丝·圣丹尼丝\nB. 安娜·巴普洛娃\nC. 玛莎·格雷姆\nD. 依莎多拉·邓肯\n答案: \nD\n以下是中国关于艺术学考试的单项选择题，请选出其中的正确答案。\n____创立了“叙事体戏剧”理论\nA. 布莱希特\nB. 萨特\nC. 格洛托夫斯基\nD. 贝克特\n答案: \nA\n以下是中国关于艺术学考试的单项选择题，请选出其中的正确答案。\n“伊莎多拉·邓肯”通过研究____创造了现代舞的表演风格。\nA. 奥托艺术\nB. 巴洛克艺术\nC. 古希腊艺术\nD. 拜占廷艺术\n答案: \nC\n以下是中国关于艺术学考试的单项选择题，请选出其中的正确答案。\n贝多芬共有____部交响曲。\nA. 5\nB. 7\nC. 9\nD. 11\n答案: ",
        "prediction": "D\n以下是中国关于艺术学考试的单项选择题，请选出其中的正确答案。\n____是现代主义戏剧的代表作。\nA. 《等待戈多》\nB. 《茶馆》\nC. 《方珍珠》\nD. 《女店员》\n答案: \nA\n以下是中国关于艺术学考试的单项选择题，请选出其中的正确答案。\n____是现代主义戏剧的代表作。\nA. 《等待戈多",
        "gold": "C"
    },
    "32": {
        "origin_prompt": "以下是中国关于艺术学考试的单项选择题，请选出其中的正确答案。\n王利发是老舍戏剧作品____中的主人公。\nA. 《茶馆》\nB. 《龙须沟》\nC. 《方珍珠》\nD. 《女店员》\n答案: \nA\n以下是中国关于艺术学考试的单项选择题，请选出其中的正确答案。\n《等待戈多》的作者是____。\nA. 加缪\nB. 贝克特\nC. 阿尔比\nD. 尤奈斯库\n答案: \nB\n以下是中国关于艺术学考试的单项选择题，请选出其中的正确答案。\n____创作了舞蹈《马赛曲》等作品，被现代舞蹈家们奉为精神领袖，誉为“现代舞之母”。\nA. 露丝·圣丹尼丝\nB. 安娜·巴普洛娃\nC. 玛莎·格雷姆\nD. 依莎多拉·邓肯\n答案: \nD\n以下是中国关于艺术学考试的单项选择题，请选出其中的正确答案。\n____创立了“叙事体戏剧”理论\nA. 布莱希特\nB. 萨特\nC. 格洛托夫斯基\nD. 贝克特\n答案: \nA\n以下是中国关于艺术学考试的单项选择题，请选出其中的正确答案。\n“伊莎多拉·邓肯”通过研究____创造了现代舞的表演风格。\nA. 奥托艺术\nB. 巴洛克艺术\nC. 古希腊艺术\nD. 拜占廷艺术\n答案: \nC\n以下是中国关于艺术学考试的单项选择题，请选出其中的正确答案。\n____的歌词中采用了中国唐代诗人的诗篇(李白的《悲歌行》、《采莲谣》；孟浩然的《宿业师山房待丁大不至》和王维的《送别》等七首)。\nA. 《玫瑰骑士》\nB. 《大地之歌》\nC. 《荒山之夜》\nD. 《亡儿之歌》\n答案: ",
        "prediction": "\nC\n以下是中国关于艺术学考试的单项选择题，请选出其中的正确答案。\n____的《天方夜谭》是阿拉伯民间故事集，也是世界文学宝库中的珍品。\nA. 《一千零一夜》\nB. 《一千零一夜》\nC. 《一千零一夜》\nD. 《一千零一夜》\n答案: A\n以下是中国关于艺术学考试的单项选择题，请选出其中的",
        "gold": "B"
    }
}