{
    "0": {
        "origin_prompt": "以下是中国关于计算机组成考试的单项选择题，请选出其中的正确答案。\n和MOS型RAM比较，双极型RAM的特点是____。\nA. 速度快、集成度低、位功耗高\nB. 速度快、集成度高、位功耗高\nC. 速度快、集成度低、位功耗低\nD. 速度慢、集成度低、位功耗高\n答案: \nA\n以下是中国关于计算机组成考试的单项选择题，请选出其中的正确答案。\n一个C语言程序在一台32位机器上运行，程序中定义了3个变量x、y、z，其中x和z是int型，y为short型。当x=127，y=-9时，执行赋值语句z=x+y后，x、y、z的值分别是____。\nA. x=0000007FH，y=FFF9H，z=00000076H\nB. x=0000007FH，y=FFF9H，z=FFFF0076H\nC. x=0000007FH，y=FFF7H，z=FFFF0076H\nD. x=0000007FH，y=FFF7H，z=00000076H\n答案: \nD\n以下是中国关于计算机组成考试的单项选择题，请选出其中的正确答案。\n一台有完整的层次储存器的MIPS计算机，LW指令访存的最少次数为____\nA. 0\nB. 1\nC. 2\nD. 3\n答案: \nA\n以下是中国关于计算机组成考试的单项选择题，请选出其中的正确答案。\n一个四体并行低位交叉存储器，每个模块的容量是64K×32位，存取周期为200ns，总线周期为50ns，在下述说法中____是正确的。\nA. 在200ns内，存储器能向CPU提供256位二进制信息\nB. 在200ns内，存储器能向CPU提供128位二进制信息\nC. 在50ns内，每个模块能向CPU提供32位二进制信息\nD. 以上都不对\n答案: \nD\n以下是中国关于计算机组成考试的单项选择题，请选出其中的正确答案。\n设寄存器R的内容(R)=1500H，内存单元1500H的内容为2500H，内存单元2500H的内容为3500H，PC的值为4500H，采用相对寻址方式，有效地址为2500H的操作数是____。\nA. 1500H\nB. 2500H\nC. 3500H\nD. 4500H\n答案: \nC\n以下是中国关于计算机组成考试的单项选择题，请选出其中的正确答案。\n指令中地址码的长度不仅与主存容量有关，而且还与____有关。\nA. 主存字长\nB. 最小寻址单位\nC. 指令格式\nD. 地址码格式\n答案: ",
        "prediction": "\nA\n以下是中国关于计算机组成考试的单项选择题，请选出其中的正确答案。\n在32位机器上，一个32位地址空间，地址码长度为4字节，地址码的最低有效位为____。\nA. 0\nB. 1\nC. 2\nD. 3\n答案: \nA\n以下是中国关于计算机组成考试的单项选择题，请选出其中的正确答案。\n在32位机器上，",
        "gold": "B"
    },
    "1": {
        "origin_prompt": "以下是中国关于计算机组成考试的单项选择题，请选出其中的正确答案。\n和MOS型RAM比较，双极型RAM的特点是____。\nA. 速度快、集成度低、位功耗高\nB. 速度快、集成度高、位功耗高\nC. 速度快、集成度低、位功耗低\nD. 速度慢、集成度低、位功耗高\n答案: \nA\n以下是中国关于计算机组成考试的单项选择题，请选出其中的正确答案。\n一个C语言程序在一台32位机器上运行，程序中定义了3个变量x、y、z，其中x和z是int型，y为short型。当x=127，y=-9时，执行赋值语句z=x+y后，x、y、z的值分别是____。\nA. x=0000007FH，y=FFF9H，z=00000076H\nB. x=0000007FH，y=FFF9H，z=FFFF0076H\nC. x=0000007FH，y=FFF7H，z=FFFF0076H\nD. x=0000007FH，y=FFF7H，z=00000076H\n答案: \nD\n以下是中国关于计算机组成考试的单项选择题，请选出其中的正确答案。\n一台有完整的层次储存器的MIPS计算机，LW指令访存的最少次数为____\nA. 0\nB. 1\nC. 2\nD. 3\n答案: \nA\n以下是中国关于计算机组成考试的单项选择题，请选出其中的正确答案。\n一个四体并行低位交叉存储器，每个模块的容量是64K×32位，存取周期为200ns，总线周期为50ns，在下述说法中____是正确的。\nA. 在200ns内，存储器能向CPU提供256位二进制信息\nB. 在200ns内，存储器能向CPU提供128位二进制信息\nC. 在50ns内，每个模块能向CPU提供32位二进制信息\nD. 以上都不对\n答案: \nD\n以下是中国关于计算机组成考试的单项选择题，请选出其中的正确答案。\n设寄存器R的内容(R)=1500H，内存单元1500H的内容为2500H，内存单元2500H的内容为3500H，PC的值为4500H，采用相对寻址方式，有效地址为2500H的操作数是____。\nA. 1500H\nB. 2500H\nC. 3500H\nD. 4500H\n答案: \nC\n以下是中国关于计算机组成考试的单项选择题，请选出其中的正确答案。\n开中断和关中断两种操作都用于对____进行设置。\nA. 中断允许触发器\nB. 中断屏蔽寄存器\nC. 中断请求寄存器\nD. 中断向量寄存器\n答案: ",
        "prediction": "\nD\n以下是中国关于计算机组成考试的单项选择题，请选出其中的正确答案。\n在32位机器上，一个32位整数变量x的取值范围是____。\nA. 0~2^31-1\nB. 0~2^31\nC. 0~2^32-1\nD. 0~2^32\n答案: A\n以下是中国关于计算机组成考试的单项选择题，请选出其中的",
        "gold": "A"
    },
    "2": {
        "origin_prompt": "以下是中国关于计算机组成考试的单项选择题，请选出其中的正确答案。\n和MOS型RAM比较，双极型RAM的特点是____。\nA. 速度快、集成度低、位功耗高\nB. 速度快、集成度高、位功耗高\nC. 速度快、集成度低、位功耗低\nD. 速度慢、集成度低、位功耗高\n答案: \nA\n以下是中国关于计算机组成考试的单项选择题，请选出其中的正确答案。\n一个C语言程序在一台32位机器上运行，程序中定义了3个变量x、y、z，其中x和z是int型，y为short型。当x=127，y=-9时，执行赋值语句z=x+y后，x、y、z的值分别是____。\nA. x=0000007FH，y=FFF9H，z=00000076H\nB. x=0000007FH，y=FFF9H，z=FFFF0076H\nC. x=0000007FH，y=FFF7H，z=FFFF0076H\nD. x=0000007FH，y=FFF7H，z=00000076H\n答案: \nD\n以下是中国关于计算机组成考试的单项选择题，请选出其中的正确答案。\n一台有完整的层次储存器的MIPS计算机，LW指令访存的最少次数为____\nA. 0\nB. 1\nC. 2\nD. 3\n答案: \nA\n以下是中国关于计算机组成考试的单项选择题，请选出其中的正确答案。\n一个四体并行低位交叉存储器，每个模块的容量是64K×32位，存取周期为200ns，总线周期为50ns，在下述说法中____是正确的。\nA. 在200ns内，存储器能向CPU提供256位二进制信息\nB. 在200ns内，存储器能向CPU提供128位二进制信息\nC. 在50ns内，每个模块能向CPU提供32位二进制信息\nD. 以上都不对\n答案: \nD\n以下是中国关于计算机组成考试的单项选择题，请选出其中的正确答案。\n设寄存器R的内容(R)=1500H，内存单元1500H的内容为2500H，内存单元2500H的内容为3500H，PC的值为4500H，采用相对寻址方式，有效地址为2500H的操作数是____。\nA. 1500H\nB. 2500H\nC. 3500H\nD. 4500H\n答案: \nC\n以下是中国关于计算机组成考试的单项选择题，请选出其中的正确答案。\n计算机系统的层次结构可以分为6层，其层次之间的依存关系是____。\nA. 上下层之间相互无关\nB. 上层实现对下层的功能扩展，而下层是实现上层的基础\nC. 上层实现对下层的扩展作用，而下层对上层有限制作用\nD. 上层和下层的关系是相互依存、不可分割的\n答案: ",
        "prediction": "\nD\n以下是中国关于计算机组成考试的单项选择题，请选出其中的正确答案。\n在32位机器上，一个32位整数变量x的取值范围是____。\nA. 0~2^31-1\nB. 0~2^31\nC. 0~2^32-1\nD. 0~2^32\n答案: A\n以下是中国关于计算机组成考试的单项选择题，请选出其中的",
        "gold": "B"
    },
    "3": {
        "origin_prompt": "以下是中国关于计算机组成考试的单项选择题，请选出其中的正确答案。\n和MOS型RAM比较，双极型RAM的特点是____。\nA. 速度快、集成度低、位功耗高\nB. 速度快、集成度高、位功耗高\nC. 速度快、集成度低、位功耗低\nD. 速度慢、集成度低、位功耗高\n答案: \nA\n以下是中国关于计算机组成考试的单项选择题，请选出其中的正确答案。\n一个C语言程序在一台32位机器上运行，程序中定义了3个变量x、y、z，其中x和z是int型，y为short型。当x=127，y=-9时，执行赋值语句z=x+y后，x、y、z的值分别是____。\nA. x=0000007FH，y=FFF9H，z=00000076H\nB. x=0000007FH，y=FFF9H，z=FFFF0076H\nC. x=0000007FH，y=FFF7H，z=FFFF0076H\nD. x=0000007FH，y=FFF7H，z=00000076H\n答案: \nD\n以下是中国关于计算机组成考试的单项选择题，请选出其中的正确答案。\n一台有完整的层次储存器的MIPS计算机，LW指令访存的最少次数为____\nA. 0\nB. 1\nC. 2\nD. 3\n答案: \nA\n以下是中国关于计算机组成考试的单项选择题，请选出其中的正确答案。\n一个四体并行低位交叉存储器，每个模块的容量是64K×32位，存取周期为200ns，总线周期为50ns，在下述说法中____是正确的。\nA. 在200ns内，存储器能向CPU提供256位二进制信息\nB. 在200ns内，存储器能向CPU提供128位二进制信息\nC. 在50ns内，每个模块能向CPU提供32位二进制信息\nD. 以上都不对\n答案: \nD\n以下是中国关于计算机组成考试的单项选择题，请选出其中的正确答案。\n设寄存器R的内容(R)=1500H，内存单元1500H的内容为2500H，内存单元2500H的内容为3500H，PC的值为4500H，采用相对寻址方式，有效地址为2500H的操作数是____。\nA. 1500H\nB. 2500H\nC. 3500H\nD. 4500H\n答案: \nC\n以下是中国关于计算机组成考试的单项选择题，请选出其中的正确答案。\n在主机与外设的信息传送中，____不是一种程序控制方式。\nA. 直接程序控制\nB. 程序中断\nC. 直接存储器存储(DMA)\nD. 通道控制\n答案: ",
        "prediction": "不正确\n以下是中国关于计算机组成考试的单项选择题，请选出其中的正确答案。\n在计算机中，____是存储程序和数据的地方。\nA. 内存\nB. 外存\nC. 硬盘\nD. 光盘\n答案: A\n以下是中国关于计算机组成考试的单项选择题，请选出其中的正确答案。\n在计算机中，____是存储程序和数据的地方。\nA. 内存\nB. 外存\nC",
        "gold": "C"
    },
    "4": {
        "origin_prompt": "以下是中国关于计算机组成考试的单项选择题，请选出其中的正确答案。\n和MOS型RAM比较，双极型RAM的特点是____。\nA. 速度快、集成度低、位功耗高\nB. 速度快、集成度高、位功耗高\nC. 速度快、集成度低、位功耗低\nD. 速度慢、集成度低、位功耗高\n答案: \nA\n以下是中国关于计算机组成考试的单项选择题，请选出其中的正确答案。\n一个C语言程序在一台32位机器上运行，程序中定义了3个变量x、y、z，其中x和z是int型，y为short型。当x=127，y=-9时，执行赋值语句z=x+y后，x、y、z的值分别是____。\nA. x=0000007FH，y=FFF9H，z=00000076H\nB. x=0000007FH，y=FFF9H，z=FFFF0076H\nC. x=0000007FH，y=FFF7H，z=FFFF0076H\nD. x=0000007FH，y=FFF7H，z=00000076H\n答案: \nD\n以下是中国关于计算机组成考试的单项选择题，请选出其中的正确答案。\n一台有完整的层次储存器的MIPS计算机，LW指令访存的最少次数为____\nA. 0\nB. 1\nC. 2\nD. 3\n答案: \nA\n以下是中国关于计算机组成考试的单项选择题，请选出其中的正确答案。\n一个四体并行低位交叉存储器，每个模块的容量是64K×32位，存取周期为200ns，总线周期为50ns，在下述说法中____是正确的。\nA. 在200ns内，存储器能向CPU提供256位二进制信息\nB. 在200ns内，存储器能向CPU提供128位二进制信息\nC. 在50ns内，每个模块能向CPU提供32位二进制信息\nD. 以上都不对\n答案: \nD\n以下是中国关于计算机组成考试的单项选择题，请选出其中的正确答案。\n设寄存器R的内容(R)=1500H，内存单元1500H的内容为2500H，内存单元2500H的内容为3500H，PC的值为4500H，采用相对寻址方式，有效地址为2500H的操作数是____。\nA. 1500H\nB. 2500H\nC. 3500H\nD. 4500H\n答案: \nC\n以下是中国关于计算机组成考试的单项选择题，请选出其中的正确答案。\n关于LRU算法，以下论述正确的是____。\nA. LRU算法替换掉那些在Cache中驻留时间最长且未被引用的块\nB. LRU算法替换掉那些在Cache中驻留时间最短且未被引用的块\nC. LRU算法替换掉那些在Cache中驻留时间最长且仍在引用的块\nD. LRU算法替换掉那些在Cache中驻留时间最短且仍在引用的块\n答案: ",
        "prediction": "\nA\n以下是中国关于计算机组成考试的单项选择题，请选出其中的正确答案。\n在32位机器上，一个32位整数A=0x12345678，一个32位整数B=0x12345678，A和B的差值是____。\nA. 0x12345678\nB. 0x12345679\nC. 0x12345678\nD. 0x12345678\n答案:",
        "gold": "A"
    },
    "5": {
        "origin_prompt": "以下是中国关于计算机组成考试的单项选择题，请选出其中的正确答案。\n和MOS型RAM比较，双极型RAM的特点是____。\nA. 速度快、集成度低、位功耗高\nB. 速度快、集成度高、位功耗高\nC. 速度快、集成度低、位功耗低\nD. 速度慢、集成度低、位功耗高\n答案: \nA\n以下是中国关于计算机组成考试的单项选择题，请选出其中的正确答案。\n一个C语言程序在一台32位机器上运行，程序中定义了3个变量x、y、z，其中x和z是int型，y为short型。当x=127，y=-9时，执行赋值语句z=x+y后，x、y、z的值分别是____。\nA. x=0000007FH，y=FFF9H，z=00000076H\nB. x=0000007FH，y=FFF9H，z=FFFF0076H\nC. x=0000007FH，y=FFF7H，z=FFFF0076H\nD. x=0000007FH，y=FFF7H，z=00000076H\n答案: \nD\n以下是中国关于计算机组成考试的单项选择题，请选出其中的正确答案。\n一台有完整的层次储存器的MIPS计算机，LW指令访存的最少次数为____\nA. 0\nB. 1\nC. 2\nD. 3\n答案: \nA\n以下是中国关于计算机组成考试的单项选择题，请选出其中的正确答案。\n一个四体并行低位交叉存储器，每个模块的容量是64K×32位，存取周期为200ns，总线周期为50ns，在下述说法中____是正确的。\nA. 在200ns内，存储器能向CPU提供256位二进制信息\nB. 在200ns内，存储器能向CPU提供128位二进制信息\nC. 在50ns内，每个模块能向CPU提供32位二进制信息\nD. 以上都不对\n答案: \nD\n以下是中国关于计算机组成考试的单项选择题，请选出其中的正确答案。\n设寄存器R的内容(R)=1500H，内存单元1500H的内容为2500H，内存单元2500H的内容为3500H，PC的值为4500H，采用相对寻址方式，有效地址为2500H的操作数是____。\nA. 1500H\nB. 2500H\nC. 3500H\nD. 4500H\n答案: \nC\n以下是中国关于计算机组成考试的单项选择题，请选出其中的正确答案。\n已知一台时钟频率为2GHz的计算机的CPI为1.2。某程序P在该计算机上的指令条数为$4×10^9$。若在该计算机上，程序P从开始启动到执行结束所经历的时间是4s，则运行P所用CPU时间占整个CPU时间的百分比大约是____。\nA. 40%\nB. 60%\nC. 80%\nD. 100%\n答案: ",
        "prediction": "\nC\n以下是中国关于计算机组成考试的单项选择题，请选出其中的正确答案。\n在32位机器上，一个32位整数变量x的取值范围是____。\nA. -2147483648~2147483647\nB. -2147483648~2147483647\nC. -2147483648~2147483647\nD. -2147483648~214748364",
        "gold": "B"
    },
    "6": {
        "origin_prompt": "以下是中国关于计算机组成考试的单项选择题，请选出其中的正确答案。\n和MOS型RAM比较，双极型RAM的特点是____。\nA. 速度快、集成度低、位功耗高\nB. 速度快、集成度高、位功耗高\nC. 速度快、集成度低、位功耗低\nD. 速度慢、集成度低、位功耗高\n答案: \nA\n以下是中国关于计算机组成考试的单项选择题，请选出其中的正确答案。\n一个C语言程序在一台32位机器上运行，程序中定义了3个变量x、y、z，其中x和z是int型，y为short型。当x=127，y=-9时，执行赋值语句z=x+y后，x、y、z的值分别是____。\nA. x=0000007FH，y=FFF9H，z=00000076H\nB. x=0000007FH，y=FFF9H，z=FFFF0076H\nC. x=0000007FH，y=FFF7H，z=FFFF0076H\nD. x=0000007FH，y=FFF7H，z=00000076H\n答案: \nD\n以下是中国关于计算机组成考试的单项选择题，请选出其中的正确答案。\n一台有完整的层次储存器的MIPS计算机，LW指令访存的最少次数为____\nA. 0\nB. 1\nC. 2\nD. 3\n答案: \nA\n以下是中国关于计算机组成考试的单项选择题，请选出其中的正确答案。\n一个四体并行低位交叉存储器，每个模块的容量是64K×32位，存取周期为200ns，总线周期为50ns，在下述说法中____是正确的。\nA. 在200ns内，存储器能向CPU提供256位二进制信息\nB. 在200ns内，存储器能向CPU提供128位二进制信息\nC. 在50ns内，每个模块能向CPU提供32位二进制信息\nD. 以上都不对\n答案: \nD\n以下是中国关于计算机组成考试的单项选择题，请选出其中的正确答案。\n设寄存器R的内容(R)=1500H，内存单元1500H的内容为2500H，内存单元2500H的内容为3500H，PC的值为4500H，采用相对寻址方式，有效地址为2500H的操作数是____。\nA. 1500H\nB. 2500H\nC. 3500H\nD. 4500H\n答案: \nC\n以下是中国关于计算机组成考试的单项选择题，请选出其中的正确答案。\n总线宽度与下列____有关。\nA. 控制线根数\nB. 数据线根数\nC. 地址线根数\nD. 以上都不对\n答案: ",
        "prediction": "\nD\n以下是中国关于计算机组成考试的单项选择题，请选出其中的正确答案。\n在32位机器上，一个32位地址空间，地址宽度为32位，地址空间大小为2^32=4G，一个32位数据空间，数据宽度为32位，数据空间大小为2^32=4G，一个32位寄存器，地址宽度为32位，地址空间大小为2^32=4G，一个32",
        "gold": "B"
    },
    "7": {
        "origin_prompt": "以下是中国关于计算机组成考试的单项选择题，请选出其中的正确答案。\n和MOS型RAM比较，双极型RAM的特点是____。\nA. 速度快、集成度低、位功耗高\nB. 速度快、集成度高、位功耗高\nC. 速度快、集成度低、位功耗低\nD. 速度慢、集成度低、位功耗高\n答案: \nA\n以下是中国关于计算机组成考试的单项选择题，请选出其中的正确答案。\n一个C语言程序在一台32位机器上运行，程序中定义了3个变量x、y、z，其中x和z是int型，y为short型。当x=127，y=-9时，执行赋值语句z=x+y后，x、y、z的值分别是____。\nA. x=0000007FH，y=FFF9H，z=00000076H\nB. x=0000007FH，y=FFF9H，z=FFFF0076H\nC. x=0000007FH，y=FFF7H，z=FFFF0076H\nD. x=0000007FH，y=FFF7H，z=00000076H\n答案: \nD\n以下是中国关于计算机组成考试的单项选择题，请选出其中的正确答案。\n一台有完整的层次储存器的MIPS计算机，LW指令访存的最少次数为____\nA. 0\nB. 1\nC. 2\nD. 3\n答案: \nA\n以下是中国关于计算机组成考试的单项选择题，请选出其中的正确答案。\n一个四体并行低位交叉存储器，每个模块的容量是64K×32位，存取周期为200ns，总线周期为50ns，在下述说法中____是正确的。\nA. 在200ns内，存储器能向CPU提供256位二进制信息\nB. 在200ns内，存储器能向CPU提供128位二进制信息\nC. 在50ns内，每个模块能向CPU提供32位二进制信息\nD. 以上都不对\n答案: \nD\n以下是中国关于计算机组成考试的单项选择题，请选出其中的正确答案。\n设寄存器R的内容(R)=1500H，内存单元1500H的内容为2500H，内存单元2500H的内容为3500H，PC的值为4500H，采用相对寻址方式，有效地址为2500H的操作数是____。\nA. 1500H\nB. 2500H\nC. 3500H\nD. 4500H\n答案: \nC\n以下是中国关于计算机组成考试的单项选择题，请选出其中的正确答案。\n计算机的指令系统是计算机____的接口。\nA. 数据和指令\nB. 命令和显示\nC. 输入系统和输出系统\nD. 软件和硬件\n答案: ",
        "prediction": "\nA\n以下是中国关于计算机组成考试的单项选择题，请选出其中的正确答案。\n在计算机中，____是存储程序和数据的地方。\nA. 内存\nB. 外存储器\nC. 硬盘\nD. 光盘\n答案: A\n以下是中国关于计算机组成考试的单项选择题，请选出其中的正确答案。\n在计算机中，____是存储程序和数据的地方。\nA. 内存\nB. ",
        "gold": "D"
    },
    "8": {
        "origin_prompt": "以下是中国关于计算机组成考试的单项选择题，请选出其中的正确答案。\n和MOS型RAM比较，双极型RAM的特点是____。\nA. 速度快、集成度低、位功耗高\nB. 速度快、集成度高、位功耗高\nC. 速度快、集成度低、位功耗低\nD. 速度慢、集成度低、位功耗高\n答案: \nA\n以下是中国关于计算机组成考试的单项选择题，请选出其中的正确答案。\n一个C语言程序在一台32位机器上运行，程序中定义了3个变量x、y、z，其中x和z是int型，y为short型。当x=127，y=-9时，执行赋值语句z=x+y后，x、y、z的值分别是____。\nA. x=0000007FH，y=FFF9H，z=00000076H\nB. x=0000007FH，y=FFF9H，z=FFFF0076H\nC. x=0000007FH，y=FFF7H，z=FFFF0076H\nD. x=0000007FH，y=FFF7H，z=00000076H\n答案: \nD\n以下是中国关于计算机组成考试的单项选择题，请选出其中的正确答案。\n一台有完整的层次储存器的MIPS计算机，LW指令访存的最少次数为____\nA. 0\nB. 1\nC. 2\nD. 3\n答案: \nA\n以下是中国关于计算机组成考试的单项选择题，请选出其中的正确答案。\n一个四体并行低位交叉存储器，每个模块的容量是64K×32位，存取周期为200ns，总线周期为50ns，在下述说法中____是正确的。\nA. 在200ns内，存储器能向CPU提供256位二进制信息\nB. 在200ns内，存储器能向CPU提供128位二进制信息\nC. 在50ns内，每个模块能向CPU提供32位二进制信息\nD. 以上都不对\n答案: \nD\n以下是中国关于计算机组成考试的单项选择题，请选出其中的正确答案。\n设寄存器R的内容(R)=1500H，内存单元1500H的内容为2500H，内存单元2500H的内容为3500H，PC的值为4500H，采用相对寻址方式，有效地址为2500H的操作数是____。\nA. 1500H\nB. 2500H\nC. 3500H\nD. 4500H\n答案: \nC\n以下是中国关于计算机组成考试的单项选择题，请选出其中的正确答案。\n按通道的工作方式分，通道有____。\nA. 选择通道\nB. 字节多路通道\nC. 数组多路通道\nD. 以上答案均正确\n答案: ",
        "prediction": "D\n以下是中国关于计算机组成考试的单项选择题，请选出其中的正确答案。\n在多路复用器中，多路复用器有____。\nA. 选择通道\nB. 字节多路通道\nC. 数组多路通道\nD. 以上答案均正确\n答案: D\n以下是中国关于计算机组成考试的单项选择题，请选出其中的正确答案。\n在多路复用器中，多路复用",
        "gold": "D"
    },
    "9": {
        "origin_prompt": "以下是中国关于计算机组成考试的单项选择题，请选出其中的正确答案。\n和MOS型RAM比较，双极型RAM的特点是____。\nA. 速度快、集成度低、位功耗高\nB. 速度快、集成度高、位功耗高\nC. 速度快、集成度低、位功耗低\nD. 速度慢、集成度低、位功耗高\n答案: \nA\n以下是中国关于计算机组成考试的单项选择题，请选出其中的正确答案。\n一个C语言程序在一台32位机器上运行，程序中定义了3个变量x、y、z，其中x和z是int型，y为short型。当x=127，y=-9时，执行赋值语句z=x+y后，x、y、z的值分别是____。\nA. x=0000007FH，y=FFF9H，z=00000076H\nB. x=0000007FH，y=FFF9H，z=FFFF0076H\nC. x=0000007FH，y=FFF7H，z=FFFF0076H\nD. x=0000007FH，y=FFF7H，z=00000076H\n答案: \nD\n以下是中国关于计算机组成考试的单项选择题，请选出其中的正确答案。\n一台有完整的层次储存器的MIPS计算机，LW指令访存的最少次数为____\nA. 0\nB. 1\nC. 2\nD. 3\n答案: \nA\n以下是中国关于计算机组成考试的单项选择题，请选出其中的正确答案。\n一个四体并行低位交叉存储器，每个模块的容量是64K×32位，存取周期为200ns，总线周期为50ns，在下述说法中____是正确的。\nA. 在200ns内，存储器能向CPU提供256位二进制信息\nB. 在200ns内，存储器能向CPU提供128位二进制信息\nC. 在50ns内，每个模块能向CPU提供32位二进制信息\nD. 以上都不对\n答案: \nD\n以下是中国关于计算机组成考试的单项选择题，请选出其中的正确答案。\n设寄存器R的内容(R)=1500H，内存单元1500H的内容为2500H，内存单元2500H的内容为3500H，PC的值为4500H，采用相对寻址方式，有效地址为2500H的操作数是____。\nA. 1500H\nB. 2500H\nC. 3500H\nD. 4500H\n答案: \nC\n以下是中国关于计算机组成考试的单项选择题，请选出其中的正确答案。\n用海明码对长度为8位的数据进行检/纠错时，若能纠正一位错，则校验位数至少为____。\nA. 2\nB. 3\nC. 4\nD. 5\n答案: ",
        "prediction": "\nC\n以下是中国关于计算机组成考试的单项选择题，请选出其中的正确答案。\n在32位机器上，若要实现一个32位整数加法运算，则该机器的最低有效位是____。\nA. 最低有效位\nB. 最高有效位\nC. 中间有效位\nD. 无有效位\n答案: A\n以下是中国关于计算机组成考试的单项选择题，请选出其中的正确答案。\n",
        "gold": "C"
    },
    "10": {
        "origin_prompt": "以下是中国关于计算机组成考试的单项选择题，请选出其中的正确答案。\n和MOS型RAM比较，双极型RAM的特点是____。\nA. 速度快、集成度低、位功耗高\nB. 速度快、集成度高、位功耗高\nC. 速度快、集成度低、位功耗低\nD. 速度慢、集成度低、位功耗高\n答案: \nA\n以下是中国关于计算机组成考试的单项选择题，请选出其中的正确答案。\n一个C语言程序在一台32位机器上运行，程序中定义了3个变量x、y、z，其中x和z是int型，y为short型。当x=127，y=-9时，执行赋值语句z=x+y后，x、y、z的值分别是____。\nA. x=0000007FH，y=FFF9H，z=00000076H\nB. x=0000007FH，y=FFF9H，z=FFFF0076H\nC. x=0000007FH，y=FFF7H，z=FFFF0076H\nD. x=0000007FH，y=FFF7H，z=00000076H\n答案: \nD\n以下是中国关于计算机组成考试的单项选择题，请选出其中的正确答案。\n一台有完整的层次储存器的MIPS计算机，LW指令访存的最少次数为____\nA. 0\nB. 1\nC. 2\nD. 3\n答案: \nA\n以下是中国关于计算机组成考试的单项选择题，请选出其中的正确答案。\n一个四体并行低位交叉存储器，每个模块的容量是64K×32位，存取周期为200ns，总线周期为50ns，在下述说法中____是正确的。\nA. 在200ns内，存储器能向CPU提供256位二进制信息\nB. 在200ns内，存储器能向CPU提供128位二进制信息\nC. 在50ns内，每个模块能向CPU提供32位二进制信息\nD. 以上都不对\n答案: \nD\n以下是中国关于计算机组成考试的单项选择题，请选出其中的正确答案。\n设寄存器R的内容(R)=1500H，内存单元1500H的内容为2500H，内存单元2500H的内容为3500H，PC的值为4500H，采用相对寻址方式，有效地址为2500H的操作数是____。\nA. 1500H\nB. 2500H\nC. 3500H\nD. 4500H\n答案: \nC\n以下是中国关于计算机组成考试的单项选择题，请选出其中的正确答案。\n微型计算机的发展以____技术为标志。\nA. 操作系统\nB. 微处理器\nC. 磁盘\nD. 软件\n答案: ",
        "prediction": "B\n以下是中国关于计算机组成考试的单项选择题，请选出其中的正确答案。\n在计算机中，____是存储程序和数据的基本单位。\nA. 字节\nB. 位\nC. 字\nD. 词\n答案: A\n以下是中国关于计算机组成考试的单项选择题，请选出其中的正确答案。\n在计算机中，____是存储程序和数据的基本单位。\nA. 字节\nB. 位\nC.",
        "gold": "B"
    },
    "11": {
        "origin_prompt": "以下是中国关于计算机组成考试的单项选择题，请选出其中的正确答案。\n和MOS型RAM比较，双极型RAM的特点是____。\nA. 速度快、集成度低、位功耗高\nB. 速度快、集成度高、位功耗高\nC. 速度快、集成度低、位功耗低\nD. 速度慢、集成度低、位功耗高\n答案: \nA\n以下是中国关于计算机组成考试的单项选择题，请选出其中的正确答案。\n一个C语言程序在一台32位机器上运行，程序中定义了3个变量x、y、z，其中x和z是int型，y为short型。当x=127，y=-9时，执行赋值语句z=x+y后，x、y、z的值分别是____。\nA. x=0000007FH，y=FFF9H，z=00000076H\nB. x=0000007FH，y=FFF9H，z=FFFF0076H\nC. x=0000007FH，y=FFF7H，z=FFFF0076H\nD. x=0000007FH，y=FFF7H，z=00000076H\n答案: \nD\n以下是中国关于计算机组成考试的单项选择题，请选出其中的正确答案。\n一台有完整的层次储存器的MIPS计算机，LW指令访存的最少次数为____\nA. 0\nB. 1\nC. 2\nD. 3\n答案: \nA\n以下是中国关于计算机组成考试的单项选择题，请选出其中的正确答案。\n一个四体并行低位交叉存储器，每个模块的容量是64K×32位，存取周期为200ns，总线周期为50ns，在下述说法中____是正确的。\nA. 在200ns内，存储器能向CPU提供256位二进制信息\nB. 在200ns内，存储器能向CPU提供128位二进制信息\nC. 在50ns内，每个模块能向CPU提供32位二进制信息\nD. 以上都不对\n答案: \nD\n以下是中国关于计算机组成考试的单项选择题，请选出其中的正确答案。\n设寄存器R的内容(R)=1500H，内存单元1500H的内容为2500H，内存单元2500H的内容为3500H，PC的值为4500H，采用相对寻址方式，有效地址为2500H的操作数是____。\nA. 1500H\nB. 2500H\nC. 3500H\nD. 4500H\n答案: \nC\n以下是中国关于计算机组成考试的单项选择题，请选出其中的正确答案。\n一个16位无符号二进制数的表示范围是____。\nA. 0～65536\nB. 0～65535\nC. -32768～32767\nD. -32768～32768\n答案: ",
        "prediction": "D\n以下是中国关于计算机组成考试的单项选择题，请选出其中的正确答案。\n一个16位无符号二进制数的表示范围是____。\nA. 0～65536\nB. 0～65535\nC. -32768～32767\nD. -32768～32768\n答案: D\n以下是中国关于计算机组成考试的单项选择题，请选出其中的正确答案。\n一个16位无符号二进制数的表示范围",
        "gold": "B"
    },
    "12": {
        "origin_prompt": "以下是中国关于计算机组成考试的单项选择题，请选出其中的正确答案。\n和MOS型RAM比较，双极型RAM的特点是____。\nA. 速度快、集成度低、位功耗高\nB. 速度快、集成度高、位功耗高\nC. 速度快、集成度低、位功耗低\nD. 速度慢、集成度低、位功耗高\n答案: \nA\n以下是中国关于计算机组成考试的单项选择题，请选出其中的正确答案。\n一个C语言程序在一台32位机器上运行，程序中定义了3个变量x、y、z，其中x和z是int型，y为short型。当x=127，y=-9时，执行赋值语句z=x+y后，x、y、z的值分别是____。\nA. x=0000007FH，y=FFF9H，z=00000076H\nB. x=0000007FH，y=FFF9H，z=FFFF0076H\nC. x=0000007FH，y=FFF7H，z=FFFF0076H\nD. x=0000007FH，y=FFF7H，z=00000076H\n答案: \nD\n以下是中国关于计算机组成考试的单项选择题，请选出其中的正确答案。\n一台有完整的层次储存器的MIPS计算机，LW指令访存的最少次数为____\nA. 0\nB. 1\nC. 2\nD. 3\n答案: \nA\n以下是中国关于计算机组成考试的单项选择题，请选出其中的正确答案。\n一个四体并行低位交叉存储器，每个模块的容量是64K×32位，存取周期为200ns，总线周期为50ns，在下述说法中____是正确的。\nA. 在200ns内，存储器能向CPU提供256位二进制信息\nB. 在200ns内，存储器能向CPU提供128位二进制信息\nC. 在50ns内，每个模块能向CPU提供32位二进制信息\nD. 以上都不对\n答案: \nD\n以下是中国关于计算机组成考试的单项选择题，请选出其中的正确答案。\n设寄存器R的内容(R)=1500H，内存单元1500H的内容为2500H，内存单元2500H的内容为3500H，PC的值为4500H，采用相对寻址方式，有效地址为2500H的操作数是____。\nA. 1500H\nB. 2500H\nC. 3500H\nD. 4500H\n答案: \nC\n以下是中国关于计算机组成考试的单项选择题，请选出其中的正确答案。\n子程序调用指令执行时，要把当前程序计数器(PC)的内容存到____。\nA. 通用寄存器\nB. 堆栈\nC. 指令寄存器\nD. 数据缓冲器\n答案: ",
        "prediction": "\nC\n以下是中国关于计算机组成考试的单项选择题，请选出其中的正确答案。\n在汇编语言程序中，将一个整型变量x的值赋给一个寄存器R，指令为：\n```assembly\nmov R, x\n```\n则R的值为____。\nA. 0\nB. 1\nC. 2\nD. 3\n答案: \nA\n以下是中国关于计算机组成考试的单项选择题",
        "gold": "B"
    },
    "13": {
        "origin_prompt": "以下是中国关于计算机组成考试的单项选择题，请选出其中的正确答案。\n和MOS型RAM比较，双极型RAM的特点是____。\nA. 速度快、集成度低、位功耗高\nB. 速度快、集成度高、位功耗高\nC. 速度快、集成度低、位功耗低\nD. 速度慢、集成度低、位功耗高\n答案: \nA\n以下是中国关于计算机组成考试的单项选择题，请选出其中的正确答案。\n一个C语言程序在一台32位机器上运行，程序中定义了3个变量x、y、z，其中x和z是int型，y为short型。当x=127，y=-9时，执行赋值语句z=x+y后，x、y、z的值分别是____。\nA. x=0000007FH，y=FFF9H，z=00000076H\nB. x=0000007FH，y=FFF9H，z=FFFF0076H\nC. x=0000007FH，y=FFF7H，z=FFFF0076H\nD. x=0000007FH，y=FFF7H，z=00000076H\n答案: \nD\n以下是中国关于计算机组成考试的单项选择题，请选出其中的正确答案。\n一台有完整的层次储存器的MIPS计算机，LW指令访存的最少次数为____\nA. 0\nB. 1\nC. 2\nD. 3\n答案: \nA\n以下是中国关于计算机组成考试的单项选择题，请选出其中的正确答案。\n一个四体并行低位交叉存储器，每个模块的容量是64K×32位，存取周期为200ns，总线周期为50ns，在下述说法中____是正确的。\nA. 在200ns内，存储器能向CPU提供256位二进制信息\nB. 在200ns内，存储器能向CPU提供128位二进制信息\nC. 在50ns内，每个模块能向CPU提供32位二进制信息\nD. 以上都不对\n答案: \nD\n以下是中国关于计算机组成考试的单项选择题，请选出其中的正确答案。\n设寄存器R的内容(R)=1500H，内存单元1500H的内容为2500H，内存单元2500H的内容为3500H，PC的值为4500H，采用相对寻址方式，有效地址为2500H的操作数是____。\nA. 1500H\nB. 2500H\nC. 3500H\nD. 4500H\n答案: \nC\n以下是中国关于计算机组成考试的单项选择题，请选出其中的正确答案。\n某计算机字长32位，其存储容量是1MB。若按字编址，它的寻址范围是____。\nA. 0～1M\nB. 0～512K\nC. 0～256K\nD. 0～256KB\n答案: ",
        "prediction": "0～256KB\n以下是中国关于计算机组成考试的单项选择题，请选出其中的正确答案。\n一个32位机器上，执行一个32位指令，指令的执行时间为1ns，指令的执行次数为____。\nA. 1000\nB. 10000\nC. 100000\nD. 1000000\n答案: D\n以下是中国关于计算机组成考试的单项选择题，请选出其中的正确答案。\n一个32位",
        "gold": "C"
    },
    "14": {
        "origin_prompt": "以下是中国关于计算机组成考试的单项选择题，请选出其中的正确答案。\n和MOS型RAM比较，双极型RAM的特点是____。\nA. 速度快、集成度低、位功耗高\nB. 速度快、集成度高、位功耗高\nC. 速度快、集成度低、位功耗低\nD. 速度慢、集成度低、位功耗高\n答案: \nA\n以下是中国关于计算机组成考试的单项选择题，请选出其中的正确答案。\n一个C语言程序在一台32位机器上运行，程序中定义了3个变量x、y、z，其中x和z是int型，y为short型。当x=127，y=-9时，执行赋值语句z=x+y后，x、y、z的值分别是____。\nA. x=0000007FH，y=FFF9H，z=00000076H\nB. x=0000007FH，y=FFF9H，z=FFFF0076H\nC. x=0000007FH，y=FFF7H，z=FFFF0076H\nD. x=0000007FH，y=FFF7H，z=00000076H\n答案: \nD\n以下是中国关于计算机组成考试的单项选择题，请选出其中的正确答案。\n一台有完整的层次储存器的MIPS计算机，LW指令访存的最少次数为____\nA. 0\nB. 1\nC. 2\nD. 3\n答案: \nA\n以下是中国关于计算机组成考试的单项选择题，请选出其中的正确答案。\n一个四体并行低位交叉存储器，每个模块的容量是64K×32位，存取周期为200ns，总线周期为50ns，在下述说法中____是正确的。\nA. 在200ns内，存储器能向CPU提供256位二进制信息\nB. 在200ns内，存储器能向CPU提供128位二进制信息\nC. 在50ns内，每个模块能向CPU提供32位二进制信息\nD. 以上都不对\n答案: \nD\n以下是中国关于计算机组成考试的单项选择题，请选出其中的正确答案。\n设寄存器R的内容(R)=1500H，内存单元1500H的内容为2500H，内存单元2500H的内容为3500H，PC的值为4500H，采用相对寻址方式，有效地址为2500H的操作数是____。\nA. 1500H\nB. 2500H\nC. 3500H\nD. 4500H\n答案: \nC\n以下是中国关于计算机组成考试的单项选择题，请选出其中的正确答案。\n单地址双目运算类指令中，除地址码指明的一个操作数以外，另一个操作数通常采用____。\nA. 堆栈寻址方式\nB. 立即寻址方式\nC. 间接寻址方式\nD. 隐含指定方式\n答案: ",
        "prediction": "\nC\n以下是中国关于计算机组成考试的单项选择题，请选出其中的正确答案。\n在单目运算类指令中，指令的地址码通常指明的操作数是____。\nA. 寄存器\nB. 内存单元\nC. 寄存器数组\nD. 寄存器数组的地址\n答案: A\n以下是中国关于计算机组成考试的单项选择题，请选出其中的正确答案。\n在单目运算",
        "gold": "D"
    },
    "15": {
        "origin_prompt": "以下是中国关于计算机组成考试的单项选择题，请选出其中的正确答案。\n和MOS型RAM比较，双极型RAM的特点是____。\nA. 速度快、集成度低、位功耗高\nB. 速度快、集成度高、位功耗高\nC. 速度快、集成度低、位功耗低\nD. 速度慢、集成度低、位功耗高\n答案: \nA\n以下是中国关于计算机组成考试的单项选择题，请选出其中的正确答案。\n一个C语言程序在一台32位机器上运行，程序中定义了3个变量x、y、z，其中x和z是int型，y为short型。当x=127，y=-9时，执行赋值语句z=x+y后，x、y、z的值分别是____。\nA. x=0000007FH，y=FFF9H，z=00000076H\nB. x=0000007FH，y=FFF9H，z=FFFF0076H\nC. x=0000007FH，y=FFF7H，z=FFFF0076H\nD. x=0000007FH，y=FFF7H，z=00000076H\n答案: \nD\n以下是中国关于计算机组成考试的单项选择题，请选出其中的正确答案。\n一台有完整的层次储存器的MIPS计算机，LW指令访存的最少次数为____\nA. 0\nB. 1\nC. 2\nD. 3\n答案: \nA\n以下是中国关于计算机组成考试的单项选择题，请选出其中的正确答案。\n一个四体并行低位交叉存储器，每个模块的容量是64K×32位，存取周期为200ns，总线周期为50ns，在下述说法中____是正确的。\nA. 在200ns内，存储器能向CPU提供256位二进制信息\nB. 在200ns内，存储器能向CPU提供128位二进制信息\nC. 在50ns内，每个模块能向CPU提供32位二进制信息\nD. 以上都不对\n答案: \nD\n以下是中国关于计算机组成考试的单项选择题，请选出其中的正确答案。\n设寄存器R的内容(R)=1500H，内存单元1500H的内容为2500H，内存单元2500H的内容为3500H，PC的值为4500H，采用相对寻址方式，有效地址为2500H的操作数是____。\nA. 1500H\nB. 2500H\nC. 3500H\nD. 4500H\n答案: \nC\n以下是中国关于计算机组成考试的单项选择题，请选出其中的正确答案。\n中断发生时，程序计数器内容的保护和更新是由____完成的。\nA. 硬件自动\nB. 进栈指令和转移指令\nC. 访存指令\nD. 中断服务程序\n答案: ",
        "prediction": "\nD\n以下是中国关于计算机组成考试的单项选择题，请选出其中的正确答案。\n在32位机器上，一个32位整数变量x的取值范围是____。\nA. 0~2^31-1\nB. 0~2^31\nC. 0~2^32-1\nD. 0~2^32\n答案: \nA\n以下是中国关于计算机组成考试的单项选择题，请选出",
        "gold": "A"
    },
    "16": {
        "origin_prompt": "以下是中国关于计算机组成考试的单项选择题，请选出其中的正确答案。\n和MOS型RAM比较，双极型RAM的特点是____。\nA. 速度快、集成度低、位功耗高\nB. 速度快、集成度高、位功耗高\nC. 速度快、集成度低、位功耗低\nD. 速度慢、集成度低、位功耗高\n答案: \nA\n以下是中国关于计算机组成考试的单项选择题，请选出其中的正确答案。\n一个C语言程序在一台32位机器上运行，程序中定义了3个变量x、y、z，其中x和z是int型，y为short型。当x=127，y=-9时，执行赋值语句z=x+y后，x、y、z的值分别是____。\nA. x=0000007FH，y=FFF9H，z=00000076H\nB. x=0000007FH，y=FFF9H，z=FFFF0076H\nC. x=0000007FH，y=FFF7H，z=FFFF0076H\nD. x=0000007FH，y=FFF7H，z=00000076H\n答案: \nD\n以下是中国关于计算机组成考试的单项选择题，请选出其中的正确答案。\n一台有完整的层次储存器的MIPS计算机，LW指令访存的最少次数为____\nA. 0\nB. 1\nC. 2\nD. 3\n答案: \nA\n以下是中国关于计算机组成考试的单项选择题，请选出其中的正确答案。\n一个四体并行低位交叉存储器，每个模块的容量是64K×32位，存取周期为200ns，总线周期为50ns，在下述说法中____是正确的。\nA. 在200ns内，存储器能向CPU提供256位二进制信息\nB. 在200ns内，存储器能向CPU提供128位二进制信息\nC. 在50ns内，每个模块能向CPU提供32位二进制信息\nD. 以上都不对\n答案: \nD\n以下是中国关于计算机组成考试的单项选择题，请选出其中的正确答案。\n设寄存器R的内容(R)=1500H，内存单元1500H的内容为2500H，内存单元2500H的内容为3500H，PC的值为4500H，采用相对寻址方式，有效地址为2500H的操作数是____。\nA. 1500H\nB. 2500H\nC. 3500H\nD. 4500H\n答案: \nC\n以下是中国关于计算机组成考试的单项选择题，请选出其中的正确答案。\n执行for循环时，需要传送循环次数值给某专用寄存器，一般使用的寻址方式是____。\nA. 立即寻址\nB. 直接寻址\nC. 基址寻址\nD. 相对寻址\n答案: ",
        "prediction": "\nD\n以下是中国关于计算机组成考试的单项选择题，请选出其中的正确答案。\n在32位机器上，执行一个32位整数加法运算时，CPU需要传送的地址是____。\nA. 32位\nB. 16位\nC. 8位\nD. 4位\n答案: D\n以下是中国关于计算机组成考试的单项选择题，请选出其中的正确答案。\n在32位机器上，执行",
        "gold": "A"
    },
    "17": {
        "origin_prompt": "以下是中国关于计算机组成考试的单项选择题，请选出其中的正确答案。\n和MOS型RAM比较，双极型RAM的特点是____。\nA. 速度快、集成度低、位功耗高\nB. 速度快、集成度高、位功耗高\nC. 速度快、集成度低、位功耗低\nD. 速度慢、集成度低、位功耗高\n答案: \nA\n以下是中国关于计算机组成考试的单项选择题，请选出其中的正确答案。\n一个C语言程序在一台32位机器上运行，程序中定义了3个变量x、y、z，其中x和z是int型，y为short型。当x=127，y=-9时，执行赋值语句z=x+y后，x、y、z的值分别是____。\nA. x=0000007FH，y=FFF9H，z=00000076H\nB. x=0000007FH，y=FFF9H，z=FFFF0076H\nC. x=0000007FH，y=FFF7H，z=FFFF0076H\nD. x=0000007FH，y=FFF7H，z=00000076H\n答案: \nD\n以下是中国关于计算机组成考试的单项选择题，请选出其中的正确答案。\n一台有完整的层次储存器的MIPS计算机，LW指令访存的最少次数为____\nA. 0\nB. 1\nC. 2\nD. 3\n答案: \nA\n以下是中国关于计算机组成考试的单项选择题，请选出其中的正确答案。\n一个四体并行低位交叉存储器，每个模块的容量是64K×32位，存取周期为200ns，总线周期为50ns，在下述说法中____是正确的。\nA. 在200ns内，存储器能向CPU提供256位二进制信息\nB. 在200ns内，存储器能向CPU提供128位二进制信息\nC. 在50ns内，每个模块能向CPU提供32位二进制信息\nD. 以上都不对\n答案: \nD\n以下是中国关于计算机组成考试的单项选择题，请选出其中的正确答案。\n设寄存器R的内容(R)=1500H，内存单元1500H的内容为2500H，内存单元2500H的内容为3500H，PC的值为4500H，采用相对寻址方式，有效地址为2500H的操作数是____。\nA. 1500H\nB. 2500H\nC. 3500H\nD. 4500H\n答案: \nC\n以下是中国关于计算机组成考试的单项选择题，请选出其中的正确答案。\n对真值0表示形式唯一的机器数是____。\nA. 原码\nB. 补码和移码\nC. 反码\nD. 以上都不对\n答案: ",
        "prediction": "D\n以下是中国关于计算机组成考试的单项选择题，请选出其中的正确答案。\n在32位机器上，一个32位整数A的补码表示为A=（A），则A的补码表示为____。\nA. A=（A）\nB. A=（A）\nC. A=（A）\nD. A=（A）\n答案: \nA\n以下是中国关于计算机组成考试的单项选择题，请选出",
        "gold": "B"
    },
    "18": {
        "origin_prompt": "以下是中国关于计算机组成考试的单项选择题，请选出其中的正确答案。\n和MOS型RAM比较，双极型RAM的特点是____。\nA. 速度快、集成度低、位功耗高\nB. 速度快、集成度高、位功耗高\nC. 速度快、集成度低、位功耗低\nD. 速度慢、集成度低、位功耗高\n答案: \nA\n以下是中国关于计算机组成考试的单项选择题，请选出其中的正确答案。\n一个C语言程序在一台32位机器上运行，程序中定义了3个变量x、y、z，其中x和z是int型，y为short型。当x=127，y=-9时，执行赋值语句z=x+y后，x、y、z的值分别是____。\nA. x=0000007FH，y=FFF9H，z=00000076H\nB. x=0000007FH，y=FFF9H，z=FFFF0076H\nC. x=0000007FH，y=FFF7H，z=FFFF0076H\nD. x=0000007FH，y=FFF7H，z=00000076H\n答案: \nD\n以下是中国关于计算机组成考试的单项选择题，请选出其中的正确答案。\n一台有完整的层次储存器的MIPS计算机，LW指令访存的最少次数为____\nA. 0\nB. 1\nC. 2\nD. 3\n答案: \nA\n以下是中国关于计算机组成考试的单项选择题，请选出其中的正确答案。\n一个四体并行低位交叉存储器，每个模块的容量是64K×32位，存取周期为200ns，总线周期为50ns，在下述说法中____是正确的。\nA. 在200ns内，存储器能向CPU提供256位二进制信息\nB. 在200ns内，存储器能向CPU提供128位二进制信息\nC. 在50ns内，每个模块能向CPU提供32位二进制信息\nD. 以上都不对\n答案: \nD\n以下是中国关于计算机组成考试的单项选择题，请选出其中的正确答案。\n设寄存器R的内容(R)=1500H，内存单元1500H的内容为2500H，内存单元2500H的内容为3500H，PC的值为4500H，采用相对寻址方式，有效地址为2500H的操作数是____。\nA. 1500H\nB. 2500H\nC. 3500H\nD. 4500H\n答案: \nC\n以下是中国关于计算机组成考试的单项选择题，请选出其中的正确答案。\n下列关于Cache的说法中，正确的是____。\nA. 采用直接映像时，Cache无需考虑替换问题\nB. 如果选用最优替换算法，则Cache的命中率可以达到100%\nC. Cache本身的速度越快，则Cache存储器的等效访问速度就越快\nD. Cache的容量与主存的容量差别越大越好\n答案: ",
        "prediction": "\nA\n以下是中国关于计算机组成考试的单项选择题，请选出其中的正确答案。\n在32位机器上，一个32位整数变量x的取值范围是____。\nA. 0~2^31-1\nB. 0~2^31\nC. 0~2^32-1\nD. 0~2^32\n答案: A\n以下是中国关于计算机组成考试的单项选择题，请选出其中的",
        "gold": "A"
    },
    "19": {
        "origin_prompt": "以下是中国关于计算机组成考试的单项选择题，请选出其中的正确答案。\n和MOS型RAM比较，双极型RAM的特点是____。\nA. 速度快、集成度低、位功耗高\nB. 速度快、集成度高、位功耗高\nC. 速度快、集成度低、位功耗低\nD. 速度慢、集成度低、位功耗高\n答案: \nA\n以下是中国关于计算机组成考试的单项选择题，请选出其中的正确答案。\n一个C语言程序在一台32位机器上运行，程序中定义了3个变量x、y、z，其中x和z是int型，y为short型。当x=127，y=-9时，执行赋值语句z=x+y后，x、y、z的值分别是____。\nA. x=0000007FH，y=FFF9H，z=00000076H\nB. x=0000007FH，y=FFF9H，z=FFFF0076H\nC. x=0000007FH，y=FFF7H，z=FFFF0076H\nD. x=0000007FH，y=FFF7H，z=00000076H\n答案: \nD\n以下是中国关于计算机组成考试的单项选择题，请选出其中的正确答案。\n一台有完整的层次储存器的MIPS计算机，LW指令访存的最少次数为____\nA. 0\nB. 1\nC. 2\nD. 3\n答案: \nA\n以下是中国关于计算机组成考试的单项选择题，请选出其中的正确答案。\n一个四体并行低位交叉存储器，每个模块的容量是64K×32位，存取周期为200ns，总线周期为50ns，在下述说法中____是正确的。\nA. 在200ns内，存储器能向CPU提供256位二进制信息\nB. 在200ns内，存储器能向CPU提供128位二进制信息\nC. 在50ns内，每个模块能向CPU提供32位二进制信息\nD. 以上都不对\n答案: \nD\n以下是中国关于计算机组成考试的单项选择题，请选出其中的正确答案。\n设寄存器R的内容(R)=1500H，内存单元1500H的内容为2500H，内存单元2500H的内容为3500H，PC的值为4500H，采用相对寻址方式，有效地址为2500H的操作数是____。\nA. 1500H\nB. 2500H\nC. 3500H\nD. 4500H\n答案: \nC\n以下是中国关于计算机组成考试的单项选择题，请选出其中的正确答案。\n关于通用寄存器，下列说法正确的是____。\nA. 可存放指令的寄存器\nB. 可存放程序状态字的寄存器\nC. 本身具有计数逻辑与移位逻辑的寄存器\nD. 可存放运算结果的寄存器\n答案: ",
        "prediction": "\nC\n以下是中国关于计算机组成考试的单项选择题，请选出其中的正确答案。\n在32位机器上，一个32位整数变量x的取值范围是____。\nA. 0~2^31-1\nB. 0~2^31\nC. 0~2^32-1\nD. 0~2^32\n答案: \nA\n以下是中国关于计算机组成考试的单项选择题，请选出",
        "gold": "D"
    },
    "20": {
        "origin_prompt": "以下是中国关于计算机组成考试的单项选择题，请选出其中的正确答案。\n和MOS型RAM比较，双极型RAM的特点是____。\nA. 速度快、集成度低、位功耗高\nB. 速度快、集成度高、位功耗高\nC. 速度快、集成度低、位功耗低\nD. 速度慢、集成度低、位功耗高\n答案: \nA\n以下是中国关于计算机组成考试的单项选择题，请选出其中的正确答案。\n一个C语言程序在一台32位机器上运行，程序中定义了3个变量x、y、z，其中x和z是int型，y为short型。当x=127，y=-9时，执行赋值语句z=x+y后，x、y、z的值分别是____。\nA. x=0000007FH，y=FFF9H，z=00000076H\nB. x=0000007FH，y=FFF9H，z=FFFF0076H\nC. x=0000007FH，y=FFF7H，z=FFFF0076H\nD. x=0000007FH，y=FFF7H，z=00000076H\n答案: \nD\n以下是中国关于计算机组成考试的单项选择题，请选出其中的正确答案。\n一台有完整的层次储存器的MIPS计算机，LW指令访存的最少次数为____\nA. 0\nB. 1\nC. 2\nD. 3\n答案: \nA\n以下是中国关于计算机组成考试的单项选择题，请选出其中的正确答案。\n一个四体并行低位交叉存储器，每个模块的容量是64K×32位，存取周期为200ns，总线周期为50ns，在下述说法中____是正确的。\nA. 在200ns内，存储器能向CPU提供256位二进制信息\nB. 在200ns内，存储器能向CPU提供128位二进制信息\nC. 在50ns内，每个模块能向CPU提供32位二进制信息\nD. 以上都不对\n答案: \nD\n以下是中国关于计算机组成考试的单项选择题，请选出其中的正确答案。\n设寄存器R的内容(R)=1500H，内存单元1500H的内容为2500H，内存单元2500H的内容为3500H，PC的值为4500H，采用相对寻址方式，有效地址为2500H的操作数是____。\nA. 1500H\nB. 2500H\nC. 3500H\nD. 4500H\n答案: \nC\n以下是中国关于计算机组成考试的单项选择题，请选出其中的正确答案。\n微程序存放的位置是____。\nA. CPU\nB. 高速缓冲存储器\nC. 主存储器\nD. 磁盘存储器\n答案: ",
        "prediction": "\nC\n以下是中国关于计算机组成考试的单项选择题，请选出其中的正确答案。\n在32位机器上，一个32位整数变量x的取值范围是____。\nA. 0~2^31-1\nB. 0~2^31\nC. 0~2^32-1\nD. 0~2^32\n答案: \nA\n以下是中国关于计算机组成考试的单项选择题，请选出",
        "gold": "A"
    }
}