{
    "0": {
        "origin_prompt": "以下是中国关于体育学考试的单项选择题，请选出其中的正确答案。\n运动员所具备的竞技能力在比赛中的表现称为____\nA. 竞技水平\nB. 竞技状态\nC. 运动能力\nD. 训练水平\n答案: \nA\n以下是中国关于体育学考试的单项选择题，请选出其中的正确答案。\n静脉输入0.9%NaCl溶液可使____\nA. 血浆渗透压下降\nB. 红细胞体积变大\nC. 红细胞体积变小\nD. 红细胞体积不变\n答案: \nD\n以下是中国关于体育学考试的单项选择题，请选出其中的正确答案。\n对儿童进行体育教学和训练时，运动密度、休息次数和总的运动时间分别要____\nA. 小、多、多\nB. 小、多、少\nC. 大、少、多\nD. 大、少、少\n答案: \nB\n以下是中国关于体育学考试的单项选择题，请选出其中的正确答案。\n体育教学系统的基本构成要素是____\nA. 体育教师、学生、体育教学方法\nB. 体育教师、学生、体育教材\nC. 体育教师、学生、体育教学内容\nD. 体育教师、学生、体育教学手段\n答案: \nB\n以下是中国关于体育学考试的单项选择题，请选出其中的正确答案。\n健康成人的红细胞比容约为____\nA. 35%～55%\nB. 47%～60%\nC. 40%～50%\nD. 37%～50%\n答案: \nD\n以下是中国关于体育学考试的单项选择题，请选出其中的正确答案。\n在极限强度运动中，肌肉中的ATP和CP在多少秒内就几乎耗竭____\nA. 15\nB. 30\nC. 10\nD. 20\n答案: ",
        "prediction": "\nC\n以下是中国关于体育学考试的单项选择题，请选出其中的正确答案。\n在体育教学中，体育教师应根据学生的年龄、性别、身体素质、运动能力、运动负荷和运动负荷的性质，合理地安排教学内容，使学生获得最佳的运动负荷，从而提高教学效果。在安排教学内容时，教师应考虑____\nA. 学生的年龄\nB. 学生的性别\nC. 学生的身体素质\nD.",
        "gold": "C"
    },
    "1": {
        "origin_prompt": "以下是中国关于体育学考试的单项选择题，请选出其中的正确答案。\n运动员所具备的竞技能力在比赛中的表现称为____\nA. 竞技水平\nB. 竞技状态\nC. 运动能力\nD. 训练水平\n答案: \nA\n以下是中国关于体育学考试的单项选择题，请选出其中的正确答案。\n静脉输入0.9%NaCl溶液可使____\nA. 血浆渗透压下降\nB. 红细胞体积变大\nC. 红细胞体积变小\nD. 红细胞体积不变\n答案: \nD\n以下是中国关于体育学考试的单项选择题，请选出其中的正确答案。\n对儿童进行体育教学和训练时，运动密度、休息次数和总的运动时间分别要____\nA. 小、多、多\nB. 小、多、少\nC. 大、少、多\nD. 大、少、少\n答案: \nB\n以下是中国关于体育学考试的单项选择题，请选出其中的正确答案。\n体育教学系统的基本构成要素是____\nA. 体育教师、学生、体育教学方法\nB. 体育教师、学生、体育教材\nC. 体育教师、学生、体育教学内容\nD. 体育教师、学生、体育教学手段\n答案: \nB\n以下是中国关于体育学考试的单项选择题，请选出其中的正确答案。\n健康成人的红细胞比容约为____\nA. 35%～55%\nB. 47%～60%\nC. 40%～50%\nD. 37%～50%\n答案: \nD\n以下是中国关于体育学考试的单项选择题，请选出其中的正确答案。\n决定VO2max的外周机制是____\nA. 肌纤维组成\nB. 有氧代谢能力\nC. 肌组织利用氧的能力\nD. 氧运输系统的机能\n答案: ",
        "prediction": "\nC\n以下是中国关于体育学考试的单项选择题，请选出其中的正确答案。\n运动员在比赛中，由于呼吸作用，消耗的能量____\nA. 主要来自糖类\nB. 主要来自脂肪\nC. 主要来自蛋白质\nD. 主要来自碳水化合物\n答案: A\n以下是中国关于体育学考试的单项选择题，请选出其中的正确答案。\n运动员在比赛中，由于呼吸作用，消耗的能量____\nA",
        "gold": "C"
    },
    "2": {
        "origin_prompt": "以下是中国关于体育学考试的单项选择题，请选出其中的正确答案。\n运动员所具备的竞技能力在比赛中的表现称为____\nA. 竞技水平\nB. 竞技状态\nC. 运动能力\nD. 训练水平\n答案: \nA\n以下是中国关于体育学考试的单项选择题，请选出其中的正确答案。\n静脉输入0.9%NaCl溶液可使____\nA. 血浆渗透压下降\nB. 红细胞体积变大\nC. 红细胞体积变小\nD. 红细胞体积不变\n答案: \nD\n以下是中国关于体育学考试的单项选择题，请选出其中的正确答案。\n对儿童进行体育教学和训练时，运动密度、休息次数和总的运动时间分别要____\nA. 小、多、多\nB. 小、多、少\nC. 大、少、多\nD. 大、少、少\n答案: \nB\n以下是中国关于体育学考试的单项选择题，请选出其中的正确答案。\n体育教学系统的基本构成要素是____\nA. 体育教师、学生、体育教学方法\nB. 体育教师、学生、体育教材\nC. 体育教师、学生、体育教学内容\nD. 体育教师、学生、体育教学手段\n答案: \nB\n以下是中国关于体育学考试的单项选择题，请选出其中的正确答案。\n健康成人的红细胞比容约为____\nA. 35%～55%\nB. 47%～60%\nC. 40%～50%\nD. 37%～50%\n答案: \nD\n以下是中国关于体育学考试的单项选择题，请选出其中的正确答案。\n“极点”产生早晚与____\nA. 年龄无关\nB. 训练程度无关\nC. 气候条件无关\nD. 教练员无关\n答案: ",
        "prediction": "D\n以下是中国关于体育学考试的单项选择题，请选出其中的正确答案。\n“运动处方”的制定原则是____\nA. 运动处方必须符合运动者的年龄、性别、体质、健康状况、运动能力、运动目的和运动环境\nB. 运动处方必须符合运动者的年龄、性别、体质、健康状况、运动能力、运动目的和运动环境，并根据运动者的运动需要和运动者的运动能力，制定运动处方\nC",
        "gold": "D"
    },
    "3": {
        "origin_prompt": "以下是中国关于体育学考试的单项选择题，请选出其中的正确答案。\n运动员所具备的竞技能力在比赛中的表现称为____\nA. 竞技水平\nB. 竞技状态\nC. 运动能力\nD. 训练水平\n答案: \nA\n以下是中国关于体育学考试的单项选择题，请选出其中的正确答案。\n静脉输入0.9%NaCl溶液可使____\nA. 血浆渗透压下降\nB. 红细胞体积变大\nC. 红细胞体积变小\nD. 红细胞体积不变\n答案: \nD\n以下是中国关于体育学考试的单项选择题，请选出其中的正确答案。\n对儿童进行体育教学和训练时，运动密度、休息次数和总的运动时间分别要____\nA. 小、多、多\nB. 小、多、少\nC. 大、少、多\nD. 大、少、少\n答案: \nB\n以下是中国关于体育学考试的单项选择题，请选出其中的正确答案。\n体育教学系统的基本构成要素是____\nA. 体育教师、学生、体育教学方法\nB. 体育教师、学生、体育教材\nC. 体育教师、学生、体育教学内容\nD. 体育教师、学生、体育教学手段\n答案: \nB\n以下是中国关于体育学考试的单项选择题，请选出其中的正确答案。\n健康成人的红细胞比容约为____\nA. 35%～55%\nB. 47%～60%\nC. 40%～50%\nD. 37%～50%\n答案: \nD\n以下是中国关于体育学考试的单项选择题，请选出其中的正确答案。\n优秀运动员全程性多年训练过程中，训练负荷始终保持在高水平区间起伏的是____\nA. 基础训练阶段\nB. 专项提高阶段\nC. 最佳竞技阶段\nD. 竞技保持阶段\n答案: ",
        "prediction": "D\n以下是中国关于体育学考试的单项选择题，请选出其中的正确答案。\n运动员在比赛中，由于受到外界环境的影响，其运动能力会____\nA. 逐渐下降\nB. 逐渐提高\nC. 保持不变\nD. 保持不变\n答案: A\n以下是中国关于体育学考试的单项选择题，请选出其中的正确答案。\n运动员在比赛中，由于受到外界环境的影响，其运动能力会____\nA. 逐渐",
        "gold": "C"
    },
    "4": {
        "origin_prompt": "以下是中国关于体育学考试的单项选择题，请选出其中的正确答案。\n运动员所具备的竞技能力在比赛中的表现称为____\nA. 竞技水平\nB. 竞技状态\nC. 运动能力\nD. 训练水平\n答案: \nA\n以下是中国关于体育学考试的单项选择题，请选出其中的正确答案。\n静脉输入0.9%NaCl溶液可使____\nA. 血浆渗透压下降\nB. 红细胞体积变大\nC. 红细胞体积变小\nD. 红细胞体积不变\n答案: \nD\n以下是中国关于体育学考试的单项选择题，请选出其中的正确答案。\n对儿童进行体育教学和训练时，运动密度、休息次数和总的运动时间分别要____\nA. 小、多、多\nB. 小、多、少\nC. 大、少、多\nD. 大、少、少\n答案: \nB\n以下是中国关于体育学考试的单项选择题，请选出其中的正确答案。\n体育教学系统的基本构成要素是____\nA. 体育教师、学生、体育教学方法\nB. 体育教师、学生、体育教材\nC. 体育教师、学生、体育教学内容\nD. 体育教师、学生、体育教学手段\n答案: \nB\n以下是中国关于体育学考试的单项选择题，请选出其中的正确答案。\n健康成人的红细胞比容约为____\nA. 35%～55%\nB. 47%～60%\nC. 40%～50%\nD. 37%～50%\n答案: \nD\n以下是中国关于体育学考试的单项选择题，请选出其中的正确答案。\n下列不是准备活动的作用的是____\nA. 调节赛前状态\nB. 缩短进入工作状态\nC. 减轻“极点”程度\nD. 加速运动疲劳的恢复\n答案: ",
        "prediction": "D\n以下是中国关于体育学考试的单项选择题，请选出其中的正确答案。\n运动员在比赛中，由于受到外界环境的影响，其运动能力会发生变化，这种变化称为____\nA. 竞技状态\nB. 运动状态\nC. 运动能力\nD. 训练水平\n答案: A\n以下是中国关于体育学考试的单项选择题，请选出其中的正确答案。\n运动员在比赛中，由于受到外界环境的影响，其运动能力会发生变化",
        "gold": "D"
    },
    "5": {
        "origin_prompt": "以下是中国关于体育学考试的单项选择题，请选出其中的正确答案。\n运动员所具备的竞技能力在比赛中的表现称为____\nA. 竞技水平\nB. 竞技状态\nC. 运动能力\nD. 训练水平\n答案: \nA\n以下是中国关于体育学考试的单项选择题，请选出其中的正确答案。\n静脉输入0.9%NaCl溶液可使____\nA. 血浆渗透压下降\nB. 红细胞体积变大\nC. 红细胞体积变小\nD. 红细胞体积不变\n答案: \nD\n以下是中国关于体育学考试的单项选择题，请选出其中的正确答案。\n对儿童进行体育教学和训练时，运动密度、休息次数和总的运动时间分别要____\nA. 小、多、多\nB. 小、多、少\nC. 大、少、多\nD. 大、少、少\n答案: \nB\n以下是中国关于体育学考试的单项选择题，请选出其中的正确答案。\n体育教学系统的基本构成要素是____\nA. 体育教师、学生、体育教学方法\nB. 体育教师、学生、体育教材\nC. 体育教师、学生、体育教学内容\nD. 体育教师、学生、体育教学手段\n答案: \nB\n以下是中国关于体育学考试的单项选择题，请选出其中的正确答案。\n健康成人的红细胞比容约为____\nA. 35%～55%\nB. 47%～60%\nC. 40%～50%\nD. 37%～50%\n答案: \nD\n以下是中国关于体育学考试的单项选择题，请选出其中的正确答案。\n腿部肌肉中快肌纤维百分组成占优势的人，较适宜从事的运动项目是____\nA. 800m跑\nB. 1 500m跑\nC. 100m跑\nD. 1 500m游泳\n答案: ",
        "prediction": "D\n以下是中国关于体育学考试的单项选择题，请选出其中的正确答案。\n在体育教学中，对学生进行体育锻炼时，教师应采用____\nA. 讲解、示范、练习、讨论、竞赛\nB. 讲解、示范、练习、讨论、竞赛、评比\nC. 讲解、示范、练习、讨论、竞赛、评比、总结\nD. 讲解、示范、练习、讨论、竞赛、评比、总结",
        "gold": "C"
    },
    "6": {
        "origin_prompt": "以下是中国关于体育学考试的单项选择题，请选出其中的正确答案。\n运动员所具备的竞技能力在比赛中的表现称为____\nA. 竞技水平\nB. 竞技状态\nC. 运动能力\nD. 训练水平\n答案: \nA\n以下是中国关于体育学考试的单项选择题，请选出其中的正确答案。\n静脉输入0.9%NaCl溶液可使____\nA. 血浆渗透压下降\nB. 红细胞体积变大\nC. 红细胞体积变小\nD. 红细胞体积不变\n答案: \nD\n以下是中国关于体育学考试的单项选择题，请选出其中的正确答案。\n对儿童进行体育教学和训练时，运动密度、休息次数和总的运动时间分别要____\nA. 小、多、多\nB. 小、多、少\nC. 大、少、多\nD. 大、少、少\n答案: \nB\n以下是中国关于体育学考试的单项选择题，请选出其中的正确答案。\n体育教学系统的基本构成要素是____\nA. 体育教师、学生、体育教学方法\nB. 体育教师、学生、体育教材\nC. 体育教师、学生、体育教学内容\nD. 体育教师、学生、体育教学手段\n答案: \nB\n以下是中国关于体育学考试的单项选择题，请选出其中的正确答案。\n健康成人的红细胞比容约为____\nA. 35%～55%\nB. 47%～60%\nC. 40%～50%\nD. 37%～50%\n答案: \nD\n以下是中国关于体育学考试的单项选择题，请选出其中的正确答案。\n运动时，机体工作能力逐步提高是因为____\nA. 物理惰性和植物性功能惰性\nB. 运动器官功能惰性和物理惰性\nC. 植物性功能惰性和运动器官功能惰性\nD. 物理惰性和生理惰性\n答案: ",
        "prediction": "D\n以下是中国关于体育学考试的单项选择题，请选出其中的正确答案。\n在体育教学中，教师对学生进行体育锻炼时，应采用____\nA. 启发式教学\nB. 直观教学\nC. 讲解式教学\nD. 示范式教学\n答案: D\n以下是中国关于体育学考试的单项选择题，请选出其中的正确答案。\n在体育教学中，教师对学生进行体育锻炼时，应采用____",
        "gold": "D"
    },
    "7": {
        "origin_prompt": "以下是中国关于体育学考试的单项选择题，请选出其中的正确答案。\n运动员所具备的竞技能力在比赛中的表现称为____\nA. 竞技水平\nB. 竞技状态\nC. 运动能力\nD. 训练水平\n答案: \nA\n以下是中国关于体育学考试的单项选择题，请选出其中的正确答案。\n静脉输入0.9%NaCl溶液可使____\nA. 血浆渗透压下降\nB. 红细胞体积变大\nC. 红细胞体积变小\nD. 红细胞体积不变\n答案: \nD\n以下是中国关于体育学考试的单项选择题，请选出其中的正确答案。\n对儿童进行体育教学和训练时，运动密度、休息次数和总的运动时间分别要____\nA. 小、多、多\nB. 小、多、少\nC. 大、少、多\nD. 大、少、少\n答案: \nB\n以下是中国关于体育学考试的单项选择题，请选出其中的正确答案。\n体育教学系统的基本构成要素是____\nA. 体育教师、学生、体育教学方法\nB. 体育教师、学生、体育教材\nC. 体育教师、学生、体育教学内容\nD. 体育教师、学生、体育教学手段\n答案: \nB\n以下是中国关于体育学考试的单项选择题，请选出其中的正确答案。\n健康成人的红细胞比容约为____\nA. 35%～55%\nB. 47%～60%\nC. 40%～50%\nD. 37%～50%\n答案: \nD\n以下是中国关于体育学考试的单项选择题，请选出其中的正确答案。\n课外运动竞赛的主要特点有竞争性、集体性与教育性、多层次与群众性以及____\nA. 知识性与协作性\nB. 生理性与心理性\nC. 趣味性与娱乐性\nD. 公正性与表现性\n答案: ",
        "prediction": "\nB\n以下是中国关于体育学考试的单项选择题，请选出其中的正确答案。\n体育教学中，教师对学生进行体育锻炼时，应根据学生的年龄特点和身体状况，采用____\nA. 循序渐进、量力而行、量力而行\nB. 循序渐进、量力而行、量力而行、量力而行\nC. 循序渐进、量力而行、量力而行、量力而行、量力而行\nD. ",
        "gold": "C"
    },
    "8": {
        "origin_prompt": "以下是中国关于体育学考试的单项选择题，请选出其中的正确答案。\n运动员所具备的竞技能力在比赛中的表现称为____\nA. 竞技水平\nB. 竞技状态\nC. 运动能力\nD. 训练水平\n答案: \nA\n以下是中国关于体育学考试的单项选择题，请选出其中的正确答案。\n静脉输入0.9%NaCl溶液可使____\nA. 血浆渗透压下降\nB. 红细胞体积变大\nC. 红细胞体积变小\nD. 红细胞体积不变\n答案: \nD\n以下是中国关于体育学考试的单项选择题，请选出其中的正确答案。\n对儿童进行体育教学和训练时，运动密度、休息次数和总的运动时间分别要____\nA. 小、多、多\nB. 小、多、少\nC. 大、少、多\nD. 大、少、少\n答案: \nB\n以下是中国关于体育学考试的单项选择题，请选出其中的正确答案。\n体育教学系统的基本构成要素是____\nA. 体育教师、学生、体育教学方法\nB. 体育教师、学生、体育教材\nC. 体育教师、学生、体育教学内容\nD. 体育教师、学生、体育教学手段\n答案: \nB\n以下是中国关于体育学考试的单项选择题，请选出其中的正确答案。\n健康成人的红细胞比容约为____\nA. 35%～55%\nB. 47%～60%\nC. 40%～50%\nD. 37%～50%\n答案: \nD\n以下是中国关于体育学考试的单项选择题，请选出其中的正确答案。\n西周的“国学”和“乡学”的教学内容为____\nA. 宗教和军事\nB. 习射及传习多种武艺\nC. 礼、乐、射、御、书、数\nD. “五项竞技”\n答案: ",
        "prediction": "\nC\n以下是中国关于体育学考试的单项选择题，请选出其中的正确答案。\n体育教学中，教师对学生进行体育锻炼时，应采用____\nA. 讲解、示范、练习、比赛\nB. 讲解、示范、练习、比赛、评比\nC. 讲解、示范、练习、比赛、评比、总结\nD. 讲解、示范、练习、比赛、评比、总结\n答案: \nD\n",
        "gold": "C"
    },
    "9": {
        "origin_prompt": "以下是中国关于体育学考试的单项选择题，请选出其中的正确答案。\n运动员所具备的竞技能力在比赛中的表现称为____\nA. 竞技水平\nB. 竞技状态\nC. 运动能力\nD. 训练水平\n答案: \nA\n以下是中国关于体育学考试的单项选择题，请选出其中的正确答案。\n静脉输入0.9%NaCl溶液可使____\nA. 血浆渗透压下降\nB. 红细胞体积变大\nC. 红细胞体积变小\nD. 红细胞体积不变\n答案: \nD\n以下是中国关于体育学考试的单项选择题，请选出其中的正确答案。\n对儿童进行体育教学和训练时，运动密度、休息次数和总的运动时间分别要____\nA. 小、多、多\nB. 小、多、少\nC. 大、少、多\nD. 大、少、少\n答案: \nB\n以下是中国关于体育学考试的单项选择题，请选出其中的正确答案。\n体育教学系统的基本构成要素是____\nA. 体育教师、学生、体育教学方法\nB. 体育教师、学生、体育教材\nC. 体育教师、学生、体育教学内容\nD. 体育教师、学生、体育教学手段\n答案: \nB\n以下是中国关于体育学考试的单项选择题，请选出其中的正确答案。\n健康成人的红细胞比容约为____\nA. 35%～55%\nB. 47%～60%\nC. 40%～50%\nD. 37%～50%\n答案: \nD\n以下是中国关于体育学考试的单项选择题，请选出其中的正确答案。\n能够导致氧解离曲线右移的情况是____\nA. 血液中PCO2增高\nB. 血液中PCO2降低\nC. 血液中pH值增高\nD. 血液中PN2张力增高\n答案: ",
        "prediction": "\nC\nD\n以下是中国关于体育学考试的单项选择题，请选出其中的正确答案。\n在体育教学中，教师对学生进行体育锻炼时，应采用____\nA. 讲解、示范、练习、讨论、评比\nB. 讲解、示范、练习、讨论、评比、评议\nC. 讲解、示范、练习、评议、评比\nD. 讲解、示范、练习、评议、",
        "gold": "A"
    },
    "10": {
        "origin_prompt": "以下是中国关于体育学考试的单项选择题，请选出其中的正确答案。\n运动员所具备的竞技能力在比赛中的表现称为____\nA. 竞技水平\nB. 竞技状态\nC. 运动能力\nD. 训练水平\n答案: \nA\n以下是中国关于体育学考试的单项选择题，请选出其中的正确答案。\n静脉输入0.9%NaCl溶液可使____\nA. 血浆渗透压下降\nB. 红细胞体积变大\nC. 红细胞体积变小\nD. 红细胞体积不变\n答案: \nD\n以下是中国关于体育学考试的单项选择题，请选出其中的正确答案。\n对儿童进行体育教学和训练时，运动密度、休息次数和总的运动时间分别要____\nA. 小、多、多\nB. 小、多、少\nC. 大、少、多\nD. 大、少、少\n答案: \nB\n以下是中国关于体育学考试的单项选择题，请选出其中的正确答案。\n体育教学系统的基本构成要素是____\nA. 体育教师、学生、体育教学方法\nB. 体育教师、学生、体育教材\nC. 体育教师、学生、体育教学内容\nD. 体育教师、学生、体育教学手段\n答案: \nB\n以下是中国关于体育学考试的单项选择题，请选出其中的正确答案。\n健康成人的红细胞比容约为____\nA. 35%～55%\nB. 47%～60%\nC. 40%～50%\nD. 37%～50%\n答案: \nD\n以下是中国关于体育学考试的单项选择题，请选出其中的正确答案。\n下面不属于克服自身体重的练习是____\nA. 引体向上\nB. 倒立推起\nC. 使用拉力器\nD. 纵跳\n答案: ",
        "prediction": "D\n以下是中国关于体育学考试的单项选择题，请选出其中的正确答案。\n下列关于体育教学的叙述，正确的是____\nA. 体育教学的目的是增强体质\nB. 体育教学的目的是提高运动技术\nC. 体育教学的目的是培养学生良好的意志品质\nD. 体育教学的目的是培养学生良好的身体素质\n答案: D\n以下是中国关于体育学考试的单项选择题，请选出其中的正确答案。\n下列关于",
        "gold": "C"
    },
    "11": {
        "origin_prompt": "以下是中国关于体育学考试的单项选择题，请选出其中的正确答案。\n运动员所具备的竞技能力在比赛中的表现称为____\nA. 竞技水平\nB. 竞技状态\nC. 运动能力\nD. 训练水平\n答案: \nA\n以下是中国关于体育学考试的单项选择题，请选出其中的正确答案。\n静脉输入0.9%NaCl溶液可使____\nA. 血浆渗透压下降\nB. 红细胞体积变大\nC. 红细胞体积变小\nD. 红细胞体积不变\n答案: \nD\n以下是中国关于体育学考试的单项选择题，请选出其中的正确答案。\n对儿童进行体育教学和训练时，运动密度、休息次数和总的运动时间分别要____\nA. 小、多、多\nB. 小、多、少\nC. 大、少、多\nD. 大、少、少\n答案: \nB\n以下是中国关于体育学考试的单项选择题，请选出其中的正确答案。\n体育教学系统的基本构成要素是____\nA. 体育教师、学生、体育教学方法\nB. 体育教师、学生、体育教材\nC. 体育教师、学生、体育教学内容\nD. 体育教师、学生、体育教学手段\n答案: \nB\n以下是中国关于体育学考试的单项选择题，请选出其中的正确答案。\n健康成人的红细胞比容约为____\nA. 35%～55%\nB. 47%～60%\nC. 40%～50%\nD. 37%～50%\n答案: \nD\n以下是中国关于体育学考试的单项选择题，请选出其中的正确答案。\n柔道项目中的“得意技”指的是____\nA. 基本技术\nB. 特长技术\nC. 高难度技术\nD. 全面技术\n答案: ",
        "prediction": "C\n以下是中国关于体育学考试的单项选择题，请选出其中的正确答案。\n在体育教学中，“三基”是指____\nA. 基本知识、基本技能和基本方法\nB. 基本知识、基本技能和基本方法、基本态度\nC. 基本知识、基本技能和基本方法、基本态度\nD. 基本知识、基本技能和基本方法、基本态度、基本方法\n答案: \nA\n以下是中国关于体育",
        "gold": "B"
    },
    "12": {
        "origin_prompt": "以下是中国关于体育学考试的单项选择题，请选出其中的正确答案。\n运动员所具备的竞技能力在比赛中的表现称为____\nA. 竞技水平\nB. 竞技状态\nC. 运动能力\nD. 训练水平\n答案: \nA\n以下是中国关于体育学考试的单项选择题，请选出其中的正确答案。\n静脉输入0.9%NaCl溶液可使____\nA. 血浆渗透压下降\nB. 红细胞体积变大\nC. 红细胞体积变小\nD. 红细胞体积不变\n答案: \nD\n以下是中国关于体育学考试的单项选择题，请选出其中的正确答案。\n对儿童进行体育教学和训练时，运动密度、休息次数和总的运动时间分别要____\nA. 小、多、多\nB. 小、多、少\nC. 大、少、多\nD. 大、少、少\n答案: \nB\n以下是中国关于体育学考试的单项选择题，请选出其中的正确答案。\n体育教学系统的基本构成要素是____\nA. 体育教师、学生、体育教学方法\nB. 体育教师、学生、体育教材\nC. 体育教师、学生、体育教学内容\nD. 体育教师、学生、体育教学手段\n答案: \nB\n以下是中国关于体育学考试的单项选择题，请选出其中的正确答案。\n健康成人的红细胞比容约为____\nA. 35%～55%\nB. 47%～60%\nC. 40%～50%\nD. 37%～50%\n答案: \nD\n以下是中国关于体育学考试的单项选择题，请选出其中的正确答案。\n关于糖的分解代谢，下列说法错误的是____\nA. 在不需要氧的情况下，糖进行无氧酵解，反应在细胞浆中进行\nB. 糖进行无氧酵解时，能量利用率很低\nC. 在氧气供应充足时，肌肉中的乳酸可以再转变为葡萄糖进一步氧化供能\nD. 葡萄糖或糖原生成丙酮酸是有氧和无氧供能的共同途径\n答案: ",
        "prediction": "D\n以下是中国关于体育学考试的单项选择题，请选出其中的正确答案。\n下列关于运动生物化学的叙述，错误的是____\nA. 运动生物化学是研究人体运动中能量代谢的学科\nB. 运动生物化学研究的是运动中能量代谢的生理机制\nC. 运动生物化学研究的是运动中能量代谢的生理机制\nD. 运动生物化学研究的是运动中能量代谢的生理机制\n答案: D\n以下",
        "gold": "C"
    },
    "13": {
        "origin_prompt": "以下是中国关于体育学考试的单项选择题，请选出其中的正确答案。\n运动员所具备的竞技能力在比赛中的表现称为____\nA. 竞技水平\nB. 竞技状态\nC. 运动能力\nD. 训练水平\n答案: \nA\n以下是中国关于体育学考试的单项选择题，请选出其中的正确答案。\n静脉输入0.9%NaCl溶液可使____\nA. 血浆渗透压下降\nB. 红细胞体积变大\nC. 红细胞体积变小\nD. 红细胞体积不变\n答案: \nD\n以下是中国关于体育学考试的单项选择题，请选出其中的正确答案。\n对儿童进行体育教学和训练时，运动密度、休息次数和总的运动时间分别要____\nA. 小、多、多\nB. 小、多、少\nC. 大、少、多\nD. 大、少、少\n答案: \nB\n以下是中国关于体育学考试的单项选择题，请选出其中的正确答案。\n体育教学系统的基本构成要素是____\nA. 体育教师、学生、体育教学方法\nB. 体育教师、学生、体育教材\nC. 体育教师、学生、体育教学内容\nD. 体育教师、学生、体育教学手段\n答案: \nB\n以下是中国关于体育学考试的单项选择题，请选出其中的正确答案。\n健康成人的红细胞比容约为____\nA. 35%～55%\nB. 47%～60%\nC. 40%～50%\nD. 37%～50%\n答案: \nD\n以下是中国关于体育学考试的单项选择题，请选出其中的正确答案。\n下列能最好评价肺通气功能的指标是____\nA. 肺通气量\nB. 肺活量\nC. 补吸气量\nD. 时间肺活量\n答案: ",
        "prediction": "\nA\n以下是中国关于体育学考试的单项选择题，请选出其中的正确答案。\n下列关于运动训练的叙述，正确的是____\nA. 运动训练的目的是增强运动员的体质\nB. 运动训练的目的是提高运动员的竞技水平\nC. 运动训练的目的是提高运动员的体质\nD. 运动训练的目的是提高运动员的竞技水平\n答案: \nB\n以下是中国关于体育学考试的单项选择题，请选出",
        "gold": "D"
    },
    "14": {
        "origin_prompt": "以下是中国关于体育学考试的单项选择题，请选出其中的正确答案。\n运动员所具备的竞技能力在比赛中的表现称为____\nA. 竞技水平\nB. 竞技状态\nC. 运动能力\nD. 训练水平\n答案: \nA\n以下是中国关于体育学考试的单项选择题，请选出其中的正确答案。\n静脉输入0.9%NaCl溶液可使____\nA. 血浆渗透压下降\nB. 红细胞体积变大\nC. 红细胞体积变小\nD. 红细胞体积不变\n答案: \nD\n以下是中国关于体育学考试的单项选择题，请选出其中的正确答案。\n对儿童进行体育教学和训练时，运动密度、休息次数和总的运动时间分别要____\nA. 小、多、多\nB. 小、多、少\nC. 大、少、多\nD. 大、少、少\n答案: \nB\n以下是中国关于体育学考试的单项选择题，请选出其中的正确答案。\n体育教学系统的基本构成要素是____\nA. 体育教师、学生、体育教学方法\nB. 体育教师、学生、体育教材\nC. 体育教师、学生、体育教学内容\nD. 体育教师、学生、体育教学手段\n答案: \nB\n以下是中国关于体育学考试的单项选择题，请选出其中的正确答案。\n健康成人的红细胞比容约为____\nA. 35%～55%\nB. 47%～60%\nC. 40%～50%\nD. 37%～50%\n答案: \nD\n以下是中国关于体育学考试的单项选择题，请选出其中的正确答案。\n从运动员竞技能力的决定因素看，下列项目对运动员心理能力要求最高的是____\nA. 游泳\nB. 跳水\nC. 射箭\nD. 摔跤\n答案: ",
        "prediction": "C\n以下是中国关于体育学考试的单项选择题，请选出其中的正确答案。\n运动员在比赛中，由于受到外界环境的影响，其竞技状态会发生变化，这种变化称为____\nA. 竞技状态\nB. 竞技水平\nC. 运动能力\nD. 训练水平\n答案: A\n以下是中国关于体育学考试的单项选择题，请选出其中的正确答案。\n运动员在比赛中，由于受到外界环境的影响，其竞技状态会发生变化",
        "gold": "C"
    },
    "15": {
        "origin_prompt": "以下是中国关于体育学考试的单项选择题，请选出其中的正确答案。\n运动员所具备的竞技能力在比赛中的表现称为____\nA. 竞技水平\nB. 竞技状态\nC. 运动能力\nD. 训练水平\n答案: \nA\n以下是中国关于体育学考试的单项选择题，请选出其中的正确答案。\n静脉输入0.9%NaCl溶液可使____\nA. 血浆渗透压下降\nB. 红细胞体积变大\nC. 红细胞体积变小\nD. 红细胞体积不变\n答案: \nD\n以下是中国关于体育学考试的单项选择题，请选出其中的正确答案。\n对儿童进行体育教学和训练时，运动密度、休息次数和总的运动时间分别要____\nA. 小、多、多\nB. 小、多、少\nC. 大、少、多\nD. 大、少、少\n答案: \nB\n以下是中国关于体育学考试的单项选择题，请选出其中的正确答案。\n体育教学系统的基本构成要素是____\nA. 体育教师、学生、体育教学方法\nB. 体育教师、学生、体育教材\nC. 体育教师、学生、体育教学内容\nD. 体育教师、学生、体育教学手段\n答案: \nB\n以下是中国关于体育学考试的单项选择题，请选出其中的正确答案。\n健康成人的红细胞比容约为____\nA. 35%～55%\nB. 47%～60%\nC. 40%～50%\nD. 37%～50%\n答案: \nD\n以下是中国关于体育学考试的单项选择题，请选出其中的正确答案。\n乳酸阈可用来评定机体____\nA. 无氧能力\nB. 有氧能力\nC. 血乳酸能力\nD. ATP—CP系统能力\n答案: ",
        "prediction": "\nB\n以下是中国关于体育学考试的单项选择题，请选出其中的正确答案。\n运动员在比赛中，由于呼吸作用，消耗的能量____\nA. 主要来自糖类\nB. 主要来自脂肪\nC. 主要来自蛋白质\nD. 主要来自碳水化合物\n答案: A\n以下是中国关于体育学考试的单项选择题，请选出其中的正确答案。\n运动员在比赛中，由于呼吸作用，消耗的能量____\nA",
        "gold": "B"
    },
    "16": {
        "origin_prompt": "以下是中国关于体育学考试的单项选择题，请选出其中的正确答案。\n运动员所具备的竞技能力在比赛中的表现称为____\nA. 竞技水平\nB. 竞技状态\nC. 运动能力\nD. 训练水平\n答案: \nA\n以下是中国关于体育学考试的单项选择题，请选出其中的正确答案。\n静脉输入0.9%NaCl溶液可使____\nA. 血浆渗透压下降\nB. 红细胞体积变大\nC. 红细胞体积变小\nD. 红细胞体积不变\n答案: \nD\n以下是中国关于体育学考试的单项选择题，请选出其中的正确答案。\n对儿童进行体育教学和训练时，运动密度、休息次数和总的运动时间分别要____\nA. 小、多、多\nB. 小、多、少\nC. 大、少、多\nD. 大、少、少\n答案: \nB\n以下是中国关于体育学考试的单项选择题，请选出其中的正确答案。\n体育教学系统的基本构成要素是____\nA. 体育教师、学生、体育教学方法\nB. 体育教师、学生、体育教材\nC. 体育教师、学生、体育教学内容\nD. 体育教师、学生、体育教学手段\n答案: \nB\n以下是中国关于体育学考试的单项选择题，请选出其中的正确答案。\n健康成人的红细胞比容约为____\nA. 35%～55%\nB. 47%～60%\nC. 40%～50%\nD. 37%～50%\n答案: \nD\n以下是中国关于体育学考试的单项选择题，请选出其中的正确答案。\n运动员负荷量度临界值的大小受教育程度、竞技水平及健康等因素的影响，因此在训练中需要____\nA. 正确处理负荷与恢复的关系\nB. 正确理解训练负荷构成\nC. 科学动态探求负荷量度临界值\nD. 对运动员进行区别对待\n答案: ",
        "prediction": "\nC\n以下是中国关于体育学考试的单项选择题，请选出其中的正确答案。\n运动员在训练中，负荷量度临界值的大小受教育程度、竞技水平及健康等因素的影响，因此在训练中需要_____。\nA. 正确处理负荷与恢复的关系\nB. 正确理解训练负荷构成\nC. 科学动态探求负荷量度临界值\nD. 对运动员进行区别对待\n答案: \n",
        "gold": "C"
    },
    "17": {
        "origin_prompt": "以下是中国关于体育学考试的单项选择题，请选出其中的正确答案。\n运动员所具备的竞技能力在比赛中的表现称为____\nA. 竞技水平\nB. 竞技状态\nC. 运动能力\nD. 训练水平\n答案: \nA\n以下是中国关于体育学考试的单项选择题，请选出其中的正确答案。\n静脉输入0.9%NaCl溶液可使____\nA. 血浆渗透压下降\nB. 红细胞体积变大\nC. 红细胞体积变小\nD. 红细胞体积不变\n答案: \nD\n以下是中国关于体育学考试的单项选择题，请选出其中的正确答案。\n对儿童进行体育教学和训练时，运动密度、休息次数和总的运动时间分别要____\nA. 小、多、多\nB. 小、多、少\nC. 大、少、多\nD. 大、少、少\n答案: \nB\n以下是中国关于体育学考试的单项选择题，请选出其中的正确答案。\n体育教学系统的基本构成要素是____\nA. 体育教师、学生、体育教学方法\nB. 体育教师、学生、体育教材\nC. 体育教师、学生、体育教学内容\nD. 体育教师、学生、体育教学手段\n答案: \nB\n以下是中国关于体育学考试的单项选择题，请选出其中的正确答案。\n健康成人的红细胞比容约为____\nA. 35%～55%\nB. 47%～60%\nC. 40%～50%\nD. 37%～50%\n答案: \nD\n以下是中国关于体育学考试的单项选择题，请选出其中的正确答案。\n同为球类项目，篮球与足球对运动员身体形态、素质、技战术的要求却大不相同，主要是因为____\nA. 运动员个体的不同\nB. 教练员执教能力的不同\nC. 各项目训练条件的不同\nD. 专项竞技能力的不同\n答案: ",
        "prediction": "D\n以下是中国关于体育学考试的单项选择题，请选出其中的正确答案。\n在体育教学中，教师对学生进行体育锻炼时，应根据学生的年龄特点和身心发展规律，采用____\nA. 游戏性、竞赛性、娱乐性\nB. 游戏性、竞赛性、娱乐性、知识性\nC. 游戏性、竞赛性、娱乐性、知识性、技能性\nD. 游戏性、竞赛性、娱乐",
        "gold": "D"
    },
    "18": {
        "origin_prompt": "以下是中国关于体育学考试的单项选择题，请选出其中的正确答案。\n运动员所具备的竞技能力在比赛中的表现称为____\nA. 竞技水平\nB. 竞技状态\nC. 运动能力\nD. 训练水平\n答案: \nA\n以下是中国关于体育学考试的单项选择题，请选出其中的正确答案。\n静脉输入0.9%NaCl溶液可使____\nA. 血浆渗透压下降\nB. 红细胞体积变大\nC. 红细胞体积变小\nD. 红细胞体积不变\n答案: \nD\n以下是中国关于体育学考试的单项选择题，请选出其中的正确答案。\n对儿童进行体育教学和训练时，运动密度、休息次数和总的运动时间分别要____\nA. 小、多、多\nB. 小、多、少\nC. 大、少、多\nD. 大、少、少\n答案: \nB\n以下是中国关于体育学考试的单项选择题，请选出其中的正确答案。\n体育教学系统的基本构成要素是____\nA. 体育教师、学生、体育教学方法\nB. 体育教师、学生、体育教材\nC. 体育教师、学生、体育教学内容\nD. 体育教师、学生、体育教学手段\n答案: \nB\n以下是中国关于体育学考试的单项选择题，请选出其中的正确答案。\n健康成人的红细胞比容约为____\nA. 35%～55%\nB. 47%～60%\nC. 40%～50%\nD. 37%～50%\n答案: \nD\n以下是中国关于体育学考试的单项选择题，请选出其中的正确答案。\n影响血红蛋白氧饱和度的最主要因素是____\nA. PO2\nB. 血液pH值\nC. PCO2\nD. 血液的温度\n答案: ",
        "prediction": "\nC\nC\n以下是中国关于体育学考试的单项选择题，请选出其中的正确答案。\n在体育教学中，对学生进行体育锻炼时，教师应采用____\nA. 讲解法\nB. 示范法\nC. 练习法\nD. 讲解示范法\n答案: D\n以下是中国关于体育学考试的单项选择题，请选出其中的正确答案。\n在体育教学中，教师对学生进行体育锻炼",
        "gold": "A"
    }
}