{
    "0": {
        "origin_prompt": "以下是中国关于法律职业资格考试的单项选择题，请选出其中的正确答案。\n关于假释的说法，下列哪一选项是正确的?____\nA. 被判处无期徒刑的罪犯，实际执行13年方可假释，假释考验期为13年\nB. 死缓犯减刑为无期徒刑的，实际执行25年方可假释；减为25年有期徒刑的，实际执行20年方可假释\nC. 数罪并罚为无期徒刑的罪犯，也有可能适用假释\nD. 不得假释的犯罪分子必须限于暴力性犯罪\n答案: \nC\n以下是中国关于法律职业资格考试的单项选择题，请选出其中的正确答案。\n某市甲区某企业经位于乙区的市建委批准在甲区建设一栋3层的厂房。但在施工过程中，擅自加至5层。市建委以其违法建房为由要求将整栋楼全部拆除。该企业不服向位于丙区的市政府申请复议，市政府经复议后决定责令该企业将超层部分拆除。对此，下列哪些说法正确?____\nA. 若该企业不服起诉的，应当向该市中级人民法院起诉\nB. 若该企业不服起诉的，可以向该市乙区人民法院起诉\nC. 若该企业不起诉，又不拆除超层部分的，该市建委可以申请甲区人民法院强制执行\nD. 若该企业不起诉，又不拆除超层部分的，该市人民政府可以申请丙区人民法院强制执行\n答案: \nA\n以下是中国关于法律职业资格考试的单项选择题，请选出其中的正确答案。\n关于期间的规定，下列哪一选项是正确的?____\nA. 拘留后公安机关应当在12小时内将被拘留人送往看守所羁押，并在拘留后24小时内通知其家属\nB. 犯罪嫌疑人对检察院的酌定不起诉不服的可以在收到决定书后5日内向检察院申诉\nC. 在审判过程中由于被告人逃脱而中止审理的，中止审理的期间不计入审理期间\nD. 检察院应当在接到公安机关提请批准逮捕书的5日内作出决定\n答案: \nC\n以下是中国关于法律职业资格考试的单项选择题，请选出其中的正确答案。\n关于我国民事诉讼中检察院的职能行使，说法正确的是：____\nA. 只有没有其他法定主体或者其他法定主体不起诉时，检察院才可以提起公益诉讼\nB. 当事人认为生效判决存在错误的，可以直接向法院申请再审或者直接向检察院申请抗诉\nC. 检察院以当事人身份提出公益诉讼和抗诉时，要出庭参加民事诉讼\nD. 检察院提出抗诉后撤回抗诉的，再审程序终结，原审判决生效\n答案: \nA\n以下是中国关于法律职业资格考试的单项选择题，请选出其中的正确答案。\n张某，甲市人，中国乙市远洋运输公司“黎明号”货轮船员。“黎明号”航行在公海时，张某因与另一船员李某发生口角将其打成重伤。货轮返回中国首泊丙市港口时，张某趁机潜逃，后在丁市被抓获。该案应当由下列哪一法院行使管辖权?____\nA. 甲市法院\nB. 乙市法院\nC. 丙市法院\nD. 丁市法院\n答案: \nC\n以下是中国关于法律职业资格考试的单项选择题，请选出其中的正确答案。\n佳普公司在其制造和出售的打印机和打印机墨盒产品上注册了“佳普”商标。下列未经该公司许可的哪一行为侵犯了“佳普”注册商标专用权?____\nA. 甲在店铺招牌中标有“佳普打印机专营”字样，只销售佳普公司制造的打印机\nB. 乙制造并销售与佳普打印机兼容的墨盒，该墨盒上印有乙的名称和其注册商标“金兴”，但标有“本产品适用于佳普打印机”\nC. 丙把购买的“佳普”墨盒装入自己制造的打印机后销售，该打印机上印有丙的名称和其注册商标“东升”，但标有“本产品使用佳普墨盒”\nD. 丁回收墨水用尽的“佳普”牌墨盒，灌注廉价墨水后销售\n答案: ",
        "prediction": "\nB\n\nC\n\nD\n\nD\n以下是中国关于法律职业资格考试的单项选择题，请选出其中的正确答案。\n下列哪一行为属于侵犯商标权的行为?____\nA. 甲在店铺招牌中标有“佳普打印机专营”字样，只销售佳普公司制造的打印机\nB. 乙制造并销售与佳普打印机兼容的墨盒，该墨盒上印有",
        "gold": "D"
    },
    "1": {
        "origin_prompt": "以下是中国关于法律职业资格考试的单项选择题，请选出其中的正确答案。\n关于假释的说法，下列哪一选项是正确的?____\nA. 被判处无期徒刑的罪犯，实际执行13年方可假释，假释考验期为13年\nB. 死缓犯减刑为无期徒刑的，实际执行25年方可假释；减为25年有期徒刑的，实际执行20年方可假释\nC. 数罪并罚为无期徒刑的罪犯，也有可能适用假释\nD. 不得假释的犯罪分子必须限于暴力性犯罪\n答案: \nC\n以下是中国关于法律职业资格考试的单项选择题，请选出其中的正确答案。\n某市甲区某企业经位于乙区的市建委批准在甲区建设一栋3层的厂房。但在施工过程中，擅自加至5层。市建委以其违法建房为由要求将整栋楼全部拆除。该企业不服向位于丙区的市政府申请复议，市政府经复议后决定责令该企业将超层部分拆除。对此，下列哪些说法正确?____\nA. 若该企业不服起诉的，应当向该市中级人民法院起诉\nB. 若该企业不服起诉的，可以向该市乙区人民法院起诉\nC. 若该企业不起诉，又不拆除超层部分的，该市建委可以申请甲区人民法院强制执行\nD. 若该企业不起诉，又不拆除超层部分的，该市人民政府可以申请丙区人民法院强制执行\n答案: \nA\n以下是中国关于法律职业资格考试的单项选择题，请选出其中的正确答案。\n关于期间的规定，下列哪一选项是正确的?____\nA. 拘留后公安机关应当在12小时内将被拘留人送往看守所羁押，并在拘留后24小时内通知其家属\nB. 犯罪嫌疑人对检察院的酌定不起诉不服的可以在收到决定书后5日内向检察院申诉\nC. 在审判过程中由于被告人逃脱而中止审理的，中止审理的期间不计入审理期间\nD. 检察院应当在接到公安机关提请批准逮捕书的5日内作出决定\n答案: \nC\n以下是中国关于法律职业资格考试的单项选择题，请选出其中的正确答案。\n关于我国民事诉讼中检察院的职能行使，说法正确的是：____\nA. 只有没有其他法定主体或者其他法定主体不起诉时，检察院才可以提起公益诉讼\nB. 当事人认为生效判决存在错误的，可以直接向法院申请再审或者直接向检察院申请抗诉\nC. 检察院以当事人身份提出公益诉讼和抗诉时，要出庭参加民事诉讼\nD. 检察院提出抗诉后撤回抗诉的，再审程序终结，原审判决生效\n答案: \nA\n以下是中国关于法律职业资格考试的单项选择题，请选出其中的正确答案。\n张某，甲市人，中国乙市远洋运输公司“黎明号”货轮船员。“黎明号”航行在公海时，张某因与另一船员李某发生口角将其打成重伤。货轮返回中国首泊丙市港口时，张某趁机潜逃，后在丁市被抓获。该案应当由下列哪一法院行使管辖权?____\nA. 甲市法院\nB. 乙市法院\nC. 丙市法院\nD. 丁市法院\n答案: \nC\n以下是中国关于法律职业资格考试的单项选择题，请选出其中的正确答案。\n王某系聋哑人，因涉嫌盗窃罪被提起公诉。关于本案，下列哪一选项是正确的?____\nA. 讯问王某时，如有必要可通知通晓聋哑手势的人参加\nB. 王某没有委托辩护人，应通知法律援助机构指派律师为其提供辩护\nC. 辩护人经通知未到庭，经王某同意，法院决定开庭审理\nD. 因事实清楚且王某认罪，实行独任审判\n答案: ",
        "prediction": "B\n以下是中国关于法律职业资格考试的单项选择题，请选出其中的正确答案。\n下列哪一选项是正确的?____\nA. 甲市法院受理的案件，乙市法院可以管辖\nB. 乙市法院受理的案件，甲市法院可以管辖\nC. 甲市法院受理的案件，乙市法院不能管辖\nD. 乙市法院受理的案件，甲市法院不能管辖\n答案: \nC\n以下是中国",
        "gold": "B"
    },
    "2": {
        "origin_prompt": "以下是中国关于法律职业资格考试的单项选择题，请选出其中的正确答案。\n关于假释的说法，下列哪一选项是正确的?____\nA. 被判处无期徒刑的罪犯，实际执行13年方可假释，假释考验期为13年\nB. 死缓犯减刑为无期徒刑的，实际执行25年方可假释；减为25年有期徒刑的，实际执行20年方可假释\nC. 数罪并罚为无期徒刑的罪犯，也有可能适用假释\nD. 不得假释的犯罪分子必须限于暴力性犯罪\n答案: \nC\n以下是中国关于法律职业资格考试的单项选择题，请选出其中的正确答案。\n某市甲区某企业经位于乙区的市建委批准在甲区建设一栋3层的厂房。但在施工过程中，擅自加至5层。市建委以其违法建房为由要求将整栋楼全部拆除。该企业不服向位于丙区的市政府申请复议，市政府经复议后决定责令该企业将超层部分拆除。对此，下列哪些说法正确?____\nA. 若该企业不服起诉的，应当向该市中级人民法院起诉\nB. 若该企业不服起诉的，可以向该市乙区人民法院起诉\nC. 若该企业不起诉，又不拆除超层部分的，该市建委可以申请甲区人民法院强制执行\nD. 若该企业不起诉，又不拆除超层部分的，该市人民政府可以申请丙区人民法院强制执行\n答案: \nA\n以下是中国关于法律职业资格考试的单项选择题，请选出其中的正确答案。\n关于期间的规定，下列哪一选项是正确的?____\nA. 拘留后公安机关应当在12小时内将被拘留人送往看守所羁押，并在拘留后24小时内通知其家属\nB. 犯罪嫌疑人对检察院的酌定不起诉不服的可以在收到决定书后5日内向检察院申诉\nC. 在审判过程中由于被告人逃脱而中止审理的，中止审理的期间不计入审理期间\nD. 检察院应当在接到公安机关提请批准逮捕书的5日内作出决定\n答案: \nC\n以下是中国关于法律职业资格考试的单项选择题，请选出其中的正确答案。\n关于我国民事诉讼中检察院的职能行使，说法正确的是：____\nA. 只有没有其他法定主体或者其他法定主体不起诉时，检察院才可以提起公益诉讼\nB. 当事人认为生效判决存在错误的，可以直接向法院申请再审或者直接向检察院申请抗诉\nC. 检察院以当事人身份提出公益诉讼和抗诉时，要出庭参加民事诉讼\nD. 检察院提出抗诉后撤回抗诉的，再审程序终结，原审判决生效\n答案: \nA\n以下是中国关于法律职业资格考试的单项选择题，请选出其中的正确答案。\n张某，甲市人，中国乙市远洋运输公司“黎明号”货轮船员。“黎明号”航行在公海时，张某因与另一船员李某发生口角将其打成重伤。货轮返回中国首泊丙市港口时，张某趁机潜逃，后在丁市被抓获。该案应当由下列哪一法院行使管辖权?____\nA. 甲市法院\nB. 乙市法院\nC. 丙市法院\nD. 丁市法院\n答案: \nC\n以下是中国关于法律职业资格考试的单项选择题，请选出其中的正确答案。\n下列关于公诉的表述，哪一选项是正确的?____\nA. 我国公诉制度奉行公诉独占主义\nB. 我国公诉制度奉行起诉法定主义\nC. 检察院对于公安机关移送审查起诉的案件，应当在一个月内作出决定，对于重大、复杂的案件，经过检察长批准，可以延长半个月\nD. 甲县检察机关审查起诉王某贪污一案，如果甲县检察机关认为王某可能被判处死刑，将案件移交某市检察机关审查起诉的，某市检察机关应当累计计算审查起诉期限\n答案: ",
        "prediction": "\nC\nB\nC\nD\nB\nA\nB\nD\nA\nB\nD\nA\nB\nD\nA\nB\nD\nA\nB\nD\nA\nB\nD\nA\nB\nD\nA\nB\nD\nA\nB\nD\nA",
        "gold": "C"
    },
    "3": {
        "origin_prompt": "以下是中国关于法律职业资格考试的单项选择题，请选出其中的正确答案。\n关于假释的说法，下列哪一选项是正确的?____\nA. 被判处无期徒刑的罪犯，实际执行13年方可假释，假释考验期为13年\nB. 死缓犯减刑为无期徒刑的，实际执行25年方可假释；减为25年有期徒刑的，实际执行20年方可假释\nC. 数罪并罚为无期徒刑的罪犯，也有可能适用假释\nD. 不得假释的犯罪分子必须限于暴力性犯罪\n答案: \nC\n以下是中国关于法律职业资格考试的单项选择题，请选出其中的正确答案。\n某市甲区某企业经位于乙区的市建委批准在甲区建设一栋3层的厂房。但在施工过程中，擅自加至5层。市建委以其违法建房为由要求将整栋楼全部拆除。该企业不服向位于丙区的市政府申请复议，市政府经复议后决定责令该企业将超层部分拆除。对此，下列哪些说法正确?____\nA. 若该企业不服起诉的，应当向该市中级人民法院起诉\nB. 若该企业不服起诉的，可以向该市乙区人民法院起诉\nC. 若该企业不起诉，又不拆除超层部分的，该市建委可以申请甲区人民法院强制执行\nD. 若该企业不起诉，又不拆除超层部分的，该市人民政府可以申请丙区人民法院强制执行\n答案: \nA\n以下是中国关于法律职业资格考试的单项选择题，请选出其中的正确答案。\n关于期间的规定，下列哪一选项是正确的?____\nA. 拘留后公安机关应当在12小时内将被拘留人送往看守所羁押，并在拘留后24小时内通知其家属\nB. 犯罪嫌疑人对检察院的酌定不起诉不服的可以在收到决定书后5日内向检察院申诉\nC. 在审判过程中由于被告人逃脱而中止审理的，中止审理的期间不计入审理期间\nD. 检察院应当在接到公安机关提请批准逮捕书的5日内作出决定\n答案: \nC\n以下是中国关于法律职业资格考试的单项选择题，请选出其中的正确答案。\n关于我国民事诉讼中检察院的职能行使，说法正确的是：____\nA. 只有没有其他法定主体或者其他法定主体不起诉时，检察院才可以提起公益诉讼\nB. 当事人认为生效判决存在错误的，可以直接向法院申请再审或者直接向检察院申请抗诉\nC. 检察院以当事人身份提出公益诉讼和抗诉时，要出庭参加民事诉讼\nD. 检察院提出抗诉后撤回抗诉的，再审程序终结，原审判决生效\n答案: \nA\n以下是中国关于法律职业资格考试的单项选择题，请选出其中的正确答案。\n张某，甲市人，中国乙市远洋运输公司“黎明号”货轮船员。“黎明号”航行在公海时，张某因与另一船员李某发生口角将其打成重伤。货轮返回中国首泊丙市港口时，张某趁机潜逃，后在丁市被抓获。该案应当由下列哪一法院行使管辖权?____\nA. 甲市法院\nB. 乙市法院\nC. 丙市法院\nD. 丁市法院\n答案: \nC\n以下是中国关于法律职业资格考试的单项选择题，请选出其中的正确答案。\n由于各国法律关于住所的规定不同，自然人的住所也会发生冲突，依据我国法律规定：____\nA. 当事人有几个住所的，以后取得的住所地为准\nB. 当事人有几个住所的，以当事人现在居住地为准\nC. 当事人有几个住所的，以与当事人最密切联系的住所为准\nD. 当事人没有住所的，以当事人的经常居住地为准\n答案: ",
        "prediction": "D\n以下是中国关于法律职业资格考试的单项选择题，请选出其中的正确答案。\n下列哪一选项是正确的？____\nA. 我国法律规定，公民的姓名权、肖像权、名誉权、荣誉权、隐私权受法律保护\nB. 我国法律规定，公民的姓名权受法律保护，但是姓名权不得损害国家、集体、第三人的利益\nC. 我国法律规定，公民的姓名权受法律保护，但是",
        "gold": "D"
    },
    "4": {
        "origin_prompt": "以下是中国关于法律职业资格考试的单项选择题，请选出其中的正确答案。\n关于假释的说法，下列哪一选项是正确的?____\nA. 被判处无期徒刑的罪犯，实际执行13年方可假释，假释考验期为13年\nB. 死缓犯减刑为无期徒刑的，实际执行25年方可假释；减为25年有期徒刑的，实际执行20年方可假释\nC. 数罪并罚为无期徒刑的罪犯，也有可能适用假释\nD. 不得假释的犯罪分子必须限于暴力性犯罪\n答案: \nC\n以下是中国关于法律职业资格考试的单项选择题，请选出其中的正确答案。\n某市甲区某企业经位于乙区的市建委批准在甲区建设一栋3层的厂房。但在施工过程中，擅自加至5层。市建委以其违法建房为由要求将整栋楼全部拆除。该企业不服向位于丙区的市政府申请复议，市政府经复议后决定责令该企业将超层部分拆除。对此，下列哪些说法正确?____\nA. 若该企业不服起诉的，应当向该市中级人民法院起诉\nB. 若该企业不服起诉的，可以向该市乙区人民法院起诉\nC. 若该企业不起诉，又不拆除超层部分的，该市建委可以申请甲区人民法院强制执行\nD. 若该企业不起诉，又不拆除超层部分的，该市人民政府可以申请丙区人民法院强制执行\n答案: \nA\n以下是中国关于法律职业资格考试的单项选择题，请选出其中的正确答案。\n关于期间的规定，下列哪一选项是正确的?____\nA. 拘留后公安机关应当在12小时内将被拘留人送往看守所羁押，并在拘留后24小时内通知其家属\nB. 犯罪嫌疑人对检察院的酌定不起诉不服的可以在收到决定书后5日内向检察院申诉\nC. 在审判过程中由于被告人逃脱而中止审理的，中止审理的期间不计入审理期间\nD. 检察院应当在接到公安机关提请批准逮捕书的5日内作出决定\n答案: \nC\n以下是中国关于法律职业资格考试的单项选择题，请选出其中的正确答案。\n关于我国民事诉讼中检察院的职能行使，说法正确的是：____\nA. 只有没有其他法定主体或者其他法定主体不起诉时，检察院才可以提起公益诉讼\nB. 当事人认为生效判决存在错误的，可以直接向法院申请再审或者直接向检察院申请抗诉\nC. 检察院以当事人身份提出公益诉讼和抗诉时，要出庭参加民事诉讼\nD. 检察院提出抗诉后撤回抗诉的，再审程序终结，原审判决生效\n答案: \nA\n以下是中国关于法律职业资格考试的单项选择题，请选出其中的正确答案。\n张某，甲市人，中国乙市远洋运输公司“黎明号”货轮船员。“黎明号”航行在公海时，张某因与另一船员李某发生口角将其打成重伤。货轮返回中国首泊丙市港口时，张某趁机潜逃，后在丁市被抓获。该案应当由下列哪一法院行使管辖权?____\nA. 甲市法院\nB. 乙市法院\nC. 丙市法院\nD. 丁市法院\n答案: \nC\n以下是中国关于法律职业资格考试的单项选择题，请选出其中的正确答案。\n张三和李四的房屋纠纷一案，经武汉市洪山区基层法院判决房屋归张三所有。生效法律文书作出后，王五认为房屋归自己所有，向法院提起第三人撤销之诉，检察院认为原判决错误，提起抗诉，法院裁定再审。下列关于这两种程序说法哪一项是正确的?____\nA. 王五的第三人撤销之诉和检察院的抗诉均应向武汉市中级人民法院提出\nB. 因王五先提起第三人撤销之诉，法院应先审理第三人撤销之诉，中止再审程序\nC. 法院应该优先审理再审，将第三人撤销之诉并人再审\nD. 法院应该优先审理再审，将第三人撤销之诉并人再审，但张三、李四恶意串通损害王五合法权益的，则第三人撤销之诉优先\n答案: ",
        "prediction": "\nA\nB\nC\nD\n答案: A\n\n\nC\n\n\nD\n\n\nD\n\n\nD\n\n\nD\n\n\nD\n\n\nD\n\n\nD\n\n\nD\n\n\nD\n\n\nD\n\n\n",
        "gold": "D"
    },
    "5": {
        "origin_prompt": "以下是中国关于法律职业资格考试的单项选择题，请选出其中的正确答案。\n关于假释的说法，下列哪一选项是正确的?____\nA. 被判处无期徒刑的罪犯，实际执行13年方可假释，假释考验期为13年\nB. 死缓犯减刑为无期徒刑的，实际执行25年方可假释；减为25年有期徒刑的，实际执行20年方可假释\nC. 数罪并罚为无期徒刑的罪犯，也有可能适用假释\nD. 不得假释的犯罪分子必须限于暴力性犯罪\n答案: \nC\n以下是中国关于法律职业资格考试的单项选择题，请选出其中的正确答案。\n某市甲区某企业经位于乙区的市建委批准在甲区建设一栋3层的厂房。但在施工过程中，擅自加至5层。市建委以其违法建房为由要求将整栋楼全部拆除。该企业不服向位于丙区的市政府申请复议，市政府经复议后决定责令该企业将超层部分拆除。对此，下列哪些说法正确?____\nA. 若该企业不服起诉的，应当向该市中级人民法院起诉\nB. 若该企业不服起诉的，可以向该市乙区人民法院起诉\nC. 若该企业不起诉，又不拆除超层部分的，该市建委可以申请甲区人民法院强制执行\nD. 若该企业不起诉，又不拆除超层部分的，该市人民政府可以申请丙区人民法院强制执行\n答案: \nA\n以下是中国关于法律职业资格考试的单项选择题，请选出其中的正确答案。\n关于期间的规定，下列哪一选项是正确的?____\nA. 拘留后公安机关应当在12小时内将被拘留人送往看守所羁押，并在拘留后24小时内通知其家属\nB. 犯罪嫌疑人对检察院的酌定不起诉不服的可以在收到决定书后5日内向检察院申诉\nC. 在审判过程中由于被告人逃脱而中止审理的，中止审理的期间不计入审理期间\nD. 检察院应当在接到公安机关提请批准逮捕书的5日内作出决定\n答案: \nC\n以下是中国关于法律职业资格考试的单项选择题，请选出其中的正确答案。\n关于我国民事诉讼中检察院的职能行使，说法正确的是：____\nA. 只有没有其他法定主体或者其他法定主体不起诉时，检察院才可以提起公益诉讼\nB. 当事人认为生效判决存在错误的，可以直接向法院申请再审或者直接向检察院申请抗诉\nC. 检察院以当事人身份提出公益诉讼和抗诉时，要出庭参加民事诉讼\nD. 检察院提出抗诉后撤回抗诉的，再审程序终结，原审判决生效\n答案: \nA\n以下是中国关于法律职业资格考试的单项选择题，请选出其中的正确答案。\n张某，甲市人，中国乙市远洋运输公司“黎明号”货轮船员。“黎明号”航行在公海时，张某因与另一船员李某发生口角将其打成重伤。货轮返回中国首泊丙市港口时，张某趁机潜逃，后在丁市被抓获。该案应当由下列哪一法院行使管辖权?____\nA. 甲市法院\nB. 乙市法院\nC. 丙市法院\nD. 丁市法院\n答案: \nC\n以下是中国关于法律职业资格考试的单项选择题，请选出其中的正确答案。\n营业地在甲国的A公司作为买方，和营业地在乙国的B公司作为卖方，签订了一份成套设备买卖合同。关于本合同，以下说法正确的是____\nA. 双方可以约定适用《联合国国际货物买卖合同公约》(以下简称《公约》)，但是不能修改《公约》中的规定\nB. 若双方约定B公司负责运输，且价格术语为CIF，则双方关于投保险种的问题适用公约》的有关规定\nC. 若甲国为中国，则国际货物销售合同不是必须以书面形式订立或者证明\nD. 若B公司出售的成套设备，是通过拍卖方式销售给A公司的，则关于买卖双方的权利、义务不适用《公约》\n答案: ",
        "prediction": "B\n以下是中国关于法律职业资格考试的单项选择题，请选出其中的正确答案。\n下列哪一选项是正确的?____\nA. 甲公司与乙公司签订的合同，在甲公司住所地有管辖权\nB. 甲公司与乙公司签订的合同，在乙公司住所地有管辖权\nC. 甲公司与乙公司签订的合同，在甲公司住所地有管辖权\nD. 甲公司与乙公司",
        "gold": "D"
    },
    "6": {
        "origin_prompt": "以下是中国关于法律职业资格考试的单项选择题，请选出其中的正确答案。\n关于假释的说法，下列哪一选项是正确的?____\nA. 被判处无期徒刑的罪犯，实际执行13年方可假释，假释考验期为13年\nB. 死缓犯减刑为无期徒刑的，实际执行25年方可假释；减为25年有期徒刑的，实际执行20年方可假释\nC. 数罪并罚为无期徒刑的罪犯，也有可能适用假释\nD. 不得假释的犯罪分子必须限于暴力性犯罪\n答案: \nC\n以下是中国关于法律职业资格考试的单项选择题，请选出其中的正确答案。\n某市甲区某企业经位于乙区的市建委批准在甲区建设一栋3层的厂房。但在施工过程中，擅自加至5层。市建委以其违法建房为由要求将整栋楼全部拆除。该企业不服向位于丙区的市政府申请复议，市政府经复议后决定责令该企业将超层部分拆除。对此，下列哪些说法正确?____\nA. 若该企业不服起诉的，应当向该市中级人民法院起诉\nB. 若该企业不服起诉的，可以向该市乙区人民法院起诉\nC. 若该企业不起诉，又不拆除超层部分的，该市建委可以申请甲区人民法院强制执行\nD. 若该企业不起诉，又不拆除超层部分的，该市人民政府可以申请丙区人民法院强制执行\n答案: \nA\n以下是中国关于法律职业资格考试的单项选择题，请选出其中的正确答案。\n关于期间的规定，下列哪一选项是正确的?____\nA. 拘留后公安机关应当在12小时内将被拘留人送往看守所羁押，并在拘留后24小时内通知其家属\nB. 犯罪嫌疑人对检察院的酌定不起诉不服的可以在收到决定书后5日内向检察院申诉\nC. 在审判过程中由于被告人逃脱而中止审理的，中止审理的期间不计入审理期间\nD. 检察院应当在接到公安机关提请批准逮捕书的5日内作出决定\n答案: \nC\n以下是中国关于法律职业资格考试的单项选择题，请选出其中的正确答案。\n关于我国民事诉讼中检察院的职能行使，说法正确的是：____\nA. 只有没有其他法定主体或者其他法定主体不起诉时，检察院才可以提起公益诉讼\nB. 当事人认为生效判决存在错误的，可以直接向法院申请再审或者直接向检察院申请抗诉\nC. 检察院以当事人身份提出公益诉讼和抗诉时，要出庭参加民事诉讼\nD. 检察院提出抗诉后撤回抗诉的，再审程序终结，原审判决生效\n答案: \nA\n以下是中国关于法律职业资格考试的单项选择题，请选出其中的正确答案。\n张某，甲市人，中国乙市远洋运输公司“黎明号”货轮船员。“黎明号”航行在公海时，张某因与另一船员李某发生口角将其打成重伤。货轮返回中国首泊丙市港口时，张某趁机潜逃，后在丁市被抓获。该案应当由下列哪一法院行使管辖权?____\nA. 甲市法院\nB. 乙市法院\nC. 丙市法院\nD. 丁市法院\n答案: \nC\n以下是中国关于法律职业资格考试的单项选择题，请选出其中的正确答案。\n《法律适用法》第25条规定：父母子女人身、财产关系，适用共同经常居所地法律；没有共同经常居所地的，适用一方当事人经常居所地法律或者国籍国法律中有利于保护弱者权益的法律。该规定属于下列哪一种冲突规范?____\nA. 单边冲突规范\nB. 重叠适用的冲突规范\nC. 无条件选择适用的冲突规范\nD. 有条件选择适用的冲突规范\n答案: ",
        "prediction": "B\n以下是中国关于法律职业资格考试的单项选择题，请选出其中的正确答案。\n下列哪一选项不属于《中华人民共和国刑法》第37条规定的“情节较轻”的情形?____\nA. 犯罪分子具有自首情节\nB. 犯罪分子具有立功情节\nC. 犯罪分子具有认罪认罚情节\nD. 犯罪分子具有坦白情节\n答案: A\n以下是中国关于法律职业资格考试的单项选择题，请",
        "gold": "D"
    },
    "7": {
        "origin_prompt": "以下是中国关于法律职业资格考试的单项选择题，请选出其中的正确答案。\n关于假释的说法，下列哪一选项是正确的?____\nA. 被判处无期徒刑的罪犯，实际执行13年方可假释，假释考验期为13年\nB. 死缓犯减刑为无期徒刑的，实际执行25年方可假释；减为25年有期徒刑的，实际执行20年方可假释\nC. 数罪并罚为无期徒刑的罪犯，也有可能适用假释\nD. 不得假释的犯罪分子必须限于暴力性犯罪\n答案: \nC\n以下是中国关于法律职业资格考试的单项选择题，请选出其中的正确答案。\n某市甲区某企业经位于乙区的市建委批准在甲区建设一栋3层的厂房。但在施工过程中，擅自加至5层。市建委以其违法建房为由要求将整栋楼全部拆除。该企业不服向位于丙区的市政府申请复议，市政府经复议后决定责令该企业将超层部分拆除。对此，下列哪些说法正确?____\nA. 若该企业不服起诉的，应当向该市中级人民法院起诉\nB. 若该企业不服起诉的，可以向该市乙区人民法院起诉\nC. 若该企业不起诉，又不拆除超层部分的，该市建委可以申请甲区人民法院强制执行\nD. 若该企业不起诉，又不拆除超层部分的，该市人民政府可以申请丙区人民法院强制执行\n答案: \nA\n以下是中国关于法律职业资格考试的单项选择题，请选出其中的正确答案。\n关于期间的规定，下列哪一选项是正确的?____\nA. 拘留后公安机关应当在12小时内将被拘留人送往看守所羁押，并在拘留后24小时内通知其家属\nB. 犯罪嫌疑人对检察院的酌定不起诉不服的可以在收到决定书后5日内向检察院申诉\nC. 在审判过程中由于被告人逃脱而中止审理的，中止审理的期间不计入审理期间\nD. 检察院应当在接到公安机关提请批准逮捕书的5日内作出决定\n答案: \nC\n以下是中国关于法律职业资格考试的单项选择题，请选出其中的正确答案。\n关于我国民事诉讼中检察院的职能行使，说法正确的是：____\nA. 只有没有其他法定主体或者其他法定主体不起诉时，检察院才可以提起公益诉讼\nB. 当事人认为生效判决存在错误的，可以直接向法院申请再审或者直接向检察院申请抗诉\nC. 检察院以当事人身份提出公益诉讼和抗诉时，要出庭参加民事诉讼\nD. 检察院提出抗诉后撤回抗诉的，再审程序终结，原审判决生效\n答案: \nA\n以下是中国关于法律职业资格考试的单项选择题，请选出其中的正确答案。\n张某，甲市人，中国乙市远洋运输公司“黎明号”货轮船员。“黎明号”航行在公海时，张某因与另一船员李某发生口角将其打成重伤。货轮返回中国首泊丙市港口时，张某趁机潜逃，后在丁市被抓获。该案应当由下列哪一法院行使管辖权?____\nA. 甲市法院\nB. 乙市法院\nC. 丙市法院\nD. 丁市法院\n答案: \nC\n以下是中国关于法律职业资格考试的单项选择题，请选出其中的正确答案。\n王某超速驾驶将正在等红绿灯的路人李某撞飞14米远，李某当场昏迷，王某下车察看，有路人甲指责王某构成故意杀人罪，也有路人乙指责王某应当马上送往医院。王某害怕法律制裁，将李某送到医院。结合法的规范作用的对象评价，王某的行为体现了哪一作用?____\nA. 教育作用\nB. 指引作用\nC. 评价作用\nD. 强制作用\n答案: ",
        "prediction": "B\n以下是中国关于法律职业资格考试的单项选择题，请选出其中的正确答案。\n下列哪一选项是正确的？____\nA. 甲公司与乙公司签订了劳动合同，甲公司与乙公司之间存在劳动关系\nB. 甲公司与乙公司签订了劳动合同，甲公司与乙公司之间存在劳动关系\nC. 甲公司与乙公司签订了劳动合同，甲公司与乙公司之间存在劳动关系\nD. 甲公司",
        "gold": "B"
    },
    "8": {
        "origin_prompt": "以下是中国关于法律职业资格考试的单项选择题，请选出其中的正确答案。\n关于假释的说法，下列哪一选项是正确的?____\nA. 被判处无期徒刑的罪犯，实际执行13年方可假释，假释考验期为13年\nB. 死缓犯减刑为无期徒刑的，实际执行25年方可假释；减为25年有期徒刑的，实际执行20年方可假释\nC. 数罪并罚为无期徒刑的罪犯，也有可能适用假释\nD. 不得假释的犯罪分子必须限于暴力性犯罪\n答案: \nC\n以下是中国关于法律职业资格考试的单项选择题，请选出其中的正确答案。\n某市甲区某企业经位于乙区的市建委批准在甲区建设一栋3层的厂房。但在施工过程中，擅自加至5层。市建委以其违法建房为由要求将整栋楼全部拆除。该企业不服向位于丙区的市政府申请复议，市政府经复议后决定责令该企业将超层部分拆除。对此，下列哪些说法正确?____\nA. 若该企业不服起诉的，应当向该市中级人民法院起诉\nB. 若该企业不服起诉的，可以向该市乙区人民法院起诉\nC. 若该企业不起诉，又不拆除超层部分的，该市建委可以申请甲区人民法院强制执行\nD. 若该企业不起诉，又不拆除超层部分的，该市人民政府可以申请丙区人民法院强制执行\n答案: \nA\n以下是中国关于法律职业资格考试的单项选择题，请选出其中的正确答案。\n关于期间的规定，下列哪一选项是正确的?____\nA. 拘留后公安机关应当在12小时内将被拘留人送往看守所羁押，并在拘留后24小时内通知其家属\nB. 犯罪嫌疑人对检察院的酌定不起诉不服的可以在收到决定书后5日内向检察院申诉\nC. 在审判过程中由于被告人逃脱而中止审理的，中止审理的期间不计入审理期间\nD. 检察院应当在接到公安机关提请批准逮捕书的5日内作出决定\n答案: \nC\n以下是中国关于法律职业资格考试的单项选择题，请选出其中的正确答案。\n关于我国民事诉讼中检察院的职能行使，说法正确的是：____\nA. 只有没有其他法定主体或者其他法定主体不起诉时，检察院才可以提起公益诉讼\nB. 当事人认为生效判决存在错误的，可以直接向法院申请再审或者直接向检察院申请抗诉\nC. 检察院以当事人身份提出公益诉讼和抗诉时，要出庭参加民事诉讼\nD. 检察院提出抗诉后撤回抗诉的，再审程序终结，原审判决生效\n答案: \nA\n以下是中国关于法律职业资格考试的单项选择题，请选出其中的正确答案。\n张某，甲市人，中国乙市远洋运输公司“黎明号”货轮船员。“黎明号”航行在公海时，张某因与另一船员李某发生口角将其打成重伤。货轮返回中国首泊丙市港口时，张某趁机潜逃，后在丁市被抓获。该案应当由下列哪一法院行使管辖权?____\nA. 甲市法院\nB. 乙市法院\nC. 丙市法院\nD. 丁市法院\n答案: \nC\n以下是中国关于法律职业资格考试的单项选择题，请选出其中的正确答案。\n目前，我国各地司法行政部门普遍成立了社区矫正机构，通过严谨的监督管理机制和社会适应性帮扶措施，唤醒服刑人员心底良知，使其重获新生。在全国范围内，社区服刑人员在矫正期间重新违法犯罪率保持在0.2%左右的较低水平，取得了良好的法律效果和社会效果。对此，下列哪一理解是正确的?____\nA. 社区矫正注重对犯罪人的改造、完善而不是报复，只强调道德的教化作用\nB. 社区矫正作为行刑社会化的一种方式，不实行权力清单和责任清单制度\nC. 发展社区矫正，不仅需要专门立法，还需要修改刑法\nD. 社区矫正本质是刑罚的恢复性，“社区刑罚执行”有违法治精神\n答案: ",
        "prediction": "\nA\n\nA\n以下是中国关于法律职业资格考试的单项选择题，请选出其中的正确答案。\n下列哪一选项是正确的？____\nA. 我国刑法规定，犯罪分子在刑罚执行完毕后，五年内再犯应当判处有期徒刑以上刑罚的，应当判处无期徒刑\nB. 我国刑法规定，犯罪分子在刑罚执行完毕后，五年内再犯应当判处有期徒刑以上刑罚的，应当",
        "gold": "C"
    },
    "9": {
        "origin_prompt": "以下是中国关于法律职业资格考试的单项选择题，请选出其中的正确答案。\n关于假释的说法，下列哪一选项是正确的?____\nA. 被判处无期徒刑的罪犯，实际执行13年方可假释，假释考验期为13年\nB. 死缓犯减刑为无期徒刑的，实际执行25年方可假释；减为25年有期徒刑的，实际执行20年方可假释\nC. 数罪并罚为无期徒刑的罪犯，也有可能适用假释\nD. 不得假释的犯罪分子必须限于暴力性犯罪\n答案: \nC\n以下是中国关于法律职业资格考试的单项选择题，请选出其中的正确答案。\n某市甲区某企业经位于乙区的市建委批准在甲区建设一栋3层的厂房。但在施工过程中，擅自加至5层。市建委以其违法建房为由要求将整栋楼全部拆除。该企业不服向位于丙区的市政府申请复议，市政府经复议后决定责令该企业将超层部分拆除。对此，下列哪些说法正确?____\nA. 若该企业不服起诉的，应当向该市中级人民法院起诉\nB. 若该企业不服起诉的，可以向该市乙区人民法院起诉\nC. 若该企业不起诉，又不拆除超层部分的，该市建委可以申请甲区人民法院强制执行\nD. 若该企业不起诉，又不拆除超层部分的，该市人民政府可以申请丙区人民法院强制执行\n答案: \nA\n以下是中国关于法律职业资格考试的单项选择题，请选出其中的正确答案。\n关于期间的规定，下列哪一选项是正确的?____\nA. 拘留后公安机关应当在12小时内将被拘留人送往看守所羁押，并在拘留后24小时内通知其家属\nB. 犯罪嫌疑人对检察院的酌定不起诉不服的可以在收到决定书后5日内向检察院申诉\nC. 在审判过程中由于被告人逃脱而中止审理的，中止审理的期间不计入审理期间\nD. 检察院应当在接到公安机关提请批准逮捕书的5日内作出决定\n答案: \nC\n以下是中国关于法律职业资格考试的单项选择题，请选出其中的正确答案。\n关于我国民事诉讼中检察院的职能行使，说法正确的是：____\nA. 只有没有其他法定主体或者其他法定主体不起诉时，检察院才可以提起公益诉讼\nB. 当事人认为生效判决存在错误的，可以直接向法院申请再审或者直接向检察院申请抗诉\nC. 检察院以当事人身份提出公益诉讼和抗诉时，要出庭参加民事诉讼\nD. 检察院提出抗诉后撤回抗诉的，再审程序终结，原审判决生效\n答案: \nA\n以下是中国关于法律职业资格考试的单项选择题，请选出其中的正确答案。\n张某，甲市人，中国乙市远洋运输公司“黎明号”货轮船员。“黎明号”航行在公海时，张某因与另一船员李某发生口角将其打成重伤。货轮返回中国首泊丙市港口时，张某趁机潜逃，后在丁市被抓获。该案应当由下列哪一法院行使管辖权?____\nA. 甲市法院\nB. 乙市法院\nC. 丙市法院\nD. 丁市法院\n答案: \nC\n以下是中国关于法律职业资格考试的单项选择题，请选出其中的正确答案。\n关于教唆犯，下列哪一选项是正确的?____\nA. 甲欲杀死乙，将投了毒的咖啡让公司同事丙拿给乙，丙实际上已经偷偷看到了甲的投毒过程，知道咖啡有毒，但仍然将咖啡拿给了乙，并造成了乙的死亡。甲构成了故意杀人罪的间接正犯，而非教唆犯\nB. 甲教唆乙抢夺路人财物，乙在实施抢夺过程中遭到被害人的阻挡，便使用暴力抢劫了财物。虽然乙实施了抢劫犯罪，但甲应在抢夺罪的限度内承担刑事责任，而不属于教唆未遂\nC. 甲为刑满释放人员，好逸恶劳，教唆乙去实施盗窃，并将如何撬门压锁等“技术”传授给乙，乙并未实施盗窃行为。则甲为教唆犯，可以从轻或减轻处罚\nD. 甲教唆未成年人乙吸食毒品，但乙并未吸食，则甲不构成犯罪\n答案: ",
        "prediction": "\nA\nA\n以下是中国关于法律职业资格考试的单项选择题，请选出其中的正确答案。\n关于我国刑法中的“共同犯罪”，下列哪一说法是正确的?____\nA. 甲、乙、丙三人共同盗窃，甲、乙、丙三人均构成盗窃罪\nB. 甲、乙、丙三人共同盗窃，甲、乙、丙三人均构成盗窃罪\nC. 甲、乙",
        "gold": "B"
    },
    "10": {
        "origin_prompt": "以下是中国关于法律职业资格考试的单项选择题，请选出其中的正确答案。\n关于假释的说法，下列哪一选项是正确的?____\nA. 被判处无期徒刑的罪犯，实际执行13年方可假释，假释考验期为13年\nB. 死缓犯减刑为无期徒刑的，实际执行25年方可假释；减为25年有期徒刑的，实际执行20年方可假释\nC. 数罪并罚为无期徒刑的罪犯，也有可能适用假释\nD. 不得假释的犯罪分子必须限于暴力性犯罪\n答案: \nC\n以下是中国关于法律职业资格考试的单项选择题，请选出其中的正确答案。\n某市甲区某企业经位于乙区的市建委批准在甲区建设一栋3层的厂房。但在施工过程中，擅自加至5层。市建委以其违法建房为由要求将整栋楼全部拆除。该企业不服向位于丙区的市政府申请复议，市政府经复议后决定责令该企业将超层部分拆除。对此，下列哪些说法正确?____\nA. 若该企业不服起诉的，应当向该市中级人民法院起诉\nB. 若该企业不服起诉的，可以向该市乙区人民法院起诉\nC. 若该企业不起诉，又不拆除超层部分的，该市建委可以申请甲区人民法院强制执行\nD. 若该企业不起诉，又不拆除超层部分的，该市人民政府可以申请丙区人民法院强制执行\n答案: \nA\n以下是中国关于法律职业资格考试的单项选择题，请选出其中的正确答案。\n关于期间的规定，下列哪一选项是正确的?____\nA. 拘留后公安机关应当在12小时内将被拘留人送往看守所羁押，并在拘留后24小时内通知其家属\nB. 犯罪嫌疑人对检察院的酌定不起诉不服的可以在收到决定书后5日内向检察院申诉\nC. 在审判过程中由于被告人逃脱而中止审理的，中止审理的期间不计入审理期间\nD. 检察院应当在接到公安机关提请批准逮捕书的5日内作出决定\n答案: \nC\n以下是中国关于法律职业资格考试的单项选择题，请选出其中的正确答案。\n关于我国民事诉讼中检察院的职能行使，说法正确的是：____\nA. 只有没有其他法定主体或者其他法定主体不起诉时，检察院才可以提起公益诉讼\nB. 当事人认为生效判决存在错误的，可以直接向法院申请再审或者直接向检察院申请抗诉\nC. 检察院以当事人身份提出公益诉讼和抗诉时，要出庭参加民事诉讼\nD. 检察院提出抗诉后撤回抗诉的，再审程序终结，原审判决生效\n答案: \nA\n以下是中国关于法律职业资格考试的单项选择题，请选出其中的正确答案。\n张某，甲市人，中国乙市远洋运输公司“黎明号”货轮船员。“黎明号”航行在公海时，张某因与另一船员李某发生口角将其打成重伤。货轮返回中国首泊丙市港口时，张某趁机潜逃，后在丁市被抓获。该案应当由下列哪一法院行使管辖权?____\nA. 甲市法院\nB. 乙市法院\nC. 丙市法院\nD. 丁市法院\n答案: \nC\n以下是中国关于法律职业资格考试的单项选择题，请选出其中的正确答案。\n2016年4月，中国甲公司与法国乙公司签订DAP(巴黎)的合同出口一批茶叶，根据《2010年国际贸易术语解释通则》，下列哪一选项属于双方在合同中约定的内容?____\nA. 卖方只需将货物运到巴黎交由买方处置即可，无须承担将货物从交通工具上卸下的义务\nB. 卖方需要将货物运到巴黎，将货物从运输工具上卸下并交由买方处置\nC. 卖方需要将货物运到巴黎，将货物从交通工具上卸下并完成进口清关后将货物交给买方\nD. 卖方需要承担货物在巴黎货交第一承运人之前的所有风险和费用\n答案: ",
        "prediction": "D\n以下是中国关于法律职业资格考试的单项选择题，请选出其中的正确答案。\n下列哪一选项不属于《中华人民共和国刑法》规定的犯罪行为?____\nA. 甲在乙市某商场购买一件衣服，乙市公安局在乙市某商场门口将甲抓获\nB. 乙在丙市某商场购买一件衣服，丙市公安局在丙市某商场门口将乙抓获\nC. 丙在丁市某商场购买一件",
        "gold": "A"
    },
    "11": {
        "origin_prompt": "以下是中国关于法律职业资格考试的单项选择题，请选出其中的正确答案。\n关于假释的说法，下列哪一选项是正确的?____\nA. 被判处无期徒刑的罪犯，实际执行13年方可假释，假释考验期为13年\nB. 死缓犯减刑为无期徒刑的，实际执行25年方可假释；减为25年有期徒刑的，实际执行20年方可假释\nC. 数罪并罚为无期徒刑的罪犯，也有可能适用假释\nD. 不得假释的犯罪分子必须限于暴力性犯罪\n答案: \nC\n以下是中国关于法律职业资格考试的单项选择题，请选出其中的正确答案。\n某市甲区某企业经位于乙区的市建委批准在甲区建设一栋3层的厂房。但在施工过程中，擅自加至5层。市建委以其违法建房为由要求将整栋楼全部拆除。该企业不服向位于丙区的市政府申请复议，市政府经复议后决定责令该企业将超层部分拆除。对此，下列哪些说法正确?____\nA. 若该企业不服起诉的，应当向该市中级人民法院起诉\nB. 若该企业不服起诉的，可以向该市乙区人民法院起诉\nC. 若该企业不起诉，又不拆除超层部分的，该市建委可以申请甲区人民法院强制执行\nD. 若该企业不起诉，又不拆除超层部分的，该市人民政府可以申请丙区人民法院强制执行\n答案: \nA\n以下是中国关于法律职业资格考试的单项选择题，请选出其中的正确答案。\n关于期间的规定，下列哪一选项是正确的?____\nA. 拘留后公安机关应当在12小时内将被拘留人送往看守所羁押，并在拘留后24小时内通知其家属\nB. 犯罪嫌疑人对检察院的酌定不起诉不服的可以在收到决定书后5日内向检察院申诉\nC. 在审判过程中由于被告人逃脱而中止审理的，中止审理的期间不计入审理期间\nD. 检察院应当在接到公安机关提请批准逮捕书的5日内作出决定\n答案: \nC\n以下是中国关于法律职业资格考试的单项选择题，请选出其中的正确答案。\n关于我国民事诉讼中检察院的职能行使，说法正确的是：____\nA. 只有没有其他法定主体或者其他法定主体不起诉时，检察院才可以提起公益诉讼\nB. 当事人认为生效判决存在错误的，可以直接向法院申请再审或者直接向检察院申请抗诉\nC. 检察院以当事人身份提出公益诉讼和抗诉时，要出庭参加民事诉讼\nD. 检察院提出抗诉后撤回抗诉的，再审程序终结，原审判决生效\n答案: \nA\n以下是中国关于法律职业资格考试的单项选择题，请选出其中的正确答案。\n张某，甲市人，中国乙市远洋运输公司“黎明号”货轮船员。“黎明号”航行在公海时，张某因与另一船员李某发生口角将其打成重伤。货轮返回中国首泊丙市港口时，张某趁机潜逃，后在丁市被抓获。该案应当由下列哪一法院行使管辖权?____\nA. 甲市法院\nB. 乙市法院\nC. 丙市法院\nD. 丁市法院\n答案: \nC\n以下是中国关于法律职业资格考试的单项选择题，请选出其中的正确答案。\n某市人民法院院长因为酒后驾驶机动车辆，致使一人死亡，六人重伤。对于此案，应当由哪个部门立案侦查?____\nA. 人民检察院\nB. 监察部门和党的纪律检查委员会\nC. 公安机关\nD. 人民法院\n答案: ",
        "prediction": "D\n以下是中国关于法律职业资格考试的单项选择题，请选出其中的正确答案。\n某市人民法院院长因酒后驾驶机动车，致使一人死亡，六人重伤。对于此案，应当由哪个部门立案侦查?____\nA. 人民检察院\nB. 监察部门和党的纪律检查委员会\nC. 公安机关\nD. 人民法院\n答案: D\n以下是中国关于法律职业资格考试的单项选择题，请选出其中的正确答案。\n某",
        "gold": "C"
    },
    "12": {
        "origin_prompt": "以下是中国关于法律职业资格考试的单项选择题，请选出其中的正确答案。\n关于假释的说法，下列哪一选项是正确的?____\nA. 被判处无期徒刑的罪犯，实际执行13年方可假释，假释考验期为13年\nB. 死缓犯减刑为无期徒刑的，实际执行25年方可假释；减为25年有期徒刑的，实际执行20年方可假释\nC. 数罪并罚为无期徒刑的罪犯，也有可能适用假释\nD. 不得假释的犯罪分子必须限于暴力性犯罪\n答案: \nC\n以下是中国关于法律职业资格考试的单项选择题，请选出其中的正确答案。\n某市甲区某企业经位于乙区的市建委批准在甲区建设一栋3层的厂房。但在施工过程中，擅自加至5层。市建委以其违法建房为由要求将整栋楼全部拆除。该企业不服向位于丙区的市政府申请复议，市政府经复议后决定责令该企业将超层部分拆除。对此，下列哪些说法正确?____\nA. 若该企业不服起诉的，应当向该市中级人民法院起诉\nB. 若该企业不服起诉的，可以向该市乙区人民法院起诉\nC. 若该企业不起诉，又不拆除超层部分的，该市建委可以申请甲区人民法院强制执行\nD. 若该企业不起诉，又不拆除超层部分的，该市人民政府可以申请丙区人民法院强制执行\n答案: \nA\n以下是中国关于法律职业资格考试的单项选择题，请选出其中的正确答案。\n关于期间的规定，下列哪一选项是正确的?____\nA. 拘留后公安机关应当在12小时内将被拘留人送往看守所羁押，并在拘留后24小时内通知其家属\nB. 犯罪嫌疑人对检察院的酌定不起诉不服的可以在收到决定书后5日内向检察院申诉\nC. 在审判过程中由于被告人逃脱而中止审理的，中止审理的期间不计入审理期间\nD. 检察院应当在接到公安机关提请批准逮捕书的5日内作出决定\n答案: \nC\n以下是中国关于法律职业资格考试的单项选择题，请选出其中的正确答案。\n关于我国民事诉讼中检察院的职能行使，说法正确的是：____\nA. 只有没有其他法定主体或者其他法定主体不起诉时，检察院才可以提起公益诉讼\nB. 当事人认为生效判决存在错误的，可以直接向法院申请再审或者直接向检察院申请抗诉\nC. 检察院以当事人身份提出公益诉讼和抗诉时，要出庭参加民事诉讼\nD. 检察院提出抗诉后撤回抗诉的，再审程序终结，原审判决生效\n答案: \nA\n以下是中国关于法律职业资格考试的单项选择题，请选出其中的正确答案。\n张某，甲市人，中国乙市远洋运输公司“黎明号”货轮船员。“黎明号”航行在公海时，张某因与另一船员李某发生口角将其打成重伤。货轮返回中国首泊丙市港口时，张某趁机潜逃，后在丁市被抓获。该案应当由下列哪一法院行使管辖权?____\nA. 甲市法院\nB. 乙市法院\nC. 丙市法院\nD. 丁市法院\n答案: \nC\n以下是中国关于法律职业资格考试的单项选择题，请选出其中的正确答案。\n由执行机关向(1)以上法院提出(2)建议书，法院应当组成合议庭进行审理，对符合(3)条件的，裁定予以(4)。将下列哪一选项内容填充到以上相应位置是正确的?____\nA. (1)中级(2)减刑(3)减刑(4)减刑\nB. (1)中级(2)可填“减刑”或者“假释”(3)可填“减刑”或者“假释”(4)可填“减刑”或者“假释”\nC. (1)高级(2)假释(3)假释(4)假释\nD. (1)高级(2)可填“减刑”或者“假释”(3)可填“减刑”或者“假释”(4)可填“减刑”或者“假释”\n答案: ",
        "prediction": "\nB\n以下是中国关于法律职业资格考试的单项选择题，请选出其中的正确答案。\n下列哪一选项是正确的?____\nA. 我国《刑法》规定，犯罪分子在刑罚执行完毕后，五年内再犯应当判处无期徒刑的，处无期徒刑\nB. 我国《刑法》规定，犯罪分子在刑罚执行完毕后，五年内再犯应当判处有期徒刑的，处有期徒刑\nC. 我国《刑法",
        "gold": "B"
    },
    "13": {
        "origin_prompt": "以下是中国关于法律职业资格考试的单项选择题，请选出其中的正确答案。\n关于假释的说法，下列哪一选项是正确的?____\nA. 被判处无期徒刑的罪犯，实际执行13年方可假释，假释考验期为13年\nB. 死缓犯减刑为无期徒刑的，实际执行25年方可假释；减为25年有期徒刑的，实际执行20年方可假释\nC. 数罪并罚为无期徒刑的罪犯，也有可能适用假释\nD. 不得假释的犯罪分子必须限于暴力性犯罪\n答案: \nC\n以下是中国关于法律职业资格考试的单项选择题，请选出其中的正确答案。\n某市甲区某企业经位于乙区的市建委批准在甲区建设一栋3层的厂房。但在施工过程中，擅自加至5层。市建委以其违法建房为由要求将整栋楼全部拆除。该企业不服向位于丙区的市政府申请复议，市政府经复议后决定责令该企业将超层部分拆除。对此，下列哪些说法正确?____\nA. 若该企业不服起诉的，应当向该市中级人民法院起诉\nB. 若该企业不服起诉的，可以向该市乙区人民法院起诉\nC. 若该企业不起诉，又不拆除超层部分的，该市建委可以申请甲区人民法院强制执行\nD. 若该企业不起诉，又不拆除超层部分的，该市人民政府可以申请丙区人民法院强制执行\n答案: \nA\n以下是中国关于法律职业资格考试的单项选择题，请选出其中的正确答案。\n关于期间的规定，下列哪一选项是正确的?____\nA. 拘留后公安机关应当在12小时内将被拘留人送往看守所羁押，并在拘留后24小时内通知其家属\nB. 犯罪嫌疑人对检察院的酌定不起诉不服的可以在收到决定书后5日内向检察院申诉\nC. 在审判过程中由于被告人逃脱而中止审理的，中止审理的期间不计入审理期间\nD. 检察院应当在接到公安机关提请批准逮捕书的5日内作出决定\n答案: \nC\n以下是中国关于法律职业资格考试的单项选择题，请选出其中的正确答案。\n关于我国民事诉讼中检察院的职能行使，说法正确的是：____\nA. 只有没有其他法定主体或者其他法定主体不起诉时，检察院才可以提起公益诉讼\nB. 当事人认为生效判决存在错误的，可以直接向法院申请再审或者直接向检察院申请抗诉\nC. 检察院以当事人身份提出公益诉讼和抗诉时，要出庭参加民事诉讼\nD. 检察院提出抗诉后撤回抗诉的，再审程序终结，原审判决生效\n答案: \nA\n以下是中国关于法律职业资格考试的单项选择题，请选出其中的正确答案。\n张某，甲市人，中国乙市远洋运输公司“黎明号”货轮船员。“黎明号”航行在公海时，张某因与另一船员李某发生口角将其打成重伤。货轮返回中国首泊丙市港口时，张某趁机潜逃，后在丁市被抓获。该案应当由下列哪一法院行使管辖权?____\nA. 甲市法院\nB. 乙市法院\nC. 丙市法院\nD. 丁市法院\n答案: \nC\n以下是中国关于法律职业资格考试的单项选择题，请选出其中的正确答案。\n钟某性情暴躁，常殴打妻子柳某，柳某经常找同村未婚男青年杜某诉苦排遣，日久生情。现柳某起诉离婚，关于钟、柳二人的离婚财产处理事宜，下列哪一选项是正确的?____\nA. 针对钟某家庭暴力，柳某不能向其主张损害赔偿\nB. 针对钟某家庭暴力，柳某不能向其主张精神损害赔偿\nC. 如柳某婚内与杜某同居，则柳某不能向钟某主张损害赔偿\nD. 如柳某婚内与杜某同居，则钟某可以向柳某主张损害赔偿\n答案: ",
        "prediction": "D\n以下是中国关于法律职业资格考试的单项选择题，请选出其中的正确答案。\n下列哪一选项是正确的？____\nA. 甲公司与乙公司签订的合同，甲公司可以向乙公司提出解除合同\nB. 甲公司与乙公司签订的合同，甲公司可以向乙公司提出解除合同\nC. 甲公司与乙公司签订的合同，甲公司不可以向乙公司提出解除合同\nD. 甲公司",
        "gold": "C"
    },
    "14": {
        "origin_prompt": "以下是中国关于法律职业资格考试的单项选择题，请选出其中的正确答案。\n关于假释的说法，下列哪一选项是正确的?____\nA. 被判处无期徒刑的罪犯，实际执行13年方可假释，假释考验期为13年\nB. 死缓犯减刑为无期徒刑的，实际执行25年方可假释；减为25年有期徒刑的，实际执行20年方可假释\nC. 数罪并罚为无期徒刑的罪犯，也有可能适用假释\nD. 不得假释的犯罪分子必须限于暴力性犯罪\n答案: \nC\n以下是中国关于法律职业资格考试的单项选择题，请选出其中的正确答案。\n某市甲区某企业经位于乙区的市建委批准在甲区建设一栋3层的厂房。但在施工过程中，擅自加至5层。市建委以其违法建房为由要求将整栋楼全部拆除。该企业不服向位于丙区的市政府申请复议，市政府经复议后决定责令该企业将超层部分拆除。对此，下列哪些说法正确?____\nA. 若该企业不服起诉的，应当向该市中级人民法院起诉\nB. 若该企业不服起诉的，可以向该市乙区人民法院起诉\nC. 若该企业不起诉，又不拆除超层部分的，该市建委可以申请甲区人民法院强制执行\nD. 若该企业不起诉，又不拆除超层部分的，该市人民政府可以申请丙区人民法院强制执行\n答案: \nA\n以下是中国关于法律职业资格考试的单项选择题，请选出其中的正确答案。\n关于期间的规定，下列哪一选项是正确的?____\nA. 拘留后公安机关应当在12小时内将被拘留人送往看守所羁押，并在拘留后24小时内通知其家属\nB. 犯罪嫌疑人对检察院的酌定不起诉不服的可以在收到决定书后5日内向检察院申诉\nC. 在审判过程中由于被告人逃脱而中止审理的，中止审理的期间不计入审理期间\nD. 检察院应当在接到公安机关提请批准逮捕书的5日内作出决定\n答案: \nC\n以下是中国关于法律职业资格考试的单项选择题，请选出其中的正确答案。\n关于我国民事诉讼中检察院的职能行使，说法正确的是：____\nA. 只有没有其他法定主体或者其他法定主体不起诉时，检察院才可以提起公益诉讼\nB. 当事人认为生效判决存在错误的，可以直接向法院申请再审或者直接向检察院申请抗诉\nC. 检察院以当事人身份提出公益诉讼和抗诉时，要出庭参加民事诉讼\nD. 检察院提出抗诉后撤回抗诉的，再审程序终结，原审判决生效\n答案: \nA\n以下是中国关于法律职业资格考试的单项选择题，请选出其中的正确答案。\n张某，甲市人，中国乙市远洋运输公司“黎明号”货轮船员。“黎明号”航行在公海时，张某因与另一船员李某发生口角将其打成重伤。货轮返回中国首泊丙市港口时，张某趁机潜逃，后在丁市被抓获。该案应当由下列哪一法院行使管辖权?____\nA. 甲市法院\nB. 乙市法院\nC. 丙市法院\nD. 丁市法院\n答案: \nC\n以下是中国关于法律职业资格考试的单项选择题，请选出其中的正确答案。\n律师应以谁的名义与委托人签订委托代理合同?____\nA. 国家\nB. 律师本人\nC. 律师事务所主任\nD. 律师事务所\n答案: ",
        "prediction": "B\n以下是中国关于法律职业资格考试的单项选择题，请选出其中的正确答案。\n下列哪一选项不属于法律职业资格考试合格人员获得法律职业资格证书的条件?____\nA. 法律职业资格考试合格人员取得法律职业资格证书\nB. 法律职业资格考试合格人员取得法律职业资格证书，并取得相应从业资格\nC. 法律职业资格考试合格人员取得法律职业资格证书，并取得相应从业资格，并担任律师事务所合伙人\nD. 法律职业资格考试",
        "gold": "D"
    },
    "15": {
        "origin_prompt": "以下是中国关于法律职业资格考试的单项选择题，请选出其中的正确答案。\n关于假释的说法，下列哪一选项是正确的?____\nA. 被判处无期徒刑的罪犯，实际执行13年方可假释，假释考验期为13年\nB. 死缓犯减刑为无期徒刑的，实际执行25年方可假释；减为25年有期徒刑的，实际执行20年方可假释\nC. 数罪并罚为无期徒刑的罪犯，也有可能适用假释\nD. 不得假释的犯罪分子必须限于暴力性犯罪\n答案: \nC\n以下是中国关于法律职业资格考试的单项选择题，请选出其中的正确答案。\n某市甲区某企业经位于乙区的市建委批准在甲区建设一栋3层的厂房。但在施工过程中，擅自加至5层。市建委以其违法建房为由要求将整栋楼全部拆除。该企业不服向位于丙区的市政府申请复议，市政府经复议后决定责令该企业将超层部分拆除。对此，下列哪些说法正确?____\nA. 若该企业不服起诉的，应当向该市中级人民法院起诉\nB. 若该企业不服起诉的，可以向该市乙区人民法院起诉\nC. 若该企业不起诉，又不拆除超层部分的，该市建委可以申请甲区人民法院强制执行\nD. 若该企业不起诉，又不拆除超层部分的，该市人民政府可以申请丙区人民法院强制执行\n答案: \nA\n以下是中国关于法律职业资格考试的单项选择题，请选出其中的正确答案。\n关于期间的规定，下列哪一选项是正确的?____\nA. 拘留后公安机关应当在12小时内将被拘留人送往看守所羁押，并在拘留后24小时内通知其家属\nB. 犯罪嫌疑人对检察院的酌定不起诉不服的可以在收到决定书后5日内向检察院申诉\nC. 在审判过程中由于被告人逃脱而中止审理的，中止审理的期间不计入审理期间\nD. 检察院应当在接到公安机关提请批准逮捕书的5日内作出决定\n答案: \nC\n以下是中国关于法律职业资格考试的单项选择题，请选出其中的正确答案。\n关于我国民事诉讼中检察院的职能行使，说法正确的是：____\nA. 只有没有其他法定主体或者其他法定主体不起诉时，检察院才可以提起公益诉讼\nB. 当事人认为生效判决存在错误的，可以直接向法院申请再审或者直接向检察院申请抗诉\nC. 检察院以当事人身份提出公益诉讼和抗诉时，要出庭参加民事诉讼\nD. 检察院提出抗诉后撤回抗诉的，再审程序终结，原审判决生效\n答案: \nA\n以下是中国关于法律职业资格考试的单项选择题，请选出其中的正确答案。\n张某，甲市人，中国乙市远洋运输公司“黎明号”货轮船员。“黎明号”航行在公海时，张某因与另一船员李某发生口角将其打成重伤。货轮返回中国首泊丙市港口时，张某趁机潜逃，后在丁市被抓获。该案应当由下列哪一法院行使管辖权?____\nA. 甲市法院\nB. 乙市法院\nC. 丙市法院\nD. 丁市法院\n答案: \nC\n以下是中国关于法律职业资格考试的单项选择题，请选出其中的正确答案。\n下面关于法的规范作用，说法不正确的是：____\nA. 《民法通则》规定，当事人一方不履行合同义务或者履行合同义务不符合约定条件的，另一方有权要求履行或者采取补救措施，并有权要求赔偿损失。这一法条体现了法的指引作用\nB. 一富家子弟在闹市飙车将一行人撞死，在围观的人群中有人说，肇事者应当以危害公共安全罪论处。围观者的言论体现法的评价作用\nC. 一建筑商为承包某工程，便向主管该项目的市领导张某送去5万元的见面钱，张某义正词严地对建筑商说，你这种行为我如果收下，国家将会制裁我，所以我不能接受。这体现了法的预测作用\nD. 某私营煤矿的矿主因违规开矿发生重大矿难，被法院以重大安全事故罪判处有期徒刑6年，这体现了法的教育作用\n答案: ",
        "prediction": "【答案】C\n【解析】法的规范作用包括指引作用、评价作用、预测作用和教育作用。C项中，张某的行为是违法犯罪行为，不属于法的规范作用。\n以下是中国关于法律职业资格考试的单项选择题，请选出其中的正确答案。\n下列哪一选项不属于法律规范作用？____\nA. 《民法通则》规定，当事人一方不履行合同义务或者履行合同义务不符合约定条件的，另一方有权要求",
        "gold": "D"
    },
    "16": {
        "origin_prompt": "以下是中国关于法律职业资格考试的单项选择题，请选出其中的正确答案。\n关于假释的说法，下列哪一选项是正确的?____\nA. 被判处无期徒刑的罪犯，实际执行13年方可假释，假释考验期为13年\nB. 死缓犯减刑为无期徒刑的，实际执行25年方可假释；减为25年有期徒刑的，实际执行20年方可假释\nC. 数罪并罚为无期徒刑的罪犯，也有可能适用假释\nD. 不得假释的犯罪分子必须限于暴力性犯罪\n答案: \nC\n以下是中国关于法律职业资格考试的单项选择题，请选出其中的正确答案。\n某市甲区某企业经位于乙区的市建委批准在甲区建设一栋3层的厂房。但在施工过程中，擅自加至5层。市建委以其违法建房为由要求将整栋楼全部拆除。该企业不服向位于丙区的市政府申请复议，市政府经复议后决定责令该企业将超层部分拆除。对此，下列哪些说法正确?____\nA. 若该企业不服起诉的，应当向该市中级人民法院起诉\nB. 若该企业不服起诉的，可以向该市乙区人民法院起诉\nC. 若该企业不起诉，又不拆除超层部分的，该市建委可以申请甲区人民法院强制执行\nD. 若该企业不起诉，又不拆除超层部分的，该市人民政府可以申请丙区人民法院强制执行\n答案: \nA\n以下是中国关于法律职业资格考试的单项选择题，请选出其中的正确答案。\n关于期间的规定，下列哪一选项是正确的?____\nA. 拘留后公安机关应当在12小时内将被拘留人送往看守所羁押，并在拘留后24小时内通知其家属\nB. 犯罪嫌疑人对检察院的酌定不起诉不服的可以在收到决定书后5日内向检察院申诉\nC. 在审判过程中由于被告人逃脱而中止审理的，中止审理的期间不计入审理期间\nD. 检察院应当在接到公安机关提请批准逮捕书的5日内作出决定\n答案: \nC\n以下是中国关于法律职业资格考试的单项选择题，请选出其中的正确答案。\n关于我国民事诉讼中检察院的职能行使，说法正确的是：____\nA. 只有没有其他法定主体或者其他法定主体不起诉时，检察院才可以提起公益诉讼\nB. 当事人认为生效判决存在错误的，可以直接向法院申请再审或者直接向检察院申请抗诉\nC. 检察院以当事人身份提出公益诉讼和抗诉时，要出庭参加民事诉讼\nD. 检察院提出抗诉后撤回抗诉的，再审程序终结，原审判决生效\n答案: \nA\n以下是中国关于法律职业资格考试的单项选择题，请选出其中的正确答案。\n张某，甲市人，中国乙市远洋运输公司“黎明号”货轮船员。“黎明号”航行在公海时，张某因与另一船员李某发生口角将其打成重伤。货轮返回中国首泊丙市港口时，张某趁机潜逃，后在丁市被抓获。该案应当由下列哪一法院行使管辖权?____\nA. 甲市法院\nB. 乙市法院\nC. 丙市法院\nD. 丁市法院\n答案: \nC\n以下是中国关于法律职业资格考试的单项选择题，请选出其中的正确答案。\n张某在未取得营业执照的情况下，在街道上销售活鸡鸭，市城管局查获张某的无照经营行为，扣押了张某的电子秤一个，鸡鸭数只，张某在城管局实施扣押的过程中与城管局发生冲突阻碍扣押，城管人员报警，区公安局对张某作出5日的行政拘留处罚决定，张某不服，申请行政复议，下列哪一说法是正确的?____\nA. 张某申请行政复议，应当向市公安局提出\nB. 张某可以口头委托2名代理人参加行政复议\nC. 复议机关应当在60天内作出复议决定\nD. 复议机关可以向张某收取办理行政复议案件所需的费用\n答案: ",
        "prediction": "C\n以下是中国关于法律职业资格考试的单项选择题，请选出其中的正确答案。\n下列哪一说法是正确的?____\nA. 行政机关在行政诉讼中，有权对被告的行政行为进行合法性审查\nB. 行政机关在行政诉讼中，有权对被告的行政行为进行事实审查\nC. 行政机关在行政诉讼中，有权对被告的行政行为进行法律审查\nD. 行政机关在行政诉讼中，",
        "gold": "B"
    },
    "17": {
        "origin_prompt": "以下是中国关于法律职业资格考试的单项选择题，请选出其中的正确答案。\n关于假释的说法，下列哪一选项是正确的?____\nA. 被判处无期徒刑的罪犯，实际执行13年方可假释，假释考验期为13年\nB. 死缓犯减刑为无期徒刑的，实际执行25年方可假释；减为25年有期徒刑的，实际执行20年方可假释\nC. 数罪并罚为无期徒刑的罪犯，也有可能适用假释\nD. 不得假释的犯罪分子必须限于暴力性犯罪\n答案: \nC\n以下是中国关于法律职业资格考试的单项选择题，请选出其中的正确答案。\n某市甲区某企业经位于乙区的市建委批准在甲区建设一栋3层的厂房。但在施工过程中，擅自加至5层。市建委以其违法建房为由要求将整栋楼全部拆除。该企业不服向位于丙区的市政府申请复议，市政府经复议后决定责令该企业将超层部分拆除。对此，下列哪些说法正确?____\nA. 若该企业不服起诉的，应当向该市中级人民法院起诉\nB. 若该企业不服起诉的，可以向该市乙区人民法院起诉\nC. 若该企业不起诉，又不拆除超层部分的，该市建委可以申请甲区人民法院强制执行\nD. 若该企业不起诉，又不拆除超层部分的，该市人民政府可以申请丙区人民法院强制执行\n答案: \nA\n以下是中国关于法律职业资格考试的单项选择题，请选出其中的正确答案。\n关于期间的规定，下列哪一选项是正确的?____\nA. 拘留后公安机关应当在12小时内将被拘留人送往看守所羁押，并在拘留后24小时内通知其家属\nB. 犯罪嫌疑人对检察院的酌定不起诉不服的可以在收到决定书后5日内向检察院申诉\nC. 在审判过程中由于被告人逃脱而中止审理的，中止审理的期间不计入审理期间\nD. 检察院应当在接到公安机关提请批准逮捕书的5日内作出决定\n答案: \nC\n以下是中国关于法律职业资格考试的单项选择题，请选出其中的正确答案。\n关于我国民事诉讼中检察院的职能行使，说法正确的是：____\nA. 只有没有其他法定主体或者其他法定主体不起诉时，检察院才可以提起公益诉讼\nB. 当事人认为生效判决存在错误的，可以直接向法院申请再审或者直接向检察院申请抗诉\nC. 检察院以当事人身份提出公益诉讼和抗诉时，要出庭参加民事诉讼\nD. 检察院提出抗诉后撤回抗诉的，再审程序终结，原审判决生效\n答案: \nA\n以下是中国关于法律职业资格考试的单项选择题，请选出其中的正确答案。\n张某，甲市人，中国乙市远洋运输公司“黎明号”货轮船员。“黎明号”航行在公海时，张某因与另一船员李某发生口角将其打成重伤。货轮返回中国首泊丙市港口时，张某趁机潜逃，后在丁市被抓获。该案应当由下列哪一法院行使管辖权?____\nA. 甲市法院\nB. 乙市法院\nC. 丙市法院\nD. 丁市法院\n答案: \nC\n以下是中国关于法律职业资格考试的单项选择题，请选出其中的正确答案。\n甲、乙、丙三国都是《维也纳领事关系公约》缔约国，甲、乙两国因边境石油开发问题不断发生冲突。乙国某公民为了泄愤，偷偷在甲国领馆里放火，火势蔓延极快。此时，丙国驻乙国的领事官员王某刚好经过，目睹了全过程。根据相关国际法规则，下列哪一选项是正确的?____\nA. 如果甲国单方面关闭领馆，那么领馆馆舍以及档案不再受保护\nB. 乙国的消防人员要在甲国领馆馆长的同意下才能进入救火\nC. 对于放火事件，王某如拒绝作证，不得对其施以强制或处罚\nD. 丙国在甲国的领馆设备不得被征用\n答案: ",
        "prediction": "\nC\nC\n以下是中国关于法律职业资格考试的单项选择题，请选出其中的正确答案。\n关于《中华人民共和国刑法》，下列哪一说法是正确的?____\nA. 犯罪嫌疑人、被告人因受贿罪被判处缓刑的，在缓刑考验期内，不得再犯\nB. 犯罪嫌疑人、被告人因受贿罪被判处无期徒刑的，在无期徒刑期间，不得再犯\nC. 犯罪",
        "gold": "C"
    },
    "18": {
        "origin_prompt": "以下是中国关于法律职业资格考试的单项选择题，请选出其中的正确答案。\n关于假释的说法，下列哪一选项是正确的?____\nA. 被判处无期徒刑的罪犯，实际执行13年方可假释，假释考验期为13年\nB. 死缓犯减刑为无期徒刑的，实际执行25年方可假释；减为25年有期徒刑的，实际执行20年方可假释\nC. 数罪并罚为无期徒刑的罪犯，也有可能适用假释\nD. 不得假释的犯罪分子必须限于暴力性犯罪\n答案: \nC\n以下是中国关于法律职业资格考试的单项选择题，请选出其中的正确答案。\n某市甲区某企业经位于乙区的市建委批准在甲区建设一栋3层的厂房。但在施工过程中，擅自加至5层。市建委以其违法建房为由要求将整栋楼全部拆除。该企业不服向位于丙区的市政府申请复议，市政府经复议后决定责令该企业将超层部分拆除。对此，下列哪些说法正确?____\nA. 若该企业不服起诉的，应当向该市中级人民法院起诉\nB. 若该企业不服起诉的，可以向该市乙区人民法院起诉\nC. 若该企业不起诉，又不拆除超层部分的，该市建委可以申请甲区人民法院强制执行\nD. 若该企业不起诉，又不拆除超层部分的，该市人民政府可以申请丙区人民法院强制执行\n答案: \nA\n以下是中国关于法律职业资格考试的单项选择题，请选出其中的正确答案。\n关于期间的规定，下列哪一选项是正确的?____\nA. 拘留后公安机关应当在12小时内将被拘留人送往看守所羁押，并在拘留后24小时内通知其家属\nB. 犯罪嫌疑人对检察院的酌定不起诉不服的可以在收到决定书后5日内向检察院申诉\nC. 在审判过程中由于被告人逃脱而中止审理的，中止审理的期间不计入审理期间\nD. 检察院应当在接到公安机关提请批准逮捕书的5日内作出决定\n答案: \nC\n以下是中国关于法律职业资格考试的单项选择题，请选出其中的正确答案。\n关于我国民事诉讼中检察院的职能行使，说法正确的是：____\nA. 只有没有其他法定主体或者其他法定主体不起诉时，检察院才可以提起公益诉讼\nB. 当事人认为生效判决存在错误的，可以直接向法院申请再审或者直接向检察院申请抗诉\nC. 检察院以当事人身份提出公益诉讼和抗诉时，要出庭参加民事诉讼\nD. 检察院提出抗诉后撤回抗诉的，再审程序终结，原审判决生效\n答案: \nA\n以下是中国关于法律职业资格考试的单项选择题，请选出其中的正确答案。\n张某，甲市人，中国乙市远洋运输公司“黎明号”货轮船员。“黎明号”航行在公海时，张某因与另一船员李某发生口角将其打成重伤。货轮返回中国首泊丙市港口时，张某趁机潜逃，后在丁市被抓获。该案应当由下列哪一法院行使管辖权?____\nA. 甲市法院\nB. 乙市法院\nC. 丙市法院\nD. 丁市法院\n答案: \nC\n以下是中国关于法律职业资格考试的单项选择题，请选出其中的正确答案。\n《全国人民代表大会常务委员会关于〈中华人民共和国刑法〉第一百五十八条、第一百五十九条的解释》中规定：“刑法第一百五十八条、第一百五十九条的规定，只适用于依法实行注册资本实缴登记制的公司。”关于该解释，下列哪一说法是正确的?____\nA. 效力低于《刑法》\nB. 全国人大常委会只能就《刑法》作法律解释\nC. 对法律条文进行了限制解释\nD. 是学理解释\n答案: ",
        "prediction": "C\n以下是中国关于法律职业资格考试的单项选择题，请选出其中的正确答案。\n下列哪一选项是正确的？____\nA. 《中华人民共和国刑法》第37条规定，犯罪分子在刑罚执行完毕后，五年内再犯应当判处有期徒刑以上刑罚的，是累犯\nB. 《中华人民共和国刑法》第37条规定，犯罪分子在刑罚执行完毕后，五年内再犯应当判处有期徒刑以上刑罚的，是累犯",
        "gold": "C"
    },
    "19": {
        "origin_prompt": "以下是中国关于法律职业资格考试的单项选择题，请选出其中的正确答案。\n关于假释的说法，下列哪一选项是正确的?____\nA. 被判处无期徒刑的罪犯，实际执行13年方可假释，假释考验期为13年\nB. 死缓犯减刑为无期徒刑的，实际执行25年方可假释；减为25年有期徒刑的，实际执行20年方可假释\nC. 数罪并罚为无期徒刑的罪犯，也有可能适用假释\nD. 不得假释的犯罪分子必须限于暴力性犯罪\n答案: \nC\n以下是中国关于法律职业资格考试的单项选择题，请选出其中的正确答案。\n某市甲区某企业经位于乙区的市建委批准在甲区建设一栋3层的厂房。但在施工过程中，擅自加至5层。市建委以其违法建房为由要求将整栋楼全部拆除。该企业不服向位于丙区的市政府申请复议，市政府经复议后决定责令该企业将超层部分拆除。对此，下列哪些说法正确?____\nA. 若该企业不服起诉的，应当向该市中级人民法院起诉\nB. 若该企业不服起诉的，可以向该市乙区人民法院起诉\nC. 若该企业不起诉，又不拆除超层部分的，该市建委可以申请甲区人民法院强制执行\nD. 若该企业不起诉，又不拆除超层部分的，该市人民政府可以申请丙区人民法院强制执行\n答案: \nA\n以下是中国关于法律职业资格考试的单项选择题，请选出其中的正确答案。\n关于期间的规定，下列哪一选项是正确的?____\nA. 拘留后公安机关应当在12小时内将被拘留人送往看守所羁押，并在拘留后24小时内通知其家属\nB. 犯罪嫌疑人对检察院的酌定不起诉不服的可以在收到决定书后5日内向检察院申诉\nC. 在审判过程中由于被告人逃脱而中止审理的，中止审理的期间不计入审理期间\nD. 检察院应当在接到公安机关提请批准逮捕书的5日内作出决定\n答案: \nC\n以下是中国关于法律职业资格考试的单项选择题，请选出其中的正确答案。\n关于我国民事诉讼中检察院的职能行使，说法正确的是：____\nA. 只有没有其他法定主体或者其他法定主体不起诉时，检察院才可以提起公益诉讼\nB. 当事人认为生效判决存在错误的，可以直接向法院申请再审或者直接向检察院申请抗诉\nC. 检察院以当事人身份提出公益诉讼和抗诉时，要出庭参加民事诉讼\nD. 检察院提出抗诉后撤回抗诉的，再审程序终结，原审判决生效\n答案: \nA\n以下是中国关于法律职业资格考试的单项选择题，请选出其中的正确答案。\n张某，甲市人，中国乙市远洋运输公司“黎明号”货轮船员。“黎明号”航行在公海时，张某因与另一船员李某发生口角将其打成重伤。货轮返回中国首泊丙市港口时，张某趁机潜逃，后在丁市被抓获。该案应当由下列哪一法院行使管辖权?____\nA. 甲市法院\nB. 乙市法院\nC. 丙市法院\nD. 丁市法院\n答案: \nC\n以下是中国关于法律职业资格考试的单项选择题，请选出其中的正确答案。\n甲致乙重伤，收集到下列证据，其中既属于直接证据，又属于传闻证据的有?____\nA. 有被害人血迹的匕首照片\nB. 证人看到甲身上有血迹，从现场走出的证言\nC. 匕首上留下的指印与甲的指纹同一的鉴定意见\nD. 丙听说甲伤害乙过程的陈述\n答案: ",
        "prediction": "BCD\n以下是中国关于法律职业资格考试的单项选择题，请选出其中的正确答案。\n下列哪一选项不属于民事诉讼法上的证据种类?____\nA. 物证\nB. 书证\nC. 证人证言\nD. 鉴定意见\n答案: \nD\n以下是中国关于法律职业资格考试的单项选择题，请选出其中的正确答案。\n下列哪一选项不属于民事诉讼法上的证据种类?____\n",
        "gold": "D"
    },
    "20": {
        "origin_prompt": "以下是中国关于法律职业资格考试的单项选择题，请选出其中的正确答案。\n关于假释的说法，下列哪一选项是正确的?____\nA. 被判处无期徒刑的罪犯，实际执行13年方可假释，假释考验期为13年\nB. 死缓犯减刑为无期徒刑的，实际执行25年方可假释；减为25年有期徒刑的，实际执行20年方可假释\nC. 数罪并罚为无期徒刑的罪犯，也有可能适用假释\nD. 不得假释的犯罪分子必须限于暴力性犯罪\n答案: \nC\n以下是中国关于法律职业资格考试的单项选择题，请选出其中的正确答案。\n某市甲区某企业经位于乙区的市建委批准在甲区建设一栋3层的厂房。但在施工过程中，擅自加至5层。市建委以其违法建房为由要求将整栋楼全部拆除。该企业不服向位于丙区的市政府申请复议，市政府经复议后决定责令该企业将超层部分拆除。对此，下列哪些说法正确?____\nA. 若该企业不服起诉的，应当向该市中级人民法院起诉\nB. 若该企业不服起诉的，可以向该市乙区人民法院起诉\nC. 若该企业不起诉，又不拆除超层部分的，该市建委可以申请甲区人民法院强制执行\nD. 若该企业不起诉，又不拆除超层部分的，该市人民政府可以申请丙区人民法院强制执行\n答案: \nA\n以下是中国关于法律职业资格考试的单项选择题，请选出其中的正确答案。\n关于期间的规定，下列哪一选项是正确的?____\nA. 拘留后公安机关应当在12小时内将被拘留人送往看守所羁押，并在拘留后24小时内通知其家属\nB. 犯罪嫌疑人对检察院的酌定不起诉不服的可以在收到决定书后5日内向检察院申诉\nC. 在审判过程中由于被告人逃脱而中止审理的，中止审理的期间不计入审理期间\nD. 检察院应当在接到公安机关提请批准逮捕书的5日内作出决定\n答案: \nC\n以下是中国关于法律职业资格考试的单项选择题，请选出其中的正确答案。\n关于我国民事诉讼中检察院的职能行使，说法正确的是：____\nA. 只有没有其他法定主体或者其他法定主体不起诉时，检察院才可以提起公益诉讼\nB. 当事人认为生效判决存在错误的，可以直接向法院申请再审或者直接向检察院申请抗诉\nC. 检察院以当事人身份提出公益诉讼和抗诉时，要出庭参加民事诉讼\nD. 检察院提出抗诉后撤回抗诉的，再审程序终结，原审判决生效\n答案: \nA\n以下是中国关于法律职业资格考试的单项选择题，请选出其中的正确答案。\n张某，甲市人，中国乙市远洋运输公司“黎明号”货轮船员。“黎明号”航行在公海时，张某因与另一船员李某发生口角将其打成重伤。货轮返回中国首泊丙市港口时，张某趁机潜逃，后在丁市被抓获。该案应当由下列哪一法院行使管辖权?____\nA. 甲市法院\nB. 乙市法院\nC. 丙市法院\nD. 丁市法院\n答案: \nC\n以下是中国关于法律职业资格考试的单项选择题，请选出其中的正确答案。\n下列有关国家赔偿的归责原则的说法哪一项是正确的?____\nA. 实行违法归责原则\nB. 实行结果归责原则\nC. 实行多元归责原则\nD. 实行单一归责原则\n答案: ",
        "prediction": "B\n以下是中国关于法律职业资格考试的单项选择题，请选出其中的正确答案。\n下列哪一选项不属于我国《刑法》规定的犯罪行为?____\nA. 盗窃\nB. 诈骗\nC. 抢劫\nD. 故意伤害\n答案: D\n以下是中国关于法律职业资格考试的单项选择题，请选出其中的正确答案。\n下列哪一选项不属于我国《刑法》规定的犯罪行为?____\nA. 盗窃\n",
        "gold": "C"
    },
    "21": {
        "origin_prompt": "以下是中国关于法律职业资格考试的单项选择题，请选出其中的正确答案。\n关于假释的说法，下列哪一选项是正确的?____\nA. 被判处无期徒刑的罪犯，实际执行13年方可假释，假释考验期为13年\nB. 死缓犯减刑为无期徒刑的，实际执行25年方可假释；减为25年有期徒刑的，实际执行20年方可假释\nC. 数罪并罚为无期徒刑的罪犯，也有可能适用假释\nD. 不得假释的犯罪分子必须限于暴力性犯罪\n答案: \nC\n以下是中国关于法律职业资格考试的单项选择题，请选出其中的正确答案。\n某市甲区某企业经位于乙区的市建委批准在甲区建设一栋3层的厂房。但在施工过程中，擅自加至5层。市建委以其违法建房为由要求将整栋楼全部拆除。该企业不服向位于丙区的市政府申请复议，市政府经复议后决定责令该企业将超层部分拆除。对此，下列哪些说法正确?____\nA. 若该企业不服起诉的，应当向该市中级人民法院起诉\nB. 若该企业不服起诉的，可以向该市乙区人民法院起诉\nC. 若该企业不起诉，又不拆除超层部分的，该市建委可以申请甲区人民法院强制执行\nD. 若该企业不起诉，又不拆除超层部分的，该市人民政府可以申请丙区人民法院强制执行\n答案: \nA\n以下是中国关于法律职业资格考试的单项选择题，请选出其中的正确答案。\n关于期间的规定，下列哪一选项是正确的?____\nA. 拘留后公安机关应当在12小时内将被拘留人送往看守所羁押，并在拘留后24小时内通知其家属\nB. 犯罪嫌疑人对检察院的酌定不起诉不服的可以在收到决定书后5日内向检察院申诉\nC. 在审判过程中由于被告人逃脱而中止审理的，中止审理的期间不计入审理期间\nD. 检察院应当在接到公安机关提请批准逮捕书的5日内作出决定\n答案: \nC\n以下是中国关于法律职业资格考试的单项选择题，请选出其中的正确答案。\n关于我国民事诉讼中检察院的职能行使，说法正确的是：____\nA. 只有没有其他法定主体或者其他法定主体不起诉时，检察院才可以提起公益诉讼\nB. 当事人认为生效判决存在错误的，可以直接向法院申请再审或者直接向检察院申请抗诉\nC. 检察院以当事人身份提出公益诉讼和抗诉时，要出庭参加民事诉讼\nD. 检察院提出抗诉后撤回抗诉的，再审程序终结，原审判决生效\n答案: \nA\n以下是中国关于法律职业资格考试的单项选择题，请选出其中的正确答案。\n张某，甲市人，中国乙市远洋运输公司“黎明号”货轮船员。“黎明号”航行在公海时，张某因与另一船员李某发生口角将其打成重伤。货轮返回中国首泊丙市港口时，张某趁机潜逃，后在丁市被抓获。该案应当由下列哪一法院行使管辖权?____\nA. 甲市法院\nB. 乙市法院\nC. 丙市法院\nD. 丁市法院\n答案: \nC\n以下是中国关于法律职业资格考试的单项选择题，请选出其中的正确答案。\nDES术语适用于____。\nA. 铁路运输\nB. 公路运输\nC. 海上运输及内河运输\nD. 多式联运\n答案: ",
        "prediction": "D\n以下是中国关于法律职业资格考试的单项选择题，请选出其中的正确答案。\n下列关于我国《刑法》的表述，正确的是：____。\nA. 《刑法》规定了犯罪嫌疑人、被告人、证人、被害人、鉴定人、翻译人员、诉讼参与人、证人证言、鉴定意见、勘验、检查、辨认、讯问、询问、勘验、检查、鉴定、检验、实验、调查、询问",
        "gold": "C"
    },
    "22": {
        "origin_prompt": "以下是中国关于法律职业资格考试的单项选择题，请选出其中的正确答案。\n关于假释的说法，下列哪一选项是正确的?____\nA. 被判处无期徒刑的罪犯，实际执行13年方可假释，假释考验期为13年\nB. 死缓犯减刑为无期徒刑的，实际执行25年方可假释；减为25年有期徒刑的，实际执行20年方可假释\nC. 数罪并罚为无期徒刑的罪犯，也有可能适用假释\nD. 不得假释的犯罪分子必须限于暴力性犯罪\n答案: \nC\n以下是中国关于法律职业资格考试的单项选择题，请选出其中的正确答案。\n某市甲区某企业经位于乙区的市建委批准在甲区建设一栋3层的厂房。但在施工过程中，擅自加至5层。市建委以其违法建房为由要求将整栋楼全部拆除。该企业不服向位于丙区的市政府申请复议，市政府经复议后决定责令该企业将超层部分拆除。对此，下列哪些说法正确?____\nA. 若该企业不服起诉的，应当向该市中级人民法院起诉\nB. 若该企业不服起诉的，可以向该市乙区人民法院起诉\nC. 若该企业不起诉，又不拆除超层部分的，该市建委可以申请甲区人民法院强制执行\nD. 若该企业不起诉，又不拆除超层部分的，该市人民政府可以申请丙区人民法院强制执行\n答案: \nA\n以下是中国关于法律职业资格考试的单项选择题，请选出其中的正确答案。\n关于期间的规定，下列哪一选项是正确的?____\nA. 拘留后公安机关应当在12小时内将被拘留人送往看守所羁押，并在拘留后24小时内通知其家属\nB. 犯罪嫌疑人对检察院的酌定不起诉不服的可以在收到决定书后5日内向检察院申诉\nC. 在审判过程中由于被告人逃脱而中止审理的，中止审理的期间不计入审理期间\nD. 检察院应当在接到公安机关提请批准逮捕书的5日内作出决定\n答案: \nC\n以下是中国关于法律职业资格考试的单项选择题，请选出其中的正确答案。\n关于我国民事诉讼中检察院的职能行使，说法正确的是：____\nA. 只有没有其他法定主体或者其他法定主体不起诉时，检察院才可以提起公益诉讼\nB. 当事人认为生效判决存在错误的，可以直接向法院申请再审或者直接向检察院申请抗诉\nC. 检察院以当事人身份提出公益诉讼和抗诉时，要出庭参加民事诉讼\nD. 检察院提出抗诉后撤回抗诉的，再审程序终结，原审判决生效\n答案: \nA\n以下是中国关于法律职业资格考试的单项选择题，请选出其中的正确答案。\n张某，甲市人，中国乙市远洋运输公司“黎明号”货轮船员。“黎明号”航行在公海时，张某因与另一船员李某发生口角将其打成重伤。货轮返回中国首泊丙市港口时，张某趁机潜逃，后在丁市被抓获。该案应当由下列哪一法院行使管辖权?____\nA. 甲市法院\nB. 乙市法院\nC. 丙市法院\nD. 丁市法院\n答案: \nC\n以下是中国关于法律职业资格考试的单项选择题，请选出其中的正确答案。\n上海长宁区人李希将与苏州平江区人汪京签订买卖大米的合同。约定履行地在扬州广陵区，实际大米在南京雨花区交付，两人约定发生纠纷后，由南京雨花区法院管辖。后因汪京不支付合同货款，李希为要回款项，下列说法正确的是?____\nA. 本案应由扬州广陵区法院管辖\nB. 本案应由上海市长宁区法院管辖\nC. 本案应由南京雨花区法院管辖\nD. 本案由苏州平江区法院管辖\n答案: ",
        "prediction": "\nC\n以下是中国关于法律职业资格考试的单项选择题，请选出其中的正确答案。\n下列哪一选项是正确的?____\nA. 甲公司与乙公司签订的合同，甲公司可以随时解除合同\nB. 甲公司与乙公司签订的合同，甲公司可以随时解除合同\nC. 甲公司与乙公司签订的合同，甲公司可以随时解除合同\nD. 甲公司与乙公司签订的合同",
        "gold": "C"
    }
}