{
    "0": {
        "origin_prompt": "以下是中国关于毛泽东思想和中国特色社会主义理论体系概论考试的单项选择题，请选出其中的正确答案。\n中共十八届三中全会通过的《中共中央关于全面深化改革若干重大问题的决定》指出，深化政治体制改革要紧紧围绕____\nA. 提高科学执政、民主执政、依法执政水平进行\nB. 坚持党的领导、人民当家作主、依法治国有机统一进行\nC. 推进社会主义民主政治制度化、规范化、程序化进行\nD. 建设社会主义法治国家进行\n答案: \nB\n以下是中国关于毛泽东思想和中国特色社会主义理论体系概论考试的单项选择题，请选出其中的正确答案。\n中共十八届三中全会通过的《中共中央关于全面深化改革若干重大问题的决定》指出，深化社会体制改革要紧紧围绕____\nA. 推进基本公共服务均等化\nB. 改革收入分配制度，促进共同富裕\nC. 更好保障和改善民生、促进社会公平正义\nD. 推进社会领域制度创新\n答案: \nC\n以下是中国关于毛泽东思想和中国特色社会主义理论体系概论考试的单项选择题，请选出其中的正确答案。\n个体经济、私营经济都是非公有制经济，但是，个体经济在性质上不同于私营经济，因为个体经济____\nA. 投资规模较小\nB. 经营方式单一\nC. 主要依靠自己劳动和经营\nD. 不是法人企业\n答案: \nC\n以下是中国关于毛泽东思想和中国特色社会主义理论体系概论考试的单项选择题，请选出其中的正确答案。\n公有制经济的性质和实现形式是两个不同层次的问题。公有制经济的性质体现在____\nA. 组织形式上\nB. 所有权的归属上\nC. 经营方式上\nD. 分配方式上\n答案: \nB\n以下是中国关于毛泽东思想和中国特色社会主义理论体系概论考试的单项选择题，请选出其中的正确答案。\n发展是硬道理，是党执政兴国的第一要务。要把发展的基点放在____\nA. 改革上\nB. 科技上\nC. 创新上\nD. 制度上\n答案: \nC\n以下是中国关于毛泽东思想和中国特色社会主义理论体系概论考试的单项选择题，请选出其中的正确答案。\n我国人民代表大会制度组织和活动的基本原则是____\nA. 人民当家作主的原则\nB. 民主集中制的原则\nC. 在宪法和法律范围内活动的原则\nD. 公平、公正、公开的原则\n答案: ",
        "prediction": "\nB\n以下是中国关于毛泽东思想和中国特色社会主义理论体系概论考试的单项选择题，请选出其中的正确答案。\n我国社会主义初级阶段的基本经济制度是____\nA. 公有制为主体、多种所有制经济共同发展\nB. 公有制为主体、多种所有制经济并存\nC. 公有制为主体、多种所有制经济共同发展\nD. 公有制为主体、多种所有制经济并",
        "gold": "B"
    },
    "1": {
        "origin_prompt": "以下是中国关于毛泽东思想和中国特色社会主义理论体系概论考试的单项选择题，请选出其中的正确答案。\n中共十八届三中全会通过的《中共中央关于全面深化改革若干重大问题的决定》指出，深化政治体制改革要紧紧围绕____\nA. 提高科学执政、民主执政、依法执政水平进行\nB. 坚持党的领导、人民当家作主、依法治国有机统一进行\nC. 推进社会主义民主政治制度化、规范化、程序化进行\nD. 建设社会主义法治国家进行\n答案: \nB\n以下是中国关于毛泽东思想和中国特色社会主义理论体系概论考试的单项选择题，请选出其中的正确答案。\n中共十八届三中全会通过的《中共中央关于全面深化改革若干重大问题的决定》指出，深化社会体制改革要紧紧围绕____\nA. 推进基本公共服务均等化\nB. 改革收入分配制度，促进共同富裕\nC. 更好保障和改善民生、促进社会公平正义\nD. 推进社会领域制度创新\n答案: \nC\n以下是中国关于毛泽东思想和中国特色社会主义理论体系概论考试的单项选择题，请选出其中的正确答案。\n个体经济、私营经济都是非公有制经济，但是，个体经济在性质上不同于私营经济，因为个体经济____\nA. 投资规模较小\nB. 经营方式单一\nC. 主要依靠自己劳动和经营\nD. 不是法人企业\n答案: \nC\n以下是中国关于毛泽东思想和中国特色社会主义理论体系概论考试的单项选择题，请选出其中的正确答案。\n公有制经济的性质和实现形式是两个不同层次的问题。公有制经济的性质体现在____\nA. 组织形式上\nB. 所有权的归属上\nC. 经营方式上\nD. 分配方式上\n答案: \nB\n以下是中国关于毛泽东思想和中国特色社会主义理论体系概论考试的单项选择题，请选出其中的正确答案。\n发展是硬道理，是党执政兴国的第一要务。要把发展的基点放在____\nA. 改革上\nB. 科技上\nC. 创新上\nD. 制度上\n答案: \nC\n以下是中国关于毛泽东思想和中国特色社会主义理论体系概论考试的单项选择题，请选出其中的正确答案。\n社会主义和谐社会的核心价值是____\nA. 以人为本\nB. 以民为本\nC. 社会公平\nD. 公平和正义\n答案: ",
        "prediction": "D\n以下是中国关于毛泽东思想和中国特色社会主义理论体系概论考试的单项选择题，请选出其中的正确答案。\n社会主义和谐社会的核心价值是____\nA. 以人为本\nB. 以民为本\nC. 社会公平\nD. 公平和正义\n答案: D\n以下是中国关于毛泽东思想和中国特色社会主义理论体系概论考试的单项选择题，请选出其中的正确答案。\n社会主义和谐社会的核心价值是____\nA. 以人为本\n",
        "gold": "D"
    },
    "2": {
        "origin_prompt": "以下是中国关于毛泽东思想和中国特色社会主义理论体系概论考试的单项选择题，请选出其中的正确答案。\n中共十八届三中全会通过的《中共中央关于全面深化改革若干重大问题的决定》指出，深化政治体制改革要紧紧围绕____\nA. 提高科学执政、民主执政、依法执政水平进行\nB. 坚持党的领导、人民当家作主、依法治国有机统一进行\nC. 推进社会主义民主政治制度化、规范化、程序化进行\nD. 建设社会主义法治国家进行\n答案: \nB\n以下是中国关于毛泽东思想和中国特色社会主义理论体系概论考试的单项选择题，请选出其中的正确答案。\n中共十八届三中全会通过的《中共中央关于全面深化改革若干重大问题的决定》指出，深化社会体制改革要紧紧围绕____\nA. 推进基本公共服务均等化\nB. 改革收入分配制度，促进共同富裕\nC. 更好保障和改善民生、促进社会公平正义\nD. 推进社会领域制度创新\n答案: \nC\n以下是中国关于毛泽东思想和中国特色社会主义理论体系概论考试的单项选择题，请选出其中的正确答案。\n个体经济、私营经济都是非公有制经济，但是，个体经济在性质上不同于私营经济，因为个体经济____\nA. 投资规模较小\nB. 经营方式单一\nC. 主要依靠自己劳动和经营\nD. 不是法人企业\n答案: \nC\n以下是中国关于毛泽东思想和中国特色社会主义理论体系概论考试的单项选择题，请选出其中的正确答案。\n公有制经济的性质和实现形式是两个不同层次的问题。公有制经济的性质体现在____\nA. 组织形式上\nB. 所有权的归属上\nC. 经营方式上\nD. 分配方式上\n答案: \nB\n以下是中国关于毛泽东思想和中国特色社会主义理论体系概论考试的单项选择题，请选出其中的正确答案。\n发展是硬道理，是党执政兴国的第一要务。要把发展的基点放在____\nA. 改革上\nB. 科技上\nC. 创新上\nD. 制度上\n答案: \nC\n以下是中国关于毛泽东思想和中国特色社会主义理论体系概论考试的单项选择题，请选出其中的正确答案。\n21世纪前10年，我国经济体制必须解决好的历史课题是____\nA. 实施科教兴国战略和可持续发展战略\nB. 促进国民经济持续快速健康发展\nC. 大多数国有大中型骨干企业建立现代企业制度\nD. 建立比较完善的社会主义市场经济体制\n答案: ",
        "prediction": "D\n以下是中国关于毛泽东思想和中国特色社会主义理论体系概论考试的单项选择题，请选出其中的正确答案。\n在社会主义初级阶段，我国基本经济制度是____\nA. 公有制为主体、多种所有制经济共同发展\nB. 公有制为主体、多种所有制经济共同发展\nC. 公有制为主体、多种所有制经济共同发展\nD. 公有制为主体、多种所有制经济共同",
        "gold": "D"
    },
    "3": {
        "origin_prompt": "以下是中国关于毛泽东思想和中国特色社会主义理论体系概论考试的单项选择题，请选出其中的正确答案。\n中共十八届三中全会通过的《中共中央关于全面深化改革若干重大问题的决定》指出，深化政治体制改革要紧紧围绕____\nA. 提高科学执政、民主执政、依法执政水平进行\nB. 坚持党的领导、人民当家作主、依法治国有机统一进行\nC. 推进社会主义民主政治制度化、规范化、程序化进行\nD. 建设社会主义法治国家进行\n答案: \nB\n以下是中国关于毛泽东思想和中国特色社会主义理论体系概论考试的单项选择题，请选出其中的正确答案。\n中共十八届三中全会通过的《中共中央关于全面深化改革若干重大问题的决定》指出，深化社会体制改革要紧紧围绕____\nA. 推进基本公共服务均等化\nB. 改革收入分配制度，促进共同富裕\nC. 更好保障和改善民生、促进社会公平正义\nD. 推进社会领域制度创新\n答案: \nC\n以下是中国关于毛泽东思想和中国特色社会主义理论体系概论考试的单项选择题，请选出其中的正确答案。\n个体经济、私营经济都是非公有制经济，但是，个体经济在性质上不同于私营经济，因为个体经济____\nA. 投资规模较小\nB. 经营方式单一\nC. 主要依靠自己劳动和经营\nD. 不是法人企业\n答案: \nC\n以下是中国关于毛泽东思想和中国特色社会主义理论体系概论考试的单项选择题，请选出其中的正确答案。\n公有制经济的性质和实现形式是两个不同层次的问题。公有制经济的性质体现在____\nA. 组织形式上\nB. 所有权的归属上\nC. 经营方式上\nD. 分配方式上\n答案: \nB\n以下是中国关于毛泽东思想和中国特色社会主义理论体系概论考试的单项选择题，请选出其中的正确答案。\n发展是硬道理，是党执政兴国的第一要务。要把发展的基点放在____\nA. 改革上\nB. 科技上\nC. 创新上\nD. 制度上\n答案: \nC\n以下是中国关于毛泽东思想和中国特色社会主义理论体系概论考试的单项选择题，请选出其中的正确答案。\n首次以“台湾回到祖国怀抱，实现统一大业”来代替“解放台湾”的提法的是____\nA. 1978年12月党的十一届三中全会公报\nB. 1979年元旦全国人大常委会发表《告台湾同胞书》\nC. 1981年9月叶剑英对新华社记者发表的被称为“叶九条”的谈话\nD. 1982年中国共产党十二大政治报告\n答案: ",
        "prediction": "\nB\nB\nB\nB\nB\nB\nB\nB\nB\nB\nB\nB\nB\nB\nB\nB\nB\nB\nB\nB\nB\nB\nB\nB\nB\nB\nB\nB\nB\nB\nB\nB\nB",
        "gold": "A"
    },
    "4": {
        "origin_prompt": "以下是中国关于毛泽东思想和中国特色社会主义理论体系概论考试的单项选择题，请选出其中的正确答案。\n中共十八届三中全会通过的《中共中央关于全面深化改革若干重大问题的决定》指出，深化政治体制改革要紧紧围绕____\nA. 提高科学执政、民主执政、依法执政水平进行\nB. 坚持党的领导、人民当家作主、依法治国有机统一进行\nC. 推进社会主义民主政治制度化、规范化、程序化进行\nD. 建设社会主义法治国家进行\n答案: \nB\n以下是中国关于毛泽东思想和中国特色社会主义理论体系概论考试的单项选择题，请选出其中的正确答案。\n中共十八届三中全会通过的《中共中央关于全面深化改革若干重大问题的决定》指出，深化社会体制改革要紧紧围绕____\nA. 推进基本公共服务均等化\nB. 改革收入分配制度，促进共同富裕\nC. 更好保障和改善民生、促进社会公平正义\nD. 推进社会领域制度创新\n答案: \nC\n以下是中国关于毛泽东思想和中国特色社会主义理论体系概论考试的单项选择题，请选出其中的正确答案。\n个体经济、私营经济都是非公有制经济，但是，个体经济在性质上不同于私营经济，因为个体经济____\nA. 投资规模较小\nB. 经营方式单一\nC. 主要依靠自己劳动和经营\nD. 不是法人企业\n答案: \nC\n以下是中国关于毛泽东思想和中国特色社会主义理论体系概论考试的单项选择题，请选出其中的正确答案。\n公有制经济的性质和实现形式是两个不同层次的问题。公有制经济的性质体现在____\nA. 组织形式上\nB. 所有权的归属上\nC. 经营方式上\nD. 分配方式上\n答案: \nB\n以下是中国关于毛泽东思想和中国特色社会主义理论体系概论考试的单项选择题，请选出其中的正确答案。\n发展是硬道理，是党执政兴国的第一要务。要把发展的基点放在____\nA. 改革上\nB. 科技上\nC. 创新上\nD. 制度上\n答案: \nC\n以下是中国关于毛泽东思想和中国特色社会主义理论体系概论考试的单项选择题，请选出其中的正确答案。\n毛泽东思想达到成熟的标志是____\nA. 新民主主义理论科学体系的形成\nB. 农村包围城市革命道路理论的形成\nC. 新民主主义革命基本经验的提出\nD. 毛泽东军事路线的完整形成\n答案: ",
        "prediction": "\nA\n\nA\n以下是中国关于毛泽东思想和中国特色社会主义理论体系概论考试的单项选择题，请选出其中的正确答案。\n毛泽东思想是马克思主义中国化的第一个理论成果，也是马克思主义中国化的第一个历史性飞跃。毛泽东思想在马克思主义发展史上具有_____的里程碑意义。\nA. 承前启后\nB. 继往开来\nC. 承上启下\nD. 继往开来\n答案:",
        "gold": "A"
    },
    "5": {
        "origin_prompt": "以下是中国关于毛泽东思想和中国特色社会主义理论体系概论考试的单项选择题，请选出其中的正确答案。\n中共十八届三中全会通过的《中共中央关于全面深化改革若干重大问题的决定》指出，深化政治体制改革要紧紧围绕____\nA. 提高科学执政、民主执政、依法执政水平进行\nB. 坚持党的领导、人民当家作主、依法治国有机统一进行\nC. 推进社会主义民主政治制度化、规范化、程序化进行\nD. 建设社会主义法治国家进行\n答案: \nB\n以下是中国关于毛泽东思想和中国特色社会主义理论体系概论考试的单项选择题，请选出其中的正确答案。\n中共十八届三中全会通过的《中共中央关于全面深化改革若干重大问题的决定》指出，深化社会体制改革要紧紧围绕____\nA. 推进基本公共服务均等化\nB. 改革收入分配制度，促进共同富裕\nC. 更好保障和改善民生、促进社会公平正义\nD. 推进社会领域制度创新\n答案: \nC\n以下是中国关于毛泽东思想和中国特色社会主义理论体系概论考试的单项选择题，请选出其中的正确答案。\n个体经济、私营经济都是非公有制经济，但是，个体经济在性质上不同于私营经济，因为个体经济____\nA. 投资规模较小\nB. 经营方式单一\nC. 主要依靠自己劳动和经营\nD. 不是法人企业\n答案: \nC\n以下是中国关于毛泽东思想和中国特色社会主义理论体系概论考试的单项选择题，请选出其中的正确答案。\n公有制经济的性质和实现形式是两个不同层次的问题。公有制经济的性质体现在____\nA. 组织形式上\nB. 所有权的归属上\nC. 经营方式上\nD. 分配方式上\n答案: \nB\n以下是中国关于毛泽东思想和中国特色社会主义理论体系概论考试的单项选择题，请选出其中的正确答案。\n发展是硬道理，是党执政兴国的第一要务。要把发展的基点放在____\nA. 改革上\nB. 科技上\nC. 创新上\nD. 制度上\n答案: \nC\n以下是中国关于毛泽东思想和中国特色社会主义理论体系概论考试的单项选择题，请选出其中的正确答案。\n建设和谐文化的根本是____\nA. 坚持马克思主义的指导\nB. 发展科学和教育\nC. 坚持社会主义核心价值体系\nD. 推进文化体制改革\n答案: ",
        "prediction": "\nC\n以下是中国关于毛泽东思想和中国特色社会主义理论体系概论考试的单项选择题，请选出其中的正确答案。\n社会主义初级阶段的主要矛盾是____\nA. 人民日益增长的物质文化需要同落后的社会生产之间的矛盾\nB. 人民日益增长的物质文化需要同落后的社会生产之间的矛盾\nC. 人民日益增长的物质文化需要同落后的社会生产之间的矛盾\nD. 人民日益增长的物质文化需要同落后的社会",
        "gold": "C"
    },
    "6": {
        "origin_prompt": "以下是中国关于毛泽东思想和中国特色社会主义理论体系概论考试的单项选择题，请选出其中的正确答案。\n中共十八届三中全会通过的《中共中央关于全面深化改革若干重大问题的决定》指出，深化政治体制改革要紧紧围绕____\nA. 提高科学执政、民主执政、依法执政水平进行\nB. 坚持党的领导、人民当家作主、依法治国有机统一进行\nC. 推进社会主义民主政治制度化、规范化、程序化进行\nD. 建设社会主义法治国家进行\n答案: \nB\n以下是中国关于毛泽东思想和中国特色社会主义理论体系概论考试的单项选择题，请选出其中的正确答案。\n中共十八届三中全会通过的《中共中央关于全面深化改革若干重大问题的决定》指出，深化社会体制改革要紧紧围绕____\nA. 推进基本公共服务均等化\nB. 改革收入分配制度，促进共同富裕\nC. 更好保障和改善民生、促进社会公平正义\nD. 推进社会领域制度创新\n答案: \nC\n以下是中国关于毛泽东思想和中国特色社会主义理论体系概论考试的单项选择题，请选出其中的正确答案。\n个体经济、私营经济都是非公有制经济，但是，个体经济在性质上不同于私营经济，因为个体经济____\nA. 投资规模较小\nB. 经营方式单一\nC. 主要依靠自己劳动和经营\nD. 不是法人企业\n答案: \nC\n以下是中国关于毛泽东思想和中国特色社会主义理论体系概论考试的单项选择题，请选出其中的正确答案。\n公有制经济的性质和实现形式是两个不同层次的问题。公有制经济的性质体现在____\nA. 组织形式上\nB. 所有权的归属上\nC. 经营方式上\nD. 分配方式上\n答案: \nB\n以下是中国关于毛泽东思想和中国特色社会主义理论体系概论考试的单项选择题，请选出其中的正确答案。\n发展是硬道理，是党执政兴国的第一要务。要把发展的基点放在____\nA. 改革上\nB. 科技上\nC. 创新上\nD. 制度上\n答案: \nC\n以下是中国关于毛泽东思想和中国特色社会主义理论体系概论考试的单项选择题，请选出其中的正确答案。\n构建社会主义和谐社会的重点是____\nA. 坚持以马列主义、毛泽东思想、邓小平理论和“三个代表”重要思想为指导\nB. 民主法制、公平正义、诚信友爱、充满活力、安定有序、人与自然和谐相处\nC. 解决人民群众最关心、最直接、最现实的利益问题\nD. 到2020年完全实现社会主义和谐社会\n答案: ",
        "prediction": "\nC\n以下是中国关于毛泽东思想和中国特色社会主义理论体系概论考试的单项选择题，请选出其中的正确答案。\n社会主义初级阶段的主要矛盾是____\nA. 人民日益增长的物质文化需要同落后的社会生产之间的矛盾\nB. 人民日益增长的物质文化需要同落后的社会生产之间的矛盾\nC. 人民日益增长的物质文化需要同落后的社会生产之间的矛盾\nD. 人民日益增长的物质文化需要同落后的社会",
        "gold": "C"
    },
    "7": {
        "origin_prompt": "以下是中国关于毛泽东思想和中国特色社会主义理论体系概论考试的单项选择题，请选出其中的正确答案。\n中共十八届三中全会通过的《中共中央关于全面深化改革若干重大问题的决定》指出，深化政治体制改革要紧紧围绕____\nA. 提高科学执政、民主执政、依法执政水平进行\nB. 坚持党的领导、人民当家作主、依法治国有机统一进行\nC. 推进社会主义民主政治制度化、规范化、程序化进行\nD. 建设社会主义法治国家进行\n答案: \nB\n以下是中国关于毛泽东思想和中国特色社会主义理论体系概论考试的单项选择题，请选出其中的正确答案。\n中共十八届三中全会通过的《中共中央关于全面深化改革若干重大问题的决定》指出，深化社会体制改革要紧紧围绕____\nA. 推进基本公共服务均等化\nB. 改革收入分配制度，促进共同富裕\nC. 更好保障和改善民生、促进社会公平正义\nD. 推进社会领域制度创新\n答案: \nC\n以下是中国关于毛泽东思想和中国特色社会主义理论体系概论考试的单项选择题，请选出其中的正确答案。\n个体经济、私营经济都是非公有制经济，但是，个体经济在性质上不同于私营经济，因为个体经济____\nA. 投资规模较小\nB. 经营方式单一\nC. 主要依靠自己劳动和经营\nD. 不是法人企业\n答案: \nC\n以下是中国关于毛泽东思想和中国特色社会主义理论体系概论考试的单项选择题，请选出其中的正确答案。\n公有制经济的性质和实现形式是两个不同层次的问题。公有制经济的性质体现在____\nA. 组织形式上\nB. 所有权的归属上\nC. 经营方式上\nD. 分配方式上\n答案: \nB\n以下是中国关于毛泽东思想和中国特色社会主义理论体系概论考试的单项选择题，请选出其中的正确答案。\n发展是硬道理，是党执政兴国的第一要务。要把发展的基点放在____\nA. 改革上\nB. 科技上\nC. 创新上\nD. 制度上\n答案: \nC\n以下是中国关于毛泽东思想和中国特色社会主义理论体系概论考试的单项选择题，请选出其中的正确答案。\n台湾问题的本质是____\nA. 中国的内政问题\nB. 中国同美国的关系问题\nC. 中国同日本的关系问题\nD. 共产党与国民党的关系问题\n答案: ",
        "prediction": "A\n以下是中国关于毛泽东思想和中国特色社会主义理论体系概论考试的单项选择题，请选出其中的正确答案。\n毛泽东思想和中国特色社会主义理论体系是马克思主义中国化的两大理论成果，它们都具有____\nA. 与时俱进\nB. 与时俱进\nC. 与时俱进\nD. 与时俱进\n答案: D\n以下是中国关于毛泽东思想和中国特色社会主义理论体系概论考试的单项选择题，请选出其中的正确答案。\n",
        "gold": "A"
    },
    "8": {
        "origin_prompt": "以下是中国关于毛泽东思想和中国特色社会主义理论体系概论考试的单项选择题，请选出其中的正确答案。\n中共十八届三中全会通过的《中共中央关于全面深化改革若干重大问题的决定》指出，深化政治体制改革要紧紧围绕____\nA. 提高科学执政、民主执政、依法执政水平进行\nB. 坚持党的领导、人民当家作主、依法治国有机统一进行\nC. 推进社会主义民主政治制度化、规范化、程序化进行\nD. 建设社会主义法治国家进行\n答案: \nB\n以下是中国关于毛泽东思想和中国特色社会主义理论体系概论考试的单项选择题，请选出其中的正确答案。\n中共十八届三中全会通过的《中共中央关于全面深化改革若干重大问题的决定》指出，深化社会体制改革要紧紧围绕____\nA. 推进基本公共服务均等化\nB. 改革收入分配制度，促进共同富裕\nC. 更好保障和改善民生、促进社会公平正义\nD. 推进社会领域制度创新\n答案: \nC\n以下是中国关于毛泽东思想和中国特色社会主义理论体系概论考试的单项选择题，请选出其中的正确答案。\n个体经济、私营经济都是非公有制经济，但是，个体经济在性质上不同于私营经济，因为个体经济____\nA. 投资规模较小\nB. 经营方式单一\nC. 主要依靠自己劳动和经营\nD. 不是法人企业\n答案: \nC\n以下是中国关于毛泽东思想和中国特色社会主义理论体系概论考试的单项选择题，请选出其中的正确答案。\n公有制经济的性质和实现形式是两个不同层次的问题。公有制经济的性质体现在____\nA. 组织形式上\nB. 所有权的归属上\nC. 经营方式上\nD. 分配方式上\n答案: \nB\n以下是中国关于毛泽东思想和中国特色社会主义理论体系概论考试的单项选择题，请选出其中的正确答案。\n发展是硬道理，是党执政兴国的第一要务。要把发展的基点放在____\nA. 改革上\nB. 科技上\nC. 创新上\nD. 制度上\n答案: \nC\n以下是中国关于毛泽东思想和中国特色社会主义理论体系概论考试的单项选择题，请选出其中的正确答案。\n在中国共产党历史上，最早提出“马克思主义中国化”这个命题的是____\nA. 李大钊\nB. 陈独\nC. 毛泽东\nD. 张闻天\n答案: ",
        "prediction": "C\n以下是中国关于毛泽东思想和中国特色社会主义理论体系概论考试的单项选择题，请选出其中的正确答案。\n毛泽东思想和中国特色社会主义理论体系是马克思主义中国化的两大理论成果，它们都具有____\nA. 与时俱进\nB. 与时俱进\nC. 与时俱进\nD. 与时俱进\n答案: C\n以下是中国关于毛泽东思想和中国特色社会主义理论体系概论考试的单项选择题，请选出其中的正确答案",
        "gold": "C"
    },
    "9": {
        "origin_prompt": "以下是中国关于毛泽东思想和中国特色社会主义理论体系概论考试的单项选择题，请选出其中的正确答案。\n中共十八届三中全会通过的《中共中央关于全面深化改革若干重大问题的决定》指出，深化政治体制改革要紧紧围绕____\nA. 提高科学执政、民主执政、依法执政水平进行\nB. 坚持党的领导、人民当家作主、依法治国有机统一进行\nC. 推进社会主义民主政治制度化、规范化、程序化进行\nD. 建设社会主义法治国家进行\n答案: \nB\n以下是中国关于毛泽东思想和中国特色社会主义理论体系概论考试的单项选择题，请选出其中的正确答案。\n中共十八届三中全会通过的《中共中央关于全面深化改革若干重大问题的决定》指出，深化社会体制改革要紧紧围绕____\nA. 推进基本公共服务均等化\nB. 改革收入分配制度，促进共同富裕\nC. 更好保障和改善民生、促进社会公平正义\nD. 推进社会领域制度创新\n答案: \nC\n以下是中国关于毛泽东思想和中国特色社会主义理论体系概论考试的单项选择题，请选出其中的正确答案。\n个体经济、私营经济都是非公有制经济，但是，个体经济在性质上不同于私营经济，因为个体经济____\nA. 投资规模较小\nB. 经营方式单一\nC. 主要依靠自己劳动和经营\nD. 不是法人企业\n答案: \nC\n以下是中国关于毛泽东思想和中国特色社会主义理论体系概论考试的单项选择题，请选出其中的正确答案。\n公有制经济的性质和实现形式是两个不同层次的问题。公有制经济的性质体现在____\nA. 组织形式上\nB. 所有权的归属上\nC. 经营方式上\nD. 分配方式上\n答案: \nB\n以下是中国关于毛泽东思想和中国特色社会主义理论体系概论考试的单项选择题，请选出其中的正确答案。\n发展是硬道理，是党执政兴国的第一要务。要把发展的基点放在____\nA. 改革上\nB. 科技上\nC. 创新上\nD. 制度上\n答案: \nC\n以下是中国关于毛泽东思想和中国特色社会主义理论体系概论考试的单项选择题，请选出其中的正确答案。\n党的十八大提出，面对资源约束趋紧、环境污染严重、生态系统退化的严峻形势，必须树立尊重自然、顺应自然、保护自然的生态文明理念。人与自然相处时应秉持的首要态度是____\nA. 尊重自然\nB. 顺应自然\nC. 保护自然\nD. 征服自然\n答案: ",
        "prediction": "\nA\n以下是中国关于毛泽东思想和中国特色社会主义理论体系概论考试的单项选择题，请选出其中的正确答案。\n在社会主义初级阶段，我国社会的主要矛盾是____\nA. 人民日益增长的物质文化需要同落后的社会生产之间的矛盾\nB. 人民日益增长的物质文化需要同落后的社会生产之间的矛盾\nC. 人民日益增长的物质文化需要同落后的社会生产之间的矛盾\nD. 人民日益增长的物质文化需要",
        "gold": "A"
    },
    "10": {
        "origin_prompt": "以下是中国关于毛泽东思想和中国特色社会主义理论体系概论考试的单项选择题，请选出其中的正确答案。\n中共十八届三中全会通过的《中共中央关于全面深化改革若干重大问题的决定》指出，深化政治体制改革要紧紧围绕____\nA. 提高科学执政、民主执政、依法执政水平进行\nB. 坚持党的领导、人民当家作主、依法治国有机统一进行\nC. 推进社会主义民主政治制度化、规范化、程序化进行\nD. 建设社会主义法治国家进行\n答案: \nB\n以下是中国关于毛泽东思想和中国特色社会主义理论体系概论考试的单项选择题，请选出其中的正确答案。\n中共十八届三中全会通过的《中共中央关于全面深化改革若干重大问题的决定》指出，深化社会体制改革要紧紧围绕____\nA. 推进基本公共服务均等化\nB. 改革收入分配制度，促进共同富裕\nC. 更好保障和改善民生、促进社会公平正义\nD. 推进社会领域制度创新\n答案: \nC\n以下是中国关于毛泽东思想和中国特色社会主义理论体系概论考试的单项选择题，请选出其中的正确答案。\n个体经济、私营经济都是非公有制经济，但是，个体经济在性质上不同于私营经济，因为个体经济____\nA. 投资规模较小\nB. 经营方式单一\nC. 主要依靠自己劳动和经营\nD. 不是法人企业\n答案: \nC\n以下是中国关于毛泽东思想和中国特色社会主义理论体系概论考试的单项选择题，请选出其中的正确答案。\n公有制经济的性质和实现形式是两个不同层次的问题。公有制经济的性质体现在____\nA. 组织形式上\nB. 所有权的归属上\nC. 经营方式上\nD. 分配方式上\n答案: \nB\n以下是中国关于毛泽东思想和中国特色社会主义理论体系概论考试的单项选择题，请选出其中的正确答案。\n发展是硬道理，是党执政兴国的第一要务。要把发展的基点放在____\nA. 改革上\nB. 科技上\nC. 创新上\nD. 制度上\n答案: \nC\n以下是中国关于毛泽东思想和中国特色社会主义理论体系概论考试的单项选择题，请选出其中的正确答案。\n中国革命的特点和优点是____\nA. 由中国共产党领导的人民战争\nB. 目标是争取民族独立、人民解放，最终实现国家的繁荣富强\nC. 以反帝反封建作为两大革命任务\nD. 以武装的革命反对武装的反革命\n答案: ",
        "prediction": "\nB\n以下是中国关于毛泽东思想和中国特色社会主义理论体系概论考试的单项选择题，请选出其中的正确答案。\n毛泽东思想是马克思主义中国化的第一个理论成果，它对马克思主义的____\nA. 基本原理的运用\nB. 基本立场和基本方法\nC. 基本观点和基本方法\nD. 基本原理和基本方法\n答案: D\n以下是中国关于毛泽东思想和中国特色社会主义理论体系概论考试的单项选择题，",
        "gold": "D"
    },
    "11": {
        "origin_prompt": "以下是中国关于毛泽东思想和中国特色社会主义理论体系概论考试的单项选择题，请选出其中的正确答案。\n中共十八届三中全会通过的《中共中央关于全面深化改革若干重大问题的决定》指出，深化政治体制改革要紧紧围绕____\nA. 提高科学执政、民主执政、依法执政水平进行\nB. 坚持党的领导、人民当家作主、依法治国有机统一进行\nC. 推进社会主义民主政治制度化、规范化、程序化进行\nD. 建设社会主义法治国家进行\n答案: \nB\n以下是中国关于毛泽东思想和中国特色社会主义理论体系概论考试的单项选择题，请选出其中的正确答案。\n中共十八届三中全会通过的《中共中央关于全面深化改革若干重大问题的决定》指出，深化社会体制改革要紧紧围绕____\nA. 推进基本公共服务均等化\nB. 改革收入分配制度，促进共同富裕\nC. 更好保障和改善民生、促进社会公平正义\nD. 推进社会领域制度创新\n答案: \nC\n以下是中国关于毛泽东思想和中国特色社会主义理论体系概论考试的单项选择题，请选出其中的正确答案。\n个体经济、私营经济都是非公有制经济，但是，个体经济在性质上不同于私营经济，因为个体经济____\nA. 投资规模较小\nB. 经营方式单一\nC. 主要依靠自己劳动和经营\nD. 不是法人企业\n答案: \nC\n以下是中国关于毛泽东思想和中国特色社会主义理论体系概论考试的单项选择题，请选出其中的正确答案。\n公有制经济的性质和实现形式是两个不同层次的问题。公有制经济的性质体现在____\nA. 组织形式上\nB. 所有权的归属上\nC. 经营方式上\nD. 分配方式上\n答案: \nB\n以下是中国关于毛泽东思想和中国特色社会主义理论体系概论考试的单项选择题，请选出其中的正确答案。\n发展是硬道理，是党执政兴国的第一要务。要把发展的基点放在____\nA. 改革上\nB. 科技上\nC. 创新上\nD. 制度上\n答案: \nC\n以下是中国关于毛泽东思想和中国特色社会主义理论体系概论考试的单项选择题，请选出其中的正确答案。\n香港特别行政区的高度自治权的唯一来源是____\nA. 中央授权\nB. 香港特别行政区本身固有的\nC. 《中英联合声明》\nD. 中央授权之外的剩余权力\n答案: ",
        "prediction": "\nC\n以下是中国关于毛泽东思想和中国特色社会主义理论体系概论考试的单项选择题，请选出其中的正确答案。\n在社会主义初级阶段，我国实行以公有制为主体、多种所有制经济共同发展的基本经济制度。公有制经济包括____\nA. 国有经济、集体经济\nB. 国有经济、集体经济、混合所有制经济\nC. 国有经济、集体经济、非公有制经济\nD. ",
        "gold": "A"
    },
    "12": {
        "origin_prompt": "以下是中国关于毛泽东思想和中国特色社会主义理论体系概论考试的单项选择题，请选出其中的正确答案。\n中共十八届三中全会通过的《中共中央关于全面深化改革若干重大问题的决定》指出，深化政治体制改革要紧紧围绕____\nA. 提高科学执政、民主执政、依法执政水平进行\nB. 坚持党的领导、人民当家作主、依法治国有机统一进行\nC. 推进社会主义民主政治制度化、规范化、程序化进行\nD. 建设社会主义法治国家进行\n答案: \nB\n以下是中国关于毛泽东思想和中国特色社会主义理论体系概论考试的单项选择题，请选出其中的正确答案。\n中共十八届三中全会通过的《中共中央关于全面深化改革若干重大问题的决定》指出，深化社会体制改革要紧紧围绕____\nA. 推进基本公共服务均等化\nB. 改革收入分配制度，促进共同富裕\nC. 更好保障和改善民生、促进社会公平正义\nD. 推进社会领域制度创新\n答案: \nC\n以下是中国关于毛泽东思想和中国特色社会主义理论体系概论考试的单项选择题，请选出其中的正确答案。\n个体经济、私营经济都是非公有制经济，但是，个体经济在性质上不同于私营经济，因为个体经济____\nA. 投资规模较小\nB. 经营方式单一\nC. 主要依靠自己劳动和经营\nD. 不是法人企业\n答案: \nC\n以下是中国关于毛泽东思想和中国特色社会主义理论体系概论考试的单项选择题，请选出其中的正确答案。\n公有制经济的性质和实现形式是两个不同层次的问题。公有制经济的性质体现在____\nA. 组织形式上\nB. 所有权的归属上\nC. 经营方式上\nD. 分配方式上\n答案: \nB\n以下是中国关于毛泽东思想和中国特色社会主义理论体系概论考试的单项选择题，请选出其中的正确答案。\n发展是硬道理，是党执政兴国的第一要务。要把发展的基点放在____\nA. 改革上\nB. 科技上\nC. 创新上\nD. 制度上\n答案: \nC\n以下是中国关于毛泽东思想和中国特色社会主义理论体系概论考试的单项选择题，请选出其中的正确答案。\n我国实施改革的目的是____\nA. 巩固社会主义制度\nB. 发扬社会主义民主\nC. 调动广大人民群众的积极性\nD. 发展社会主义的生产力\n答案: ",
        "prediction": "\nD\n以下是中国关于毛泽东思想和中国特色社会主义理论体系概论考试的单项选择题，请选出其中的正确答案。\n我国社会主义初级阶段的主要矛盾是____\nA. 人民日益增长的物质文化需要同落后的社会生产之间的矛盾\nB. 人民日益增长的物质文化需要同落后的社会生产之间的矛盾\nC. 人民日益增长的物质文化需要同落后的社会生产之间的矛盾\nD. 人民日益增长的物质文化需要同落后的",
        "gold": "D"
    },
    "13": {
        "origin_prompt": "以下是中国关于毛泽东思想和中国特色社会主义理论体系概论考试的单项选择题，请选出其中的正确答案。\n中共十八届三中全会通过的《中共中央关于全面深化改革若干重大问题的决定》指出，深化政治体制改革要紧紧围绕____\nA. 提高科学执政、民主执政、依法执政水平进行\nB. 坚持党的领导、人民当家作主、依法治国有机统一进行\nC. 推进社会主义民主政治制度化、规范化、程序化进行\nD. 建设社会主义法治国家进行\n答案: \nB\n以下是中国关于毛泽东思想和中国特色社会主义理论体系概论考试的单项选择题，请选出其中的正确答案。\n中共十八届三中全会通过的《中共中央关于全面深化改革若干重大问题的决定》指出，深化社会体制改革要紧紧围绕____\nA. 推进基本公共服务均等化\nB. 改革收入分配制度，促进共同富裕\nC. 更好保障和改善民生、促进社会公平正义\nD. 推进社会领域制度创新\n答案: \nC\n以下是中国关于毛泽东思想和中国特色社会主义理论体系概论考试的单项选择题，请选出其中的正确答案。\n个体经济、私营经济都是非公有制经济，但是，个体经济在性质上不同于私营经济，因为个体经济____\nA. 投资规模较小\nB. 经营方式单一\nC. 主要依靠自己劳动和经营\nD. 不是法人企业\n答案: \nC\n以下是中国关于毛泽东思想和中国特色社会主义理论体系概论考试的单项选择题，请选出其中的正确答案。\n公有制经济的性质和实现形式是两个不同层次的问题。公有制经济的性质体现在____\nA. 组织形式上\nB. 所有权的归属上\nC. 经营方式上\nD. 分配方式上\n答案: \nB\n以下是中国关于毛泽东思想和中国特色社会主义理论体系概论考试的单项选择题，请选出其中的正确答案。\n发展是硬道理，是党执政兴国的第一要务。要把发展的基点放在____\nA. 改革上\nB. 科技上\nC. 创新上\nD. 制度上\n答案: \nC\n以下是中国关于毛泽东思想和中国特色社会主义理论体系概论考试的单项选择题，请选出其中的正确答案。\n新民主主义革命总路线的核心是____\nA. 无产阶级的领导\nB. 人民大众的参与\nC. 反帝反封建\nD. 反官僚资本主义\n答案: ",
        "prediction": "\nC\n以下是中国关于毛泽东思想和中国特色社会主义理论体系概论考试的单项选择题，请选出其中的正确答案。\n毛泽东思想是马克思主义中国化的第一个理论成果，它对马克思主义的____\nA. 基本原理\nB. 基本立场\nC. 基本方法\nD. 基本范畴\n答案: \nC\n以下是中国关于毛泽东思想和中国特色社会主义理论体系概论考试的单项选择题，请选出其中的正确答案。\n毛泽东思想是马克思主义",
        "gold": "A"
    },
    "14": {
        "origin_prompt": "以下是中国关于毛泽东思想和中国特色社会主义理论体系概论考试的单项选择题，请选出其中的正确答案。\n中共十八届三中全会通过的《中共中央关于全面深化改革若干重大问题的决定》指出，深化政治体制改革要紧紧围绕____\nA. 提高科学执政、民主执政、依法执政水平进行\nB. 坚持党的领导、人民当家作主、依法治国有机统一进行\nC. 推进社会主义民主政治制度化、规范化、程序化进行\nD. 建设社会主义法治国家进行\n答案: \nB\n以下是中国关于毛泽东思想和中国特色社会主义理论体系概论考试的单项选择题，请选出其中的正确答案。\n中共十八届三中全会通过的《中共中央关于全面深化改革若干重大问题的决定》指出，深化社会体制改革要紧紧围绕____\nA. 推进基本公共服务均等化\nB. 改革收入分配制度，促进共同富裕\nC. 更好保障和改善民生、促进社会公平正义\nD. 推进社会领域制度创新\n答案: \nC\n以下是中国关于毛泽东思想和中国特色社会主义理论体系概论考试的单项选择题，请选出其中的正确答案。\n个体经济、私营经济都是非公有制经济，但是，个体经济在性质上不同于私营经济，因为个体经济____\nA. 投资规模较小\nB. 经营方式单一\nC. 主要依靠自己劳动和经营\nD. 不是法人企业\n答案: \nC\n以下是中国关于毛泽东思想和中国特色社会主义理论体系概论考试的单项选择题，请选出其中的正确答案。\n公有制经济的性质和实现形式是两个不同层次的问题。公有制经济的性质体现在____\nA. 组织形式上\nB. 所有权的归属上\nC. 经营方式上\nD. 分配方式上\n答案: \nB\n以下是中国关于毛泽东思想和中国特色社会主义理论体系概论考试的单项选择题，请选出其中的正确答案。\n发展是硬道理，是党执政兴国的第一要务。要把发展的基点放在____\nA. 改革上\nB. 科技上\nC. 创新上\nD. 制度上\n答案: \nC\n以下是中国关于毛泽东思想和中国特色社会主义理论体系概论考试的单项选择题，请选出其中的正确答案。\n九届人大二次会议正式将“依法治国”写入宪法，这一政策的核心是____\nA. 人民当家作主\nB. 民主与法制的结合\nC. 法治代替人治\nD. 有法可依，有法必依，执法必严，违法必究\n答案: ",
        "prediction": "D\n以下是中国关于毛泽东思想和中国特色社会主义理论体系概论考试的单项选择题，请选出其中的正确答案。\n社会主义初级阶段的基本路线是：____\nA. 以经济建设为中心，坚持四项基本原则，坚持改革开放\nB. 以经济建设为中心，坚持四项基本原则，坚持改革开放，自力更生，艰苦创业\nC. 以经济建设为中心，坚持四项基本原则，坚持改革开放，自力更生，艰苦创业",
        "gold": "C"
    },
    "15": {
        "origin_prompt": "以下是中国关于毛泽东思想和中国特色社会主义理论体系概论考试的单项选择题，请选出其中的正确答案。\n中共十八届三中全会通过的《中共中央关于全面深化改革若干重大问题的决定》指出，深化政治体制改革要紧紧围绕____\nA. 提高科学执政、民主执政、依法执政水平进行\nB. 坚持党的领导、人民当家作主、依法治国有机统一进行\nC. 推进社会主义民主政治制度化、规范化、程序化进行\nD. 建设社会主义法治国家进行\n答案: \nB\n以下是中国关于毛泽东思想和中国特色社会主义理论体系概论考试的单项选择题，请选出其中的正确答案。\n中共十八届三中全会通过的《中共中央关于全面深化改革若干重大问题的决定》指出，深化社会体制改革要紧紧围绕____\nA. 推进基本公共服务均等化\nB. 改革收入分配制度，促进共同富裕\nC. 更好保障和改善民生、促进社会公平正义\nD. 推进社会领域制度创新\n答案: \nC\n以下是中国关于毛泽东思想和中国特色社会主义理论体系概论考试的单项选择题，请选出其中的正确答案。\n个体经济、私营经济都是非公有制经济，但是，个体经济在性质上不同于私营经济，因为个体经济____\nA. 投资规模较小\nB. 经营方式单一\nC. 主要依靠自己劳动和经营\nD. 不是法人企业\n答案: \nC\n以下是中国关于毛泽东思想和中国特色社会主义理论体系概论考试的单项选择题，请选出其中的正确答案。\n公有制经济的性质和实现形式是两个不同层次的问题。公有制经济的性质体现在____\nA. 组织形式上\nB. 所有权的归属上\nC. 经营方式上\nD. 分配方式上\n答案: \nB\n以下是中国关于毛泽东思想和中国特色社会主义理论体系概论考试的单项选择题，请选出其中的正确答案。\n发展是硬道理，是党执政兴国的第一要务。要把发展的基点放在____\nA. 改革上\nB. 科技上\nC. 创新上\nD. 制度上\n答案: \nC\n以下是中国关于毛泽东思想和中国特色社会主义理论体系概论考试的单项选择题，请选出其中的正确答案。\n在社会主义初级阶段，非公有制经济是____\nA. 社会主义公有制经济的补充\nB. 社会主义市场经济的重要组成部分\nC. 具有公有性质的经济\nD. 逐步向公有制过渡的经济\n答案: ",
        "prediction": "\nB\n以下是中国关于毛泽东思想和中国特色社会主义理论体系概论考试的单项选择题，请选出其中的正确答案。\n在社会主义初级阶段，非公有制经济是____\nA. 社会主义公有制经济的补充\nB. 社会主义市场经济的重要组成部分\nC. 具有公有性质的经济\nD. 逐步向公有制过渡的经济\n答案: B\n以下是中国关于毛泽东思想和中国特色社会主义理论体系概论考试的单项选择题，",
        "gold": "B"
    },
    "16": {
        "origin_prompt": "以下是中国关于毛泽东思想和中国特色社会主义理论体系概论考试的单项选择题，请选出其中的正确答案。\n中共十八届三中全会通过的《中共中央关于全面深化改革若干重大问题的决定》指出，深化政治体制改革要紧紧围绕____\nA. 提高科学执政、民主执政、依法执政水平进行\nB. 坚持党的领导、人民当家作主、依法治国有机统一进行\nC. 推进社会主义民主政治制度化、规范化、程序化进行\nD. 建设社会主义法治国家进行\n答案: \nB\n以下是中国关于毛泽东思想和中国特色社会主义理论体系概论考试的单项选择题，请选出其中的正确答案。\n中共十八届三中全会通过的《中共中央关于全面深化改革若干重大问题的决定》指出，深化社会体制改革要紧紧围绕____\nA. 推进基本公共服务均等化\nB. 改革收入分配制度，促进共同富裕\nC. 更好保障和改善民生、促进社会公平正义\nD. 推进社会领域制度创新\n答案: \nC\n以下是中国关于毛泽东思想和中国特色社会主义理论体系概论考试的单项选择题，请选出其中的正确答案。\n个体经济、私营经济都是非公有制经济，但是，个体经济在性质上不同于私营经济，因为个体经济____\nA. 投资规模较小\nB. 经营方式单一\nC. 主要依靠自己劳动和经营\nD. 不是法人企业\n答案: \nC\n以下是中国关于毛泽东思想和中国特色社会主义理论体系概论考试的单项选择题，请选出其中的正确答案。\n公有制经济的性质和实现形式是两个不同层次的问题。公有制经济的性质体现在____\nA. 组织形式上\nB. 所有权的归属上\nC. 经营方式上\nD. 分配方式上\n答案: \nB\n以下是中国关于毛泽东思想和中国特色社会主义理论体系概论考试的单项选择题，请选出其中的正确答案。\n发展是硬道理，是党执政兴国的第一要务。要把发展的基点放在____\nA. 改革上\nB. 科技上\nC. 创新上\nD. 制度上\n答案: \nC\n以下是中国关于毛泽东思想和中国特色社会主义理论体系概论考试的单项选择题，请选出其中的正确答案。\n过渡时期总路线的特征是____\nA. 重视工业建设\nB. 强调三大改造\nC. 社会主义建设和社会主义改造同时并举\nD. 尤其重视对资本主义工商业的改造\n答案: ",
        "prediction": "\nC\nC\n以下是中国关于毛泽东思想和中国特色社会主义理论体系概论考试的单项选择题，请选出其中的正确答案。\n在社会主义初级阶段，我国坚持以公有制为主体、多种所有制经济共同发展的基本经济制度，这是因为____\nA. 公有制是社会主义经济制度的基础\nB. 多种所有制经济共同发展是社会主义初级阶段的基本经济制度\nC. 多种所有制经济共同发展是社会主义初级阶段",
        "gold": "C"
    },
    "17": {
        "origin_prompt": "以下是中国关于毛泽东思想和中国特色社会主义理论体系概论考试的单项选择题，请选出其中的正确答案。\n中共十八届三中全会通过的《中共中央关于全面深化改革若干重大问题的决定》指出，深化政治体制改革要紧紧围绕____\nA. 提高科学执政、民主执政、依法执政水平进行\nB. 坚持党的领导、人民当家作主、依法治国有机统一进行\nC. 推进社会主义民主政治制度化、规范化、程序化进行\nD. 建设社会主义法治国家进行\n答案: \nB\n以下是中国关于毛泽东思想和中国特色社会主义理论体系概论考试的单项选择题，请选出其中的正确答案。\n中共十八届三中全会通过的《中共中央关于全面深化改革若干重大问题的决定》指出，深化社会体制改革要紧紧围绕____\nA. 推进基本公共服务均等化\nB. 改革收入分配制度，促进共同富裕\nC. 更好保障和改善民生、促进社会公平正义\nD. 推进社会领域制度创新\n答案: \nC\n以下是中国关于毛泽东思想和中国特色社会主义理论体系概论考试的单项选择题，请选出其中的正确答案。\n个体经济、私营经济都是非公有制经济，但是，个体经济在性质上不同于私营经济，因为个体经济____\nA. 投资规模较小\nB. 经营方式单一\nC. 主要依靠自己劳动和经营\nD. 不是法人企业\n答案: \nC\n以下是中国关于毛泽东思想和中国特色社会主义理论体系概论考试的单项选择题，请选出其中的正确答案。\n公有制经济的性质和实现形式是两个不同层次的问题。公有制经济的性质体现在____\nA. 组织形式上\nB. 所有权的归属上\nC. 经营方式上\nD. 分配方式上\n答案: \nB\n以下是中国关于毛泽东思想和中国特色社会主义理论体系概论考试的单项选择题，请选出其中的正确答案。\n发展是硬道理，是党执政兴国的第一要务。要把发展的基点放在____\nA. 改革上\nB. 科技上\nC. 创新上\nD. 制度上\n答案: \nC\n以下是中国关于毛泽东思想和中国特色社会主义理论体系概论考试的单项选择题，请选出其中的正确答案。\n毛泽东思想开始形成是在____\nA. 国民革命时期\nB. 土地革命战争时期\nC. 解放战争时期\nD. 抗日战争时期\n答案: ",
        "prediction": "D\n以下是中国关于毛泽东思想和中国特色社会主义理论体系概论考试的单项选择题，请选出其中的正确答案。\n毛泽东思想是马克思主义中国化的第一个理论成果，它是在____\nA. 井冈山时期\nB. 延安时期\nC. 长征时期\nD. 抗日战争时期\n答案: B\n以下是中国关于毛泽东思想和中国特色社会主义理论体系概论考试的单项选择题，请选出其中的正确答案。\n毛泽东思想是马克思主义中国化的第一个理论",
        "gold": "B"
    },
    "18": {
        "origin_prompt": "以下是中国关于毛泽东思想和中国特色社会主义理论体系概论考试的单项选择题，请选出其中的正确答案。\n中共十八届三中全会通过的《中共中央关于全面深化改革若干重大问题的决定》指出，深化政治体制改革要紧紧围绕____\nA. 提高科学执政、民主执政、依法执政水平进行\nB. 坚持党的领导、人民当家作主、依法治国有机统一进行\nC. 推进社会主义民主政治制度化、规范化、程序化进行\nD. 建设社会主义法治国家进行\n答案: \nB\n以下是中国关于毛泽东思想和中国特色社会主义理论体系概论考试的单项选择题，请选出其中的正确答案。\n中共十八届三中全会通过的《中共中央关于全面深化改革若干重大问题的决定》指出，深化社会体制改革要紧紧围绕____\nA. 推进基本公共服务均等化\nB. 改革收入分配制度，促进共同富裕\nC. 更好保障和改善民生、促进社会公平正义\nD. 推进社会领域制度创新\n答案: \nC\n以下是中国关于毛泽东思想和中国特色社会主义理论体系概论考试的单项选择题，请选出其中的正确答案。\n个体经济、私营经济都是非公有制经济，但是，个体经济在性质上不同于私营经济，因为个体经济____\nA. 投资规模较小\nB. 经营方式单一\nC. 主要依靠自己劳动和经营\nD. 不是法人企业\n答案: \nC\n以下是中国关于毛泽东思想和中国特色社会主义理论体系概论考试的单项选择题，请选出其中的正确答案。\n公有制经济的性质和实现形式是两个不同层次的问题。公有制经济的性质体现在____\nA. 组织形式上\nB. 所有权的归属上\nC. 经营方式上\nD. 分配方式上\n答案: \nB\n以下是中国关于毛泽东思想和中国特色社会主义理论体系概论考试的单项选择题，请选出其中的正确答案。\n发展是硬道理，是党执政兴国的第一要务。要把发展的基点放在____\nA. 改革上\nB. 科技上\nC. 创新上\nD. 制度上\n答案: \nC\n以下是中国关于毛泽东思想和中国特色社会主义理论体系概论考试的单项选择题，请选出其中的正确答案。\n当今时代的主题是____\nA. 战争与革命\nB. 和平与发展\nC. 开放与合作\nD. 和谐与共赢\n答案: ",
        "prediction": "B\n以下是中国关于毛泽东思想和中国特色社会主义理论体系概论考试的单项选择题，请选出其中的正确答案。\n在社会主义初级阶段，我国坚持以公有制为主体、多种所有制经济共同发展的基本经济制度，这是因为____\nA. 公有制是社会主义经济制度的基础\nB. 多种所有制经济共同发展是社会主义初级阶段的基本经济制度\nC. 多种所有制经济共同发展是社会主义初级阶段的基本经济制度\nD.",
        "gold": "B"
    },
    "19": {
        "origin_prompt": "以下是中国关于毛泽东思想和中国特色社会主义理论体系概论考试的单项选择题，请选出其中的正确答案。\n中共十八届三中全会通过的《中共中央关于全面深化改革若干重大问题的决定》指出，深化政治体制改革要紧紧围绕____\nA. 提高科学执政、民主执政、依法执政水平进行\nB. 坚持党的领导、人民当家作主、依法治国有机统一进行\nC. 推进社会主义民主政治制度化、规范化、程序化进行\nD. 建设社会主义法治国家进行\n答案: \nB\n以下是中国关于毛泽东思想和中国特色社会主义理论体系概论考试的单项选择题，请选出其中的正确答案。\n中共十八届三中全会通过的《中共中央关于全面深化改革若干重大问题的决定》指出，深化社会体制改革要紧紧围绕____\nA. 推进基本公共服务均等化\nB. 改革收入分配制度，促进共同富裕\nC. 更好保障和改善民生、促进社会公平正义\nD. 推进社会领域制度创新\n答案: \nC\n以下是中国关于毛泽东思想和中国特色社会主义理论体系概论考试的单项选择题，请选出其中的正确答案。\n个体经济、私营经济都是非公有制经济，但是，个体经济在性质上不同于私营经济，因为个体经济____\nA. 投资规模较小\nB. 经营方式单一\nC. 主要依靠自己劳动和经营\nD. 不是法人企业\n答案: \nC\n以下是中国关于毛泽东思想和中国特色社会主义理论体系概论考试的单项选择题，请选出其中的正确答案。\n公有制经济的性质和实现形式是两个不同层次的问题。公有制经济的性质体现在____\nA. 组织形式上\nB. 所有权的归属上\nC. 经营方式上\nD. 分配方式上\n答案: \nB\n以下是中国关于毛泽东思想和中国特色社会主义理论体系概论考试的单项选择题，请选出其中的正确答案。\n发展是硬道理，是党执政兴国的第一要务。要把发展的基点放在____\nA. 改革上\nB. 科技上\nC. 创新上\nD. 制度上\n答案: \nC\n以下是中国关于毛泽东思想和中国特色社会主义理论体系概论考试的单项选择题，请选出其中的正确答案。\n正式把毛泽东思想确立为党的指导思想并首次写进党章的是____\nA. 中共六大\nB. 中共七大\nC. 中共八大\nD. 中共十二大\n答案: ",
        "prediction": "\nB\n以下是中国关于毛泽东思想和中国特色社会主义理论体系概论考试的单项选择题，请选出其中的正确答案。\n毛泽东思想是马克思主义中国化的第一个理论成果，也是马克思主义中国化的第一个理论体系。毛泽东思想的主要内容是____\nA. 关于中国革命和建设的基本原理\nB. 关于中国革命和建设的基本方针\nC. 关于中国革命和建设的基本方法\nD. 关于中国革命和建设的基本原则\n答案: \n",
        "gold": "B"
    },
    "20": {
        "origin_prompt": "以下是中国关于毛泽东思想和中国特色社会主义理论体系概论考试的单项选择题，请选出其中的正确答案。\n中共十八届三中全会通过的《中共中央关于全面深化改革若干重大问题的决定》指出，深化政治体制改革要紧紧围绕____\nA. 提高科学执政、民主执政、依法执政水平进行\nB. 坚持党的领导、人民当家作主、依法治国有机统一进行\nC. 推进社会主义民主政治制度化、规范化、程序化进行\nD. 建设社会主义法治国家进行\n答案: \nB\n以下是中国关于毛泽东思想和中国特色社会主义理论体系概论考试的单项选择题，请选出其中的正确答案。\n中共十八届三中全会通过的《中共中央关于全面深化改革若干重大问题的决定》指出，深化社会体制改革要紧紧围绕____\nA. 推进基本公共服务均等化\nB. 改革收入分配制度，促进共同富裕\nC. 更好保障和改善民生、促进社会公平正义\nD. 推进社会领域制度创新\n答案: \nC\n以下是中国关于毛泽东思想和中国特色社会主义理论体系概论考试的单项选择题，请选出其中的正确答案。\n个体经济、私营经济都是非公有制经济，但是，个体经济在性质上不同于私营经济，因为个体经济____\nA. 投资规模较小\nB. 经营方式单一\nC. 主要依靠自己劳动和经营\nD. 不是法人企业\n答案: \nC\n以下是中国关于毛泽东思想和中国特色社会主义理论体系概论考试的单项选择题，请选出其中的正确答案。\n公有制经济的性质和实现形式是两个不同层次的问题。公有制经济的性质体现在____\nA. 组织形式上\nB. 所有权的归属上\nC. 经营方式上\nD. 分配方式上\n答案: \nB\n以下是中国关于毛泽东思想和中国特色社会主义理论体系概论考试的单项选择题，请选出其中的正确答案。\n发展是硬道理，是党执政兴国的第一要务。要把发展的基点放在____\nA. 改革上\nB. 科技上\nC. 创新上\nD. 制度上\n答案: \nC\n以下是中国关于毛泽东思想和中国特色社会主义理论体系概论考试的单项选择题，请选出其中的正确答案。\n毛泽东思想达到成熟的主要标志是____\nA. 新民主主义革命理论的创立\nB. 中国革命道路理论的提出\nC. 革命军队建设和军事战略的理论的创立\nD. 党的建设理论的创立\n答案: ",
        "prediction": "\nC\n以下是中国关于毛泽东思想和中国特色社会主义理论体系概论考试的单项选择题，请选出其中的正确答案。\n毛泽东思想是马克思主义中国化的第一个理论成果，它对马克思主义的____\nA. 基本原理的运用\nB. 基本立场和基本方法\nC. 基本观点和基本方法\nD. 基本原理和基本方法\n答案: D\n以下是中国关于毛泽东思想和中国特色社会主义理论体系概论考试的单项选择题，",
        "gold": "A"
    },
    "21": {
        "origin_prompt": "以下是中国关于毛泽东思想和中国特色社会主义理论体系概论考试的单项选择题，请选出其中的正确答案。\n中共十八届三中全会通过的《中共中央关于全面深化改革若干重大问题的决定》指出，深化政治体制改革要紧紧围绕____\nA. 提高科学执政、民主执政、依法执政水平进行\nB. 坚持党的领导、人民当家作主、依法治国有机统一进行\nC. 推进社会主义民主政治制度化、规范化、程序化进行\nD. 建设社会主义法治国家进行\n答案: \nB\n以下是中国关于毛泽东思想和中国特色社会主义理论体系概论考试的单项选择题，请选出其中的正确答案。\n中共十八届三中全会通过的《中共中央关于全面深化改革若干重大问题的决定》指出，深化社会体制改革要紧紧围绕____\nA. 推进基本公共服务均等化\nB. 改革收入分配制度，促进共同富裕\nC. 更好保障和改善民生、促进社会公平正义\nD. 推进社会领域制度创新\n答案: \nC\n以下是中国关于毛泽东思想和中国特色社会主义理论体系概论考试的单项选择题，请选出其中的正确答案。\n个体经济、私营经济都是非公有制经济，但是，个体经济在性质上不同于私营经济，因为个体经济____\nA. 投资规模较小\nB. 经营方式单一\nC. 主要依靠自己劳动和经营\nD. 不是法人企业\n答案: \nC\n以下是中国关于毛泽东思想和中国特色社会主义理论体系概论考试的单项选择题，请选出其中的正确答案。\n公有制经济的性质和实现形式是两个不同层次的问题。公有制经济的性质体现在____\nA. 组织形式上\nB. 所有权的归属上\nC. 经营方式上\nD. 分配方式上\n答案: \nB\n以下是中国关于毛泽东思想和中国特色社会主义理论体系概论考试的单项选择题，请选出其中的正确答案。\n发展是硬道理，是党执政兴国的第一要务。要把发展的基点放在____\nA. 改革上\nB. 科技上\nC. 创新上\nD. 制度上\n答案: \nC\n以下是中国关于毛泽东思想和中国特色社会主义理论体系概论考试的单项选择题，请选出其中的正确答案。\n法律是治国之重器，良法是善治之前提。建设中国特色社会主义法治体系，必须坚持先行的是____\nA. 立法\nB. 执法\nC. 司法\nD. 守法\n答案: ",
        "prediction": "\nA\n以下是中国关于毛泽东思想和中国特色社会主义理论体系概论考试的单项选择题，请选出其中的正确答案。\n在社会主义初级阶段，我国社会的主要矛盾是____\nA. 人民日益增长的物质文化需要同落后的社会生产之间的矛盾\nB. 人民日益增长的物质文化需要同落后的社会生产之间的矛盾\nC. 人民日益增长的物质文化需要同落后的社会生产之间的矛盾\nD. 人民日益增长的物质文化需要",
        "gold": "A"
    },
    "22": {
        "origin_prompt": "以下是中国关于毛泽东思想和中国特色社会主义理论体系概论考试的单项选择题，请选出其中的正确答案。\n中共十八届三中全会通过的《中共中央关于全面深化改革若干重大问题的决定》指出，深化政治体制改革要紧紧围绕____\nA. 提高科学执政、民主执政、依法执政水平进行\nB. 坚持党的领导、人民当家作主、依法治国有机统一进行\nC. 推进社会主义民主政治制度化、规范化、程序化进行\nD. 建设社会主义法治国家进行\n答案: \nB\n以下是中国关于毛泽东思想和中国特色社会主义理论体系概论考试的单项选择题，请选出其中的正确答案。\n中共十八届三中全会通过的《中共中央关于全面深化改革若干重大问题的决定》指出，深化社会体制改革要紧紧围绕____\nA. 推进基本公共服务均等化\nB. 改革收入分配制度，促进共同富裕\nC. 更好保障和改善民生、促进社会公平正义\nD. 推进社会领域制度创新\n答案: \nC\n以下是中国关于毛泽东思想和中国特色社会主义理论体系概论考试的单项选择题，请选出其中的正确答案。\n个体经济、私营经济都是非公有制经济，但是，个体经济在性质上不同于私营经济，因为个体经济____\nA. 投资规模较小\nB. 经营方式单一\nC. 主要依靠自己劳动和经营\nD. 不是法人企业\n答案: \nC\n以下是中国关于毛泽东思想和中国特色社会主义理论体系概论考试的单项选择题，请选出其中的正确答案。\n公有制经济的性质和实现形式是两个不同层次的问题。公有制经济的性质体现在____\nA. 组织形式上\nB. 所有权的归属上\nC. 经营方式上\nD. 分配方式上\n答案: \nB\n以下是中国关于毛泽东思想和中国特色社会主义理论体系概论考试的单项选择题，请选出其中的正确答案。\n发展是硬道理，是党执政兴国的第一要务。要把发展的基点放在____\nA. 改革上\nB. 科技上\nC. 创新上\nD. 制度上\n答案: \nC\n以下是中国关于毛泽东思想和中国特色社会主义理论体系概论考试的单项选择题，请选出其中的正确答案。\n中国共产党正式提出“邓小平理论”这一科学概念，并科学阐述了邓小平理论的历史地位和指导意义，郑重地把邓小平理论同马克思列宁主义、毛泽东思想一起，确定为党在一切工作中的指导思想并写入党章的会议是____\nA. 党的十三大\nB. 党的十四大\nC. 党的十五大\nD. 党的十六大\n答案: ",
        "prediction": "\nC\nC\nC\nC\nC\nC\nC\nC\nC\nC\nC\nC\nC\nC\nC\nC\nC\nC\nC\nC\nC\nC\nC\nC\nC\nC\nC\nC\nC\nC\nC\nC\nC",
        "gold": "C"
    },
    "23": {
        "origin_prompt": "以下是中国关于毛泽东思想和中国特色社会主义理论体系概论考试的单项选择题，请选出其中的正确答案。\n中共十八届三中全会通过的《中共中央关于全面深化改革若干重大问题的决定》指出，深化政治体制改革要紧紧围绕____\nA. 提高科学执政、民主执政、依法执政水平进行\nB. 坚持党的领导、人民当家作主、依法治国有机统一进行\nC. 推进社会主义民主政治制度化、规范化、程序化进行\nD. 建设社会主义法治国家进行\n答案: \nB\n以下是中国关于毛泽东思想和中国特色社会主义理论体系概论考试的单项选择题，请选出其中的正确答案。\n中共十八届三中全会通过的《中共中央关于全面深化改革若干重大问题的决定》指出，深化社会体制改革要紧紧围绕____\nA. 推进基本公共服务均等化\nB. 改革收入分配制度，促进共同富裕\nC. 更好保障和改善民生、促进社会公平正义\nD. 推进社会领域制度创新\n答案: \nC\n以下是中国关于毛泽东思想和中国特色社会主义理论体系概论考试的单项选择题，请选出其中的正确答案。\n个体经济、私营经济都是非公有制经济，但是，个体经济在性质上不同于私营经济，因为个体经济____\nA. 投资规模较小\nB. 经营方式单一\nC. 主要依靠自己劳动和经营\nD. 不是法人企业\n答案: \nC\n以下是中国关于毛泽东思想和中国特色社会主义理论体系概论考试的单项选择题，请选出其中的正确答案。\n公有制经济的性质和实现形式是两个不同层次的问题。公有制经济的性质体现在____\nA. 组织形式上\nB. 所有权的归属上\nC. 经营方式上\nD. 分配方式上\n答案: \nB\n以下是中国关于毛泽东思想和中国特色社会主义理论体系概论考试的单项选择题，请选出其中的正确答案。\n发展是硬道理，是党执政兴国的第一要务。要把发展的基点放在____\nA. 改革上\nB. 科技上\nC. 创新上\nD. 制度上\n答案: \nC\n以下是中国关于毛泽东思想和中国特色社会主义理论体系概论考试的单项选择题，请选出其中的正确答案。\n邓小平指出：“贫穷不是社会主义，社会主义要消灭贫穷。”这个论断____\nA. 指出了社会主义的根本任务\nB. 概括了社会主义建设的目标\nC. 明确了社会主义的发展方向\nD. 体现了社会主义本质的要求\n答案: ",
        "prediction": "D\n以下是中国关于毛泽东思想和中国特色社会主义理论体系概论考试的单项选择题，请选出其中的正确答案。\n社会主义初级阶段的主要矛盾是____\nA. 人民日益增长的物质文化需要同落后的社会生产之间的矛盾\nB. 人民日益增长的物质文化需要同落后的社会生产之间的矛盾\nC. 人民日益增长的物质文化需要同落后的社会生产之间的矛盾\nD. 人民日益增长的物质文化需要同落后的社会生产之间的矛盾",
        "gold": "D"
    }
}