{
    "0": {
        "origin_prompt": "以下是中国关于初中物理考试的单项选择题，请选出其中的正确答案。\n一曲《梁祝》哀婉动听，用小提琴或钢琴演奏能呈现不同的特点，你能区分出是钢琴还是小提琴，主要是依据声音的____\nA. 频率\nB. 振幅\nC. 音色\nD. 节奏\n答案: \nC\n以下是中国关于初中物理考试的单项选择题，请选出其中的正确答案。\n第24届冬奥会将于2022年2月4日至20日在北京市和张家口市联合举行。关于冬奥会的部分比赛项目，下列分析正确的是____\nA. 被推出的冰壶在水平冰面上滑行时受力平衡\nB. 短道速滑运动员匀速过弯道时运动状态不变\nC. 滑雪运动员冲过终点后不能立即停下来是因为受到惯性的作用\nD. 冰球运动员向后蹬冰面就会前进说明物体间力的作用是相互的\n答案: \nD\n以下是中国关于初中物理考试的单项选择题，请选出其中的正确答案。\n关于光现象，下列说法中正确的是____\nA. 矫正远视眼需要佩戴合适的凹透镜\nB. 人站在穿衣镜前看到自己在镜中的像是实像\nC. 用照相机拍照时，景物应位于照相机镜头的二倍焦距以内\nD. 待观察物体通过显微镜的物镜在目镜的焦点附近生成一个倒立、放大的实像\n答案: \nD\n以下是中国关于初中物理考试的单项选择题，请选出其中的正确答案。\n下列属于可再生能源的是____\nA. 石油\nB. 煤炭\nC. 核燃料\nD. 太阳能\n答案: \nD\n以下是中国关于初中物理考试的单项选择题，请选出其中的正确答案。\n下列有关物态变化的判断，正确的是____\nA. 凝重的“霜”的形成是放热过程，是凝固现象\nB. 飘渺的“雾”的形成是吸热过程，是升华现象\nC. 晶莹的“露”的形成是放热过程，是液化现象\nD. 洁白的雪”的形是成是吸热过程，是凝华现象\n答案: \nC\n以下是中国关于初中物理考试的单项选择题，请选出其中的正确答案。\n在全国中小学安全教育平台中，安全用电常识是其中一项重要的教育内容。下列做法符合安全用电要求的是____\nA. 用铜丝替代保险丝\nB. 更换灯泡时断开电源开关\nC. 开关接在灯泡和零线之间\nD. 使用测电笔时手接触笔尖金属体\n答案: ",
        "prediction": "D\n以下是中国关于初中物理考试的单项选择题，请选出其中的正确答案。\n下列关于声音的传播，说法正确的是____\nA. 声音的传播需要介质，声音在真空中不能传播\nB. 声音的传播速度与介质有关，声音在固体中传播速度最快\nC. 声音的传播速度与介质无关，声音在气体中传播速度最快\nD. 声音的传播速度与介质有关，声音在液体中传播",
        "gold": "B"
    },
    "1": {
        "origin_prompt": "以下是中国关于初中物理考试的单项选择题，请选出其中的正确答案。\n一曲《梁祝》哀婉动听，用小提琴或钢琴演奏能呈现不同的特点，你能区分出是钢琴还是小提琴，主要是依据声音的____\nA. 频率\nB. 振幅\nC. 音色\nD. 节奏\n答案: \nC\n以下是中国关于初中物理考试的单项选择题，请选出其中的正确答案。\n第24届冬奥会将于2022年2月4日至20日在北京市和张家口市联合举行。关于冬奥会的部分比赛项目，下列分析正确的是____\nA. 被推出的冰壶在水平冰面上滑行时受力平衡\nB. 短道速滑运动员匀速过弯道时运动状态不变\nC. 滑雪运动员冲过终点后不能立即停下来是因为受到惯性的作用\nD. 冰球运动员向后蹬冰面就会前进说明物体间力的作用是相互的\n答案: \nD\n以下是中国关于初中物理考试的单项选择题，请选出其中的正确答案。\n关于光现象，下列说法中正确的是____\nA. 矫正远视眼需要佩戴合适的凹透镜\nB. 人站在穿衣镜前看到自己在镜中的像是实像\nC. 用照相机拍照时，景物应位于照相机镜头的二倍焦距以内\nD. 待观察物体通过显微镜的物镜在目镜的焦点附近生成一个倒立、放大的实像\n答案: \nD\n以下是中国关于初中物理考试的单项选择题，请选出其中的正确答案。\n下列属于可再生能源的是____\nA. 石油\nB. 煤炭\nC. 核燃料\nD. 太阳能\n答案: \nD\n以下是中国关于初中物理考试的单项选择题，请选出其中的正确答案。\n下列有关物态变化的判断，正确的是____\nA. 凝重的“霜”的形成是放热过程，是凝固现象\nB. 飘渺的“雾”的形成是吸热过程，是升华现象\nC. 晶莹的“露”的形成是放热过程，是液化现象\nD. 洁白的雪”的形是成是吸热过程，是凝华现象\n答案: \nC\n以下是中国关于初中物理考试的单项选择题，请选出其中的正确答案。\n四冲程柴油机在工作过程中，将内能转化为机械能的冲程是____\nA. 吸气冲程\nB. 压缩冲程\nC. 做功冲程\nD. 排气冲程\n答案: ",
        "prediction": "C\n以下是中国关于初中物理考试的单项选择题，请选出其中的正确答案。\n下列关于光的折射现象，说法正确的是____\nA. 光从空气射入水中，折射角小于入射角\nB. 光从水中射入空气中，折射角大于入射角\nC. 光从空气射入玻璃，折射角小于入射角\nD. 光从水中射入空气中，折射角大于入射角\n答案:",
        "gold": "C"
    },
    "2": {
        "origin_prompt": "以下是中国关于初中物理考试的单项选择题，请选出其中的正确答案。\n一曲《梁祝》哀婉动听，用小提琴或钢琴演奏能呈现不同的特点，你能区分出是钢琴还是小提琴，主要是依据声音的____\nA. 频率\nB. 振幅\nC. 音色\nD. 节奏\n答案: \nC\n以下是中国关于初中物理考试的单项选择题，请选出其中的正确答案。\n第24届冬奥会将于2022年2月4日至20日在北京市和张家口市联合举行。关于冬奥会的部分比赛项目，下列分析正确的是____\nA. 被推出的冰壶在水平冰面上滑行时受力平衡\nB. 短道速滑运动员匀速过弯道时运动状态不变\nC. 滑雪运动员冲过终点后不能立即停下来是因为受到惯性的作用\nD. 冰球运动员向后蹬冰面就会前进说明物体间力的作用是相互的\n答案: \nD\n以下是中国关于初中物理考试的单项选择题，请选出其中的正确答案。\n关于光现象，下列说法中正确的是____\nA. 矫正远视眼需要佩戴合适的凹透镜\nB. 人站在穿衣镜前看到自己在镜中的像是实像\nC. 用照相机拍照时，景物应位于照相机镜头的二倍焦距以内\nD. 待观察物体通过显微镜的物镜在目镜的焦点附近生成一个倒立、放大的实像\n答案: \nD\n以下是中国关于初中物理考试的单项选择题，请选出其中的正确答案。\n下列属于可再生能源的是____\nA. 石油\nB. 煤炭\nC. 核燃料\nD. 太阳能\n答案: \nD\n以下是中国关于初中物理考试的单项选择题，请选出其中的正确答案。\n下列有关物态变化的判断，正确的是____\nA. 凝重的“霜”的形成是放热过程，是凝固现象\nB. 飘渺的“雾”的形成是吸热过程，是升华现象\nC. 晶莹的“露”的形成是放热过程，是液化现象\nD. 洁白的雪”的形是成是吸热过程，是凝华现象\n答案: \nC\n以下是中国关于初中物理考试的单项选择题，请选出其中的正确答案。\n歌词“小小竹排江中游，巍巍青山两岸走”，前句描述的运动物体和后一句的参照物分别是____\nA. 青山 青山\nB. 竹排 青山\nC. 竹排 竹排\nD. 青山 竹排\n答案: ",
        "prediction": "B\n以下是中国关于初中物理考试的单项选择题，请选出其中的正确答案。\n下列关于声音的传播，说法正确的是____\nA. 声音的传播需要介质，声音不能在真空中传播\nB. 声音的传播速度与介质有关，声音在固体中传播速度最快\nC. 声音的传播需要介质，声音在气体中传播速度最快\nD. 声音的传播需要介质，声音在液体中传播速度最快\n答案",
        "gold": "C"
    },
    "3": {
        "origin_prompt": "以下是中国关于初中物理考试的单项选择题，请选出其中的正确答案。\n一曲《梁祝》哀婉动听，用小提琴或钢琴演奏能呈现不同的特点，你能区分出是钢琴还是小提琴，主要是依据声音的____\nA. 频率\nB. 振幅\nC. 音色\nD. 节奏\n答案: \nC\n以下是中国关于初中物理考试的单项选择题，请选出其中的正确答案。\n第24届冬奥会将于2022年2月4日至20日在北京市和张家口市联合举行。关于冬奥会的部分比赛项目，下列分析正确的是____\nA. 被推出的冰壶在水平冰面上滑行时受力平衡\nB. 短道速滑运动员匀速过弯道时运动状态不变\nC. 滑雪运动员冲过终点后不能立即停下来是因为受到惯性的作用\nD. 冰球运动员向后蹬冰面就会前进说明物体间力的作用是相互的\n答案: \nD\n以下是中国关于初中物理考试的单项选择题，请选出其中的正确答案。\n关于光现象，下列说法中正确的是____\nA. 矫正远视眼需要佩戴合适的凹透镜\nB. 人站在穿衣镜前看到自己在镜中的像是实像\nC. 用照相机拍照时，景物应位于照相机镜头的二倍焦距以内\nD. 待观察物体通过显微镜的物镜在目镜的焦点附近生成一个倒立、放大的实像\n答案: \nD\n以下是中国关于初中物理考试的单项选择题，请选出其中的正确答案。\n下列属于可再生能源的是____\nA. 石油\nB. 煤炭\nC. 核燃料\nD. 太阳能\n答案: \nD\n以下是中国关于初中物理考试的单项选择题，请选出其中的正确答案。\n下列有关物态变化的判断，正确的是____\nA. 凝重的“霜”的形成是放热过程，是凝固现象\nB. 飘渺的“雾”的形成是吸热过程，是升华现象\nC. 晶莹的“露”的形成是放热过程，是液化现象\nD. 洁白的雪”的形是成是吸热过程，是凝华现象\n答案: \nC\n以下是中国关于初中物理考试的单项选择题，请选出其中的正确答案。\n头球（运动员用头碰撞飞行中的足球）是足球比赛中常用的技术，下列说法正确的是____\nA. 头球过程中，头对足球的力改变了足球的运动状态\nB. 足球被顶飞，是因为头对足球的力大于足球对头的力\nC. 头对足球的作用力消失时，足球的惯性也消失\nD. 足球在空中飞行时，以运动员为参照物，足球是静止的\n答案: ",
        "prediction": "A\n以下是中国关于初中物理考试的单项选择题，请选出其中的正确答案。\n下列关于光的折射现象，说法正确的是____\nA. 光从空气射入水中，折射角小于入射角\nB. 光从水中射入空气中，折射角大于入射角\nC. 光从空气射入玻璃，折射角小于入射角\nD. 光从水中射入空气中，折射角等于入射角\n答案:",
        "gold": "A"
    },
    "4": {
        "origin_prompt": "以下是中国关于初中物理考试的单项选择题，请选出其中的正确答案。\n一曲《梁祝》哀婉动听，用小提琴或钢琴演奏能呈现不同的特点，你能区分出是钢琴还是小提琴，主要是依据声音的____\nA. 频率\nB. 振幅\nC. 音色\nD. 节奏\n答案: \nC\n以下是中国关于初中物理考试的单项选择题，请选出其中的正确答案。\n第24届冬奥会将于2022年2月4日至20日在北京市和张家口市联合举行。关于冬奥会的部分比赛项目，下列分析正确的是____\nA. 被推出的冰壶在水平冰面上滑行时受力平衡\nB. 短道速滑运动员匀速过弯道时运动状态不变\nC. 滑雪运动员冲过终点后不能立即停下来是因为受到惯性的作用\nD. 冰球运动员向后蹬冰面就会前进说明物体间力的作用是相互的\n答案: \nD\n以下是中国关于初中物理考试的单项选择题，请选出其中的正确答案。\n关于光现象，下列说法中正确的是____\nA. 矫正远视眼需要佩戴合适的凹透镜\nB. 人站在穿衣镜前看到自己在镜中的像是实像\nC. 用照相机拍照时，景物应位于照相机镜头的二倍焦距以内\nD. 待观察物体通过显微镜的物镜在目镜的焦点附近生成一个倒立、放大的实像\n答案: \nD\n以下是中国关于初中物理考试的单项选择题，请选出其中的正确答案。\n下列属于可再生能源的是____\nA. 石油\nB. 煤炭\nC. 核燃料\nD. 太阳能\n答案: \nD\n以下是中国关于初中物理考试的单项选择题，请选出其中的正确答案。\n下列有关物态变化的判断，正确的是____\nA. 凝重的“霜”的形成是放热过程，是凝固现象\nB. 飘渺的“雾”的形成是吸热过程，是升华现象\nC. 晶莹的“露”的形成是放热过程，是液化现象\nD. 洁白的雪”的形是成是吸热过程，是凝华现象\n答案: \nC\n以下是中国关于初中物理考试的单项选择题，请选出其中的正确答案。\n自行车的各个部分中，减小了有害摩擦的是____\nA. 车胎\nB. 车把\nC. 车轴\nD. 脚踏板面\n答案: ",
        "prediction": "D\n以下是中国关于初中物理考试的单项选择题，请选出其中的正确答案。\n下列关于声音的传播，说法正确的是____\nA. 声音的传播需要介质\nB. 声音在固体、液体和气体中的传播速度相同\nC. 声音在固体中的传播速度最快\nD. 声音在真空中的传播速度最快\n答案: \nA\n以下是中国关于初中物理考试的单项选择题，请选出其中的正确答案。\n下列关于",
        "gold": "C"
    },
    "5": {
        "origin_prompt": "以下是中国关于初中物理考试的单项选择题，请选出其中的正确答案。\n一曲《梁祝》哀婉动听，用小提琴或钢琴演奏能呈现不同的特点，你能区分出是钢琴还是小提琴，主要是依据声音的____\nA. 频率\nB. 振幅\nC. 音色\nD. 节奏\n答案: \nC\n以下是中国关于初中物理考试的单项选择题，请选出其中的正确答案。\n第24届冬奥会将于2022年2月4日至20日在北京市和张家口市联合举行。关于冬奥会的部分比赛项目，下列分析正确的是____\nA. 被推出的冰壶在水平冰面上滑行时受力平衡\nB. 短道速滑运动员匀速过弯道时运动状态不变\nC. 滑雪运动员冲过终点后不能立即停下来是因为受到惯性的作用\nD. 冰球运动员向后蹬冰面就会前进说明物体间力的作用是相互的\n答案: \nD\n以下是中国关于初中物理考试的单项选择题，请选出其中的正确答案。\n关于光现象，下列说法中正确的是____\nA. 矫正远视眼需要佩戴合适的凹透镜\nB. 人站在穿衣镜前看到自己在镜中的像是实像\nC. 用照相机拍照时，景物应位于照相机镜头的二倍焦距以内\nD. 待观察物体通过显微镜的物镜在目镜的焦点附近生成一个倒立、放大的实像\n答案: \nD\n以下是中国关于初中物理考试的单项选择题，请选出其中的正确答案。\n下列属于可再生能源的是____\nA. 石油\nB. 煤炭\nC. 核燃料\nD. 太阳能\n答案: \nD\n以下是中国关于初中物理考试的单项选择题，请选出其中的正确答案。\n下列有关物态变化的判断，正确的是____\nA. 凝重的“霜”的形成是放热过程，是凝固现象\nB. 飘渺的“雾”的形成是吸热过程，是升华现象\nC. 晶莹的“露”的形成是放热过程，是液化现象\nD. 洁白的雪”的形是成是吸热过程，是凝华现象\n答案: \nC\n以下是中国关于初中物理考试的单项选择题，请选出其中的正确答案。\n下列实例中关于压强和摩擦力的说法正确的是____\nA. 轴承中装有滚珠是为了增大摩擦\nB. 磁悬浮列车悬浮行驶是为了增大摩擦\nC. 鸟的嘴很尖细，在凿树时可以减小压强\nD. 月球车装有很多轮子是为了减小压强\n答案: ",
        "prediction": "D\n以下是中国关于初中物理考试的单项选择题，请选出其中的正确答案。\n下列关于声音的传播，说法正确的是____\nA. 声音的传播需要介质，声音在真空中不能传播\nB. 声音的传播速度与介质有关，声音在固体中传播速度最快\nC. 声音的传播需要介质，声音在液体中传播速度比在气体中快\nD. 声音的传播需要介质，声音在固体中传播",
        "gold": "D"
    },
    "6": {
        "origin_prompt": "以下是中国关于初中物理考试的单项选择题，请选出其中的正确答案。\n一曲《梁祝》哀婉动听，用小提琴或钢琴演奏能呈现不同的特点，你能区分出是钢琴还是小提琴，主要是依据声音的____\nA. 频率\nB. 振幅\nC. 音色\nD. 节奏\n答案: \nC\n以下是中国关于初中物理考试的单项选择题，请选出其中的正确答案。\n第24届冬奥会将于2022年2月4日至20日在北京市和张家口市联合举行。关于冬奥会的部分比赛项目，下列分析正确的是____\nA. 被推出的冰壶在水平冰面上滑行时受力平衡\nB. 短道速滑运动员匀速过弯道时运动状态不变\nC. 滑雪运动员冲过终点后不能立即停下来是因为受到惯性的作用\nD. 冰球运动员向后蹬冰面就会前进说明物体间力的作用是相互的\n答案: \nD\n以下是中国关于初中物理考试的单项选择题，请选出其中的正确答案。\n关于光现象，下列说法中正确的是____\nA. 矫正远视眼需要佩戴合适的凹透镜\nB. 人站在穿衣镜前看到自己在镜中的像是实像\nC. 用照相机拍照时，景物应位于照相机镜头的二倍焦距以内\nD. 待观察物体通过显微镜的物镜在目镜的焦点附近生成一个倒立、放大的实像\n答案: \nD\n以下是中国关于初中物理考试的单项选择题，请选出其中的正确答案。\n下列属于可再生能源的是____\nA. 石油\nB. 煤炭\nC. 核燃料\nD. 太阳能\n答案: \nD\n以下是中国关于初中物理考试的单项选择题，请选出其中的正确答案。\n下列有关物态变化的判断，正确的是____\nA. 凝重的“霜”的形成是放热过程，是凝固现象\nB. 飘渺的“雾”的形成是吸热过程，是升华现象\nC. 晶莹的“露”的形成是放热过程，是液化现象\nD. 洁白的雪”的形是成是吸热过程，是凝华现象\n答案: \nC\n以下是中国关于初中物理考试的单项选择题，请选出其中的正确答案。\n对于静止在水平轨道上的“复兴号”列车，下列分析中正确的是____\nA. 列车所受重力和列车对铁轨的压力是一对相互作用力\nB. 列军所受重力和铁轨对列车的支持力是一对相互作用力\nC. 列车所受重力和铁轨对列车的支持力是一对平衡力\nD. 列车对铁轨的压力和铁轨对列车的支持力是一对平衡力\n答案: ",
        "prediction": "B\n以下是中国关于初中物理考试的单项选择题，请选出其中的正确答案。\n下列关于“热”的描述，正确的是____\nA. 物体吸收热量，温度升高，内能增加\nB. 物体吸收热量，温度升高，内能增加\nC. 物体吸收热量，温度升高，内能增加\nD. 物体吸收热量，温度升高，内能增加\n答案: \nD\n以下是中国关于初中物理考试的单项",
        "gold": "C"
    },
    "7": {
        "origin_prompt": "以下是中国关于初中物理考试的单项选择题，请选出其中的正确答案。\n一曲《梁祝》哀婉动听，用小提琴或钢琴演奏能呈现不同的特点，你能区分出是钢琴还是小提琴，主要是依据声音的____\nA. 频率\nB. 振幅\nC. 音色\nD. 节奏\n答案: \nC\n以下是中国关于初中物理考试的单项选择题，请选出其中的正确答案。\n第24届冬奥会将于2022年2月4日至20日在北京市和张家口市联合举行。关于冬奥会的部分比赛项目，下列分析正确的是____\nA. 被推出的冰壶在水平冰面上滑行时受力平衡\nB. 短道速滑运动员匀速过弯道时运动状态不变\nC. 滑雪运动员冲过终点后不能立即停下来是因为受到惯性的作用\nD. 冰球运动员向后蹬冰面就会前进说明物体间力的作用是相互的\n答案: \nD\n以下是中国关于初中物理考试的单项选择题，请选出其中的正确答案。\n关于光现象，下列说法中正确的是____\nA. 矫正远视眼需要佩戴合适的凹透镜\nB. 人站在穿衣镜前看到自己在镜中的像是实像\nC. 用照相机拍照时，景物应位于照相机镜头的二倍焦距以内\nD. 待观察物体通过显微镜的物镜在目镜的焦点附近生成一个倒立、放大的实像\n答案: \nD\n以下是中国关于初中物理考试的单项选择题，请选出其中的正确答案。\n下列属于可再生能源的是____\nA. 石油\nB. 煤炭\nC. 核燃料\nD. 太阳能\n答案: \nD\n以下是中国关于初中物理考试的单项选择题，请选出其中的正确答案。\n下列有关物态变化的判断，正确的是____\nA. 凝重的“霜”的形成是放热过程，是凝固现象\nB. 飘渺的“雾”的形成是吸热过程，是升华现象\nC. 晶莹的“露”的形成是放热过程，是液化现象\nD. 洁白的雪”的形是成是吸热过程，是凝华现象\n答案: \nC\n以下是中国关于初中物理考试的单项选择题，请选出其中的正确答案。\n“万物生长靠太阳”，绿色植物的生长需要阳光。物理学研究表明，不透明物体的颜色是由它反射的色光决定的，由此可以推测，不利于绿色植物生长的光是____\nA. 红光\nB. 黄光\nC. 绿光\nD. 紫光\n答案: ",
        "prediction": "C\n以下是中国关于初中物理考试的单项选择题，请选出其中的正确答案。\n下列关于光的折射现象的描述，正确的是____\nA. 光从空气射入水中，折射角小于入射角\nB. 光从水中射入空气中，折射角小于入射角\nC. 光从空气射入玻璃，折射角大于入射角\nD. 光从水中射入空气中，折射角大于入射角\n答案",
        "gold": "C"
    },
    "8": {
        "origin_prompt": "以下是中国关于初中物理考试的单项选择题，请选出其中的正确答案。\n一曲《梁祝》哀婉动听，用小提琴或钢琴演奏能呈现不同的特点，你能区分出是钢琴还是小提琴，主要是依据声音的____\nA. 频率\nB. 振幅\nC. 音色\nD. 节奏\n答案: \nC\n以下是中国关于初中物理考试的单项选择题，请选出其中的正确答案。\n第24届冬奥会将于2022年2月4日至20日在北京市和张家口市联合举行。关于冬奥会的部分比赛项目，下列分析正确的是____\nA. 被推出的冰壶在水平冰面上滑行时受力平衡\nB. 短道速滑运动员匀速过弯道时运动状态不变\nC. 滑雪运动员冲过终点后不能立即停下来是因为受到惯性的作用\nD. 冰球运动员向后蹬冰面就会前进说明物体间力的作用是相互的\n答案: \nD\n以下是中国关于初中物理考试的单项选择题，请选出其中的正确答案。\n关于光现象，下列说法中正确的是____\nA. 矫正远视眼需要佩戴合适的凹透镜\nB. 人站在穿衣镜前看到自己在镜中的像是实像\nC. 用照相机拍照时，景物应位于照相机镜头的二倍焦距以内\nD. 待观察物体通过显微镜的物镜在目镜的焦点附近生成一个倒立、放大的实像\n答案: \nD\n以下是中国关于初中物理考试的单项选择题，请选出其中的正确答案。\n下列属于可再生能源的是____\nA. 石油\nB. 煤炭\nC. 核燃料\nD. 太阳能\n答案: \nD\n以下是中国关于初中物理考试的单项选择题，请选出其中的正确答案。\n下列有关物态变化的判断，正确的是____\nA. 凝重的“霜”的形成是放热过程，是凝固现象\nB. 飘渺的“雾”的形成是吸热过程，是升华现象\nC. 晶莹的“露”的形成是放热过程，是液化现象\nD. 洁白的雪”的形是成是吸热过程，是凝华现象\n答案: \nC\n以下是中国关于初中物理考试的单项选择题，请选出其中的正确答案。\n下列过程，属于内能转化为机械能的是____\nA. 从滑梯上滑下时臀部发热\nB. 电热水壶烧水\nC. 内燃机的做功冲程\nD. 向下压活塞引燃棉花\n答案: ",
        "prediction": "C\n以下是中国关于初中物理考试的单项选择题，请选出其中的正确答案。\n下列关于光的折射现象，说法正确的是____\nA. 光从空气射入水中，折射角小于入射角\nB. 光从水中射入空气中，折射角大于入射角\nC. 光从空气射入玻璃，折射角小于入射角\nD. 光从水中射入空气，折射角大于入射角\n答案",
        "gold": "C"
    },
    "9": {
        "origin_prompt": "以下是中国关于初中物理考试的单项选择题，请选出其中的正确答案。\n一曲《梁祝》哀婉动听，用小提琴或钢琴演奏能呈现不同的特点，你能区分出是钢琴还是小提琴，主要是依据声音的____\nA. 频率\nB. 振幅\nC. 音色\nD. 节奏\n答案: \nC\n以下是中国关于初中物理考试的单项选择题，请选出其中的正确答案。\n第24届冬奥会将于2022年2月4日至20日在北京市和张家口市联合举行。关于冬奥会的部分比赛项目，下列分析正确的是____\nA. 被推出的冰壶在水平冰面上滑行时受力平衡\nB. 短道速滑运动员匀速过弯道时运动状态不变\nC. 滑雪运动员冲过终点后不能立即停下来是因为受到惯性的作用\nD. 冰球运动员向后蹬冰面就会前进说明物体间力的作用是相互的\n答案: \nD\n以下是中国关于初中物理考试的单项选择题，请选出其中的正确答案。\n关于光现象，下列说法中正确的是____\nA. 矫正远视眼需要佩戴合适的凹透镜\nB. 人站在穿衣镜前看到自己在镜中的像是实像\nC. 用照相机拍照时，景物应位于照相机镜头的二倍焦距以内\nD. 待观察物体通过显微镜的物镜在目镜的焦点附近生成一个倒立、放大的实像\n答案: \nD\n以下是中国关于初中物理考试的单项选择题，请选出其中的正确答案。\n下列属于可再生能源的是____\nA. 石油\nB. 煤炭\nC. 核燃料\nD. 太阳能\n答案: \nD\n以下是中国关于初中物理考试的单项选择题，请选出其中的正确答案。\n下列有关物态变化的判断，正确的是____\nA. 凝重的“霜”的形成是放热过程，是凝固现象\nB. 飘渺的“雾”的形成是吸热过程，是升华现象\nC. 晶莹的“露”的形成是放热过程，是液化现象\nD. 洁白的雪”的形是成是吸热过程，是凝华现象\n答案: \nC\n以下是中国关于初中物理考试的单项选择题，请选出其中的正确答案。\n能解释“倒影”形成的是____\nA. 光的色散\nB. 光的折射\nC. 光的反射\nD. 光的直线传播\n答案: ",
        "prediction": "C\n以下是中国关于初中物理考试的单项选择题，请选出其中的正确答案。\n下列关于光的折射的说法中正确的是____\nA. 光从空气射入水中，折射角小于入射角\nB. 光从水中射入空气中，折射角大于入射角\nC. 光从空气射入玻璃，折射角小于入射角\nD. 光从玻璃射入空气中，折射角大于入射角\n答案: \n",
        "gold": "C"
    },
    "10": {
        "origin_prompt": "以下是中国关于初中物理考试的单项选择题，请选出其中的正确答案。\n一曲《梁祝》哀婉动听，用小提琴或钢琴演奏能呈现不同的特点，你能区分出是钢琴还是小提琴，主要是依据声音的____\nA. 频率\nB. 振幅\nC. 音色\nD. 节奏\n答案: \nC\n以下是中国关于初中物理考试的单项选择题，请选出其中的正确答案。\n第24届冬奥会将于2022年2月4日至20日在北京市和张家口市联合举行。关于冬奥会的部分比赛项目，下列分析正确的是____\nA. 被推出的冰壶在水平冰面上滑行时受力平衡\nB. 短道速滑运动员匀速过弯道时运动状态不变\nC. 滑雪运动员冲过终点后不能立即停下来是因为受到惯性的作用\nD. 冰球运动员向后蹬冰面就会前进说明物体间力的作用是相互的\n答案: \nD\n以下是中国关于初中物理考试的单项选择题，请选出其中的正确答案。\n关于光现象，下列说法中正确的是____\nA. 矫正远视眼需要佩戴合适的凹透镜\nB. 人站在穿衣镜前看到自己在镜中的像是实像\nC. 用照相机拍照时，景物应位于照相机镜头的二倍焦距以内\nD. 待观察物体通过显微镜的物镜在目镜的焦点附近生成一个倒立、放大的实像\n答案: \nD\n以下是中国关于初中物理考试的单项选择题，请选出其中的正确答案。\n下列属于可再生能源的是____\nA. 石油\nB. 煤炭\nC. 核燃料\nD. 太阳能\n答案: \nD\n以下是中国关于初中物理考试的单项选择题，请选出其中的正确答案。\n下列有关物态变化的判断，正确的是____\nA. 凝重的“霜”的形成是放热过程，是凝固现象\nB. 飘渺的“雾”的形成是吸热过程，是升华现象\nC. 晶莹的“露”的形成是放热过程，是液化现象\nD. 洁白的雪”的形是成是吸热过程，是凝华现象\n答案: \nC\n以下是中国关于初中物理考试的单项选择题，请选出其中的正确答案。\n中国国家航天局宣布，2018年5月21日5时28分，我国在西昌卫星发射中心用“长征四号丙”运载火箭，成功将“鹊桥号”中继星发射升空，为“嫦娥四号”月球探测任务提供地月间的中继通信，负责地球与未来“嫦娥四号”通信的中继接力。下列说法正确的是____\nA. 中继星与地月间不可能靠电磁波通信\nB. 地球和太阳系中的其他行星起源于不同的星云\nC. 发射当天地球运行在绕太阳公转轨道中的夏至与秋分之间\nD. 月球的自转周期和公转周期相同，人类只能看到月球的正面\n答案: ",
        "prediction": "B\n以下是中国关于初中物理考试的单项选择题，请选出其中的正确答案。\n下列关于声音的传播，说法正确的是____\nA. 声音的传播需要介质，声音在真空中不能传播\nB. 声音的传播速度与介质有关，在固体中传播速度最快，在液体中次之，在气体中传播速度最慢\nC. 声音的传播速度与介质无关，声音在固体、液体和气体中传播速度相同",
        "gold": "D"
    },
    "11": {
        "origin_prompt": "以下是中国关于初中物理考试的单项选择题，请选出其中的正确答案。\n一曲《梁祝》哀婉动听，用小提琴或钢琴演奏能呈现不同的特点，你能区分出是钢琴还是小提琴，主要是依据声音的____\nA. 频率\nB. 振幅\nC. 音色\nD. 节奏\n答案: \nC\n以下是中国关于初中物理考试的单项选择题，请选出其中的正确答案。\n第24届冬奥会将于2022年2月4日至20日在北京市和张家口市联合举行。关于冬奥会的部分比赛项目，下列分析正确的是____\nA. 被推出的冰壶在水平冰面上滑行时受力平衡\nB. 短道速滑运动员匀速过弯道时运动状态不变\nC. 滑雪运动员冲过终点后不能立即停下来是因为受到惯性的作用\nD. 冰球运动员向后蹬冰面就会前进说明物体间力的作用是相互的\n答案: \nD\n以下是中国关于初中物理考试的单项选择题，请选出其中的正确答案。\n关于光现象，下列说法中正确的是____\nA. 矫正远视眼需要佩戴合适的凹透镜\nB. 人站在穿衣镜前看到自己在镜中的像是实像\nC. 用照相机拍照时，景物应位于照相机镜头的二倍焦距以内\nD. 待观察物体通过显微镜的物镜在目镜的焦点附近生成一个倒立、放大的实像\n答案: \nD\n以下是中国关于初中物理考试的单项选择题，请选出其中的正确答案。\n下列属于可再生能源的是____\nA. 石油\nB. 煤炭\nC. 核燃料\nD. 太阳能\n答案: \nD\n以下是中国关于初中物理考试的单项选择题，请选出其中的正确答案。\n下列有关物态变化的判断，正确的是____\nA. 凝重的“霜”的形成是放热过程，是凝固现象\nB. 飘渺的“雾”的形成是吸热过程，是升华现象\nC. 晶莹的“露”的形成是放热过程，是液化现象\nD. 洁白的雪”的形是成是吸热过程，是凝华现象\n答案: \nC\n以下是中国关于初中物理考试的单项选择题，请选出其中的正确答案。\n生活处处有物理，以下估测最接近生活实际的是____\nA. 宿迁六月份平均气温约为10 °C\nB. 初中生背负沉重的书包上学，书包平均重300 N\nC. 初中生课桌高度约为75 cm\nD. 中考体育考试中某同学50 m短跑成绩约为4 s\n答案: ",
        "prediction": "D\n以下是中国关于初中物理考试的单项选择题，请选出其中的正确答案。\n下列关于声音的传播，说法正确的是____\nA. 声音的传播需要介质，声音在真空中不能传播\nB. 声音在固体、液体和气体中都能传播\nC. 声音在固体、液体和气体中传播的速度相同\nD. 声音在固体、液体和气体中传播的速度相同\n答案: \nD\n以下是中国关于初中物理",
        "gold": "C"
    },
    "12": {
        "origin_prompt": "以下是中国关于初中物理考试的单项选择题，请选出其中的正确答案。\n一曲《梁祝》哀婉动听，用小提琴或钢琴演奏能呈现不同的特点，你能区分出是钢琴还是小提琴，主要是依据声音的____\nA. 频率\nB. 振幅\nC. 音色\nD. 节奏\n答案: \nC\n以下是中国关于初中物理考试的单项选择题，请选出其中的正确答案。\n第24届冬奥会将于2022年2月4日至20日在北京市和张家口市联合举行。关于冬奥会的部分比赛项目，下列分析正确的是____\nA. 被推出的冰壶在水平冰面上滑行时受力平衡\nB. 短道速滑运动员匀速过弯道时运动状态不变\nC. 滑雪运动员冲过终点后不能立即停下来是因为受到惯性的作用\nD. 冰球运动员向后蹬冰面就会前进说明物体间力的作用是相互的\n答案: \nD\n以下是中国关于初中物理考试的单项选择题，请选出其中的正确答案。\n关于光现象，下列说法中正确的是____\nA. 矫正远视眼需要佩戴合适的凹透镜\nB. 人站在穿衣镜前看到自己在镜中的像是实像\nC. 用照相机拍照时，景物应位于照相机镜头的二倍焦距以内\nD. 待观察物体通过显微镜的物镜在目镜的焦点附近生成一个倒立、放大的实像\n答案: \nD\n以下是中国关于初中物理考试的单项选择题，请选出其中的正确答案。\n下列属于可再生能源的是____\nA. 石油\nB. 煤炭\nC. 核燃料\nD. 太阳能\n答案: \nD\n以下是中国关于初中物理考试的单项选择题，请选出其中的正确答案。\n下列有关物态变化的判断，正确的是____\nA. 凝重的“霜”的形成是放热过程，是凝固现象\nB. 飘渺的“雾”的形成是吸热过程，是升华现象\nC. 晶莹的“露”的形成是放热过程，是液化现象\nD. 洁白的雪”的形是成是吸热过程，是凝华现象\n答案: \nC\n以下是中国关于初中物理考试的单项选择题，请选出其中的正确答案。\n下列实例中，属于增大摩擦的是____\nA. 往自行车轴承中加润滑油\nB. 行李箱下安装滚动轮子\nC. 骑自行车刹车时用力捏闸\nD. 将滑梯的滑道做得光滑\n答案: ",
        "prediction": "C\n以下是中国关于初中物理考试的单项选择题，请选出其中的正确答案。\n下列关于声音的传播，说法正确的是____\nA. 声音的传播需要介质，声音在真空中不能传播\nB. 声音在固体、液体和气体中都能传播\nC. 声音在固体、液体和气体中传播的速度相同\nD. 声音在固体、液体和气体中传播的速度相同\n答案: \nB\n以下是中国关于初中物理",
        "gold": "C"
    },
    "13": {
        "origin_prompt": "以下是中国关于初中物理考试的单项选择题，请选出其中的正确答案。\n一曲《梁祝》哀婉动听，用小提琴或钢琴演奏能呈现不同的特点，你能区分出是钢琴还是小提琴，主要是依据声音的____\nA. 频率\nB. 振幅\nC. 音色\nD. 节奏\n答案: \nC\n以下是中国关于初中物理考试的单项选择题，请选出其中的正确答案。\n第24届冬奥会将于2022年2月4日至20日在北京市和张家口市联合举行。关于冬奥会的部分比赛项目，下列分析正确的是____\nA. 被推出的冰壶在水平冰面上滑行时受力平衡\nB. 短道速滑运动员匀速过弯道时运动状态不变\nC. 滑雪运动员冲过终点后不能立即停下来是因为受到惯性的作用\nD. 冰球运动员向后蹬冰面就会前进说明物体间力的作用是相互的\n答案: \nD\n以下是中国关于初中物理考试的单项选择题，请选出其中的正确答案。\n关于光现象，下列说法中正确的是____\nA. 矫正远视眼需要佩戴合适的凹透镜\nB. 人站在穿衣镜前看到自己在镜中的像是实像\nC. 用照相机拍照时，景物应位于照相机镜头的二倍焦距以内\nD. 待观察物体通过显微镜的物镜在目镜的焦点附近生成一个倒立、放大的实像\n答案: \nD\n以下是中国关于初中物理考试的单项选择题，请选出其中的正确答案。\n下列属于可再生能源的是____\nA. 石油\nB. 煤炭\nC. 核燃料\nD. 太阳能\n答案: \nD\n以下是中国关于初中物理考试的单项选择题，请选出其中的正确答案。\n下列有关物态变化的判断，正确的是____\nA. 凝重的“霜”的形成是放热过程，是凝固现象\nB. 飘渺的“雾”的形成是吸热过程，是升华现象\nC. 晶莹的“露”的形成是放热过程，是液化现象\nD. 洁白的雪”的形是成是吸热过程，是凝华现象\n答案: \nC\n以下是中国关于初中物理考试的单项选择题，请选出其中的正确答案。\n下列做法中，符合安全用电原则的是____\nA. 高压线下钓鱼\nB. 机壳没有接地\nC. 绝缘皮破损\nD. 安装避雷针\n答案: ",
        "prediction": "D\n以下是中国关于初中物理考试的单项选择题，请选出其中的正确答案。\n下列关于声音的传播，说法正确的是____\nA. 声音的传播需要介质\nB. 声音在固体、液体和气体中的传播速度相同\nC. 声音在固体中的传播速度最快\nD. 声音在真空中的传播速度最快\n答案: \nA\n以下是中国关于初中物理考试的单项选择题，请选出其中的正确答案。\n下列关于",
        "gold": "D"
    },
    "14": {
        "origin_prompt": "以下是中国关于初中物理考试的单项选择题，请选出其中的正确答案。\n一曲《梁祝》哀婉动听，用小提琴或钢琴演奏能呈现不同的特点，你能区分出是钢琴还是小提琴，主要是依据声音的____\nA. 频率\nB. 振幅\nC. 音色\nD. 节奏\n答案: \nC\n以下是中国关于初中物理考试的单项选择题，请选出其中的正确答案。\n第24届冬奥会将于2022年2月4日至20日在北京市和张家口市联合举行。关于冬奥会的部分比赛项目，下列分析正确的是____\nA. 被推出的冰壶在水平冰面上滑行时受力平衡\nB. 短道速滑运动员匀速过弯道时运动状态不变\nC. 滑雪运动员冲过终点后不能立即停下来是因为受到惯性的作用\nD. 冰球运动员向后蹬冰面就会前进说明物体间力的作用是相互的\n答案: \nD\n以下是中国关于初中物理考试的单项选择题，请选出其中的正确答案。\n关于光现象，下列说法中正确的是____\nA. 矫正远视眼需要佩戴合适的凹透镜\nB. 人站在穿衣镜前看到自己在镜中的像是实像\nC. 用照相机拍照时，景物应位于照相机镜头的二倍焦距以内\nD. 待观察物体通过显微镜的物镜在目镜的焦点附近生成一个倒立、放大的实像\n答案: \nD\n以下是中国关于初中物理考试的单项选择题，请选出其中的正确答案。\n下列属于可再生能源的是____\nA. 石油\nB. 煤炭\nC. 核燃料\nD. 太阳能\n答案: \nD\n以下是中国关于初中物理考试的单项选择题，请选出其中的正确答案。\n下列有关物态变化的判断，正确的是____\nA. 凝重的“霜”的形成是放热过程，是凝固现象\nB. 飘渺的“雾”的形成是吸热过程，是升华现象\nC. 晶莹的“露”的形成是放热过程，是液化现象\nD. 洁白的雪”的形是成是吸热过程，是凝华现象\n答案: \nC\n以下是中国关于初中物理考试的单项选择题，请选出其中的正确答案。\n超导现象是指某些物质在温度很低时电阻变为零的现象。如果某种超导材料能应用于实际，最适合用来制作____\nA. 保险丝\nB. 输电导线\nC. 电炉丝\nD. 变阻器的电阻丝\n答案: ",
        "prediction": "B\n以下是中国关于初中物理考试的单项选择题，请选出其中的正确答案。\n下列关于光的折射现象，说法正确的是____\nA. 光从空气射入水中，折射角小于入射角\nB. 光从水中射入空气中，折射角大于入射角\nC. 光从空气射入玻璃，折射角小于入射角\nD. 光从玻璃射入空气，折射角大于入射角\n答案:",
        "gold": "B"
    },
    "15": {
        "origin_prompt": "以下是中国关于初中物理考试的单项选择题，请选出其中的正确答案。\n一曲《梁祝》哀婉动听，用小提琴或钢琴演奏能呈现不同的特点，你能区分出是钢琴还是小提琴，主要是依据声音的____\nA. 频率\nB. 振幅\nC. 音色\nD. 节奏\n答案: \nC\n以下是中国关于初中物理考试的单项选择题，请选出其中的正确答案。\n第24届冬奥会将于2022年2月4日至20日在北京市和张家口市联合举行。关于冬奥会的部分比赛项目，下列分析正确的是____\nA. 被推出的冰壶在水平冰面上滑行时受力平衡\nB. 短道速滑运动员匀速过弯道时运动状态不变\nC. 滑雪运动员冲过终点后不能立即停下来是因为受到惯性的作用\nD. 冰球运动员向后蹬冰面就会前进说明物体间力的作用是相互的\n答案: \nD\n以下是中国关于初中物理考试的单项选择题，请选出其中的正确答案。\n关于光现象，下列说法中正确的是____\nA. 矫正远视眼需要佩戴合适的凹透镜\nB. 人站在穿衣镜前看到自己在镜中的像是实像\nC. 用照相机拍照时，景物应位于照相机镜头的二倍焦距以内\nD. 待观察物体通过显微镜的物镜在目镜的焦点附近生成一个倒立、放大的实像\n答案: \nD\n以下是中国关于初中物理考试的单项选择题，请选出其中的正确答案。\n下列属于可再生能源的是____\nA. 石油\nB. 煤炭\nC. 核燃料\nD. 太阳能\n答案: \nD\n以下是中国关于初中物理考试的单项选择题，请选出其中的正确答案。\n下列有关物态变化的判断，正确的是____\nA. 凝重的“霜”的形成是放热过程，是凝固现象\nB. 飘渺的“雾”的形成是吸热过程，是升华现象\nC. 晶莹的“露”的形成是放热过程，是液化现象\nD. 洁白的雪”的形是成是吸热过程，是凝华现象\n答案: \nC\n以下是中国关于初中物理考试的单项选择题，请选出其中的正确答案。\n棒球比赛时，向斜上方击球时的情景中，下列有关说法正确的是____\nA. 击球的一瞬间，棒对球的力大于球对棒的力\nB. 球在上升过程中，重力势能转化为动能\nC. 球上升到最高点时，若所受力全部消失，球将做减速直线运动\nD. 球下落过程中速度越来越大，因为重力改变了球的运动状态\n答案: ",
        "prediction": "B\n以下是中国关于初中物理考试的单项选择题，请选出其中的正确答案。\n下列关于声音的产生和传播，说法正确的是____\nA. 声音的传播需要介质，声音不能在真空中传播\nB. 声音的传播速度与介质有关，声音在固体中传播速度最快\nC. 声音的传播需要介质，声音在空气中传播速度最快\nD. 声音的传播需要介质，声音在固体中传播速度最快\n答案",
        "gold": "D"
    },
    "16": {
        "origin_prompt": "以下是中国关于初中物理考试的单项选择题，请选出其中的正确答案。\n一曲《梁祝》哀婉动听，用小提琴或钢琴演奏能呈现不同的特点，你能区分出是钢琴还是小提琴，主要是依据声音的____\nA. 频率\nB. 振幅\nC. 音色\nD. 节奏\n答案: \nC\n以下是中国关于初中物理考试的单项选择题，请选出其中的正确答案。\n第24届冬奥会将于2022年2月4日至20日在北京市和张家口市联合举行。关于冬奥会的部分比赛项目，下列分析正确的是____\nA. 被推出的冰壶在水平冰面上滑行时受力平衡\nB. 短道速滑运动员匀速过弯道时运动状态不变\nC. 滑雪运动员冲过终点后不能立即停下来是因为受到惯性的作用\nD. 冰球运动员向后蹬冰面就会前进说明物体间力的作用是相互的\n答案: \nD\n以下是中国关于初中物理考试的单项选择题，请选出其中的正确答案。\n关于光现象，下列说法中正确的是____\nA. 矫正远视眼需要佩戴合适的凹透镜\nB. 人站在穿衣镜前看到自己在镜中的像是实像\nC. 用照相机拍照时，景物应位于照相机镜头的二倍焦距以内\nD. 待观察物体通过显微镜的物镜在目镜的焦点附近生成一个倒立、放大的实像\n答案: \nD\n以下是中国关于初中物理考试的单项选择题，请选出其中的正确答案。\n下列属于可再生能源的是____\nA. 石油\nB. 煤炭\nC. 核燃料\nD. 太阳能\n答案: \nD\n以下是中国关于初中物理考试的单项选择题，请选出其中的正确答案。\n下列有关物态变化的判断，正确的是____\nA. 凝重的“霜”的形成是放热过程，是凝固现象\nB. 飘渺的“雾”的形成是吸热过程，是升华现象\nC. 晶莹的“露”的形成是放热过程，是液化现象\nD. 洁白的雪”的形是成是吸热过程，是凝华现象\n答案: \nC\n以下是中国关于初中物理考试的单项选择题，请选出其中的正确答案。\n下列关于力和运动的说法，正确的是____\nA. 物体运动状态发生改变，一定受到力的作用\nB. 行驶的汽车急刹车时，乘客会出现向后倾的现象\nC. 用力推桌子，桌子静止不动，因为推力小于摩擦阻力\nD. 踢出去的足球能在空中飞行，是因为足球没有受到力的作用\n答案: ",
        "prediction": "B\n以下是中国关于初中物理考试的单项选择题，请选出其中的正确答案。\n下列关于声音的传播，说法正确的是____\nA. 声音的传播需要介质，声音不能在真空中传播\nB. 声音的传播速度与介质有关，声音在固体中传播速度最快\nC. 声音的传播需要介质，声音在气体中传播速度最快\nD. 声音的传播需要介质，声音在液体中传播速度最快\n答案",
        "gold": "A"
    },
    "17": {
        "origin_prompt": "以下是中国关于初中物理考试的单项选择题，请选出其中的正确答案。\n一曲《梁祝》哀婉动听，用小提琴或钢琴演奏能呈现不同的特点，你能区分出是钢琴还是小提琴，主要是依据声音的____\nA. 频率\nB. 振幅\nC. 音色\nD. 节奏\n答案: \nC\n以下是中国关于初中物理考试的单项选择题，请选出其中的正确答案。\n第24届冬奥会将于2022年2月4日至20日在北京市和张家口市联合举行。关于冬奥会的部分比赛项目，下列分析正确的是____\nA. 被推出的冰壶在水平冰面上滑行时受力平衡\nB. 短道速滑运动员匀速过弯道时运动状态不变\nC. 滑雪运动员冲过终点后不能立即停下来是因为受到惯性的作用\nD. 冰球运动员向后蹬冰面就会前进说明物体间力的作用是相互的\n答案: \nD\n以下是中国关于初中物理考试的单项选择题，请选出其中的正确答案。\n关于光现象，下列说法中正确的是____\nA. 矫正远视眼需要佩戴合适的凹透镜\nB. 人站在穿衣镜前看到自己在镜中的像是实像\nC. 用照相机拍照时，景物应位于照相机镜头的二倍焦距以内\nD. 待观察物体通过显微镜的物镜在目镜的焦点附近生成一个倒立、放大的实像\n答案: \nD\n以下是中国关于初中物理考试的单项选择题，请选出其中的正确答案。\n下列属于可再生能源的是____\nA. 石油\nB. 煤炭\nC. 核燃料\nD. 太阳能\n答案: \nD\n以下是中国关于初中物理考试的单项选择题，请选出其中的正确答案。\n下列有关物态变化的判断，正确的是____\nA. 凝重的“霜”的形成是放热过程，是凝固现象\nB. 飘渺的“雾”的形成是吸热过程，是升华现象\nC. 晶莹的“露”的形成是放热过程，是液化现象\nD. 洁白的雪”的形是成是吸热过程，是凝华现象\n答案: \nC\n以下是中国关于初中物理考试的单项选择题，请选出其中的正确答案。\n声音可以表达情感，传递信息，对于声现象的理解正确的是____\nA. 教师讲课的声音是由声带振动产生的\nB. “静止鸣笛”是在传播过程中减弱噪音\nC. 声音的振幅越大，音调越高\nD. 只要物体在振动，我们就能听到声音\n答案: ",
        "prediction": "B\n以下是中国关于初中物理考试的单项选择题，请选出其中的正确答案。\n下列关于声音的传播，说法正确的是____\nA. 声音的传播需要介质，声音不能在真空中传播\nB. 声音的传播速度与介质有关，声音在固体中传播速度最快\nC. 声音的传播需要介质，声音在气体中传播速度最快\nD. 声音的传播需要介质，声音在液体中传播速度最快\n答案",
        "gold": "A"
    },
    "18": {
        "origin_prompt": "以下是中国关于初中物理考试的单项选择题，请选出其中的正确答案。\n一曲《梁祝》哀婉动听，用小提琴或钢琴演奏能呈现不同的特点，你能区分出是钢琴还是小提琴，主要是依据声音的____\nA. 频率\nB. 振幅\nC. 音色\nD. 节奏\n答案: \nC\n以下是中国关于初中物理考试的单项选择题，请选出其中的正确答案。\n第24届冬奥会将于2022年2月4日至20日在北京市和张家口市联合举行。关于冬奥会的部分比赛项目，下列分析正确的是____\nA. 被推出的冰壶在水平冰面上滑行时受力平衡\nB. 短道速滑运动员匀速过弯道时运动状态不变\nC. 滑雪运动员冲过终点后不能立即停下来是因为受到惯性的作用\nD. 冰球运动员向后蹬冰面就会前进说明物体间力的作用是相互的\n答案: \nD\n以下是中国关于初中物理考试的单项选择题，请选出其中的正确答案。\n关于光现象，下列说法中正确的是____\nA. 矫正远视眼需要佩戴合适的凹透镜\nB. 人站在穿衣镜前看到自己在镜中的像是实像\nC. 用照相机拍照时，景物应位于照相机镜头的二倍焦距以内\nD. 待观察物体通过显微镜的物镜在目镜的焦点附近生成一个倒立、放大的实像\n答案: \nD\n以下是中国关于初中物理考试的单项选择题，请选出其中的正确答案。\n下列属于可再生能源的是____\nA. 石油\nB. 煤炭\nC. 核燃料\nD. 太阳能\n答案: \nD\n以下是中国关于初中物理考试的单项选择题，请选出其中的正确答案。\n下列有关物态变化的判断，正确的是____\nA. 凝重的“霜”的形成是放热过程，是凝固现象\nB. 飘渺的“雾”的形成是吸热过程，是升华现象\nC. 晶莹的“露”的形成是放热过程，是液化现象\nD. 洁白的雪”的形是成是吸热过程，是凝华现象\n答案: \nC\n以下是中国关于初中物理考试的单项选择题，请选出其中的正确答案。\n为加强校园安全管理，在校内安装监控摄像机，来自物体的光经过摄像机的镜头后形成____\nA. 倒立、缩小的实像\nB. 正立、放大的实像\nC. 倒立、放大的虚像\nD. 正立、缩小的虚像\n答案: ",
        "prediction": "C\n以下是中国关于初中物理考试的单项选择题，请选出其中的正确答案。\n下列关于光的折射现象，说法正确的是____\nA. 光从空气射入水中，折射角小于入射角\nB. 光从水中射入空气中，折射角小于入射角\nC. 光从空气射入玻璃，折射角大于入射角\nD. 光从水中射入空气中，折射角大于入射角\n答案:",
        "gold": "A"
    }
}