{
    "0": {
        "origin_prompt": "以下是中国关于植物保护考试的单项选择题，请选出其中的正确答案。\n一个具有液泡的植物成熟细胞，其水势____。\nA. $Ψ_w=Ψ_p+Ψ_s+Ψ_m$\nB. $Ψ_w=Ψ_p+Ψ_m$\nC. $Ψ_w=Ψ_p+Ψ_s$\nD. $Ψ_w=Ψ_s+Ψ_m$\n答案: \nC\n以下是中国关于植物保护考试的单项选择题，请选出其中的正确答案。\n植物细胞质膜上的已知离子泵主要有质子泵和____。\nA. 钾泵\nB. 钙泵\nC. 锌泵\nD. 锰泵\n答案: \nB\n以下是中国关于植物保护考试的单项选择题，请选出其中的正确答案。\n细胞信号转导过程中的次级信号也被称为____。\nA. 第一信使\nB. 第二信使\nC. 胞间信使\nD. 胞外信使\n答案: \nB\n以下是中国关于植物保护考试的单项选择题，请选出其中的正确答案。\n植物水分亏缺时，叶片中ABA含量____，促使气孔____。\nA. 增加，关闭\nB. 增加，张开\nC. 降低，关闭\nD. 降低，张开\n答案: \nA\n以下是中国关于植物保护考试的单项选择题，请选出其中的正确答案。\n参与阻止种子发生胎萌现象的主要物质是____。\nA. IAA\nB. GA\nC. ABA\nD. 乙烯\n答案: \nC\n以下是中国关于植物保护考试的单项选择题，请选出其中的正确答案。\n与保卫细胞的水势变化关系最密切的离子是____。\nA. $Ca^{2+}$\nB. $K^+$\nC. $Cl^-$\nD. $Mg^{2+}$\n答案: ",
        "prediction": "\nC\n以下是中国关于植物保护考试的单项选择题，请选出其中的正确答案。\n在植物体内，水分运输的主要方式是____。\nA. 自由扩散\nB. 主动运输\nC. 协助扩散\nD. 渗透作用\n答案: D\n以下是中国关于植物保护考试的单项选择题，请选出其中的正确答案。\n在植物体内，水分运输的主要方式是____。\nA. 自由扩散\nB.",
        "gold": "B"
    },
    "1": {
        "origin_prompt": "以下是中国关于植物保护考试的单项选择题，请选出其中的正确答案。\n一个具有液泡的植物成熟细胞，其水势____。\nA. $Ψ_w=Ψ_p+Ψ_s+Ψ_m$\nB. $Ψ_w=Ψ_p+Ψ_m$\nC. $Ψ_w=Ψ_p+Ψ_s$\nD. $Ψ_w=Ψ_s+Ψ_m$\n答案: \nC\n以下是中国关于植物保护考试的单项选择题，请选出其中的正确答案。\n植物细胞质膜上的已知离子泵主要有质子泵和____。\nA. 钾泵\nB. 钙泵\nC. 锌泵\nD. 锰泵\n答案: \nB\n以下是中国关于植物保护考试的单项选择题，请选出其中的正确答案。\n细胞信号转导过程中的次级信号也被称为____。\nA. 第一信使\nB. 第二信使\nC. 胞间信使\nD. 胞外信使\n答案: \nB\n以下是中国关于植物保护考试的单项选择题，请选出其中的正确答案。\n植物水分亏缺时，叶片中ABA含量____，促使气孔____。\nA. 增加，关闭\nB. 增加，张开\nC. 降低，关闭\nD. 降低，张开\n答案: \nA\n以下是中国关于植物保护考试的单项选择题，请选出其中的正确答案。\n参与阻止种子发生胎萌现象的主要物质是____。\nA. IAA\nB. GA\nC. ABA\nD. 乙烯\n答案: \nC\n以下是中国关于植物保护考试的单项选择题，请选出其中的正确答案。\n已经发生质壁分离的细胞，细胞的水势决定于细胞的____。\nA. 渗透势\nB. 压力势\nC. 衬质势\nD. 膨压\n答案: ",
        "prediction": "\nD\n以下是中国关于植物保护考试的单项选择题，请选出其中的正确答案。\n植物细胞质壁分离的原理是____。\nA. 渗透作用\nB. 渗透压\nC. 细胞壁的伸缩性\nD. 细胞膜的透性\n答案: \nA\n以下是中国关于植物保护考试的单项选择题，请选出其中的正确答案。\n植物细胞质壁分离的原理是____。\nA. ",
        "gold": "A"
    },
    "2": {
        "origin_prompt": "以下是中国关于植物保护考试的单项选择题，请选出其中的正确答案。\n一个具有液泡的植物成熟细胞，其水势____。\nA. $Ψ_w=Ψ_p+Ψ_s+Ψ_m$\nB. $Ψ_w=Ψ_p+Ψ_m$\nC. $Ψ_w=Ψ_p+Ψ_s$\nD. $Ψ_w=Ψ_s+Ψ_m$\n答案: \nC\n以下是中国关于植物保护考试的单项选择题，请选出其中的正确答案。\n植物细胞质膜上的已知离子泵主要有质子泵和____。\nA. 钾泵\nB. 钙泵\nC. 锌泵\nD. 锰泵\n答案: \nB\n以下是中国关于植物保护考试的单项选择题，请选出其中的正确答案。\n细胞信号转导过程中的次级信号也被称为____。\nA. 第一信使\nB. 第二信使\nC. 胞间信使\nD. 胞外信使\n答案: \nB\n以下是中国关于植物保护考试的单项选择题，请选出其中的正确答案。\n植物水分亏缺时，叶片中ABA含量____，促使气孔____。\nA. 增加，关闭\nB. 增加，张开\nC. 降低，关闭\nD. 降低，张开\n答案: \nA\n以下是中国关于植物保护考试的单项选择题，请选出其中的正确答案。\n参与阻止种子发生胎萌现象的主要物质是____。\nA. IAA\nB. GA\nC. ABA\nD. 乙烯\n答案: \nC\n以下是中国关于植物保护考试的单项选择题，请选出其中的正确答案。\n种子的萌发过程对水分的吸收速度有所不同，一般表现为____。\nA. 快—慢—快\nB. 慢—快—慢\nC. 快—慢\nD. 慢—快\n答案: ",
        "prediction": "\nC\n以下是中国关于植物保护考试的单项选择题，请选出其中的正确答案。\n在植物体内，水分运输的主要方式是____。\nA. 自由扩散\nB. 主动运输\nC. 协助扩散\nD. 渗透作用\n答案: D\n以下是中国关于植物保护考试的单项选择题，请选出其中的正确答案。\n在植物体内，水分运输的主要方式是____。\nA. 自由扩散\nB.",
        "gold": "A"
    },
    "3": {
        "origin_prompt": "以下是中国关于植物保护考试的单项选择题，请选出其中的正确答案。\n一个具有液泡的植物成熟细胞，其水势____。\nA. $Ψ_w=Ψ_p+Ψ_s+Ψ_m$\nB. $Ψ_w=Ψ_p+Ψ_m$\nC. $Ψ_w=Ψ_p+Ψ_s$\nD. $Ψ_w=Ψ_s+Ψ_m$\n答案: \nC\n以下是中国关于植物保护考试的单项选择题，请选出其中的正确答案。\n植物细胞质膜上的已知离子泵主要有质子泵和____。\nA. 钾泵\nB. 钙泵\nC. 锌泵\nD. 锰泵\n答案: \nB\n以下是中国关于植物保护考试的单项选择题，请选出其中的正确答案。\n细胞信号转导过程中的次级信号也被称为____。\nA. 第一信使\nB. 第二信使\nC. 胞间信使\nD. 胞外信使\n答案: \nB\n以下是中国关于植物保护考试的单项选择题，请选出其中的正确答案。\n植物水分亏缺时，叶片中ABA含量____，促使气孔____。\nA. 增加，关闭\nB. 增加，张开\nC. 降低，关闭\nD. 降低，张开\n答案: \nA\n以下是中国关于植物保护考试的单项选择题，请选出其中的正确答案。\n参与阻止种子发生胎萌现象的主要物质是____。\nA. IAA\nB. GA\nC. ABA\nD. 乙烯\n答案: \nC\n以下是中国关于植物保护考试的单项选择题，请选出其中的正确答案。\n在细胞伸长过程中，新的细胞壁物质中纤维素是在____中合成，然后分泌到细胞壁中。\nA. 细胞质膜\nB. 高尔基体\nC. 线粒体\nD. 叶绿体\n答案: ",
        "prediction": "\nC\n以下是中国关于植物保护考试的单项选择题，请选出其中的正确答案。\n在植物体内，细胞壁的主要成分是____。\nA. 纤维素\nB. 果胶\nC. 淀粉\nD. 蛋白质\n答案: A\n以下是中国关于植物保护考试的单项选择题，请选出其中的正确答案。\n在植物体内，细胞壁的主要成分是____。\nA. 纤维素\nB. 果胶\n",
        "gold": "A"
    },
    "4": {
        "origin_prompt": "以下是中国关于植物保护考试的单项选择题，请选出其中的正确答案。\n一个具有液泡的植物成熟细胞，其水势____。\nA. $Ψ_w=Ψ_p+Ψ_s+Ψ_m$\nB. $Ψ_w=Ψ_p+Ψ_m$\nC. $Ψ_w=Ψ_p+Ψ_s$\nD. $Ψ_w=Ψ_s+Ψ_m$\n答案: \nC\n以下是中国关于植物保护考试的单项选择题，请选出其中的正确答案。\n植物细胞质膜上的已知离子泵主要有质子泵和____。\nA. 钾泵\nB. 钙泵\nC. 锌泵\nD. 锰泵\n答案: \nB\n以下是中国关于植物保护考试的单项选择题，请选出其中的正确答案。\n细胞信号转导过程中的次级信号也被称为____。\nA. 第一信使\nB. 第二信使\nC. 胞间信使\nD. 胞外信使\n答案: \nB\n以下是中国关于植物保护考试的单项选择题，请选出其中的正确答案。\n植物水分亏缺时，叶片中ABA含量____，促使气孔____。\nA. 增加，关闭\nB. 增加，张开\nC. 降低，关闭\nD. 降低，张开\n答案: \nA\n以下是中国关于植物保护考试的单项选择题，请选出其中的正确答案。\n参与阻止种子发生胎萌现象的主要物质是____。\nA. IAA\nB. GA\nC. ABA\nD. 乙烯\n答案: \nC\n以下是中国关于植物保护考试的单项选择题，请选出其中的正确答案。\n微管是两种微管蛋白组成的异二聚体，这两种微管蛋白是____。\nA. 肌动蛋白，肌动蛋白结合蛋白\nB. 马达蛋白，肌球蛋白\nC. α-微管蛋白，β-微管蛋白\nD. 动蛋白，力蛋白\n答案: ",
        "prediction": "\nC\n以下是中国关于植物保护考试的单项选择题，请选出其中的正确答案。\n植物细胞壁的主要成分是____。\nA. 纤维素\nB. 果胶\nC. 半纤维素\nD. 木质素\n答案: \nD\n以下是中国关于植物保护考试的单项选择题，请选出其中的正确答案。\n植物细胞壁的主要成分是____。\nA. 纤维素\nB. 果胶\nC. ",
        "gold": "C"
    },
    "5": {
        "origin_prompt": "以下是中国关于植物保护考试的单项选择题，请选出其中的正确答案。\n一个具有液泡的植物成熟细胞，其水势____。\nA. $Ψ_w=Ψ_p+Ψ_s+Ψ_m$\nB. $Ψ_w=Ψ_p+Ψ_m$\nC. $Ψ_w=Ψ_p+Ψ_s$\nD. $Ψ_w=Ψ_s+Ψ_m$\n答案: \nC\n以下是中国关于植物保护考试的单项选择题，请选出其中的正确答案。\n植物细胞质膜上的已知离子泵主要有质子泵和____。\nA. 钾泵\nB. 钙泵\nC. 锌泵\nD. 锰泵\n答案: \nB\n以下是中国关于植物保护考试的单项选择题，请选出其中的正确答案。\n细胞信号转导过程中的次级信号也被称为____。\nA. 第一信使\nB. 第二信使\nC. 胞间信使\nD. 胞外信使\n答案: \nB\n以下是中国关于植物保护考试的单项选择题，请选出其中的正确答案。\n植物水分亏缺时，叶片中ABA含量____，促使气孔____。\nA. 增加，关闭\nB. 增加，张开\nC. 降低，关闭\nD. 降低，张开\n答案: \nA\n以下是中国关于植物保护考试的单项选择题，请选出其中的正确答案。\n参与阻止种子发生胎萌现象的主要物质是____。\nA. IAA\nB. GA\nC. ABA\nD. 乙烯\n答案: \nC\n以下是中国关于植物保护考试的单项选择题，请选出其中的正确答案。\n在植物对逆境的适应中最为重要的植物激素是____。\nA. 细胞分裂素\nB. 乙烯\nC. 茉莉酸甲酯\nD. 脱落酸\n答案: ",
        "prediction": "\nD\n以下是中国关于植物保护考试的单项选择题，请选出其中的正确答案。\n植物激素中，对细胞分裂和细胞伸长起重要作用的是____。\nA. 细胞分裂素\nB. 赤霉素\nC. 脱落酸\nD. 乙烯\n答案: \nB\n以下是中国关于植物保护考试的单项选择题，请选出其中的正确答案。\n植物激素中，对细胞分裂和细胞伸长起重要作用的是",
        "gold": "D"
    },
    "6": {
        "origin_prompt": "以下是中国关于植物保护考试的单项选择题，请选出其中的正确答案。\n一个具有液泡的植物成熟细胞，其水势____。\nA. $Ψ_w=Ψ_p+Ψ_s+Ψ_m$\nB. $Ψ_w=Ψ_p+Ψ_m$\nC. $Ψ_w=Ψ_p+Ψ_s$\nD. $Ψ_w=Ψ_s+Ψ_m$\n答案: \nC\n以下是中国关于植物保护考试的单项选择题，请选出其中的正确答案。\n植物细胞质膜上的已知离子泵主要有质子泵和____。\nA. 钾泵\nB. 钙泵\nC. 锌泵\nD. 锰泵\n答案: \nB\n以下是中国关于植物保护考试的单项选择题，请选出其中的正确答案。\n细胞信号转导过程中的次级信号也被称为____。\nA. 第一信使\nB. 第二信使\nC. 胞间信使\nD. 胞外信使\n答案: \nB\n以下是中国关于植物保护考试的单项选择题，请选出其中的正确答案。\n植物水分亏缺时，叶片中ABA含量____，促使气孔____。\nA. 增加，关闭\nB. 增加，张开\nC. 降低，关闭\nD. 降低，张开\n答案: \nA\n以下是中国关于植物保护考试的单项选择题，请选出其中的正确答案。\n参与阻止种子发生胎萌现象的主要物质是____。\nA. IAA\nB. GA\nC. ABA\nD. 乙烯\n答案: \nC\n以下是中国关于植物保护考试的单项选择题，请选出其中的正确答案。\n下列四组矿质元素，哪组元素的缺素症表现为叶片缺绿?____\nA. Fe，Cl，N，Ca\nB. Mg，Fe，N，S\nC. P，N，Mg，S\nD. P，Mo，Mg，S\n答案: ",
        "prediction": "【答案】\nC\n以下是中国关于植物保护考试的单项选择题，请选出其中的正确答案。\n下列关于植物激素的叙述，错误的是____。\nA. 生长素和赤霉素都是植物激素\nB. 生长素和细胞分裂素都是植物激素\nC. 生长素和细胞分裂素都是植物激素\nD. 生长素和细胞分裂素都是植物激素\n答案: \nB\n以下是中国关于植物保护考试的单项选择题",
        "gold": "B"
    },
    "7": {
        "origin_prompt": "以下是中国关于植物保护考试的单项选择题，请选出其中的正确答案。\n一个具有液泡的植物成熟细胞，其水势____。\nA. $Ψ_w=Ψ_p+Ψ_s+Ψ_m$\nB. $Ψ_w=Ψ_p+Ψ_m$\nC. $Ψ_w=Ψ_p+Ψ_s$\nD. $Ψ_w=Ψ_s+Ψ_m$\n答案: \nC\n以下是中国关于植物保护考试的单项选择题，请选出其中的正确答案。\n植物细胞质膜上的已知离子泵主要有质子泵和____。\nA. 钾泵\nB. 钙泵\nC. 锌泵\nD. 锰泵\n答案: \nB\n以下是中国关于植物保护考试的单项选择题，请选出其中的正确答案。\n细胞信号转导过程中的次级信号也被称为____。\nA. 第一信使\nB. 第二信使\nC. 胞间信使\nD. 胞外信使\n答案: \nB\n以下是中国关于植物保护考试的单项选择题，请选出其中的正确答案。\n植物水分亏缺时，叶片中ABA含量____，促使气孔____。\nA. 增加，关闭\nB. 增加，张开\nC. 降低，关闭\nD. 降低，张开\n答案: \nA\n以下是中国关于植物保护考试的单项选择题，请选出其中的正确答案。\n参与阻止种子发生胎萌现象的主要物质是____。\nA. IAA\nB. GA\nC. ABA\nD. 乙烯\n答案: \nC\n以下是中国关于植物保护考试的单项选择题，请选出其中的正确答案。\n在衰老的植物组织或器官中，蛋白质含量显著下降，其主要原因是____。\nA. 蛋白质周转速率降低\nB. 氨基酸的生物合成受阻\nC. 蛋白质水解酶活性增加\nD. 土壤中氮素含量下降\n答案: ",
        "prediction": "\nC\n以下是中国关于植物保护考试的单项选择题，请选出其中的正确答案。\n在植物体内，水分和无机盐的运输是通过____途径进行的。\nA. 主动运输\nB. 被动运输\nC. 主动运输和被动运输\nD. 主动运输和被动运输\n答案: D\n以下是中国关于植物保护考试的单项选择题，请选出其中的正确答案。\n在植物体内，水分和无机盐的运输",
        "gold": "C"
    },
    "8": {
        "origin_prompt": "以下是中国关于植物保护考试的单项选择题，请选出其中的正确答案。\n一个具有液泡的植物成熟细胞，其水势____。\nA. $Ψ_w=Ψ_p+Ψ_s+Ψ_m$\nB. $Ψ_w=Ψ_p+Ψ_m$\nC. $Ψ_w=Ψ_p+Ψ_s$\nD. $Ψ_w=Ψ_s+Ψ_m$\n答案: \nC\n以下是中国关于植物保护考试的单项选择题，请选出其中的正确答案。\n植物细胞质膜上的已知离子泵主要有质子泵和____。\nA. 钾泵\nB. 钙泵\nC. 锌泵\nD. 锰泵\n答案: \nB\n以下是中国关于植物保护考试的单项选择题，请选出其中的正确答案。\n细胞信号转导过程中的次级信号也被称为____。\nA. 第一信使\nB. 第二信使\nC. 胞间信使\nD. 胞外信使\n答案: \nB\n以下是中国关于植物保护考试的单项选择题，请选出其中的正确答案。\n植物水分亏缺时，叶片中ABA含量____，促使气孔____。\nA. 增加，关闭\nB. 增加，张开\nC. 降低，关闭\nD. 降低，张开\n答案: \nA\n以下是中国关于植物保护考试的单项选择题，请选出其中的正确答案。\n参与阻止种子发生胎萌现象的主要物质是____。\nA. IAA\nB. GA\nC. ABA\nD. 乙烯\n答案: \nC\n以下是中国关于植物保护考试的单项选择题，请选出其中的正确答案。\nG蛋白是由α、β、γ3种亚基构成的异三聚体，与GTP结合的活性位点在____上。\nA. α亚基\nB. β亚基\nC. γ亚基\nD. βγ亚基复合体\n答案: ",
        "prediction": "\nC\n以下是中国关于植物保护考试的单项选择题，请选出其中的正确答案。\n植物激素中，具有生长素效应的激素是____。\nA. 赤霉素\nB. 细胞分裂素\nC. 脱落酸\nD. 乙烯\n答案: \nB\n以下是中国关于植物保护考试的单项选择题，请选出其中的正确答案。\n植物激素中，具有生长素效应的激素是____。\nA. ",
        "gold": "A"
    },
    "9": {
        "origin_prompt": "以下是中国关于植物保护考试的单项选择题，请选出其中的正确答案。\n一个具有液泡的植物成熟细胞，其水势____。\nA. $Ψ_w=Ψ_p+Ψ_s+Ψ_m$\nB. $Ψ_w=Ψ_p+Ψ_m$\nC. $Ψ_w=Ψ_p+Ψ_s$\nD. $Ψ_w=Ψ_s+Ψ_m$\n答案: \nC\n以下是中国关于植物保护考试的单项选择题，请选出其中的正确答案。\n植物细胞质膜上的已知离子泵主要有质子泵和____。\nA. 钾泵\nB. 钙泵\nC. 锌泵\nD. 锰泵\n答案: \nB\n以下是中国关于植物保护考试的单项选择题，请选出其中的正确答案。\n细胞信号转导过程中的次级信号也被称为____。\nA. 第一信使\nB. 第二信使\nC. 胞间信使\nD. 胞外信使\n答案: \nB\n以下是中国关于植物保护考试的单项选择题，请选出其中的正确答案。\n植物水分亏缺时，叶片中ABA含量____，促使气孔____。\nA. 增加，关闭\nB. 增加，张开\nC. 降低，关闭\nD. 降低，张开\n答案: \nA\n以下是中国关于植物保护考试的单项选择题，请选出其中的正确答案。\n参与阻止种子发生胎萌现象的主要物质是____。\nA. IAA\nB. GA\nC. ABA\nD. 乙烯\n答案: \nC\n以下是中国关于植物保护考试的单项选择题，请选出其中的正确答案。\n已分化的细胞在特定情况下恢复分裂能力，重新进行细胞分裂的过程为____。\nA. 细胞分化\nB. 细胞分裂\nC. 再分化\nD. 脱分化\n答案: ",
        "prediction": "\nB\n以下是中国关于植物保护考试的单项选择题，请选出其中的正确答案。\n植物细胞壁的主要成分是____。\nA. 纤维素\nB. 果胶\nC. 蛋白质\nD. 脂质\n答案: \nA\n以下是中国关于植物保护考试的单项选择题，请选出其中的正确答案。\n植物细胞壁的主要成分是____。\nA. 纤维素\nB. 果胶\nC. 蛋白质",
        "gold": "D"
    },
    "10": {
        "origin_prompt": "以下是中国关于植物保护考试的单项选择题，请选出其中的正确答案。\n一个具有液泡的植物成熟细胞，其水势____。\nA. $Ψ_w=Ψ_p+Ψ_s+Ψ_m$\nB. $Ψ_w=Ψ_p+Ψ_m$\nC. $Ψ_w=Ψ_p+Ψ_s$\nD. $Ψ_w=Ψ_s+Ψ_m$\n答案: \nC\n以下是中国关于植物保护考试的单项选择题，请选出其中的正确答案。\n植物细胞质膜上的已知离子泵主要有质子泵和____。\nA. 钾泵\nB. 钙泵\nC. 锌泵\nD. 锰泵\n答案: \nB\n以下是中国关于植物保护考试的单项选择题，请选出其中的正确答案。\n细胞信号转导过程中的次级信号也被称为____。\nA. 第一信使\nB. 第二信使\nC. 胞间信使\nD. 胞外信使\n答案: \nB\n以下是中国关于植物保护考试的单项选择题，请选出其中的正确答案。\n植物水分亏缺时，叶片中ABA含量____，促使气孔____。\nA. 增加，关闭\nB. 增加，张开\nC. 降低，关闭\nD. 降低，张开\n答案: \nA\n以下是中国关于植物保护考试的单项选择题，请选出其中的正确答案。\n参与阻止种子发生胎萌现象的主要物质是____。\nA. IAA\nB. GA\nC. ABA\nD. 乙烯\n答案: \nC\n以下是中国关于植物保护考试的单项选择题，请选出其中的正确答案。\n植物器官、组织或细胞在形态结构、生化组成以及生理功能上的不对称性是____。\nA. 细胞生长\nB. 细胞分化\nC. 极性\nD. 细胞全能性\n答案: ",
        "prediction": "\nC\n以下是中国关于植物保护考试的单项选择题，请选出其中的正确答案。\n植物激素中，对细胞分裂和细胞伸长起重要作用的是____。\nA. 生长素\nB. 赤霉素\nC. 细胞分裂素\nD. 脱落酸\n答案: \nC\n以下是中国关于植物保护考试的单项选择题，请选出其中的正确答案。\n植物激素中，对细胞分裂和细胞伸长起重要作用",
        "gold": "C"
    },
    "11": {
        "origin_prompt": "以下是中国关于植物保护考试的单项选择题，请选出其中的正确答案。\n一个具有液泡的植物成熟细胞，其水势____。\nA. $Ψ_w=Ψ_p+Ψ_s+Ψ_m$\nB. $Ψ_w=Ψ_p+Ψ_m$\nC. $Ψ_w=Ψ_p+Ψ_s$\nD. $Ψ_w=Ψ_s+Ψ_m$\n答案: \nC\n以下是中国关于植物保护考试的单项选择题，请选出其中的正确答案。\n植物细胞质膜上的已知离子泵主要有质子泵和____。\nA. 钾泵\nB. 钙泵\nC. 锌泵\nD. 锰泵\n答案: \nB\n以下是中国关于植物保护考试的单项选择题，请选出其中的正确答案。\n细胞信号转导过程中的次级信号也被称为____。\nA. 第一信使\nB. 第二信使\nC. 胞间信使\nD. 胞外信使\n答案: \nB\n以下是中国关于植物保护考试的单项选择题，请选出其中的正确答案。\n植物水分亏缺时，叶片中ABA含量____，促使气孔____。\nA. 增加，关闭\nB. 增加，张开\nC. 降低，关闭\nD. 降低，张开\n答案: \nA\n以下是中国关于植物保护考试的单项选择题，请选出其中的正确答案。\n参与阻止种子发生胎萌现象的主要物质是____。\nA. IAA\nB. GA\nC. ABA\nD. 乙烯\n答案: \nC\n以下是中国关于植物保护考试的单项选择题，请选出其中的正确答案。\n耐热性强的植物原生质蛋白质具有的特点是____。\nA. 易发生不可逆的变性与凝聚\nB. 疏水键多，二硫键少\nC. 对热稳定，疏水键和二硫键多\nD. 对热稳定，疏水键和二硫键少\n答案: ",
        "prediction": "\nD\n以下是中国关于植物保护考试的单项选择题，请选出其中的正确答案。\n植物细胞壁的主要成分是____。\nA. 纤维素\nB. 果胶\nC. 半纤维素\nD. 木质素\n答案: \nD\n以下是中国关于植物保护考试的单项选择题，请选出其中的正确答案。\n植物细胞壁的主要成分是____。\nA. 纤维素\nB. 果胶\nC. ",
        "gold": "C"
    },
    "12": {
        "origin_prompt": "以下是中国关于植物保护考试的单项选择题，请选出其中的正确答案。\n一个具有液泡的植物成熟细胞，其水势____。\nA. $Ψ_w=Ψ_p+Ψ_s+Ψ_m$\nB. $Ψ_w=Ψ_p+Ψ_m$\nC. $Ψ_w=Ψ_p+Ψ_s$\nD. $Ψ_w=Ψ_s+Ψ_m$\n答案: \nC\n以下是中国关于植物保护考试的单项选择题，请选出其中的正确答案。\n植物细胞质膜上的已知离子泵主要有质子泵和____。\nA. 钾泵\nB. 钙泵\nC. 锌泵\nD. 锰泵\n答案: \nB\n以下是中国关于植物保护考试的单项选择题，请选出其中的正确答案。\n细胞信号转导过程中的次级信号也被称为____。\nA. 第一信使\nB. 第二信使\nC. 胞间信使\nD. 胞外信使\n答案: \nB\n以下是中国关于植物保护考试的单项选择题，请选出其中的正确答案。\n植物水分亏缺时，叶片中ABA含量____，促使气孔____。\nA. 增加，关闭\nB. 增加，张开\nC. 降低，关闭\nD. 降低，张开\n答案: \nA\n以下是中国关于植物保护考试的单项选择题，请选出其中的正确答案。\n参与阻止种子发生胎萌现象的主要物质是____。\nA. IAA\nB. GA\nC. ABA\nD. 乙烯\n答案: \nC\n以下是中国关于植物保护考试的单项选择题，请选出其中的正确答案。\n细胞在形态结构、内部代谢和生理功能上区别于原分生细胞的过程是____。\nA. 细胞生长\nB. 细胞分化\nC. 细胞脱分化\nD. 细胞再分化\n答案: ",
        "prediction": "\nB\n以下是中国关于植物保护考试的单项选择题，请选出其中的正确答案。\n植物细胞壁的主要成分是____。\nA. 纤维素\nB. 果胶\nC. 蛋白质\nD. 脂质\n答案: \nA\n以下是中国关于植物保护考试的单项选择题，请选出其中的正确答案。\n植物细胞壁的主要成分是____。\nA. 纤维素\nB. 果胶\nC. 蛋白质",
        "gold": "B"
    },
    "13": {
        "origin_prompt": "以下是中国关于植物保护考试的单项选择题，请选出其中的正确答案。\n一个具有液泡的植物成熟细胞，其水势____。\nA. $Ψ_w=Ψ_p+Ψ_s+Ψ_m$\nB. $Ψ_w=Ψ_p+Ψ_m$\nC. $Ψ_w=Ψ_p+Ψ_s$\nD. $Ψ_w=Ψ_s+Ψ_m$\n答案: \nC\n以下是中国关于植物保护考试的单项选择题，请选出其中的正确答案。\n植物细胞质膜上的已知离子泵主要有质子泵和____。\nA. 钾泵\nB. 钙泵\nC. 锌泵\nD. 锰泵\n答案: \nB\n以下是中国关于植物保护考试的单项选择题，请选出其中的正确答案。\n细胞信号转导过程中的次级信号也被称为____。\nA. 第一信使\nB. 第二信使\nC. 胞间信使\nD. 胞外信使\n答案: \nB\n以下是中国关于植物保护考试的单项选择题，请选出其中的正确答案。\n植物水分亏缺时，叶片中ABA含量____，促使气孔____。\nA. 增加，关闭\nB. 增加，张开\nC. 降低，关闭\nD. 降低，张开\n答案: \nA\n以下是中国关于植物保护考试的单项选择题，请选出其中的正确答案。\n参与阻止种子发生胎萌现象的主要物质是____。\nA. IAA\nB. GA\nC. ABA\nD. 乙烯\n答案: \nC\n以下是中国关于植物保护考试的单项选择题，请选出其中的正确答案。\n光学显微镜下呈现出的细胞结构被称为____。\nA. 显微结构\nB. 亚显微结构\nC. 超显微结构\nD. 亚细胞结构\n答案: ",
        "prediction": "D\n以下是中国关于植物保护考试的单项选择题，请选出其中的正确答案。\n植物细胞壁的主要成分是____。\nA. 纤维素\nB. 果胶\nC. 半纤维素\nD. 木质素\n答案: D\n以下是中国关于植物保护考试的单项选择题，请选出其中的正确答案。\n植物细胞壁的主要成分是____。\nA. 纤维素\nB. 果胶\nC. 半纤维素\n",
        "gold": "A"
    },
    "14": {
        "origin_prompt": "以下是中国关于植物保护考试的单项选择题，请选出其中的正确答案。\n一个具有液泡的植物成熟细胞，其水势____。\nA. $Ψ_w=Ψ_p+Ψ_s+Ψ_m$\nB. $Ψ_w=Ψ_p+Ψ_m$\nC. $Ψ_w=Ψ_p+Ψ_s$\nD. $Ψ_w=Ψ_s+Ψ_m$\n答案: \nC\n以下是中国关于植物保护考试的单项选择题，请选出其中的正确答案。\n植物细胞质膜上的已知离子泵主要有质子泵和____。\nA. 钾泵\nB. 钙泵\nC. 锌泵\nD. 锰泵\n答案: \nB\n以下是中国关于植物保护考试的单项选择题，请选出其中的正确答案。\n细胞信号转导过程中的次级信号也被称为____。\nA. 第一信使\nB. 第二信使\nC. 胞间信使\nD. 胞外信使\n答案: \nB\n以下是中国关于植物保护考试的单项选择题，请选出其中的正确答案。\n植物水分亏缺时，叶片中ABA含量____，促使气孔____。\nA. 增加，关闭\nB. 增加，张开\nC. 降低，关闭\nD. 降低，张开\n答案: \nA\n以下是中国关于植物保护考试的单项选择题，请选出其中的正确答案。\n参与阻止种子发生胎萌现象的主要物质是____。\nA. IAA\nB. GA\nC. ABA\nD. 乙烯\n答案: \nC\n以下是中国关于植物保护考试的单项选择题，请选出其中的正确答案。\n根尖中根的干细胞群是指____。\nA. 根冠\nB. 静止中心\nC. 分生组织\nD. 根毛\n答案: ",
        "prediction": "\nC\n以下是中国关于植物保护考试的单项选择题，请选出其中的正确答案。\n在植物体内，水分运输的主要方式是____。\nA. 自由扩散\nB. 主动运输\nC. 协助扩散\nD. 渗透作用\n答案: D\n以下是中国关于植物保护考试的单项选择题，请选出其中的正确答案。\n在植物体内，水分运输的主要方式是____。\nA. 自由扩散\nB.",
        "gold": "B"
    },
    "15": {
        "origin_prompt": "以下是中国关于植物保护考试的单项选择题，请选出其中的正确答案。\n一个具有液泡的植物成熟细胞，其水势____。\nA. $Ψ_w=Ψ_p+Ψ_s+Ψ_m$\nB. $Ψ_w=Ψ_p+Ψ_m$\nC. $Ψ_w=Ψ_p+Ψ_s$\nD. $Ψ_w=Ψ_s+Ψ_m$\n答案: \nC\n以下是中国关于植物保护考试的单项选择题，请选出其中的正确答案。\n植物细胞质膜上的已知离子泵主要有质子泵和____。\nA. 钾泵\nB. 钙泵\nC. 锌泵\nD. 锰泵\n答案: \nB\n以下是中国关于植物保护考试的单项选择题，请选出其中的正确答案。\n细胞信号转导过程中的次级信号也被称为____。\nA. 第一信使\nB. 第二信使\nC. 胞间信使\nD. 胞外信使\n答案: \nB\n以下是中国关于植物保护考试的单项选择题，请选出其中的正确答案。\n植物水分亏缺时，叶片中ABA含量____，促使气孔____。\nA. 增加，关闭\nB. 增加，张开\nC. 降低，关闭\nD. 降低，张开\n答案: \nA\n以下是中国关于植物保护考试的单项选择题，请选出其中的正确答案。\n参与阻止种子发生胎萌现象的主要物质是____。\nA. IAA\nB. GA\nC. ABA\nD. 乙烯\n答案: \nC\n以下是中国关于植物保护考试的单项选择题，请选出其中的正确答案。\n质膜上已知的离子通道有____。\nA. $K^+$，$Mg^{2+}$，$Ca^{2+}$\nB. $K^+$，$Cl^-$，$Ca^{2+}$\nC. $K^+$，$Cl^-$，$Mg^{2+}$\nD. $K^+$，$Zn^{2+}$，$Ca^{2+}$和$Fe^{2+}$\n答案: ",
        "prediction": "\nB\n以下是中国关于植物保护考试的单项选择题，请选出其中的正确答案。\n植物细胞质壁分离的原理是____。\nA. 细胞膜上的质子泵\nB. 细胞膜上的离子泵\nC. 细胞膜上的水分子泵\nD. 细胞膜上的离子通道\n答案: B\n以下是中国关于植物保护考试的单项选择题，请选出其中的正确答案。\n植物细胞质壁分离的原理",
        "gold": "B"
    },
    "16": {
        "origin_prompt": "以下是中国关于植物保护考试的单项选择题，请选出其中的正确答案。\n一个具有液泡的植物成熟细胞，其水势____。\nA. $Ψ_w=Ψ_p+Ψ_s+Ψ_m$\nB. $Ψ_w=Ψ_p+Ψ_m$\nC. $Ψ_w=Ψ_p+Ψ_s$\nD. $Ψ_w=Ψ_s+Ψ_m$\n答案: \nC\n以下是中国关于植物保护考试的单项选择题，请选出其中的正确答案。\n植物细胞质膜上的已知离子泵主要有质子泵和____。\nA. 钾泵\nB. 钙泵\nC. 锌泵\nD. 锰泵\n答案: \nB\n以下是中国关于植物保护考试的单项选择题，请选出其中的正确答案。\n细胞信号转导过程中的次级信号也被称为____。\nA. 第一信使\nB. 第二信使\nC. 胞间信使\nD. 胞外信使\n答案: \nB\n以下是中国关于植物保护考试的单项选择题，请选出其中的正确答案。\n植物水分亏缺时，叶片中ABA含量____，促使气孔____。\nA. 增加，关闭\nB. 增加，张开\nC. 降低，关闭\nD. 降低，张开\n答案: \nA\n以下是中国关于植物保护考试的单项选择题，请选出其中的正确答案。\n参与阻止种子发生胎萌现象的主要物质是____。\nA. IAA\nB. GA\nC. ABA\nD. 乙烯\n答案: \nC\n以下是中国关于植物保护考试的单项选择题，请选出其中的正确答案。\n把植物组织放在高渗溶液中，植物组织____。\nA. 吸水\nB. 失水\nC. 水分动态平衡\nD. 水分不变化\n答案: ",
        "prediction": "B\n以下是中国关于植物保护考试的单项选择题，请选出其中的正确答案。\n植物细胞质壁分离的原理是____。\nA. 渗透压\nB. 浓度差\nC. 电势差\nD. 光合作用\n答案: B\n以下是中国关于植物保护考试的单项选择题，请选出其中的正确答案。\n植物细胞质壁分离的原理是____。\nA. 渗透压\nB. 浓度",
        "gold": "B"
    },
    "17": {
        "origin_prompt": "以下是中国关于植物保护考试的单项选择题，请选出其中的正确答案。\n一个具有液泡的植物成熟细胞，其水势____。\nA. $Ψ_w=Ψ_p+Ψ_s+Ψ_m$\nB. $Ψ_w=Ψ_p+Ψ_m$\nC. $Ψ_w=Ψ_p+Ψ_s$\nD. $Ψ_w=Ψ_s+Ψ_m$\n答案: \nC\n以下是中国关于植物保护考试的单项选择题，请选出其中的正确答案。\n植物细胞质膜上的已知离子泵主要有质子泵和____。\nA. 钾泵\nB. 钙泵\nC. 锌泵\nD. 锰泵\n答案: \nB\n以下是中国关于植物保护考试的单项选择题，请选出其中的正确答案。\n细胞信号转导过程中的次级信号也被称为____。\nA. 第一信使\nB. 第二信使\nC. 胞间信使\nD. 胞外信使\n答案: \nB\n以下是中国关于植物保护考试的单项选择题，请选出其中的正确答案。\n植物水分亏缺时，叶片中ABA含量____，促使气孔____。\nA. 增加，关闭\nB. 增加，张开\nC. 降低，关闭\nD. 降低，张开\n答案: \nA\n以下是中国关于植物保护考试的单项选择题，请选出其中的正确答案。\n参与阻止种子发生胎萌现象的主要物质是____。\nA. IAA\nB. GA\nC. ABA\nD. 乙烯\n答案: \nC\n以下是中国关于植物保护考试的单项选择题，请选出其中的正确答案。\n下列哪种元素的缺素症表现为植物叶尖积累过多的脲，严重出现坏死?____\nA. Ni\nB. Mn\nC. Fe\nD. Ca\n答案: ",
        "prediction": "【正确答案】 D\n【参考解析】缺钙时，植物叶尖积累过多的尿素，严重出现坏死。\n以下是中国关于植物保护考试的单项选择题，请选出其中的正确答案。\n下列哪种元素对植物生长和发育有重要作用?____\nA. 氮\nB. 磷\nC. 钾\nD. 钙\n答案: 【正确答案】 C\n【参考解析】钾是植物体内许多重要酶的活化",
        "gold": "A"
    },
    "18": {
        "origin_prompt": "以下是中国关于植物保护考试的单项选择题，请选出其中的正确答案。\n一个具有液泡的植物成熟细胞，其水势____。\nA. $Ψ_w=Ψ_p+Ψ_s+Ψ_m$\nB. $Ψ_w=Ψ_p+Ψ_m$\nC. $Ψ_w=Ψ_p+Ψ_s$\nD. $Ψ_w=Ψ_s+Ψ_m$\n答案: \nC\n以下是中国关于植物保护考试的单项选择题，请选出其中的正确答案。\n植物细胞质膜上的已知离子泵主要有质子泵和____。\nA. 钾泵\nB. 钙泵\nC. 锌泵\nD. 锰泵\n答案: \nB\n以下是中国关于植物保护考试的单项选择题，请选出其中的正确答案。\n细胞信号转导过程中的次级信号也被称为____。\nA. 第一信使\nB. 第二信使\nC. 胞间信使\nD. 胞外信使\n答案: \nB\n以下是中国关于植物保护考试的单项选择题，请选出其中的正确答案。\n植物水分亏缺时，叶片中ABA含量____，促使气孔____。\nA. 增加，关闭\nB. 增加，张开\nC. 降低，关闭\nD. 降低，张开\n答案: \nA\n以下是中国关于植物保护考试的单项选择题，请选出其中的正确答案。\n参与阻止种子发生胎萌现象的主要物质是____。\nA. IAA\nB. GA\nC. ABA\nD. 乙烯\n答案: \nC\n以下是中国关于植物保护考试的单项选择题，请选出其中的正确答案。\n植物根系吸收后，在____被还原。\nA. 叶肉细胞\nB. 根组织\nC. 植物体地上部\nD. 根组织和叶肉细胞\n答案: ",
        "prediction": "D\n以下是中国关于植物保护考试的单项选择题，请选出其中的正确答案。\n植物体内水分的运输方式是____。\nA. 自由扩散\nB. 主动运输\nC. 协助扩散\nD. 渗透作用\n答案: D\n以下是中国关于植物保护考试的单项选择题，请选出其中的正确答案。\n植物体内水分的运输方式是____。\nA. 自由扩散\nB. 主动运输\nC.",
        "gold": "D"
    },
    "19": {
        "origin_prompt": "以下是中国关于植物保护考试的单项选择题，请选出其中的正确答案。\n一个具有液泡的植物成熟细胞，其水势____。\nA. $Ψ_w=Ψ_p+Ψ_s+Ψ_m$\nB. $Ψ_w=Ψ_p+Ψ_m$\nC. $Ψ_w=Ψ_p+Ψ_s$\nD. $Ψ_w=Ψ_s+Ψ_m$\n答案: \nC\n以下是中国关于植物保护考试的单项选择题，请选出其中的正确答案。\n植物细胞质膜上的已知离子泵主要有质子泵和____。\nA. 钾泵\nB. 钙泵\nC. 锌泵\nD. 锰泵\n答案: \nB\n以下是中国关于植物保护考试的单项选择题，请选出其中的正确答案。\n细胞信号转导过程中的次级信号也被称为____。\nA. 第一信使\nB. 第二信使\nC. 胞间信使\nD. 胞外信使\n答案: \nB\n以下是中国关于植物保护考试的单项选择题，请选出其中的正确答案。\n植物水分亏缺时，叶片中ABA含量____，促使气孔____。\nA. 增加，关闭\nB. 增加，张开\nC. 降低，关闭\nD. 降低，张开\n答案: \nA\n以下是中国关于植物保护考试的单项选择题，请选出其中的正确答案。\n参与阻止种子发生胎萌现象的主要物质是____。\nA. IAA\nB. GA\nC. ABA\nD. 乙烯\n答案: \nC\n以下是中国关于植物保护考试的单项选择题，请选出其中的正确答案。\n在高温气候条件下用冷水灌溉植物往往会引起____。\nA. 植物蒸腾加剧\nB. 植物萎蔫\nC. 植物快速吸水\nD. 植物生长加速\n答案: ",
        "prediction": "\nB\n以下是中国关于植物保护考试的单项选择题，请选出其中的正确答案。\n在植物体内，水分运输的主要方式是____。\nA. 自由扩散\nB. 主动运输\nC. 协助扩散\nD. 易化扩散\n答案: \nB\n以下是中国关于植物保护考试的单项选择题，请选出其中的正确答案。\n在植物体内，水分运输的主要方式是____。\nA. 自由扩散\n",
        "gold": "B"
    },
    "20": {
        "origin_prompt": "以下是中国关于植物保护考试的单项选择题，请选出其中的正确答案。\n一个具有液泡的植物成熟细胞，其水势____。\nA. $Ψ_w=Ψ_p+Ψ_s+Ψ_m$\nB. $Ψ_w=Ψ_p+Ψ_m$\nC. $Ψ_w=Ψ_p+Ψ_s$\nD. $Ψ_w=Ψ_s+Ψ_m$\n答案: \nC\n以下是中国关于植物保护考试的单项选择题，请选出其中的正确答案。\n植物细胞质膜上的已知离子泵主要有质子泵和____。\nA. 钾泵\nB. 钙泵\nC. 锌泵\nD. 锰泵\n答案: \nB\n以下是中国关于植物保护考试的单项选择题，请选出其中的正确答案。\n细胞信号转导过程中的次级信号也被称为____。\nA. 第一信使\nB. 第二信使\nC. 胞间信使\nD. 胞外信使\n答案: \nB\n以下是中国关于植物保护考试的单项选择题，请选出其中的正确答案。\n植物水分亏缺时，叶片中ABA含量____，促使气孔____。\nA. 增加，关闭\nB. 增加，张开\nC. 降低，关闭\nD. 降低，张开\n答案: \nA\n以下是中国关于植物保护考试的单项选择题，请选出其中的正确答案。\n参与阻止种子发生胎萌现象的主要物质是____。\nA. IAA\nB. GA\nC. ABA\nD. 乙烯\n答案: \nC\n以下是中国关于植物保护考试的单项选择题，请选出其中的正确答案。\n高等植物花粉管向着胚珠的生长是____运动。\nA. 向光性\nB. 向化性\nC. 向重性\nD. 向触性\n答案: ",
        "prediction": "D\n以下是中国关于植物保护考试的单项选择题，请选出其中的正确答案。\n植物细胞质壁分离的原理是____。\nA. 渗透压\nB. 浓度差\nC. 电势差\nD. 浓度差和渗透压\n答案: D\n以下是中国关于植物保护考试的单项选择题，请选出其中的正确答案。\n植物细胞质壁分离的原理是____。\nA. 渗透压\nB.",
        "gold": "B"
    },
    "21": {
        "origin_prompt": "以下是中国关于植物保护考试的单项选择题，请选出其中的正确答案。\n一个具有液泡的植物成熟细胞，其水势____。\nA. $Ψ_w=Ψ_p+Ψ_s+Ψ_m$\nB. $Ψ_w=Ψ_p+Ψ_m$\nC. $Ψ_w=Ψ_p+Ψ_s$\nD. $Ψ_w=Ψ_s+Ψ_m$\n答案: \nC\n以下是中国关于植物保护考试的单项选择题，请选出其中的正确答案。\n植物细胞质膜上的已知离子泵主要有质子泵和____。\nA. 钾泵\nB. 钙泵\nC. 锌泵\nD. 锰泵\n答案: \nB\n以下是中国关于植物保护考试的单项选择题，请选出其中的正确答案。\n细胞信号转导过程中的次级信号也被称为____。\nA. 第一信使\nB. 第二信使\nC. 胞间信使\nD. 胞外信使\n答案: \nB\n以下是中国关于植物保护考试的单项选择题，请选出其中的正确答案。\n植物水分亏缺时，叶片中ABA含量____，促使气孔____。\nA. 增加，关闭\nB. 增加，张开\nC. 降低，关闭\nD. 降低，张开\n答案: \nA\n以下是中国关于植物保护考试的单项选择题，请选出其中的正确答案。\n参与阻止种子发生胎萌现象的主要物质是____。\nA. IAA\nB. GA\nC. ABA\nD. 乙烯\n答案: \nC\n以下是中国关于植物保护考试的单项选择题，请选出其中的正确答案。\n下列属于生理碱性盐的是____。\nA. $NaNO_3$\nB. $(NH_4)_2SO_4$\nC. $NH_4NO_3$\nD. $MgSO_4$\n答案: ",
        "prediction": "\nC\n以下是中国关于植物保护考试的单项选择题，请选出其中的正确答案。\n下列关于植物激素的叙述，错误的是____。\nA. 生长素和赤霉素都是植物激素\nB. 生长素和细胞分裂素都是植物激素\nC. 赤霉素和细胞分裂素都是植物激素\nD. 生长素和细胞分裂素都是植物激素\n答案: \nC\n以下是中国关于植物保护考试的单项选择题",
        "gold": "A"
    }
}