{
    "0": {
        "origin_prompt": "以下是中国关于注册计量师考试的单项选择题，请选出其中的正确答案。\n检定具有法制性，其对象是____范围内的测量仪器。\nA. 全国\nB. 企业\nC. 法制管理\nD. 所有\n答案: \nC\n以下是中国关于注册计量师考试的单项选择题，请选出其中的正确答案。\n在比对工作中，参考值的确定方法有多种，由主导实验室提出经专家组评审并征得____同意后确定。\nA. 同行专家\nB. 参加实验室\nC. 比对组织者\nD. 主导实验室的领导\n答案: \nB\n以下是中国关于注册计量师考试的单项选择题，请选出其中的正确答案。\n在国内计量比对中，下列关于比对数据的说法，正确的是____。\nA. 参比实验室正式提交比对数据后，不允许以任何形式进行修改\nB. 在比对总结报告发出之前，如确有原因，参比实验室可以以正式书面报告方式提出数据修改申请\nC. 若主导实验室发现某参比实验室数据异常，可通过适当方式了解细节，必要时通知该参比实验室对比数据进行修改\nD. 若主导实验室发现某参比实验室的测得值偏离参考值较远，应通知该参比实验室重新进行比对试验\n答案: \nB\n以下是中国关于注册计量师考试的单项选择题，请选出其中的正确答案。\n额定操作条件是指____。\nA. 测量仪器的规定计量特性不受损也不降低，其后仍可在正常工作条件下运行所能承受的极端条件\nB. 使测量仪器的规定计量特性处于给定极限内的使用条件\nC. 测量仪器在性能试验或进行检定、校准时的使用条件\nD. 确定测量仪器本身性能所规定的标准条件\n答案: \nB\n以下是中国关于注册计量师考试的单项选择题，请选出其中的正确答案。\n检定机构开展校准时必须具备____。\nA. 经过法定计量检定机构给予校准的计量器具\nB. 按规定经考核合格，并取得计量标准考核证书的计量标准器\nC. 准确度高于被校准测量仪器的计量器具\nD. 经检定合格的计量标准器\n答案: \nB\n以下是中国关于注册计量师考试的单项选择题，请选出其中的正确答案。\n测量某一量值，其结果为：10.5，10.7，10.3，求其B类标准不确定度为____。(其中n=2时，极差系数C=1.13；n=3时，极差系数C=1.69；n=4时，极差系数C=2.060)\nA. 0.35\nB. 0.12\nC. 0.19\nD. 0.24\n答案: ",
        "prediction": "\nC\n以下是中国关于注册计量师考试的单项选择题，请选出其中的正确答案。\n下列关于计量器具的计量特性说法正确的是____。\nA. 计量器具的计量特性是计量器具的性能指标\nB. 计量器具的计量特性是计量器具的性能指标\nC. 计量器具的计量特性是计量器具的性能指标\nD. 计量器具的计量特性是计量器具的性能指标\n答案: \nD",
        "gold": "D"
    },
    "1": {
        "origin_prompt": "以下是中国关于注册计量师考试的单项选择题，请选出其中的正确答案。\n检定具有法制性，其对象是____范围内的测量仪器。\nA. 全国\nB. 企业\nC. 法制管理\nD. 所有\n答案: \nC\n以下是中国关于注册计量师考试的单项选择题，请选出其中的正确答案。\n在比对工作中，参考值的确定方法有多种，由主导实验室提出经专家组评审并征得____同意后确定。\nA. 同行专家\nB. 参加实验室\nC. 比对组织者\nD. 主导实验室的领导\n答案: \nB\n以下是中国关于注册计量师考试的单项选择题，请选出其中的正确答案。\n在国内计量比对中，下列关于比对数据的说法，正确的是____。\nA. 参比实验室正式提交比对数据后，不允许以任何形式进行修改\nB. 在比对总结报告发出之前，如确有原因，参比实验室可以以正式书面报告方式提出数据修改申请\nC. 若主导实验室发现某参比实验室数据异常，可通过适当方式了解细节，必要时通知该参比实验室对比数据进行修改\nD. 若主导实验室发现某参比实验室的测得值偏离参考值较远，应通知该参比实验室重新进行比对试验\n答案: \nB\n以下是中国关于注册计量师考试的单项选择题，请选出其中的正确答案。\n额定操作条件是指____。\nA. 测量仪器的规定计量特性不受损也不降低，其后仍可在正常工作条件下运行所能承受的极端条件\nB. 使测量仪器的规定计量特性处于给定极限内的使用条件\nC. 测量仪器在性能试验或进行检定、校准时的使用条件\nD. 确定测量仪器本身性能所规定的标准条件\n答案: \nB\n以下是中国关于注册计量师考试的单项选择题，请选出其中的正确答案。\n检定机构开展校准时必须具备____。\nA. 经过法定计量检定机构给予校准的计量器具\nB. 按规定经考核合格，并取得计量标准考核证书的计量标准器\nC. 准确度高于被校准测量仪器的计量器具\nD. 经检定合格的计量标准器\n答案: \nB\n以下是中国关于注册计量师考试的单项选择题，请选出其中的正确答案。\n在电学计量中，为了消除热电势带来的系统误差，常常改变测量仪器的电流方向，取两次读数和的二分之一为测量读数结果，这样的测量方法称为____。\nA. 补偿测量法\nB. 基本测量法\nC. 间接测量法\nD. 符合测量法\n答案: ",
        "prediction": "\nA\n以下是中国关于注册计量师考试的单项选择题，请选出其中的正确答案。\n在计量检定工作中，计量器具的计量特性是____。\nA. 计量器具的性能指标\nB. 计量器具的性能特性\nC. 计量器具的计量特性\nD. 计量器具的计量性能\n答案: C\n以下是中国关于注册计量师考试的单项选择题，请选出其中的正确答案。\n计量器具的",
        "gold": "A"
    },
    "2": {
        "origin_prompt": "以下是中国关于注册计量师考试的单项选择题，请选出其中的正确答案。\n检定具有法制性，其对象是____范围内的测量仪器。\nA. 全国\nB. 企业\nC. 法制管理\nD. 所有\n答案: \nC\n以下是中国关于注册计量师考试的单项选择题，请选出其中的正确答案。\n在比对工作中，参考值的确定方法有多种，由主导实验室提出经专家组评审并征得____同意后确定。\nA. 同行专家\nB. 参加实验室\nC. 比对组织者\nD. 主导实验室的领导\n答案: \nB\n以下是中国关于注册计量师考试的单项选择题，请选出其中的正确答案。\n在国内计量比对中，下列关于比对数据的说法，正确的是____。\nA. 参比实验室正式提交比对数据后，不允许以任何形式进行修改\nB. 在比对总结报告发出之前，如确有原因，参比实验室可以以正式书面报告方式提出数据修改申请\nC. 若主导实验室发现某参比实验室数据异常，可通过适当方式了解细节，必要时通知该参比实验室对比数据进行修改\nD. 若主导实验室发现某参比实验室的测得值偏离参考值较远，应通知该参比实验室重新进行比对试验\n答案: \nB\n以下是中国关于注册计量师考试的单项选择题，请选出其中的正确答案。\n额定操作条件是指____。\nA. 测量仪器的规定计量特性不受损也不降低，其后仍可在正常工作条件下运行所能承受的极端条件\nB. 使测量仪器的规定计量特性处于给定极限内的使用条件\nC. 测量仪器在性能试验或进行检定、校准时的使用条件\nD. 确定测量仪器本身性能所规定的标准条件\n答案: \nB\n以下是中国关于注册计量师考试的单项选择题，请选出其中的正确答案。\n检定机构开展校准时必须具备____。\nA. 经过法定计量检定机构给予校准的计量器具\nB. 按规定经考核合格，并取得计量标准考核证书的计量标准器\nC. 准确度高于被校准测量仪器的计量器具\nD. 经检定合格的计量标准器\n答案: \nB\n以下是中国关于注册计量师考试的单项选择题，请选出其中的正确答案。\n国家计量检定规程是由____组织编写并批准颁布，在全国范围内施行，作为确定计量器具法定地位的技术文件。\nA. 全国专业计量技术委员会\nB. 全国计量测试学会\nC. 国家计量院\nD. 国务院计量行政部门\n答案: ",
        "prediction": "\nA\n以下是中国关于注册计量师考试的单项选择题，请选出其中的正确答案。\n计量器具的检定、校准和校验，其目的是____。\nA. 保证计量器具的计量特性符合规定\nB. 保证计量器具的计量特性不受损也不降低\nC. 保证计量器具的计量特性不受损也不降低，其后仍可在正常工作条件下运行所能承受的极端条件\nD. 保证计量器具的",
        "gold": "D"
    },
    "3": {
        "origin_prompt": "以下是中国关于注册计量师考试的单项选择题，请选出其中的正确答案。\n检定具有法制性，其对象是____范围内的测量仪器。\nA. 全国\nB. 企业\nC. 法制管理\nD. 所有\n答案: \nC\n以下是中国关于注册计量师考试的单项选择题，请选出其中的正确答案。\n在比对工作中，参考值的确定方法有多种，由主导实验室提出经专家组评审并征得____同意后确定。\nA. 同行专家\nB. 参加实验室\nC. 比对组织者\nD. 主导实验室的领导\n答案: \nB\n以下是中国关于注册计量师考试的单项选择题，请选出其中的正确答案。\n在国内计量比对中，下列关于比对数据的说法，正确的是____。\nA. 参比实验室正式提交比对数据后，不允许以任何形式进行修改\nB. 在比对总结报告发出之前，如确有原因，参比实验室可以以正式书面报告方式提出数据修改申请\nC. 若主导实验室发现某参比实验室数据异常，可通过适当方式了解细节，必要时通知该参比实验室对比数据进行修改\nD. 若主导实验室发现某参比实验室的测得值偏离参考值较远，应通知该参比实验室重新进行比对试验\n答案: \nB\n以下是中国关于注册计量师考试的单项选择题，请选出其中的正确答案。\n额定操作条件是指____。\nA. 测量仪器的规定计量特性不受损也不降低，其后仍可在正常工作条件下运行所能承受的极端条件\nB. 使测量仪器的规定计量特性处于给定极限内的使用条件\nC. 测量仪器在性能试验或进行检定、校准时的使用条件\nD. 确定测量仪器本身性能所规定的标准条件\n答案: \nB\n以下是中国关于注册计量师考试的单项选择题，请选出其中的正确答案。\n检定机构开展校准时必须具备____。\nA. 经过法定计量检定机构给予校准的计量器具\nB. 按规定经考核合格，并取得计量标准考核证书的计量标准器\nC. 准确度高于被校准测量仪器的计量器具\nD. 经检定合格的计量标准器\n答案: \nB\n以下是中国关于注册计量师考试的单项选择题，请选出其中的正确答案。\nSI基本单位共有七个并有相应的单位符号，以下哪个符号是正确的。____\nA. 质量--m\nB. 物质的量--mm\nC. 热力学温度--℃\nD. 电流--A\n答案: ",
        "prediction": "【正确答案】 D\n【参考解析】 SI基本单位共有七个，分别为：米（m）、千克（kg）、秒（s）、安培（A）、开尔文（K）、摩尔（mol）、坎德拉（cd）。\n以下是中国关于注册计量师考试的单项选择题，请选出其中的正确答案。\n下列关于计量器具的计量特性说法正确的是____。\nA. 计量器具的计量特性是计量器具",
        "gold": "D"
    },
    "4": {
        "origin_prompt": "以下是中国关于注册计量师考试的单项选择题，请选出其中的正确答案。\n检定具有法制性，其对象是____范围内的测量仪器。\nA. 全国\nB. 企业\nC. 法制管理\nD. 所有\n答案: \nC\n以下是中国关于注册计量师考试的单项选择题，请选出其中的正确答案。\n在比对工作中，参考值的确定方法有多种，由主导实验室提出经专家组评审并征得____同意后确定。\nA. 同行专家\nB. 参加实验室\nC. 比对组织者\nD. 主导实验室的领导\n答案: \nB\n以下是中国关于注册计量师考试的单项选择题，请选出其中的正确答案。\n在国内计量比对中，下列关于比对数据的说法，正确的是____。\nA. 参比实验室正式提交比对数据后，不允许以任何形式进行修改\nB. 在比对总结报告发出之前，如确有原因，参比实验室可以以正式书面报告方式提出数据修改申请\nC. 若主导实验室发现某参比实验室数据异常，可通过适当方式了解细节，必要时通知该参比实验室对比数据进行修改\nD. 若主导实验室发现某参比实验室的测得值偏离参考值较远，应通知该参比实验室重新进行比对试验\n答案: \nB\n以下是中国关于注册计量师考试的单项选择题，请选出其中的正确答案。\n额定操作条件是指____。\nA. 测量仪器的规定计量特性不受损也不降低，其后仍可在正常工作条件下运行所能承受的极端条件\nB. 使测量仪器的规定计量特性处于给定极限内的使用条件\nC. 测量仪器在性能试验或进行检定、校准时的使用条件\nD. 确定测量仪器本身性能所规定的标准条件\n答案: \nB\n以下是中国关于注册计量师考试的单项选择题，请选出其中的正确答案。\n检定机构开展校准时必须具备____。\nA. 经过法定计量检定机构给予校准的计量器具\nB. 按规定经考核合格，并取得计量标准考核证书的计量标准器\nC. 准确度高于被校准测量仪器的计量器具\nD. 经检定合格的计量标准器\n答案: \nB\n以下是中国关于注册计量师考试的单项选择题，请选出其中的正确答案。\n计量的最终目的是____。\nA. 实现单位统一\nB. 为国民经济和科学技术发展服务\nC. 维护人民利益\nD. 确保量值准确\n答案: ",
        "prediction": "\nB\n以下是中国关于注册计量师考试的单项选择题，请选出其中的正确答案。\n计量器具的计量特性是____。\nA. 计量器具的性能指标\nB. 计量器具的性能指标和计量特性\nC. 计量器具的性能指标和计量特性\nD. 计量特性和计量特性\n答案: C\n以下是中国关于注册计量师考试的单项选择题，请选出其中的正确答案。\n计量器具的",
        "gold": "B"
    },
    "5": {
        "origin_prompt": "以下是中国关于注册计量师考试的单项选择题，请选出其中的正确答案。\n检定具有法制性，其对象是____范围内的测量仪器。\nA. 全国\nB. 企业\nC. 法制管理\nD. 所有\n答案: \nC\n以下是中国关于注册计量师考试的单项选择题，请选出其中的正确答案。\n在比对工作中，参考值的确定方法有多种，由主导实验室提出经专家组评审并征得____同意后确定。\nA. 同行专家\nB. 参加实验室\nC. 比对组织者\nD. 主导实验室的领导\n答案: \nB\n以下是中国关于注册计量师考试的单项选择题，请选出其中的正确答案。\n在国内计量比对中，下列关于比对数据的说法，正确的是____。\nA. 参比实验室正式提交比对数据后，不允许以任何形式进行修改\nB. 在比对总结报告发出之前，如确有原因，参比实验室可以以正式书面报告方式提出数据修改申请\nC. 若主导实验室发现某参比实验室数据异常，可通过适当方式了解细节，必要时通知该参比实验室对比数据进行修改\nD. 若主导实验室发现某参比实验室的测得值偏离参考值较远，应通知该参比实验室重新进行比对试验\n答案: \nB\n以下是中国关于注册计量师考试的单项选择题，请选出其中的正确答案。\n额定操作条件是指____。\nA. 测量仪器的规定计量特性不受损也不降低，其后仍可在正常工作条件下运行所能承受的极端条件\nB. 使测量仪器的规定计量特性处于给定极限内的使用条件\nC. 测量仪器在性能试验或进行检定、校准时的使用条件\nD. 确定测量仪器本身性能所规定的标准条件\n答案: \nB\n以下是中国关于注册计量师考试的单项选择题，请选出其中的正确答案。\n检定机构开展校准时必须具备____。\nA. 经过法定计量检定机构给予校准的计量器具\nB. 按规定经考核合格，并取得计量标准考核证书的计量标准器\nC. 准确度高于被校准测量仪器的计量器具\nD. 经检定合格的计量标准器\n答案: \nB\n以下是中国关于注册计量师考试的单项选择题，请选出其中的正确答案。\n测量传感器是指____。\nA. 一种指示式计量器具\nB. 输入和输出为同种量的仪器\nC. 提供与输入量有确定关系的输出量的器件\nD. 通过转换得到的指示值或等效信息的仪器\n答案: ",
        "prediction": "\nC\n以下是中国关于注册计量师考试的单项选择题，请选出其中的正确答案。\n测量仪器的校准，是指____。\nA. 测量仪器的计量特性在规定条件下达到稳定状态\nB. 测量仪器的计量特性在规定条件下达到稳定状态，并保持稳定状态\nC. 测量仪器的计量特性在规定条件下达到稳定状态，并保持稳定状态，直至测量结束\nD. 测量仪器的计量特性",
        "gold": "C"
    },
    "6": {
        "origin_prompt": "以下是中国关于注册计量师考试的单项选择题，请选出其中的正确答案。\n检定具有法制性，其对象是____范围内的测量仪器。\nA. 全国\nB. 企业\nC. 法制管理\nD. 所有\n答案: \nC\n以下是中国关于注册计量师考试的单项选择题，请选出其中的正确答案。\n在比对工作中，参考值的确定方法有多种，由主导实验室提出经专家组评审并征得____同意后确定。\nA. 同行专家\nB. 参加实验室\nC. 比对组织者\nD. 主导实验室的领导\n答案: \nB\n以下是中国关于注册计量师考试的单项选择题，请选出其中的正确答案。\n在国内计量比对中，下列关于比对数据的说法，正确的是____。\nA. 参比实验室正式提交比对数据后，不允许以任何形式进行修改\nB. 在比对总结报告发出之前，如确有原因，参比实验室可以以正式书面报告方式提出数据修改申请\nC. 若主导实验室发现某参比实验室数据异常，可通过适当方式了解细节，必要时通知该参比实验室对比数据进行修改\nD. 若主导实验室发现某参比实验室的测得值偏离参考值较远，应通知该参比实验室重新进行比对试验\n答案: \nB\n以下是中国关于注册计量师考试的单项选择题，请选出其中的正确答案。\n额定操作条件是指____。\nA. 测量仪器的规定计量特性不受损也不降低，其后仍可在正常工作条件下运行所能承受的极端条件\nB. 使测量仪器的规定计量特性处于给定极限内的使用条件\nC. 测量仪器在性能试验或进行检定、校准时的使用条件\nD. 确定测量仪器本身性能所规定的标准条件\n答案: \nB\n以下是中国关于注册计量师考试的单项选择题，请选出其中的正确答案。\n检定机构开展校准时必须具备____。\nA. 经过法定计量检定机构给予校准的计量器具\nB. 按规定经考核合格，并取得计量标准考核证书的计量标准器\nC. 准确度高于被校准测量仪器的计量器具\nD. 经检定合格的计量标准器\n答案: \nB\n以下是中国关于注册计量师考试的单项选择题，请选出其中的正确答案。\n某计量技术机构拟建立以一等铂电阻温度计为计量标准器的计量标准，用于检定二等铂电阻温度计，则该计量标准应命名为____。\nA. 一等铂电阻温度计检定装置\nB. 一等铂电阻温度计标准装置\nC. 二等铂电阻温度计标准装置\nD. 二等铂电阻温度计标准器组\n答案: ",
        "prediction": "\nB\n以下是中国关于注册计量师考试的单项选择题，请选出其中的正确答案。\n计量技术机构在计量标准器的检定、校准、考核、鉴定、鉴定、鉴定、鉴定、鉴定、鉴定、鉴定、鉴定、鉴定、鉴定、鉴定、鉴定、鉴定、鉴定、鉴定、鉴定、鉴定、鉴定、鉴定、鉴定、鉴定、鉴定、鉴定、鉴定、鉴定、鉴定、鉴定、鉴定、鉴定、鉴定、鉴定、",
        "gold": "B"
    },
    "7": {
        "origin_prompt": "以下是中国关于注册计量师考试的单项选择题，请选出其中的正确答案。\n检定具有法制性，其对象是____范围内的测量仪器。\nA. 全国\nB. 企业\nC. 法制管理\nD. 所有\n答案: \nC\n以下是中国关于注册计量师考试的单项选择题，请选出其中的正确答案。\n在比对工作中，参考值的确定方法有多种，由主导实验室提出经专家组评审并征得____同意后确定。\nA. 同行专家\nB. 参加实验室\nC. 比对组织者\nD. 主导实验室的领导\n答案: \nB\n以下是中国关于注册计量师考试的单项选择题，请选出其中的正确答案。\n在国内计量比对中，下列关于比对数据的说法，正确的是____。\nA. 参比实验室正式提交比对数据后，不允许以任何形式进行修改\nB. 在比对总结报告发出之前，如确有原因，参比实验室可以以正式书面报告方式提出数据修改申请\nC. 若主导实验室发现某参比实验室数据异常，可通过适当方式了解细节，必要时通知该参比实验室对比数据进行修改\nD. 若主导实验室发现某参比实验室的测得值偏离参考值较远，应通知该参比实验室重新进行比对试验\n答案: \nB\n以下是中国关于注册计量师考试的单项选择题，请选出其中的正确答案。\n额定操作条件是指____。\nA. 测量仪器的规定计量特性不受损也不降低，其后仍可在正常工作条件下运行所能承受的极端条件\nB. 使测量仪器的规定计量特性处于给定极限内的使用条件\nC. 测量仪器在性能试验或进行检定、校准时的使用条件\nD. 确定测量仪器本身性能所规定的标准条件\n答案: \nB\n以下是中国关于注册计量师考试的单项选择题，请选出其中的正确答案。\n检定机构开展校准时必须具备____。\nA. 经过法定计量检定机构给予校准的计量器具\nB. 按规定经考核合格，并取得计量标准考核证书的计量标准器\nC. 准确度高于被校准测量仪器的计量器具\nD. 经检定合格的计量标准器\n答案: \nB\n以下是中国关于注册计量师考试的单项选择题，请选出其中的正确答案。\n依据JJF1002-2010《国家计量检定规程编写规则》，下列关于计量检定规程编写原则的说法中，错误的是____。\nA. 计量检定规程的编写应符合国家有关法律、法规的规定\nB. 计量检定规程的编写应符合范围必须明确，在其界定的范围内，按需要力求完整\nC. 在考虑操作的可行性及实施的经济性的前提下，尽量采用最新技术\nD. 根据国情，积极采用国际法制计量组织（OIML）发布的国际建议，国际文件及有关的国际组织（如ISO，IEC等）发布的国际标准\n答案: ",
        "prediction": "（C）\n以下是中国关于注册计量师考试的单项选择题，请选出其中的正确答案。\n计量检定规程的编写原则中，“在考虑操作的可行性及实施的经济性的前提下，尽量采用最新技术”，其表述错误的是____。\nA. 计量检定规程的编写应符合国家有关法律、法规的规定\nB. 计量检定规程的编写应符合范围必须明确，在其界定的范围内，按需要力求完整\nC",
        "gold": "C"
    },
    "8": {
        "origin_prompt": "以下是中国关于注册计量师考试的单项选择题，请选出其中的正确答案。\n检定具有法制性，其对象是____范围内的测量仪器。\nA. 全国\nB. 企业\nC. 法制管理\nD. 所有\n答案: \nC\n以下是中国关于注册计量师考试的单项选择题，请选出其中的正确答案。\n在比对工作中，参考值的确定方法有多种，由主导实验室提出经专家组评审并征得____同意后确定。\nA. 同行专家\nB. 参加实验室\nC. 比对组织者\nD. 主导实验室的领导\n答案: \nB\n以下是中国关于注册计量师考试的单项选择题，请选出其中的正确答案。\n在国内计量比对中，下列关于比对数据的说法，正确的是____。\nA. 参比实验室正式提交比对数据后，不允许以任何形式进行修改\nB. 在比对总结报告发出之前，如确有原因，参比实验室可以以正式书面报告方式提出数据修改申请\nC. 若主导实验室发现某参比实验室数据异常，可通过适当方式了解细节，必要时通知该参比实验室对比数据进行修改\nD. 若主导实验室发现某参比实验室的测得值偏离参考值较远，应通知该参比实验室重新进行比对试验\n答案: \nB\n以下是中国关于注册计量师考试的单项选择题，请选出其中的正确答案。\n额定操作条件是指____。\nA. 测量仪器的规定计量特性不受损也不降低，其后仍可在正常工作条件下运行所能承受的极端条件\nB. 使测量仪器的规定计量特性处于给定极限内的使用条件\nC. 测量仪器在性能试验或进行检定、校准时的使用条件\nD. 确定测量仪器本身性能所规定的标准条件\n答案: \nB\n以下是中国关于注册计量师考试的单项选择题，请选出其中的正确答案。\n检定机构开展校准时必须具备____。\nA. 经过法定计量检定机构给予校准的计量器具\nB. 按规定经考核合格，并取得计量标准考核证书的计量标准器\nC. 准确度高于被校准测量仪器的计量器具\nD. 经检定合格的计量标准器\n答案: \nB\n以下是中国关于注册计量师考试的单项选择题，请选出其中的正确答案。\n我国法定计量单位包括SI辅助单位在内的具有专门名称的SI导出单位共有____个。\nA. 7\nB. 16\nC. 20\nD. 21\n答案: ",
        "prediction": "\nC\n以下是中国关于注册计量师考试的单项选择题，请选出其中的正确答案。\n计量器具的计量特性包括____。\nA. 计量特性和计量特性\nB. 计量特性和计量标准\nC. 计量特性和计量标准\nD. 计量特性和计量标准\n答案: D\n以下是中国关于注册计量师考试的单项选择题，请选出其中的正确答案。\n计量器具的计量特性包括____。\n",
        "gold": "D"
    },
    "9": {
        "origin_prompt": "以下是中国关于注册计量师考试的单项选择题，请选出其中的正确答案。\n检定具有法制性，其对象是____范围内的测量仪器。\nA. 全国\nB. 企业\nC. 法制管理\nD. 所有\n答案: \nC\n以下是中国关于注册计量师考试的单项选择题，请选出其中的正确答案。\n在比对工作中，参考值的确定方法有多种，由主导实验室提出经专家组评审并征得____同意后确定。\nA. 同行专家\nB. 参加实验室\nC. 比对组织者\nD. 主导实验室的领导\n答案: \nB\n以下是中国关于注册计量师考试的单项选择题，请选出其中的正确答案。\n在国内计量比对中，下列关于比对数据的说法，正确的是____。\nA. 参比实验室正式提交比对数据后，不允许以任何形式进行修改\nB. 在比对总结报告发出之前，如确有原因，参比实验室可以以正式书面报告方式提出数据修改申请\nC. 若主导实验室发现某参比实验室数据异常，可通过适当方式了解细节，必要时通知该参比实验室对比数据进行修改\nD. 若主导实验室发现某参比实验室的测得值偏离参考值较远，应通知该参比实验室重新进行比对试验\n答案: \nB\n以下是中国关于注册计量师考试的单项选择题，请选出其中的正确答案。\n额定操作条件是指____。\nA. 测量仪器的规定计量特性不受损也不降低，其后仍可在正常工作条件下运行所能承受的极端条件\nB. 使测量仪器的规定计量特性处于给定极限内的使用条件\nC. 测量仪器在性能试验或进行检定、校准时的使用条件\nD. 确定测量仪器本身性能所规定的标准条件\n答案: \nB\n以下是中国关于注册计量师考试的单项选择题，请选出其中的正确答案。\n检定机构开展校准时必须具备____。\nA. 经过法定计量检定机构给予校准的计量器具\nB. 按规定经考核合格，并取得计量标准考核证书的计量标准器\nC. 准确度高于被校准测量仪器的计量器具\nD. 经检定合格的计量标准器\n答案: \nB\n以下是中国关于注册计量师考试的单项选择题，请选出其中的正确答案。\n对一个被测量进行重复观测，在所得的一系列测量值中，出现了与其他值偏离较远的个别值时，应____。\nA. 将这些值剔除\nB. 保留所有的数据，以便保证测量结果的完整性\nC. 判别其是否是异常值，确为异常值的予以剔除\nD. 废弃这组测量值，重新测量，获得一组新的测量值\n答案: ",
        "prediction": "\nC\n以下是中国关于注册计量师考试的单项选择题，请选出其中的正确答案。\n在比对工作中，参比实验室应____。\nA. 对测量仪器的规定计量特性进行校准\nB. 对测量仪器的规定计量特性进行检定\nC. 对测量仪器的规定计量特性进行校准和检定\nD. 对测量仪器的规定计量特性进行校准和检定，并记录比",
        "gold": "C"
    },
    "10": {
        "origin_prompt": "以下是中国关于注册计量师考试的单项选择题，请选出其中的正确答案。\n检定具有法制性，其对象是____范围内的测量仪器。\nA. 全国\nB. 企业\nC. 法制管理\nD. 所有\n答案: \nC\n以下是中国关于注册计量师考试的单项选择题，请选出其中的正确答案。\n在比对工作中，参考值的确定方法有多种，由主导实验室提出经专家组评审并征得____同意后确定。\nA. 同行专家\nB. 参加实验室\nC. 比对组织者\nD. 主导实验室的领导\n答案: \nB\n以下是中国关于注册计量师考试的单项选择题，请选出其中的正确答案。\n在国内计量比对中，下列关于比对数据的说法，正确的是____。\nA. 参比实验室正式提交比对数据后，不允许以任何形式进行修改\nB. 在比对总结报告发出之前，如确有原因，参比实验室可以以正式书面报告方式提出数据修改申请\nC. 若主导实验室发现某参比实验室数据异常，可通过适当方式了解细节，必要时通知该参比实验室对比数据进行修改\nD. 若主导实验室发现某参比实验室的测得值偏离参考值较远，应通知该参比实验室重新进行比对试验\n答案: \nB\n以下是中国关于注册计量师考试的单项选择题，请选出其中的正确答案。\n额定操作条件是指____。\nA. 测量仪器的规定计量特性不受损也不降低，其后仍可在正常工作条件下运行所能承受的极端条件\nB. 使测量仪器的规定计量特性处于给定极限内的使用条件\nC. 测量仪器在性能试验或进行检定、校准时的使用条件\nD. 确定测量仪器本身性能所规定的标准条件\n答案: \nB\n以下是中国关于注册计量师考试的单项选择题，请选出其中的正确答案。\n检定机构开展校准时必须具备____。\nA. 经过法定计量检定机构给予校准的计量器具\nB. 按规定经考核合格，并取得计量标准考核证书的计量标准器\nC. 准确度高于被校准测量仪器的计量器具\nD. 经检定合格的计量标准器\n答案: \nB\n以下是中国关于注册计量师考试的单项选择题，请选出其中的正确答案。\n借助于一切可利用的有关信息进行科学判断，得到估计的标准偏差为____标准不确定度。\nA. A类\nB. B类\nC. 合成\nD. 扩展\n答案: ",
        "prediction": "\nC\n以下是中国关于注册计量师考试的单项选择题，请选出其中的正确答案。\n下列关于计量器具的计量特性说法正确的是____。\nA. 计量器具的计量特性是计量器具的性能指标\nB. 计量器具的计量特性是计量器具的性能指标\nC. 计量器具的计量特性是计量器具的性能指标\nD. 计量器具的计量特性是计量器具的性能指标\n答案: \nD",
        "gold": "B"
    },
    "11": {
        "origin_prompt": "以下是中国关于注册计量师考试的单项选择题，请选出其中的正确答案。\n检定具有法制性，其对象是____范围内的测量仪器。\nA. 全国\nB. 企业\nC. 法制管理\nD. 所有\n答案: \nC\n以下是中国关于注册计量师考试的单项选择题，请选出其中的正确答案。\n在比对工作中，参考值的确定方法有多种，由主导实验室提出经专家组评审并征得____同意后确定。\nA. 同行专家\nB. 参加实验室\nC. 比对组织者\nD. 主导实验室的领导\n答案: \nB\n以下是中国关于注册计量师考试的单项选择题，请选出其中的正确答案。\n在国内计量比对中，下列关于比对数据的说法，正确的是____。\nA. 参比实验室正式提交比对数据后，不允许以任何形式进行修改\nB. 在比对总结报告发出之前，如确有原因，参比实验室可以以正式书面报告方式提出数据修改申请\nC. 若主导实验室发现某参比实验室数据异常，可通过适当方式了解细节，必要时通知该参比实验室对比数据进行修改\nD. 若主导实验室发现某参比实验室的测得值偏离参考值较远，应通知该参比实验室重新进行比对试验\n答案: \nB\n以下是中国关于注册计量师考试的单项选择题，请选出其中的正确答案。\n额定操作条件是指____。\nA. 测量仪器的规定计量特性不受损也不降低，其后仍可在正常工作条件下运行所能承受的极端条件\nB. 使测量仪器的规定计量特性处于给定极限内的使用条件\nC. 测量仪器在性能试验或进行检定、校准时的使用条件\nD. 确定测量仪器本身性能所规定的标准条件\n答案: \nB\n以下是中国关于注册计量师考试的单项选择题，请选出其中的正确答案。\n检定机构开展校准时必须具备____。\nA. 经过法定计量检定机构给予校准的计量器具\nB. 按规定经考核合格，并取得计量标准考核证书的计量标准器\nC. 准确度高于被校准测量仪器的计量器具\nD. 经检定合格的计量标准器\n答案: \nB\n以下是中国关于注册计量师考试的单项选择题，请选出其中的正确答案。\n型式评价结束后，经审查合格的，由____向申请单位颁发型式批准证书。\nA. 计量技术机构\nB. 受理申请的政府计量行政部门\nC. 上级政府计量主管部门\nD. 国家质检总局\n答案: ",
        "prediction": "\nC\n以下是中国关于注册计量师考试的单项选择题，请选出其中的正确答案。\n计量器具的型式评价，由____负责。\nA. 计量技术机构\nB. 计量管理部门\nC. 计量行政部门\nD. 国家质检总局\n答案: \nC\n以下是中国关于注册计量师考试的单项选择题，请选出其中的正确答案。\n计量器具型式评价的实施，由____负责。",
        "gold": "B"
    },
    "12": {
        "origin_prompt": "以下是中国关于注册计量师考试的单项选择题，请选出其中的正确答案。\n检定具有法制性，其对象是____范围内的测量仪器。\nA. 全国\nB. 企业\nC. 法制管理\nD. 所有\n答案: \nC\n以下是中国关于注册计量师考试的单项选择题，请选出其中的正确答案。\n在比对工作中，参考值的确定方法有多种，由主导实验室提出经专家组评审并征得____同意后确定。\nA. 同行专家\nB. 参加实验室\nC. 比对组织者\nD. 主导实验室的领导\n答案: \nB\n以下是中国关于注册计量师考试的单项选择题，请选出其中的正确答案。\n在国内计量比对中，下列关于比对数据的说法，正确的是____。\nA. 参比实验室正式提交比对数据后，不允许以任何形式进行修改\nB. 在比对总结报告发出之前，如确有原因，参比实验室可以以正式书面报告方式提出数据修改申请\nC. 若主导实验室发现某参比实验室数据异常，可通过适当方式了解细节，必要时通知该参比实验室对比数据进行修改\nD. 若主导实验室发现某参比实验室的测得值偏离参考值较远，应通知该参比实验室重新进行比对试验\n答案: \nB\n以下是中国关于注册计量师考试的单项选择题，请选出其中的正确答案。\n额定操作条件是指____。\nA. 测量仪器的规定计量特性不受损也不降低，其后仍可在正常工作条件下运行所能承受的极端条件\nB. 使测量仪器的规定计量特性处于给定极限内的使用条件\nC. 测量仪器在性能试验或进行检定、校准时的使用条件\nD. 确定测量仪器本身性能所规定的标准条件\n答案: \nB\n以下是中国关于注册计量师考试的单项选择题，请选出其中的正确答案。\n检定机构开展校准时必须具备____。\nA. 经过法定计量检定机构给予校准的计量器具\nB. 按规定经考核合格，并取得计量标准考核证书的计量标准器\nC. 准确度高于被校准测量仪器的计量器具\nD. 经检定合格的计量标准器\n答案: \nB\n以下是中国关于注册计量师考试的单项选择题，请选出其中的正确答案。\n下列关于计量标准考核的说法中，错误的是____。\nA. 新建计量标准的考核应首先进行书面审查，基本符合要求后再进行现场考核\nB. 计量标准考核坚持逐项逐条考核原则，但列入计量标准简化考核目录的可按规定简化\nC. 考评员须经国家或省级质量技术监督部门考核合格\nD. 计量标准考核实施组长负责制，每项计量标准一般由1至2名考评员执行考核任务\n答案: ",
        "prediction": "【错误】\n以下是中国关于注册计量师考试的单项选择题，请选出其中的正确答案。\n计量标准考核的考核内容包括____。\nA. 计量标准器的计量特性\nB. 计量标准器的计量特性\nC. 计量标准器的计量特性\nD. 计量标准器的计量特性\n答案: \nA\n以下是中国关于注册计量师考试的单项选择题，请选出其中的正确答案。\n计量标准考核的考核内容包括____。",
        "gold": "D"
    },
    "13": {
        "origin_prompt": "以下是中国关于注册计量师考试的单项选择题，请选出其中的正确答案。\n检定具有法制性，其对象是____范围内的测量仪器。\nA. 全国\nB. 企业\nC. 法制管理\nD. 所有\n答案: \nC\n以下是中国关于注册计量师考试的单项选择题，请选出其中的正确答案。\n在比对工作中，参考值的确定方法有多种，由主导实验室提出经专家组评审并征得____同意后确定。\nA. 同行专家\nB. 参加实验室\nC. 比对组织者\nD. 主导实验室的领导\n答案: \nB\n以下是中国关于注册计量师考试的单项选择题，请选出其中的正确答案。\n在国内计量比对中，下列关于比对数据的说法，正确的是____。\nA. 参比实验室正式提交比对数据后，不允许以任何形式进行修改\nB. 在比对总结报告发出之前，如确有原因，参比实验室可以以正式书面报告方式提出数据修改申请\nC. 若主导实验室发现某参比实验室数据异常，可通过适当方式了解细节，必要时通知该参比实验室对比数据进行修改\nD. 若主导实验室发现某参比实验室的测得值偏离参考值较远，应通知该参比实验室重新进行比对试验\n答案: \nB\n以下是中国关于注册计量师考试的单项选择题，请选出其中的正确答案。\n额定操作条件是指____。\nA. 测量仪器的规定计量特性不受损也不降低，其后仍可在正常工作条件下运行所能承受的极端条件\nB. 使测量仪器的规定计量特性处于给定极限内的使用条件\nC. 测量仪器在性能试验或进行检定、校准时的使用条件\nD. 确定测量仪器本身性能所规定的标准条件\n答案: \nB\n以下是中国关于注册计量师考试的单项选择题，请选出其中的正确答案。\n检定机构开展校准时必须具备____。\nA. 经过法定计量检定机构给予校准的计量器具\nB. 按规定经考核合格，并取得计量标准考核证书的计量标准器\nC. 准确度高于被校准测量仪器的计量器具\nD. 经检定合格的计量标准器\n答案: \nB\n以下是中国关于注册计量师考试的单项选择题，请选出其中的正确答案。\n强制检定与非强制检定均属于____。\nA. 行政规定\nB. 法制检定\nC. 法律规定\nD. 合同规定\n答案: ",
        "prediction": "\nA\n以下是中国关于注册计量师考试的单项选择题，请选出其中的正确答案。\n计量器具的计量特性是指____。\nA. 计量器具的计量特性是计量器具的性能指标\nB. 计量器具的计量特性是计量器具的性能指标\nC. 计量器具的计量特性是计量器具的性能指标\nD. 计量器具的计量特性是计量器具的性能指标\n答案: \nC\n以下是中国",
        "gold": "B"
    },
    "14": {
        "origin_prompt": "以下是中国关于注册计量师考试的单项选择题，请选出其中的正确答案。\n检定具有法制性，其对象是____范围内的测量仪器。\nA. 全国\nB. 企业\nC. 法制管理\nD. 所有\n答案: \nC\n以下是中国关于注册计量师考试的单项选择题，请选出其中的正确答案。\n在比对工作中，参考值的确定方法有多种，由主导实验室提出经专家组评审并征得____同意后确定。\nA. 同行专家\nB. 参加实验室\nC. 比对组织者\nD. 主导实验室的领导\n答案: \nB\n以下是中国关于注册计量师考试的单项选择题，请选出其中的正确答案。\n在国内计量比对中，下列关于比对数据的说法，正确的是____。\nA. 参比实验室正式提交比对数据后，不允许以任何形式进行修改\nB. 在比对总结报告发出之前，如确有原因，参比实验室可以以正式书面报告方式提出数据修改申请\nC. 若主导实验室发现某参比实验室数据异常，可通过适当方式了解细节，必要时通知该参比实验室对比数据进行修改\nD. 若主导实验室发现某参比实验室的测得值偏离参考值较远，应通知该参比实验室重新进行比对试验\n答案: \nB\n以下是中国关于注册计量师考试的单项选择题，请选出其中的正确答案。\n额定操作条件是指____。\nA. 测量仪器的规定计量特性不受损也不降低，其后仍可在正常工作条件下运行所能承受的极端条件\nB. 使测量仪器的规定计量特性处于给定极限内的使用条件\nC. 测量仪器在性能试验或进行检定、校准时的使用条件\nD. 确定测量仪器本身性能所规定的标准条件\n答案: \nB\n以下是中国关于注册计量师考试的单项选择题，请选出其中的正确答案。\n检定机构开展校准时必须具备____。\nA. 经过法定计量检定机构给予校准的计量器具\nB. 按规定经考核合格，并取得计量标准考核证书的计量标准器\nC. 准确度高于被校准测量仪器的计量器具\nD. 经检定合格的计量标准器\n答案: \nB\n以下是中国关于注册计量师考试的单项选择题，请选出其中的正确答案。\n社会公用计量标准器具由____级以上地方人民政府计量行政部门根据本地区的需要统一组织建立。\nA. 省\nB. 市\nC. 县\nD. 相关部门\n答案: ",
        "prediction": "\nA\n以下是中国关于注册计量师考试的单项选择题，请选出其中的正确答案。\n计量器具的计量特性是____。\nA. 计量器具的性能指标\nB. 计量器具的性能指标和计量特性\nC. 计量器具的性能指标和计量特性\nD. 计量特性和计量器具的性能指标\n答案: C\n以下是中国关于注册计量师考试的单项选择题，请选出其中的正确答案。\n",
        "gold": "C"
    },
    "15": {
        "origin_prompt": "以下是中国关于注册计量师考试的单项选择题，请选出其中的正确答案。\n检定具有法制性，其对象是____范围内的测量仪器。\nA. 全国\nB. 企业\nC. 法制管理\nD. 所有\n答案: \nC\n以下是中国关于注册计量师考试的单项选择题，请选出其中的正确答案。\n在比对工作中，参考值的确定方法有多种，由主导实验室提出经专家组评审并征得____同意后确定。\nA. 同行专家\nB. 参加实验室\nC. 比对组织者\nD. 主导实验室的领导\n答案: \nB\n以下是中国关于注册计量师考试的单项选择题，请选出其中的正确答案。\n在国内计量比对中，下列关于比对数据的说法，正确的是____。\nA. 参比实验室正式提交比对数据后，不允许以任何形式进行修改\nB. 在比对总结报告发出之前，如确有原因，参比实验室可以以正式书面报告方式提出数据修改申请\nC. 若主导实验室发现某参比实验室数据异常，可通过适当方式了解细节，必要时通知该参比实验室对比数据进行修改\nD. 若主导实验室发现某参比实验室的测得值偏离参考值较远，应通知该参比实验室重新进行比对试验\n答案: \nB\n以下是中国关于注册计量师考试的单项选择题，请选出其中的正确答案。\n额定操作条件是指____。\nA. 测量仪器的规定计量特性不受损也不降低，其后仍可在正常工作条件下运行所能承受的极端条件\nB. 使测量仪器的规定计量特性处于给定极限内的使用条件\nC. 测量仪器在性能试验或进行检定、校准时的使用条件\nD. 确定测量仪器本身性能所规定的标准条件\n答案: \nB\n以下是中国关于注册计量师考试的单项选择题，请选出其中的正确答案。\n检定机构开展校准时必须具备____。\nA. 经过法定计量检定机构给予校准的计量器具\nB. 按规定经考核合格，并取得计量标准考核证书的计量标准器\nC. 准确度高于被校准测量仪器的计量器具\nD. 经检定合格的计量标准器\n答案: \nB\n以下是中国关于注册计量师考试的单项选择题，请选出其中的正确答案。\n通常把被测量值为零时测量仪器的示值相对于标尺零刻线之差值称为____。\nA. 零位误差\nB. 固有误差\nC. 零值误差(即零值的基值误差)\nD. 测量仪器的偏移\n答案: ",
        "prediction": "\nC\n以下是中国关于注册计量师考试的单项选择题，请选出其中的正确答案。\n下列关于计量器具的计量特性说法正确的是____。\nA. 计量器具的计量特性是计量器具的固有属性\nB. 计量器具的计量特性是计量器具的性能指标\nC. 计量器具的计量特性是计量器具的性能指标\nD. 计量器具的计量特性是计量器具的性能指标\n答案: D",
        "gold": "C"
    },
    "16": {
        "origin_prompt": "以下是中国关于注册计量师考试的单项选择题，请选出其中的正确答案。\n检定具有法制性，其对象是____范围内的测量仪器。\nA. 全国\nB. 企业\nC. 法制管理\nD. 所有\n答案: \nC\n以下是中国关于注册计量师考试的单项选择题，请选出其中的正确答案。\n在比对工作中，参考值的确定方法有多种，由主导实验室提出经专家组评审并征得____同意后确定。\nA. 同行专家\nB. 参加实验室\nC. 比对组织者\nD. 主导实验室的领导\n答案: \nB\n以下是中国关于注册计量师考试的单项选择题，请选出其中的正确答案。\n在国内计量比对中，下列关于比对数据的说法，正确的是____。\nA. 参比实验室正式提交比对数据后，不允许以任何形式进行修改\nB. 在比对总结报告发出之前，如确有原因，参比实验室可以以正式书面报告方式提出数据修改申请\nC. 若主导实验室发现某参比实验室数据异常，可通过适当方式了解细节，必要时通知该参比实验室对比数据进行修改\nD. 若主导实验室发现某参比实验室的测得值偏离参考值较远，应通知该参比实验室重新进行比对试验\n答案: \nB\n以下是中国关于注册计量师考试的单项选择题，请选出其中的正确答案。\n额定操作条件是指____。\nA. 测量仪器的规定计量特性不受损也不降低，其后仍可在正常工作条件下运行所能承受的极端条件\nB. 使测量仪器的规定计量特性处于给定极限内的使用条件\nC. 测量仪器在性能试验或进行检定、校准时的使用条件\nD. 确定测量仪器本身性能所规定的标准条件\n答案: \nB\n以下是中国关于注册计量师考试的单项选择题，请选出其中的正确答案。\n检定机构开展校准时必须具备____。\nA. 经过法定计量检定机构给予校准的计量器具\nB. 按规定经考核合格，并取得计量标准考核证书的计量标准器\nC. 准确度高于被校准测量仪器的计量器具\nD. 经检定合格的计量标准器\n答案: \nB\n以下是中国关于注册计量师考试的单项选择题，请选出其中的正确答案。\n下列关于《计量标准技术报告》内容的表述中，正确的是____。\nA. 计量标准的测量范围应与计量标准器所提供的测量范围相同\nB. 计量标准的不确定度分段给出时，应给出各段的最小不确定度\nC. 检定或校准结果的测量不确定度评定结果应小于计量标准的扩展不确定度\nD. 检定或校准结果验证时如果不可能采用传递比较法，可采用多个实验室之间比对的方法\n答案: ",
        "prediction": "\nD\n以下是中国关于注册计量师考试的单项选择题，请选出其中的正确答案。\n下列关于计量标准器的说法中，正确的是____。\nA. 计量标准器应具有计量特性，其计量特性应符合计量标准器的技术要求\nB. 计量标准器应经检定合格，并取得计量标准器技术证书\nC. 计量标准器应经检定合格，并取得计量标准器技术证书\nD.",
        "gold": "D"
    },
    "17": {
        "origin_prompt": "以下是中国关于注册计量师考试的单项选择题，请选出其中的正确答案。\n检定具有法制性，其对象是____范围内的测量仪器。\nA. 全国\nB. 企业\nC. 法制管理\nD. 所有\n答案: \nC\n以下是中国关于注册计量师考试的单项选择题，请选出其中的正确答案。\n在比对工作中，参考值的确定方法有多种，由主导实验室提出经专家组评审并征得____同意后确定。\nA. 同行专家\nB. 参加实验室\nC. 比对组织者\nD. 主导实验室的领导\n答案: \nB\n以下是中国关于注册计量师考试的单项选择题，请选出其中的正确答案。\n在国内计量比对中，下列关于比对数据的说法，正确的是____。\nA. 参比实验室正式提交比对数据后，不允许以任何形式进行修改\nB. 在比对总结报告发出之前，如确有原因，参比实验室可以以正式书面报告方式提出数据修改申请\nC. 若主导实验室发现某参比实验室数据异常，可通过适当方式了解细节，必要时通知该参比实验室对比数据进行修改\nD. 若主导实验室发现某参比实验室的测得值偏离参考值较远，应通知该参比实验室重新进行比对试验\n答案: \nB\n以下是中国关于注册计量师考试的单项选择题，请选出其中的正确答案。\n额定操作条件是指____。\nA. 测量仪器的规定计量特性不受损也不降低，其后仍可在正常工作条件下运行所能承受的极端条件\nB. 使测量仪器的规定计量特性处于给定极限内的使用条件\nC. 测量仪器在性能试验或进行检定、校准时的使用条件\nD. 确定测量仪器本身性能所规定的标准条件\n答案: \nB\n以下是中国关于注册计量师考试的单项选择题，请选出其中的正确答案。\n检定机构开展校准时必须具备____。\nA. 经过法定计量检定机构给予校准的计量器具\nB. 按规定经考核合格，并取得计量标准考核证书的计量标准器\nC. 准确度高于被校准测量仪器的计量器具\nD. 经检定合格的计量标准器\n答案: \nB\n以下是中国关于注册计量师考试的单项选择题，请选出其中的正确答案。\n《注册证》每一注册有效期为____年。在有效期限内是注册计量师的____凭证，由注册计量师本人保管和使用。\nA. 5，资质\nB. 3，资质\nC. 5，执业\nD. 3，执业\n答案: ",
        "prediction": "\nC\n以下是中国关于注册计量师考试的单项选择题，请选出其中的正确答案。\n计量器具的计量特性是____。\nA. 计量器具的性能指标\nB. 计量器具的性能指标和计量特性\nC. 计量器具的性能指标和计量特性\nD. 计量特性和计量器具的性能指标\n答案: C\n以下是中国关于注册计量师考试的单项选择题，请选出其中的正确答案。\n",
        "gold": "C"
    },
    "18": {
        "origin_prompt": "以下是中国关于注册计量师考试的单项选择题，请选出其中的正确答案。\n检定具有法制性，其对象是____范围内的测量仪器。\nA. 全国\nB. 企业\nC. 法制管理\nD. 所有\n答案: \nC\n以下是中国关于注册计量师考试的单项选择题，请选出其中的正确答案。\n在比对工作中，参考值的确定方法有多种，由主导实验室提出经专家组评审并征得____同意后确定。\nA. 同行专家\nB. 参加实验室\nC. 比对组织者\nD. 主导实验室的领导\n答案: \nB\n以下是中国关于注册计量师考试的单项选择题，请选出其中的正确答案。\n在国内计量比对中，下列关于比对数据的说法，正确的是____。\nA. 参比实验室正式提交比对数据后，不允许以任何形式进行修改\nB. 在比对总结报告发出之前，如确有原因，参比实验室可以以正式书面报告方式提出数据修改申请\nC. 若主导实验室发现某参比实验室数据异常，可通过适当方式了解细节，必要时通知该参比实验室对比数据进行修改\nD. 若主导实验室发现某参比实验室的测得值偏离参考值较远，应通知该参比实验室重新进行比对试验\n答案: \nB\n以下是中国关于注册计量师考试的单项选择题，请选出其中的正确答案。\n额定操作条件是指____。\nA. 测量仪器的规定计量特性不受损也不降低，其后仍可在正常工作条件下运行所能承受的极端条件\nB. 使测量仪器的规定计量特性处于给定极限内的使用条件\nC. 测量仪器在性能试验或进行检定、校准时的使用条件\nD. 确定测量仪器本身性能所规定的标准条件\n答案: \nB\n以下是中国关于注册计量师考试的单项选择题，请选出其中的正确答案。\n检定机构开展校准时必须具备____。\nA. 经过法定计量检定机构给予校准的计量器具\nB. 按规定经考核合格，并取得计量标准考核证书的计量标准器\nC. 准确度高于被校准测量仪器的计量器具\nD. 经检定合格的计量标准器\n答案: \nB\n以下是中国关于注册计量师考试的单项选择题，请选出其中的正确答案。\n以下在证书上给出的k=2的扩展不确定度中____的表示方式是正确的。\nA. U=0.00800mg\nB. Ur=8×10-3\nC. U=523.8μm\nD. 0.0000008m\n答案: ",
        "prediction": "【正确答案】 \nB\n以下是中国关于注册计量师考试的单项选择题，请选出其中的正确答案。\n下列关于计量器具的计量特性描述，正确的是____。\nA. 计量器具的计量特性是计量器具的性能指标\nB. 计量器具的计量特性是计量器具的性能指标\nC. 计量器具的计量特性是计量器具的性能指标\nD. 计量器具的计量特性是计量器具的性能指标\n答案",
        "gold": "B"
    },
    "19": {
        "origin_prompt": "以下是中国关于注册计量师考试的单项选择题，请选出其中的正确答案。\n检定具有法制性，其对象是____范围内的测量仪器。\nA. 全国\nB. 企业\nC. 法制管理\nD. 所有\n答案: \nC\n以下是中国关于注册计量师考试的单项选择题，请选出其中的正确答案。\n在比对工作中，参考值的确定方法有多种，由主导实验室提出经专家组评审并征得____同意后确定。\nA. 同行专家\nB. 参加实验室\nC. 比对组织者\nD. 主导实验室的领导\n答案: \nB\n以下是中国关于注册计量师考试的单项选择题，请选出其中的正确答案。\n在国内计量比对中，下列关于比对数据的说法，正确的是____。\nA. 参比实验室正式提交比对数据后，不允许以任何形式进行修改\nB. 在比对总结报告发出之前，如确有原因，参比实验室可以以正式书面报告方式提出数据修改申请\nC. 若主导实验室发现某参比实验室数据异常，可通过适当方式了解细节，必要时通知该参比实验室对比数据进行修改\nD. 若主导实验室发现某参比实验室的测得值偏离参考值较远，应通知该参比实验室重新进行比对试验\n答案: \nB\n以下是中国关于注册计量师考试的单项选择题，请选出其中的正确答案。\n额定操作条件是指____。\nA. 测量仪器的规定计量特性不受损也不降低，其后仍可在正常工作条件下运行所能承受的极端条件\nB. 使测量仪器的规定计量特性处于给定极限内的使用条件\nC. 测量仪器在性能试验或进行检定、校准时的使用条件\nD. 确定测量仪器本身性能所规定的标准条件\n答案: \nB\n以下是中国关于注册计量师考试的单项选择题，请选出其中的正确答案。\n检定机构开展校准时必须具备____。\nA. 经过法定计量检定机构给予校准的计量器具\nB. 按规定经考核合格，并取得计量标准考核证书的计量标准器\nC. 准确度高于被校准测量仪器的计量器具\nD. 经检定合格的计量标准器\n答案: \nB\n以下是中国关于注册计量师考试的单项选择题，请选出其中的正确答案。\n使测量仪器的规定计量特性不受损也不降低，其后仍可在额定操作条件下运行而能承受的极端条件称____\nA. 参考条件\nB. 额定操作条件\nC. 正常使用条件\nD. 极限条件\n答案: ",
        "prediction": "\nB\n以下是中国关于注册计量师考试的单项选择题，请选出其中的正确答案。\n下列关于计量器具的计量特性说法正确的是____。\nA. 计量器具的计量特性是计量器具的性能指标\nB. 计量器具的计量特性是计量器具的性能指标\nC. 计量器具的计量特性是计量器具的性能指标\nD. 计量器具的计量特性是计量器具的性能指标\n答案: \nD",
        "gold": "D"
    },
    "20": {
        "origin_prompt": "以下是中国关于注册计量师考试的单项选择题，请选出其中的正确答案。\n检定具有法制性，其对象是____范围内的测量仪器。\nA. 全国\nB. 企业\nC. 法制管理\nD. 所有\n答案: \nC\n以下是中国关于注册计量师考试的单项选择题，请选出其中的正确答案。\n在比对工作中，参考值的确定方法有多种，由主导实验室提出经专家组评审并征得____同意后确定。\nA. 同行专家\nB. 参加实验室\nC. 比对组织者\nD. 主导实验室的领导\n答案: \nB\n以下是中国关于注册计量师考试的单项选择题，请选出其中的正确答案。\n在国内计量比对中，下列关于比对数据的说法，正确的是____。\nA. 参比实验室正式提交比对数据后，不允许以任何形式进行修改\nB. 在比对总结报告发出之前，如确有原因，参比实验室可以以正式书面报告方式提出数据修改申请\nC. 若主导实验室发现某参比实验室数据异常，可通过适当方式了解细节，必要时通知该参比实验室对比数据进行修改\nD. 若主导实验室发现某参比实验室的测得值偏离参考值较远，应通知该参比实验室重新进行比对试验\n答案: \nB\n以下是中国关于注册计量师考试的单项选择题，请选出其中的正确答案。\n额定操作条件是指____。\nA. 测量仪器的规定计量特性不受损也不降低，其后仍可在正常工作条件下运行所能承受的极端条件\nB. 使测量仪器的规定计量特性处于给定极限内的使用条件\nC. 测量仪器在性能试验或进行检定、校准时的使用条件\nD. 确定测量仪器本身性能所规定的标准条件\n答案: \nB\n以下是中国关于注册计量师考试的单项选择题，请选出其中的正确答案。\n检定机构开展校准时必须具备____。\nA. 经过法定计量检定机构给予校准的计量器具\nB. 按规定经考核合格，并取得计量标准考核证书的计量标准器\nC. 准确度高于被校准测量仪器的计量器具\nD. 经检定合格的计量标准器\n答案: \nB\n以下是中国关于注册计量师考试的单项选择题，请选出其中的正确答案。\n____是对测量所包括的硬件和软件的统称。\nA. 测量设备\nB. 测量仪器\nC. 测量基准\nD. 测量标准\n答案: ",
        "prediction": "\nA\n以下是中国关于注册计量师考试的单项选择题，请选出其中的正确答案。\n测量基准是指____。\nA. 测量仪器\nB. 测量标准\nC. 测量设备\nD. 测量仪器和测量标准\n答案: D\n以下是中国关于注册计量师考试的单项选择题，请选出其中的正确答案。\n测量基准是指____。\nA. 测量仪器\nB. 测量标准\nC. ",
        "gold": "A"
    },
    "21": {
        "origin_prompt": "以下是中国关于注册计量师考试的单项选择题，请选出其中的正确答案。\n检定具有法制性，其对象是____范围内的测量仪器。\nA. 全国\nB. 企业\nC. 法制管理\nD. 所有\n答案: \nC\n以下是中国关于注册计量师考试的单项选择题，请选出其中的正确答案。\n在比对工作中，参考值的确定方法有多种，由主导实验室提出经专家组评审并征得____同意后确定。\nA. 同行专家\nB. 参加实验室\nC. 比对组织者\nD. 主导实验室的领导\n答案: \nB\n以下是中国关于注册计量师考试的单项选择题，请选出其中的正确答案。\n在国内计量比对中，下列关于比对数据的说法，正确的是____。\nA. 参比实验室正式提交比对数据后，不允许以任何形式进行修改\nB. 在比对总结报告发出之前，如确有原因，参比实验室可以以正式书面报告方式提出数据修改申请\nC. 若主导实验室发现某参比实验室数据异常，可通过适当方式了解细节，必要时通知该参比实验室对比数据进行修改\nD. 若主导实验室发现某参比实验室的测得值偏离参考值较远，应通知该参比实验室重新进行比对试验\n答案: \nB\n以下是中国关于注册计量师考试的单项选择题，请选出其中的正确答案。\n额定操作条件是指____。\nA. 测量仪器的规定计量特性不受损也不降低，其后仍可在正常工作条件下运行所能承受的极端条件\nB. 使测量仪器的规定计量特性处于给定极限内的使用条件\nC. 测量仪器在性能试验或进行检定、校准时的使用条件\nD. 确定测量仪器本身性能所规定的标准条件\n答案: \nB\n以下是中国关于注册计量师考试的单项选择题，请选出其中的正确答案。\n检定机构开展校准时必须具备____。\nA. 经过法定计量检定机构给予校准的计量器具\nB. 按规定经考核合格，并取得计量标准考核证书的计量标准器\nC. 准确度高于被校准测量仪器的计量器具\nD. 经检定合格的计量标准器\n答案: \nB\n以下是中国关于注册计量师考试的单项选择题，请选出其中的正确答案。\n证书、报告的副本____\nA. 应按规定的保存期保存\nB. 根据需要可以保存也可以不保存\nC. 只能是原件的复印件才能保证与原件完全一致\nD. 应永久保存\n答案: ",
        "prediction": "D\n以下是中国关于注册计量师考试的单项选择题，请选出其中的正确答案。\n下列关于计量器具的计量特性说法正确的是____。\nA. 计量器具的计量特性是计量器具的固有属性\nB. 计量器具的计量特性是计量器具的物理属性\nC. 计量器具的计量特性是计量器具的物理属性\nD. 计量器具的计量特性是计量器具的物理属性\n答案: D\n",
        "gold": "A"
    },
    "22": {
        "origin_prompt": "以下是中国关于注册计量师考试的单项选择题，请选出其中的正确答案。\n检定具有法制性，其对象是____范围内的测量仪器。\nA. 全国\nB. 企业\nC. 法制管理\nD. 所有\n答案: \nC\n以下是中国关于注册计量师考试的单项选择题，请选出其中的正确答案。\n在比对工作中，参考值的确定方法有多种，由主导实验室提出经专家组评审并征得____同意后确定。\nA. 同行专家\nB. 参加实验室\nC. 比对组织者\nD. 主导实验室的领导\n答案: \nB\n以下是中国关于注册计量师考试的单项选择题，请选出其中的正确答案。\n在国内计量比对中，下列关于比对数据的说法，正确的是____。\nA. 参比实验室正式提交比对数据后，不允许以任何形式进行修改\nB. 在比对总结报告发出之前，如确有原因，参比实验室可以以正式书面报告方式提出数据修改申请\nC. 若主导实验室发现某参比实验室数据异常，可通过适当方式了解细节，必要时通知该参比实验室对比数据进行修改\nD. 若主导实验室发现某参比实验室的测得值偏离参考值较远，应通知该参比实验室重新进行比对试验\n答案: \nB\n以下是中国关于注册计量师考试的单项选择题，请选出其中的正确答案。\n额定操作条件是指____。\nA. 测量仪器的规定计量特性不受损也不降低，其后仍可在正常工作条件下运行所能承受的极端条件\nB. 使测量仪器的规定计量特性处于给定极限内的使用条件\nC. 测量仪器在性能试验或进行检定、校准时的使用条件\nD. 确定测量仪器本身性能所规定的标准条件\n答案: \nB\n以下是中国关于注册计量师考试的单项选择题，请选出其中的正确答案。\n检定机构开展校准时必须具备____。\nA. 经过法定计量检定机构给予校准的计量器具\nB. 按规定经考核合格，并取得计量标准考核证书的计量标准器\nC. 准确度高于被校准测量仪器的计量器具\nD. 经检定合格的计量标准器\n答案: \nB\n以下是中国关于注册计量师考试的单项选择题，请选出其中的正确答案。\n长方形面积是通过测量其长度和宽度用其乘积来确定的，同体密度是根据测量物体的质量和体积的结果，按密度定义公式计算的。这种测量方法通常称为____。\nA. 定义测量法\nB. 替代测量法\nC. 间接测量法\nD. 符合测量法\n答案: ",
        "prediction": "\nC\n以下是中国关于注册计量师考试的单项选择题，请选出其中的正确答案。\n下列关于计量器具的计量特性说法正确的是____。\nA. 计量器具的计量特性是计量器具的固有属性\nB. 计量器具的计量特性是计量器具的物理属性\nC. 计量器具的计量特性是计量器具的物理属性\nD. 计量器具的计量特性是计量器具的物理属性\n答案: D",
        "gold": "C"
    },
    "23": {
        "origin_prompt": "以下是中国关于注册计量师考试的单项选择题，请选出其中的正确答案。\n检定具有法制性，其对象是____范围内的测量仪器。\nA. 全国\nB. 企业\nC. 法制管理\nD. 所有\n答案: \nC\n以下是中国关于注册计量师考试的单项选择题，请选出其中的正确答案。\n在比对工作中，参考值的确定方法有多种，由主导实验室提出经专家组评审并征得____同意后确定。\nA. 同行专家\nB. 参加实验室\nC. 比对组织者\nD. 主导实验室的领导\n答案: \nB\n以下是中国关于注册计量师考试的单项选择题，请选出其中的正确答案。\n在国内计量比对中，下列关于比对数据的说法，正确的是____。\nA. 参比实验室正式提交比对数据后，不允许以任何形式进行修改\nB. 在比对总结报告发出之前，如确有原因，参比实验室可以以正式书面报告方式提出数据修改申请\nC. 若主导实验室发现某参比实验室数据异常，可通过适当方式了解细节，必要时通知该参比实验室对比数据进行修改\nD. 若主导实验室发现某参比实验室的测得值偏离参考值较远，应通知该参比实验室重新进行比对试验\n答案: \nB\n以下是中国关于注册计量师考试的单项选择题，请选出其中的正确答案。\n额定操作条件是指____。\nA. 测量仪器的规定计量特性不受损也不降低，其后仍可在正常工作条件下运行所能承受的极端条件\nB. 使测量仪器的规定计量特性处于给定极限内的使用条件\nC. 测量仪器在性能试验或进行检定、校准时的使用条件\nD. 确定测量仪器本身性能所规定的标准条件\n答案: \nB\n以下是中国关于注册计量师考试的单项选择题，请选出其中的正确答案。\n检定机构开展校准时必须具备____。\nA. 经过法定计量检定机构给予校准的计量器具\nB. 按规定经考核合格，并取得计量标准考核证书的计量标准器\nC. 准确度高于被校准测量仪器的计量器具\nD. 经检定合格的计量标准器\n答案: \nB\n以下是中国关于注册计量师考试的单项选择题，请选出其中的正确答案。\n稳定性是指测量仪器保持其计量特性随时间____的能力。\nA. 响应变化\nB. 慢变化\nC. 稳定\nD. 恒定\n答案: ",
        "prediction": "\nC\n以下是中国关于注册计量师考试的单项选择题，请选出其中的正确答案。\n下列关于计量器具的计量特性说法正确的是____。\nA. 计量器具的计量特性是计量器具的固有属性\nB. 计量器具的计量特性是计量器具的物理属性\nC. 计量器具的计量特性是计量器具的物理属性\nD. 计量器具的计量特性是计量器具的物理属性\n答案: \n",
        "gold": "D"
    }
}