{
    "0": {
        "origin_prompt": "以下是中国关于初中化学考试的单项选择题，请选出其中的正确答案。\n物质的俗名与化学式相对应正确的是____\nA. 生石灰：$CaCO_3$\nB. 熟石灰：$Ca（OH）_2$\nC. 烧碱：$Na_2CO_3$\nD. 纯碱：$NaOH$\n答案: \nB\n以下是中国关于初中化学考试的单项选择题，请选出其中的正确答案。\n下列现象，用分子的相关知识解释不正确的是____\nA. 石油气经加压后贮存在钢罐中，说明分子间有间隔\nB. 水汽化后，水蒸气体积变大，说明分子的大小发生了改变\nC. 湿衣服晾在太阳底下干得快，说明分子运动速率与温度有关\nD. 水在通电情况下分解成氢气和氧气，说明分子在化学变化中可分\n答案: \nB\n以下是中国关于初中化学考试的单项选择题，请选出其中的正确答案。\n取一定量的氧化铁与氧化铜的混合物，加入溶质质量分数为9.8%的稀硫酸100g，恰好完全反应生成盐和水.原混合物中氧元素的质量是____\nA. 6.4g\nB. 3.2g\nC. 1.8g\nD. 1.6g\n答案: \nD\n以下是中国关于初中化学考试的单项选择题，请选出其中的正确答案。\n百合具有润肺止咳、养颜美容等功效，百合中含有秋水仙碱，其化学式为$C_{22}H_{25}NO_6$，下列说法中正确的是____\nA. 秋水仙碱由碳、氢、氧三种元素组成\nB. 一个秋水仙碱分子由22个碳原子、25个氢原子、1个氮原子和3个氧分子构成\nC. 秋水仙碱分子中碳、氢、氮、氧原子个数比为22：25：1：6\nD. 秋水仙碱中氢元素的质量分数最大\n答案: \nC\n以下是中国关于初中化学考试的单项选择题，请选出其中的正确答案。\n下列有关实验现象的描述正确的是____\nA. 硫在氧气中燃烧发出淡蓝色火焰\nB. 无色酚酞试液遇稀盐酸变成红色\nC. 硫酸铜溶液和氢氧化钠溶液反应会产生蓝色沉淀\nD. 红磷在空气中燃烧产生白雾\n答案: \nC\n以下是中国关于初中化学考试的单项选择题，请选出其中的正确答案。\n物质的性质决定物质的用途，下列物质的用途与化学性质相关的是____\nA. 铜丝用作导线\nB. 金刚石用于切割玻璃\nC. 干冰用于人工降雨\nD. 熟石灰用于改良酸性土壤\n答案: ",
        "prediction": "D\n以下是中国关于初中化学考试的单项选择题，请选出其中的正确答案。\n下列关于物质的性质描述正确的是____\nA. 氢气具有可燃性\nB. 氢气具有可燃性，且密度比空气小\nC. 氢气具有可燃性，且密度比空气小\nD. 氢气具有可燃性，且密度比空气小\n答案: \nD\n以下是中国关于初中化学考试的单",
        "gold": "D"
    },
    "1": {
        "origin_prompt": "以下是中国关于初中化学考试的单项选择题，请选出其中的正确答案。\n物质的俗名与化学式相对应正确的是____\nA. 生石灰：$CaCO_3$\nB. 熟石灰：$Ca（OH）_2$\nC. 烧碱：$Na_2CO_3$\nD. 纯碱：$NaOH$\n答案: \nB\n以下是中国关于初中化学考试的单项选择题，请选出其中的正确答案。\n下列现象，用分子的相关知识解释不正确的是____\nA. 石油气经加压后贮存在钢罐中，说明分子间有间隔\nB. 水汽化后，水蒸气体积变大，说明分子的大小发生了改变\nC. 湿衣服晾在太阳底下干得快，说明分子运动速率与温度有关\nD. 水在通电情况下分解成氢气和氧气，说明分子在化学变化中可分\n答案: \nB\n以下是中国关于初中化学考试的单项选择题，请选出其中的正确答案。\n取一定量的氧化铁与氧化铜的混合物，加入溶质质量分数为9.8%的稀硫酸100g，恰好完全反应生成盐和水.原混合物中氧元素的质量是____\nA. 6.4g\nB. 3.2g\nC. 1.8g\nD. 1.6g\n答案: \nD\n以下是中国关于初中化学考试的单项选择题，请选出其中的正确答案。\n百合具有润肺止咳、养颜美容等功效，百合中含有秋水仙碱，其化学式为$C_{22}H_{25}NO_6$，下列说法中正确的是____\nA. 秋水仙碱由碳、氢、氧三种元素组成\nB. 一个秋水仙碱分子由22个碳原子、25个氢原子、1个氮原子和3个氧分子构成\nC. 秋水仙碱分子中碳、氢、氮、氧原子个数比为22：25：1：6\nD. 秋水仙碱中氢元素的质量分数最大\n答案: \nC\n以下是中国关于初中化学考试的单项选择题，请选出其中的正确答案。\n下列有关实验现象的描述正确的是____\nA. 硫在氧气中燃烧发出淡蓝色火焰\nB. 无色酚酞试液遇稀盐酸变成红色\nC. 硫酸铜溶液和氢氧化钠溶液反应会产生蓝色沉淀\nD. 红磷在空气中燃烧产生白雾\n答案: \nC\n以下是中国关于初中化学考试的单项选择题，请选出其中的正确答案。\n化学与生产、生活密切相关，下列说法错误的是____\nA. 人体缺碘会引起贫血\nB. 碳酸氢铵（$NH_4HCO_3$）是一种氮肥\nC. 炒菜时油锅着火，用锅盖盖灭\nD. 铁制品表面刷漆可防止生锈\n答案: ",
        "prediction": "D\n以下是中国关于初中化学考试的单项选择题，请选出其中的正确答案。\n下列关于化学实验现象的描述正确的是____\nA. 向盛有$NaCl$溶液的烧杯中加入$NaOH$溶液，溶液变浑浊\nB. 向盛有$H_2SO_4$溶液的烧杯中加入$NaOH$溶液，溶液变浑浊\nC. 向盛有$NaCl$溶液的烧杯",
        "gold": "A"
    },
    "2": {
        "origin_prompt": "以下是中国关于初中化学考试的单项选择题，请选出其中的正确答案。\n物质的俗名与化学式相对应正确的是____\nA. 生石灰：$CaCO_3$\nB. 熟石灰：$Ca（OH）_2$\nC. 烧碱：$Na_2CO_3$\nD. 纯碱：$NaOH$\n答案: \nB\n以下是中国关于初中化学考试的单项选择题，请选出其中的正确答案。\n下列现象，用分子的相关知识解释不正确的是____\nA. 石油气经加压后贮存在钢罐中，说明分子间有间隔\nB. 水汽化后，水蒸气体积变大，说明分子的大小发生了改变\nC. 湿衣服晾在太阳底下干得快，说明分子运动速率与温度有关\nD. 水在通电情况下分解成氢气和氧气，说明分子在化学变化中可分\n答案: \nB\n以下是中国关于初中化学考试的单项选择题，请选出其中的正确答案。\n取一定量的氧化铁与氧化铜的混合物，加入溶质质量分数为9.8%的稀硫酸100g，恰好完全反应生成盐和水.原混合物中氧元素的质量是____\nA. 6.4g\nB. 3.2g\nC. 1.8g\nD. 1.6g\n答案: \nD\n以下是中国关于初中化学考试的单项选择题，请选出其中的正确答案。\n百合具有润肺止咳、养颜美容等功效，百合中含有秋水仙碱，其化学式为$C_{22}H_{25}NO_6$，下列说法中正确的是____\nA. 秋水仙碱由碳、氢、氧三种元素组成\nB. 一个秋水仙碱分子由22个碳原子、25个氢原子、1个氮原子和3个氧分子构成\nC. 秋水仙碱分子中碳、氢、氮、氧原子个数比为22：25：1：6\nD. 秋水仙碱中氢元素的质量分数最大\n答案: \nC\n以下是中国关于初中化学考试的单项选择题，请选出其中的正确答案。\n下列有关实验现象的描述正确的是____\nA. 硫在氧气中燃烧发出淡蓝色火焰\nB. 无色酚酞试液遇稀盐酸变成红色\nC. 硫酸铜溶液和氢氧化钠溶液反应会产生蓝色沉淀\nD. 红磷在空气中燃烧产生白雾\n答案: \nC\n以下是中国关于初中化学考试的单项选择题，请选出其中的正确答案。\n空气是人类生存所必需的重要资源，空气中最多的气体是____\nA. $\\text{N}_2$\nB. $\\text{O}_2$\nC. $\\text{CO}_2$\nD. $\\text{H}_2 \\text{O}$\n答案: ",
        "prediction": "D\n以下是中国关于初中化学考试的单项选择题，请选出其中的正确答案。\n下列关于化学变化的说法正确的是____\nA. 化学变化中，分子可分，原子不可分\nB. 化学变化中，分子可分，原子不可分\nC. 化学变化中，原子可分，分子不可分\nD. 化学变化中，原子不可分，分子可分\n答案: \nD\n以下是中国关于初中化学考试的单",
        "gold": "A"
    },
    "3": {
        "origin_prompt": "以下是中国关于初中化学考试的单项选择题，请选出其中的正确答案。\n物质的俗名与化学式相对应正确的是____\nA. 生石灰：$CaCO_3$\nB. 熟石灰：$Ca（OH）_2$\nC. 烧碱：$Na_2CO_3$\nD. 纯碱：$NaOH$\n答案: \nB\n以下是中国关于初中化学考试的单项选择题，请选出其中的正确答案。\n下列现象，用分子的相关知识解释不正确的是____\nA. 石油气经加压后贮存在钢罐中，说明分子间有间隔\nB. 水汽化后，水蒸气体积变大，说明分子的大小发生了改变\nC. 湿衣服晾在太阳底下干得快，说明分子运动速率与温度有关\nD. 水在通电情况下分解成氢气和氧气，说明分子在化学变化中可分\n答案: \nB\n以下是中国关于初中化学考试的单项选择题，请选出其中的正确答案。\n取一定量的氧化铁与氧化铜的混合物，加入溶质质量分数为9.8%的稀硫酸100g，恰好完全反应生成盐和水.原混合物中氧元素的质量是____\nA. 6.4g\nB. 3.2g\nC. 1.8g\nD. 1.6g\n答案: \nD\n以下是中国关于初中化学考试的单项选择题，请选出其中的正确答案。\n百合具有润肺止咳、养颜美容等功效，百合中含有秋水仙碱，其化学式为$C_{22}H_{25}NO_6$，下列说法中正确的是____\nA. 秋水仙碱由碳、氢、氧三种元素组成\nB. 一个秋水仙碱分子由22个碳原子、25个氢原子、1个氮原子和3个氧分子构成\nC. 秋水仙碱分子中碳、氢、氮、氧原子个数比为22：25：1：6\nD. 秋水仙碱中氢元素的质量分数最大\n答案: \nC\n以下是中国关于初中化学考试的单项选择题，请选出其中的正确答案。\n下列有关实验现象的描述正确的是____\nA. 硫在氧气中燃烧发出淡蓝色火焰\nB. 无色酚酞试液遇稀盐酸变成红色\nC. 硫酸铜溶液和氢氧化钠溶液反应会产生蓝色沉淀\nD. 红磷在空气中燃烧产生白雾\n答案: \nC\n以下是中国关于初中化学考试的单项选择题，请选出其中的正确答案。\n推理是学习化学的重要方法之一，但盲目地类摧又可能得出错误结论。下列类推正确的是____\nA. 硫和氧气的反应既是氧化反应也是化合反应，则物质和氧气的反应均是化合反应\nB. 一般情况下，合金的熔点和硬度都比组成合金的纯金属的高\nC. 碱的溶液能使酚酞溶液变红，但能使酚酞溶液变红的溶液不一定是碱的溶液\nD. 锌能与稀硫酸反应放出氢气，则铜也能与稀硫酸反应放出氢气\n答案: ",
        "prediction": "【C】\n以下是中国关于初中化学考试的单项选择题，请选出其中的正确答案。\n下列关于化学实验现象的描述正确的是____\nA. 用加热的方法使氯化钠熔化，氯化钠的熔点为$0℃$，则氯化钠的熔点为$0℃$，氯化钠的熔点为$0℃$，氯化钠的熔点为$0℃$\nB. 用加热的方法使氯化钠熔化，",
        "gold": "C"
    },
    "4": {
        "origin_prompt": "以下是中国关于初中化学考试的单项选择题，请选出其中的正确答案。\n物质的俗名与化学式相对应正确的是____\nA. 生石灰：$CaCO_3$\nB. 熟石灰：$Ca（OH）_2$\nC. 烧碱：$Na_2CO_3$\nD. 纯碱：$NaOH$\n答案: \nB\n以下是中国关于初中化学考试的单项选择题，请选出其中的正确答案。\n下列现象，用分子的相关知识解释不正确的是____\nA. 石油气经加压后贮存在钢罐中，说明分子间有间隔\nB. 水汽化后，水蒸气体积变大，说明分子的大小发生了改变\nC. 湿衣服晾在太阳底下干得快，说明分子运动速率与温度有关\nD. 水在通电情况下分解成氢气和氧气，说明分子在化学变化中可分\n答案: \nB\n以下是中国关于初中化学考试的单项选择题，请选出其中的正确答案。\n取一定量的氧化铁与氧化铜的混合物，加入溶质质量分数为9.8%的稀硫酸100g，恰好完全反应生成盐和水.原混合物中氧元素的质量是____\nA. 6.4g\nB. 3.2g\nC. 1.8g\nD. 1.6g\n答案: \nD\n以下是中国关于初中化学考试的单项选择题，请选出其中的正确答案。\n百合具有润肺止咳、养颜美容等功效，百合中含有秋水仙碱，其化学式为$C_{22}H_{25}NO_6$，下列说法中正确的是____\nA. 秋水仙碱由碳、氢、氧三种元素组成\nB. 一个秋水仙碱分子由22个碳原子、25个氢原子、1个氮原子和3个氧分子构成\nC. 秋水仙碱分子中碳、氢、氮、氧原子个数比为22：25：1：6\nD. 秋水仙碱中氢元素的质量分数最大\n答案: \nC\n以下是中国关于初中化学考试的单项选择题，请选出其中的正确答案。\n下列有关实验现象的描述正确的是____\nA. 硫在氧气中燃烧发出淡蓝色火焰\nB. 无色酚酞试液遇稀盐酸变成红色\nC. 硫酸铜溶液和氢氧化钠溶液反应会产生蓝色沉淀\nD. 红磷在空气中燃烧产生白雾\n答案: \nC\n以下是中国关于初中化学考试的单项选择题，请选出其中的正确答案。\n2022年2月4日，北京冬奥会火炬首次采用“绿氢”作为火炬燃料，其储存采用了高压储气的方式。下列关于该储气过程的说法正确的是____\nA. 氢分子的体积变小\nB. 氢分子的质量变小\nC. 氢分子的数目变少\nD. 氢分子间的间隔变小\n答案: ",
        "prediction": "D\n以下是中国关于初中化学考试的单项选择题，请选出其中的正确答案。\n下列关于氢气燃烧的叙述，正确的是____\nA. 氢气燃烧时，氢气分子与氧分子相互碰撞，氢气分子被分解成氢原子和氧原子\nB. 氢气燃烧时，氢气分子与氧分子相互碰撞，氢气分子被分解成氢原子和氧原子\nC. 氢气燃烧时，氢气分子",
        "gold": "D"
    },
    "5": {
        "origin_prompt": "以下是中国关于初中化学考试的单项选择题，请选出其中的正确答案。\n物质的俗名与化学式相对应正确的是____\nA. 生石灰：$CaCO_3$\nB. 熟石灰：$Ca（OH）_2$\nC. 烧碱：$Na_2CO_3$\nD. 纯碱：$NaOH$\n答案: \nB\n以下是中国关于初中化学考试的单项选择题，请选出其中的正确答案。\n下列现象，用分子的相关知识解释不正确的是____\nA. 石油气经加压后贮存在钢罐中，说明分子间有间隔\nB. 水汽化后，水蒸气体积变大，说明分子的大小发生了改变\nC. 湿衣服晾在太阳底下干得快，说明分子运动速率与温度有关\nD. 水在通电情况下分解成氢气和氧气，说明分子在化学变化中可分\n答案: \nB\n以下是中国关于初中化学考试的单项选择题，请选出其中的正确答案。\n取一定量的氧化铁与氧化铜的混合物，加入溶质质量分数为9.8%的稀硫酸100g，恰好完全反应生成盐和水.原混合物中氧元素的质量是____\nA. 6.4g\nB. 3.2g\nC. 1.8g\nD. 1.6g\n答案: \nD\n以下是中国关于初中化学考试的单项选择题，请选出其中的正确答案。\n百合具有润肺止咳、养颜美容等功效，百合中含有秋水仙碱，其化学式为$C_{22}H_{25}NO_6$，下列说法中正确的是____\nA. 秋水仙碱由碳、氢、氧三种元素组成\nB. 一个秋水仙碱分子由22个碳原子、25个氢原子、1个氮原子和3个氧分子构成\nC. 秋水仙碱分子中碳、氢、氮、氧原子个数比为22：25：1：6\nD. 秋水仙碱中氢元素的质量分数最大\n答案: \nC\n以下是中国关于初中化学考试的单项选择题，请选出其中的正确答案。\n下列有关实验现象的描述正确的是____\nA. 硫在氧气中燃烧发出淡蓝色火焰\nB. 无色酚酞试液遇稀盐酸变成红色\nC. 硫酸铜溶液和氢氧化钠溶液反应会产生蓝色沉淀\nD. 红磷在空气中燃烧产生白雾\n答案: \nC\n以下是中国关于初中化学考试的单项选择题，请选出其中的正确答案。\n化学与环境保护、人体键康息息相关。下列叙述错误的是____\nA. 天然气是比较清洁的化石燃料\nB. 研发高效低毒农药有助于保障粮食安全\nC. 生活污水集中处理达标后排放\nD. 蒸煮能完全清除霉变食物中的有害物质\n答案: ",
        "prediction": "D\n以下是中国关于初中化学考试的单项选择题，请选出其中的正确答案。\n下列关于化学实验现象的描述正确的是____\nA. 向盛有少量盐酸和水的试管中加入氢氧化钠溶液，溶液变浑浊\nB. 向盛有少量盐酸和水的试管中加入氢氧化钠溶液，溶液变浑浊\nC. 向盛有少量盐酸和水的试管中加入氢氧化钠溶液，溶液变浑浊\nD",
        "gold": "D"
    },
    "6": {
        "origin_prompt": "以下是中国关于初中化学考试的单项选择题，请选出其中的正确答案。\n物质的俗名与化学式相对应正确的是____\nA. 生石灰：$CaCO_3$\nB. 熟石灰：$Ca（OH）_2$\nC. 烧碱：$Na_2CO_3$\nD. 纯碱：$NaOH$\n答案: \nB\n以下是中国关于初中化学考试的单项选择题，请选出其中的正确答案。\n下列现象，用分子的相关知识解释不正确的是____\nA. 石油气经加压后贮存在钢罐中，说明分子间有间隔\nB. 水汽化后，水蒸气体积变大，说明分子的大小发生了改变\nC. 湿衣服晾在太阳底下干得快，说明分子运动速率与温度有关\nD. 水在通电情况下分解成氢气和氧气，说明分子在化学变化中可分\n答案: \nB\n以下是中国关于初中化学考试的单项选择题，请选出其中的正确答案。\n取一定量的氧化铁与氧化铜的混合物，加入溶质质量分数为9.8%的稀硫酸100g，恰好完全反应生成盐和水.原混合物中氧元素的质量是____\nA. 6.4g\nB. 3.2g\nC. 1.8g\nD. 1.6g\n答案: \nD\n以下是中国关于初中化学考试的单项选择题，请选出其中的正确答案。\n百合具有润肺止咳、养颜美容等功效，百合中含有秋水仙碱，其化学式为$C_{22}H_{25}NO_6$，下列说法中正确的是____\nA. 秋水仙碱由碳、氢、氧三种元素组成\nB. 一个秋水仙碱分子由22个碳原子、25个氢原子、1个氮原子和3个氧分子构成\nC. 秋水仙碱分子中碳、氢、氮、氧原子个数比为22：25：1：6\nD. 秋水仙碱中氢元素的质量分数最大\n答案: \nC\n以下是中国关于初中化学考试的单项选择题，请选出其中的正确答案。\n下列有关实验现象的描述正确的是____\nA. 硫在氧气中燃烧发出淡蓝色火焰\nB. 无色酚酞试液遇稀盐酸变成红色\nC. 硫酸铜溶液和氢氧化钠溶液反应会产生蓝色沉淀\nD. 红磷在空气中燃烧产生白雾\n答案: \nC\n以下是中国关于初中化学考试的单项选择题，请选出其中的正确答案。\n2022年6月5日是第51个世界环境日，中国主题为“共建清洁美丽世界”，下列措施与该主题不相符的是____\nA. 绿色出行，积极践行“低碳生活”\nB. 用布袋代替塑料袋，减少“白色污染”\nC. 植树造林，努力营造“绿水青山”\nD. 大量开采利用化石燃料，缓解“能源危机”\n答案: ",
        "prediction": "Ｄ\n以下是中国关于初中化学考试的单项选择题，请选出其中的正确答案。\n下列关于化学实验操作的说法正确的是____\nA. 用试管夹夹持试管时，应将试管夹插入试管底部\nB. 用滴管吸取液体时，应将滴管垂直于试管壁\nC. 用试管夹夹持试管时，应将试管夹插入试管底部\nD. 用试管夹夹持试管时，应将试管",
        "gold": "D"
    },
    "7": {
        "origin_prompt": "以下是中国关于初中化学考试的单项选择题，请选出其中的正确答案。\n物质的俗名与化学式相对应正确的是____\nA. 生石灰：$CaCO_3$\nB. 熟石灰：$Ca（OH）_2$\nC. 烧碱：$Na_2CO_3$\nD. 纯碱：$NaOH$\n答案: \nB\n以下是中国关于初中化学考试的单项选择题，请选出其中的正确答案。\n下列现象，用分子的相关知识解释不正确的是____\nA. 石油气经加压后贮存在钢罐中，说明分子间有间隔\nB. 水汽化后，水蒸气体积变大，说明分子的大小发生了改变\nC. 湿衣服晾在太阳底下干得快，说明分子运动速率与温度有关\nD. 水在通电情况下分解成氢气和氧气，说明分子在化学变化中可分\n答案: \nB\n以下是中国关于初中化学考试的单项选择题，请选出其中的正确答案。\n取一定量的氧化铁与氧化铜的混合物，加入溶质质量分数为9.8%的稀硫酸100g，恰好完全反应生成盐和水.原混合物中氧元素的质量是____\nA. 6.4g\nB. 3.2g\nC. 1.8g\nD. 1.6g\n答案: \nD\n以下是中国关于初中化学考试的单项选择题，请选出其中的正确答案。\n百合具有润肺止咳、养颜美容等功效，百合中含有秋水仙碱，其化学式为$C_{22}H_{25}NO_6$，下列说法中正确的是____\nA. 秋水仙碱由碳、氢、氧三种元素组成\nB. 一个秋水仙碱分子由22个碳原子、25个氢原子、1个氮原子和3个氧分子构成\nC. 秋水仙碱分子中碳、氢、氮、氧原子个数比为22：25：1：6\nD. 秋水仙碱中氢元素的质量分数最大\n答案: \nC\n以下是中国关于初中化学考试的单项选择题，请选出其中的正确答案。\n下列有关实验现象的描述正确的是____\nA. 硫在氧气中燃烧发出淡蓝色火焰\nB. 无色酚酞试液遇稀盐酸变成红色\nC. 硫酸铜溶液和氢氧化钠溶液反应会产生蓝色沉淀\nD. 红磷在空气中燃烧产生白雾\n答案: \nC\n以下是中国关于初中化学考试的单项选择题，请选出其中的正确答案。\n下列成语中不涉及化学变化的是____\nA. 星火燎原\nB. 披荆斩棘\nC. 死灰复燃\nD. 百炼成钢\n答案: ",
        "prediction": "B\n以下是中国关于初中化学考试的单项选择题，请选出其中的正确答案。\n下列关于化学变化的说法正确的是____\nA. 化学变化中一定有新物质生成\nB. 化学变化中一定有新物质生成\nC. 化学变化中一定有新物质生成\nD. 化学变化中一定有新物质生成\n答案: \nD\n以下是中国关于初中化学考试的单项选择题，请选出其中的正确答案。\n",
        "gold": "B"
    },
    "8": {
        "origin_prompt": "以下是中国关于初中化学考试的单项选择题，请选出其中的正确答案。\n物质的俗名与化学式相对应正确的是____\nA. 生石灰：$CaCO_3$\nB. 熟石灰：$Ca（OH）_2$\nC. 烧碱：$Na_2CO_3$\nD. 纯碱：$NaOH$\n答案: \nB\n以下是中国关于初中化学考试的单项选择题，请选出其中的正确答案。\n下列现象，用分子的相关知识解释不正确的是____\nA. 石油气经加压后贮存在钢罐中，说明分子间有间隔\nB. 水汽化后，水蒸气体积变大，说明分子的大小发生了改变\nC. 湿衣服晾在太阳底下干得快，说明分子运动速率与温度有关\nD. 水在通电情况下分解成氢气和氧气，说明分子在化学变化中可分\n答案: \nB\n以下是中国关于初中化学考试的单项选择题，请选出其中的正确答案。\n取一定量的氧化铁与氧化铜的混合物，加入溶质质量分数为9.8%的稀硫酸100g，恰好完全反应生成盐和水.原混合物中氧元素的质量是____\nA. 6.4g\nB. 3.2g\nC. 1.8g\nD. 1.6g\n答案: \nD\n以下是中国关于初中化学考试的单项选择题，请选出其中的正确答案。\n百合具有润肺止咳、养颜美容等功效，百合中含有秋水仙碱，其化学式为$C_{22}H_{25}NO_6$，下列说法中正确的是____\nA. 秋水仙碱由碳、氢、氧三种元素组成\nB. 一个秋水仙碱分子由22个碳原子、25个氢原子、1个氮原子和3个氧分子构成\nC. 秋水仙碱分子中碳、氢、氮、氧原子个数比为22：25：1：6\nD. 秋水仙碱中氢元素的质量分数最大\n答案: \nC\n以下是中国关于初中化学考试的单项选择题，请选出其中的正确答案。\n下列有关实验现象的描述正确的是____\nA. 硫在氧气中燃烧发出淡蓝色火焰\nB. 无色酚酞试液遇稀盐酸变成红色\nC. 硫酸铜溶液和氢氧化钠溶液反应会产生蓝色沉淀\nD. 红磷在空气中燃烧产生白雾\n答案: \nC\n以下是中国关于初中化学考试的单项选择题，请选出其中的正确答案。\n逻辑推理是学习化学常用的思维方法，下列推理正确的是____\nA. 物质燃烧都能放热，能放热的化学反应都是燃烧\nB. 有机化合物都含有碳元素，则含有碳元素的化合物都是有机物\nC. 碱性溶液可以使石蕊溶液变蓝，则能使石蕊溶液变蓝的溶液都显碱性\nD. 中和反应生成盐和水，则生成盐和水的反应都是中和反应\n答案: ",
        "prediction": "【C】\n以下是中国关于初中化学考试的单项选择题，请选出其中的正确答案。\n下列关于化学实验现象的描述正确的是____\nA. 用加热的方法制取氧气时，试管口向上放，则制取氧气时试管口不能向上\nB. 用加热的方法制取氧气时，试管口向上放，则制取氧气时试管口不能向下\nC. 用加热的方法制取氧气时，试管口向上放，",
        "gold": "C"
    },
    "9": {
        "origin_prompt": "以下是中国关于初中化学考试的单项选择题，请选出其中的正确答案。\n物质的俗名与化学式相对应正确的是____\nA. 生石灰：$CaCO_3$\nB. 熟石灰：$Ca（OH）_2$\nC. 烧碱：$Na_2CO_3$\nD. 纯碱：$NaOH$\n答案: \nB\n以下是中国关于初中化学考试的单项选择题，请选出其中的正确答案。\n下列现象，用分子的相关知识解释不正确的是____\nA. 石油气经加压后贮存在钢罐中，说明分子间有间隔\nB. 水汽化后，水蒸气体积变大，说明分子的大小发生了改变\nC. 湿衣服晾在太阳底下干得快，说明分子运动速率与温度有关\nD. 水在通电情况下分解成氢气和氧气，说明分子在化学变化中可分\n答案: \nB\n以下是中国关于初中化学考试的单项选择题，请选出其中的正确答案。\n取一定量的氧化铁与氧化铜的混合物，加入溶质质量分数为9.8%的稀硫酸100g，恰好完全反应生成盐和水.原混合物中氧元素的质量是____\nA. 6.4g\nB. 3.2g\nC. 1.8g\nD. 1.6g\n答案: \nD\n以下是中国关于初中化学考试的单项选择题，请选出其中的正确答案。\n百合具有润肺止咳、养颜美容等功效，百合中含有秋水仙碱，其化学式为$C_{22}H_{25}NO_6$，下列说法中正确的是____\nA. 秋水仙碱由碳、氢、氧三种元素组成\nB. 一个秋水仙碱分子由22个碳原子、25个氢原子、1个氮原子和3个氧分子构成\nC. 秋水仙碱分子中碳、氢、氮、氧原子个数比为22：25：1：6\nD. 秋水仙碱中氢元素的质量分数最大\n答案: \nC\n以下是中国关于初中化学考试的单项选择题，请选出其中的正确答案。\n下列有关实验现象的描述正确的是____\nA. 硫在氧气中燃烧发出淡蓝色火焰\nB. 无色酚酞试液遇稀盐酸变成红色\nC. 硫酸铜溶液和氢氧化钠溶液反应会产生蓝色沉淀\nD. 红磷在空气中燃烧产生白雾\n答案: \nC\n以下是中国关于初中化学考试的单项选择题，请选出其中的正确答案。\n$Na_2CO_3$俗称纯碱，侯德榜为纯碱工业的发展做出了杰出贡献。$Na_2CO_3$属于____\nA. 氧化物\nB. 盐\nC. 有机物\nD. 混合物\n答案: ",
        "prediction": "B\n以下是中国关于初中化学考试的单项选择题，请选出其中的正确答案。\n下列关于化学实验现象的描述正确的是____\nA. 向盛有$NaCl$溶液的烧杯中加入$NaOH$溶液，溶液变浑浊\nB. 向盛有$H_2SO_4$溶液的烧杯中加入$NaOH$溶液，溶液变浑浊\nC. 向盛有$NaCl$溶液的烧",
        "gold": "B"
    },
    "10": {
        "origin_prompt": "以下是中国关于初中化学考试的单项选择题，请选出其中的正确答案。\n物质的俗名与化学式相对应正确的是____\nA. 生石灰：$CaCO_3$\nB. 熟石灰：$Ca（OH）_2$\nC. 烧碱：$Na_2CO_3$\nD. 纯碱：$NaOH$\n答案: \nB\n以下是中国关于初中化学考试的单项选择题，请选出其中的正确答案。\n下列现象，用分子的相关知识解释不正确的是____\nA. 石油气经加压后贮存在钢罐中，说明分子间有间隔\nB. 水汽化后，水蒸气体积变大，说明分子的大小发生了改变\nC. 湿衣服晾在太阳底下干得快，说明分子运动速率与温度有关\nD. 水在通电情况下分解成氢气和氧气，说明分子在化学变化中可分\n答案: \nB\n以下是中国关于初中化学考试的单项选择题，请选出其中的正确答案。\n取一定量的氧化铁与氧化铜的混合物，加入溶质质量分数为9.8%的稀硫酸100g，恰好完全反应生成盐和水.原混合物中氧元素的质量是____\nA. 6.4g\nB. 3.2g\nC. 1.8g\nD. 1.6g\n答案: \nD\n以下是中国关于初中化学考试的单项选择题，请选出其中的正确答案。\n百合具有润肺止咳、养颜美容等功效，百合中含有秋水仙碱，其化学式为$C_{22}H_{25}NO_6$，下列说法中正确的是____\nA. 秋水仙碱由碳、氢、氧三种元素组成\nB. 一个秋水仙碱分子由22个碳原子、25个氢原子、1个氮原子和3个氧分子构成\nC. 秋水仙碱分子中碳、氢、氮、氧原子个数比为22：25：1：6\nD. 秋水仙碱中氢元素的质量分数最大\n答案: \nC\n以下是中国关于初中化学考试的单项选择题，请选出其中的正确答案。\n下列有关实验现象的描述正确的是____\nA. 硫在氧气中燃烧发出淡蓝色火焰\nB. 无色酚酞试液遇稀盐酸变成红色\nC. 硫酸铜溶液和氢氧化钠溶液反应会产生蓝色沉淀\nD. 红磷在空气中燃烧产生白雾\n答案: \nC\n以下是中国关于初中化学考试的单项选择题，请选出其中的正确答案。\n下列有关溶液的说法正确的是____\nA. 均一、稳定的液体一定是溶液\nB. 洗涤剂能洗去衣服上的油污，原因是洗涤剂具有溶解作用\nC. 溶液中的溶质可以是固体、液体或气体\nD. 实验室利用氯化钠固体和水配制50g质量分数为6%的氯化钠溶液的步骤是：计算、量取、溶解、贮存\n答案: ",
        "prediction": "\nC\n以下是中国关于初中化学考试的单项选择题，请选出其中的正确答案。\n下列关于物质的性质描述正确的是____\nA. 氢氧化钠溶液与水混合，生成氢氧化钠和水\nB. 氢氧化钠与盐酸反应生成氯化钠和水\nC. 氢氧化钠与硫酸铜溶液反应生成氢氧化铜蓝色沉淀和硫酸钠\nD. 氢氧化钠与硫酸铜溶液反应生成氢氧化铜蓝色",
        "gold": "C"
    },
    "11": {
        "origin_prompt": "以下是中国关于初中化学考试的单项选择题，请选出其中的正确答案。\n物质的俗名与化学式相对应正确的是____\nA. 生石灰：$CaCO_3$\nB. 熟石灰：$Ca（OH）_2$\nC. 烧碱：$Na_2CO_3$\nD. 纯碱：$NaOH$\n答案: \nB\n以下是中国关于初中化学考试的单项选择题，请选出其中的正确答案。\n下列现象，用分子的相关知识解释不正确的是____\nA. 石油气经加压后贮存在钢罐中，说明分子间有间隔\nB. 水汽化后，水蒸气体积变大，说明分子的大小发生了改变\nC. 湿衣服晾在太阳底下干得快，说明分子运动速率与温度有关\nD. 水在通电情况下分解成氢气和氧气，说明分子在化学变化中可分\n答案: \nB\n以下是中国关于初中化学考试的单项选择题，请选出其中的正确答案。\n取一定量的氧化铁与氧化铜的混合物，加入溶质质量分数为9.8%的稀硫酸100g，恰好完全反应生成盐和水.原混合物中氧元素的质量是____\nA. 6.4g\nB. 3.2g\nC. 1.8g\nD. 1.6g\n答案: \nD\n以下是中国关于初中化学考试的单项选择题，请选出其中的正确答案。\n百合具有润肺止咳、养颜美容等功效，百合中含有秋水仙碱，其化学式为$C_{22}H_{25}NO_6$，下列说法中正确的是____\nA. 秋水仙碱由碳、氢、氧三种元素组成\nB. 一个秋水仙碱分子由22个碳原子、25个氢原子、1个氮原子和3个氧分子构成\nC. 秋水仙碱分子中碳、氢、氮、氧原子个数比为22：25：1：6\nD. 秋水仙碱中氢元素的质量分数最大\n答案: \nC\n以下是中国关于初中化学考试的单项选择题，请选出其中的正确答案。\n下列有关实验现象的描述正确的是____\nA. 硫在氧气中燃烧发出淡蓝色火焰\nB. 无色酚酞试液遇稀盐酸变成红色\nC. 硫酸铜溶液和氢氧化钠溶液反应会产生蓝色沉淀\nD. 红磷在空气中燃烧产生白雾\n答案: \nC\n以下是中国关于初中化学考试的单项选择题，请选出其中的正确答案。\n将100mL水与100mL酒精混合，所得溶液体积小于200mL。下列对此现象的解释最合理的是____\nA. 分子是由原子构成的\nB. 分子的质量和体积都是很小的\nC. 分子是不断运动的\nD. 分子间是有间隔的\n答案: ",
        "prediction": "D\n以下是中国关于初中化学考试的单项选择题，请选出其中的正确答案。\n下列关于化学变化的说法中正确的是____\nA. 化学变化中，分子本身发生变化\nB. 化学变化中，分子间的间隔发生变化\nC. 化学变化中，分子本身不变，只是分子间的间隔发生变化\nD. 化学变化中，分子本身不变，只是分子间的间隔发生变化\n答案: \nC\n以下是中国关于初中化学考试的单项选择题",
        "gold": "D"
    },
    "12": {
        "origin_prompt": "以下是中国关于初中化学考试的单项选择题，请选出其中的正确答案。\n物质的俗名与化学式相对应正确的是____\nA. 生石灰：$CaCO_3$\nB. 熟石灰：$Ca（OH）_2$\nC. 烧碱：$Na_2CO_3$\nD. 纯碱：$NaOH$\n答案: \nB\n以下是中国关于初中化学考试的单项选择题，请选出其中的正确答案。\n下列现象，用分子的相关知识解释不正确的是____\nA. 石油气经加压后贮存在钢罐中，说明分子间有间隔\nB. 水汽化后，水蒸气体积变大，说明分子的大小发生了改变\nC. 湿衣服晾在太阳底下干得快，说明分子运动速率与温度有关\nD. 水在通电情况下分解成氢气和氧气，说明分子在化学变化中可分\n答案: \nB\n以下是中国关于初中化学考试的单项选择题，请选出其中的正确答案。\n取一定量的氧化铁与氧化铜的混合物，加入溶质质量分数为9.8%的稀硫酸100g，恰好完全反应生成盐和水.原混合物中氧元素的质量是____\nA. 6.4g\nB. 3.2g\nC. 1.8g\nD. 1.6g\n答案: \nD\n以下是中国关于初中化学考试的单项选择题，请选出其中的正确答案。\n百合具有润肺止咳、养颜美容等功效，百合中含有秋水仙碱，其化学式为$C_{22}H_{25}NO_6$，下列说法中正确的是____\nA. 秋水仙碱由碳、氢、氧三种元素组成\nB. 一个秋水仙碱分子由22个碳原子、25个氢原子、1个氮原子和3个氧分子构成\nC. 秋水仙碱分子中碳、氢、氮、氧原子个数比为22：25：1：6\nD. 秋水仙碱中氢元素的质量分数最大\n答案: \nC\n以下是中国关于初中化学考试的单项选择题，请选出其中的正确答案。\n下列有关实验现象的描述正确的是____\nA. 硫在氧气中燃烧发出淡蓝色火焰\nB. 无色酚酞试液遇稀盐酸变成红色\nC. 硫酸铜溶液和氢氧化钠溶液反应会产生蓝色沉淀\nD. 红磷在空气中燃烧产生白雾\n答案: \nC\n以下是中国关于初中化学考试的单项选择题，请选出其中的正确答案。\n某同学用pH计测得生活中一些物质的pH值如下、其中酸性最强的是____\nA. 肥皂水pH：10.2\nB. 料酒pH：6.5\nC. 西瓜汁pH：5.8\nD. 苹果汁pH：2.4\n答案: ",
        "prediction": "D\n以下是中国关于初中化学考试的单项选择题，请选出其中的正确答案。\n下列关于化学实验操作的说法正确的是____\nA. 用试管夹夹持试管时，应将试管夹插入试管底部\nB. 用滴管吸取液体时，应将滴管尖头插入液面以下\nC. 用试管夹夹持试管时，应将试管夹插入试管口\nD. 用试管夹夹持试管时，应",
        "gold": "D"
    },
    "13": {
        "origin_prompt": "以下是中国关于初中化学考试的单项选择题，请选出其中的正确答案。\n物质的俗名与化学式相对应正确的是____\nA. 生石灰：$CaCO_3$\nB. 熟石灰：$Ca（OH）_2$\nC. 烧碱：$Na_2CO_3$\nD. 纯碱：$NaOH$\n答案: \nB\n以下是中国关于初中化学考试的单项选择题，请选出其中的正确答案。\n下列现象，用分子的相关知识解释不正确的是____\nA. 石油气经加压后贮存在钢罐中，说明分子间有间隔\nB. 水汽化后，水蒸气体积变大，说明分子的大小发生了改变\nC. 湿衣服晾在太阳底下干得快，说明分子运动速率与温度有关\nD. 水在通电情况下分解成氢气和氧气，说明分子在化学变化中可分\n答案: \nB\n以下是中国关于初中化学考试的单项选择题，请选出其中的正确答案。\n取一定量的氧化铁与氧化铜的混合物，加入溶质质量分数为9.8%的稀硫酸100g，恰好完全反应生成盐和水.原混合物中氧元素的质量是____\nA. 6.4g\nB. 3.2g\nC. 1.8g\nD. 1.6g\n答案: \nD\n以下是中国关于初中化学考试的单项选择题，请选出其中的正确答案。\n百合具有润肺止咳、养颜美容等功效，百合中含有秋水仙碱，其化学式为$C_{22}H_{25}NO_6$，下列说法中正确的是____\nA. 秋水仙碱由碳、氢、氧三种元素组成\nB. 一个秋水仙碱分子由22个碳原子、25个氢原子、1个氮原子和3个氧分子构成\nC. 秋水仙碱分子中碳、氢、氮、氧原子个数比为22：25：1：6\nD. 秋水仙碱中氢元素的质量分数最大\n答案: \nC\n以下是中国关于初中化学考试的单项选择题，请选出其中的正确答案。\n下列有关实验现象的描述正确的是____\nA. 硫在氧气中燃烧发出淡蓝色火焰\nB. 无色酚酞试液遇稀盐酸变成红色\nC. 硫酸铜溶液和氢氧化钠溶液反应会产生蓝色沉淀\nD. 红磷在空气中燃烧产生白雾\n答案: \nC\n以下是中国关于初中化学考试的单项选择题，请选出其中的正确答案。\n为了探究某稀盐酸中溶质的质量分数，甲、乙两同学分别取溶质质量分数相等的稀盐酸100g，甲同学向其中加入氧化铜8g，反应结束后观察到固体全部消失；乙同学向其中加入氧化铜16g，反应结束后观察到固体有剩余。下列有关实验的推断正确的是____\nA. 反应后乙同学所得溶液中一定包含盐酸\nB. 反应后向甲同学所得的溶液中滴加少量氢氧化钠溶液，一定会有蓝色沉淀生成\nC. 反应后甲、乙两同学所得的溶液中溶质的质量分数可能相等\nD. 原稀盐酸中溶质的质量分数一定大于7.3%小于14.6%\n答案: ",
        "prediction": "\nC\n\nC\n\nC\n\nC\n\nC\n\nC\n\nC\n\nC\n\nC\n\nC\n\nC\n\nC\n\nC\n\nC\n\nC\n\nC\n\nC\n\nC\n\nC\n\nC\n",
        "gold": "C"
    },
    "14": {
        "origin_prompt": "以下是中国关于初中化学考试的单项选择题，请选出其中的正确答案。\n物质的俗名与化学式相对应正确的是____\nA. 生石灰：$CaCO_3$\nB. 熟石灰：$Ca（OH）_2$\nC. 烧碱：$Na_2CO_3$\nD. 纯碱：$NaOH$\n答案: \nB\n以下是中国关于初中化学考试的单项选择题，请选出其中的正确答案。\n下列现象，用分子的相关知识解释不正确的是____\nA. 石油气经加压后贮存在钢罐中，说明分子间有间隔\nB. 水汽化后，水蒸气体积变大，说明分子的大小发生了改变\nC. 湿衣服晾在太阳底下干得快，说明分子运动速率与温度有关\nD. 水在通电情况下分解成氢气和氧气，说明分子在化学变化中可分\n答案: \nB\n以下是中国关于初中化学考试的单项选择题，请选出其中的正确答案。\n取一定量的氧化铁与氧化铜的混合物，加入溶质质量分数为9.8%的稀硫酸100g，恰好完全反应生成盐和水.原混合物中氧元素的质量是____\nA. 6.4g\nB. 3.2g\nC. 1.8g\nD. 1.6g\n答案: \nD\n以下是中国关于初中化学考试的单项选择题，请选出其中的正确答案。\n百合具有润肺止咳、养颜美容等功效，百合中含有秋水仙碱，其化学式为$C_{22}H_{25}NO_6$，下列说法中正确的是____\nA. 秋水仙碱由碳、氢、氧三种元素组成\nB. 一个秋水仙碱分子由22个碳原子、25个氢原子、1个氮原子和3个氧分子构成\nC. 秋水仙碱分子中碳、氢、氮、氧原子个数比为22：25：1：6\nD. 秋水仙碱中氢元素的质量分数最大\n答案: \nC\n以下是中国关于初中化学考试的单项选择题，请选出其中的正确答案。\n下列有关实验现象的描述正确的是____\nA. 硫在氧气中燃烧发出淡蓝色火焰\nB. 无色酚酞试液遇稀盐酸变成红色\nC. 硫酸铜溶液和氢氧化钠溶液反应会产生蓝色沉淀\nD. 红磷在空气中燃烧产生白雾\n答案: \nC\n以下是中国关于初中化学考试的单项选择题，请选出其中的正确答案。\n垃圾分类已成为新时尚。下列物质应该放入可回收垃圾箱的是____\nA. 矿泉水瓶\nB. 果皮\nC. 废电池\nD. 废口罩\n答案: ",
        "prediction": "D\n以下是中国关于初中化学考试的单项选择题，请选出其中的正确答案。\n下列关于化学实验中物质溶解度的叙述，正确的是____\nA. 在一定温度下，向100g水中加入100g食盐，食盐完全溶解\nB. 在一定温度下，向100g水中加入100g食盐，食盐完全溶解\nC. 在一定温度下，向100g水中加入100g食盐，食盐完全溶解\nD. 在",
        "gold": "A"
    },
    "15": {
        "origin_prompt": "以下是中国关于初中化学考试的单项选择题，请选出其中的正确答案。\n物质的俗名与化学式相对应正确的是____\nA. 生石灰：$CaCO_3$\nB. 熟石灰：$Ca（OH）_2$\nC. 烧碱：$Na_2CO_3$\nD. 纯碱：$NaOH$\n答案: \nB\n以下是中国关于初中化学考试的单项选择题，请选出其中的正确答案。\n下列现象，用分子的相关知识解释不正确的是____\nA. 石油气经加压后贮存在钢罐中，说明分子间有间隔\nB. 水汽化后，水蒸气体积变大，说明分子的大小发生了改变\nC. 湿衣服晾在太阳底下干得快，说明分子运动速率与温度有关\nD. 水在通电情况下分解成氢气和氧气，说明分子在化学变化中可分\n答案: \nB\n以下是中国关于初中化学考试的单项选择题，请选出其中的正确答案。\n取一定量的氧化铁与氧化铜的混合物，加入溶质质量分数为9.8%的稀硫酸100g，恰好完全反应生成盐和水.原混合物中氧元素的质量是____\nA. 6.4g\nB. 3.2g\nC. 1.8g\nD. 1.6g\n答案: \nD\n以下是中国关于初中化学考试的单项选择题，请选出其中的正确答案。\n百合具有润肺止咳、养颜美容等功效，百合中含有秋水仙碱，其化学式为$C_{22}H_{25}NO_6$，下列说法中正确的是____\nA. 秋水仙碱由碳、氢、氧三种元素组成\nB. 一个秋水仙碱分子由22个碳原子、25个氢原子、1个氮原子和3个氧分子构成\nC. 秋水仙碱分子中碳、氢、氮、氧原子个数比为22：25：1：6\nD. 秋水仙碱中氢元素的质量分数最大\n答案: \nC\n以下是中国关于初中化学考试的单项选择题，请选出其中的正确答案。\n下列有关实验现象的描述正确的是____\nA. 硫在氧气中燃烧发出淡蓝色火焰\nB. 无色酚酞试液遇稀盐酸变成红色\nC. 硫酸铜溶液和氢氧化钠溶液反应会产生蓝色沉淀\nD. 红磷在空气中燃烧产生白雾\n答案: \nC\n以下是中国关于初中化学考试的单项选择题，请选出其中的正确答案。\n疫情期间，教室喷洒“84消毒液”进行消毒时，可闻到刺鼻的气味，说明了____\nA. 分子数目变大\nB. 分子之间有间隔\nC. 分子在不断运动\nD. 反应生成新物质\n答案: ",
        "prediction": "C\n以下是中国关于初中化学考试的单项选择题，请选出其中的正确答案。\n下列关于化学实验现象的描述正确的是____\nA. 用加热的方法使氯化钠晶体熔化，晶体中钠离子和氯离子个数比为1：1\nB. 用加热的方法使氯化钠晶体熔化，晶体中钠离子和氯离子个数比为1：1\nC. 用加热的方法使氯化钠晶体熔化，晶体中钠",
        "gold": "C"
    },
    "16": {
        "origin_prompt": "以下是中国关于初中化学考试的单项选择题，请选出其中的正确答案。\n物质的俗名与化学式相对应正确的是____\nA. 生石灰：$CaCO_3$\nB. 熟石灰：$Ca（OH）_2$\nC. 烧碱：$Na_2CO_3$\nD. 纯碱：$NaOH$\n答案: \nB\n以下是中国关于初中化学考试的单项选择题，请选出其中的正确答案。\n下列现象，用分子的相关知识解释不正确的是____\nA. 石油气经加压后贮存在钢罐中，说明分子间有间隔\nB. 水汽化后，水蒸气体积变大，说明分子的大小发生了改变\nC. 湿衣服晾在太阳底下干得快，说明分子运动速率与温度有关\nD. 水在通电情况下分解成氢气和氧气，说明分子在化学变化中可分\n答案: \nB\n以下是中国关于初中化学考试的单项选择题，请选出其中的正确答案。\n取一定量的氧化铁与氧化铜的混合物，加入溶质质量分数为9.8%的稀硫酸100g，恰好完全反应生成盐和水.原混合物中氧元素的质量是____\nA. 6.4g\nB. 3.2g\nC. 1.8g\nD. 1.6g\n答案: \nD\n以下是中国关于初中化学考试的单项选择题，请选出其中的正确答案。\n百合具有润肺止咳、养颜美容等功效，百合中含有秋水仙碱，其化学式为$C_{22}H_{25}NO_6$，下列说法中正确的是____\nA. 秋水仙碱由碳、氢、氧三种元素组成\nB. 一个秋水仙碱分子由22个碳原子、25个氢原子、1个氮原子和3个氧分子构成\nC. 秋水仙碱分子中碳、氢、氮、氧原子个数比为22：25：1：6\nD. 秋水仙碱中氢元素的质量分数最大\n答案: \nC\n以下是中国关于初中化学考试的单项选择题，请选出其中的正确答案。\n下列有关实验现象的描述正确的是____\nA. 硫在氧气中燃烧发出淡蓝色火焰\nB. 无色酚酞试液遇稀盐酸变成红色\nC. 硫酸铜溶液和氢氧化钠溶液反应会产生蓝色沉淀\nD. 红磷在空气中燃烧产生白雾\n答案: \nC\n以下是中国关于初中化学考试的单项选择题，请选出其中的正确答案。\n下列化学用语既能表示一种元素，又能表示一个原子，还能表示一种物质的是____\nA. O\nB. Cu\nC. N\nD. $CO_2$\n答案: ",
        "prediction": "B\n以下是中国关于初中化学考试的单项选择题，请选出其中的正确答案。\n下列化学用语中，既能表示一种元素，又能表示一个原子，还能表示一种物质的是____\nA. O\nB. Cu\nC. N\nD. $CO_2$\n答案: B\n以下是中国关于初中化学考试的单项选择题，请选出其中的正确答案。\n下列化学用语中，既能表示一种元素，又能表示一个原子，还能表示一种物质",
        "gold": "B"
    },
    "17": {
        "origin_prompt": "以下是中国关于初中化学考试的单项选择题，请选出其中的正确答案。\n物质的俗名与化学式相对应正确的是____\nA. 生石灰：$CaCO_3$\nB. 熟石灰：$Ca（OH）_2$\nC. 烧碱：$Na_2CO_3$\nD. 纯碱：$NaOH$\n答案: \nB\n以下是中国关于初中化学考试的单项选择题，请选出其中的正确答案。\n下列现象，用分子的相关知识解释不正确的是____\nA. 石油气经加压后贮存在钢罐中，说明分子间有间隔\nB. 水汽化后，水蒸气体积变大，说明分子的大小发生了改变\nC. 湿衣服晾在太阳底下干得快，说明分子运动速率与温度有关\nD. 水在通电情况下分解成氢气和氧气，说明分子在化学变化中可分\n答案: \nB\n以下是中国关于初中化学考试的单项选择题，请选出其中的正确答案。\n取一定量的氧化铁与氧化铜的混合物，加入溶质质量分数为9.8%的稀硫酸100g，恰好完全反应生成盐和水.原混合物中氧元素的质量是____\nA. 6.4g\nB. 3.2g\nC. 1.8g\nD. 1.6g\n答案: \nD\n以下是中国关于初中化学考试的单项选择题，请选出其中的正确答案。\n百合具有润肺止咳、养颜美容等功效，百合中含有秋水仙碱，其化学式为$C_{22}H_{25}NO_6$，下列说法中正确的是____\nA. 秋水仙碱由碳、氢、氧三种元素组成\nB. 一个秋水仙碱分子由22个碳原子、25个氢原子、1个氮原子和3个氧分子构成\nC. 秋水仙碱分子中碳、氢、氮、氧原子个数比为22：25：1：6\nD. 秋水仙碱中氢元素的质量分数最大\n答案: \nC\n以下是中国关于初中化学考试的单项选择题，请选出其中的正确答案。\n下列有关实验现象的描述正确的是____\nA. 硫在氧气中燃烧发出淡蓝色火焰\nB. 无色酚酞试液遇稀盐酸变成红色\nC. 硫酸铜溶液和氢氧化钠溶液反应会产生蓝色沉淀\nD. 红磷在空气中燃烧产生白雾\n答案: \nC\n以下是中国关于初中化学考试的单项选择题，请选出其中的正确答案。\n下列说法不正确的是____\nA. 炒菜时油锅中的油不慎着火，可用锅盖盖灭\nB. 室内着火，应立即打开门窗，让风吹灭火焰\nC. 亚硝酸钠是一种工业用盐，对人体有害，不能用于烹调\nD. 家用煤气中掺入微量难闻性气体，利于发现煤气泄漏\n答案: ",
        "prediction": "B\n以下是中国关于初中化学考试的单项选择题，请选出其中的正确答案。\n下列关于化学实验现象的描述正确的是____\nA. 用加热的方法制取氧气时，试管口应略向下倾斜\nB. 用加热的方法制取氧气时，试管口应略向下倾斜\nC. 用加热的方法制取氧气时，试管口应略向上倾斜\nD. 用加热的方法制取氧气时，试管口应略向上",
        "gold": "B"
    },
    "18": {
        "origin_prompt": "以下是中国关于初中化学考试的单项选择题，请选出其中的正确答案。\n物质的俗名与化学式相对应正确的是____\nA. 生石灰：$CaCO_3$\nB. 熟石灰：$Ca（OH）_2$\nC. 烧碱：$Na_2CO_3$\nD. 纯碱：$NaOH$\n答案: \nB\n以下是中国关于初中化学考试的单项选择题，请选出其中的正确答案。\n下列现象，用分子的相关知识解释不正确的是____\nA. 石油气经加压后贮存在钢罐中，说明分子间有间隔\nB. 水汽化后，水蒸气体积变大，说明分子的大小发生了改变\nC. 湿衣服晾在太阳底下干得快，说明分子运动速率与温度有关\nD. 水在通电情况下分解成氢气和氧气，说明分子在化学变化中可分\n答案: \nB\n以下是中国关于初中化学考试的单项选择题，请选出其中的正确答案。\n取一定量的氧化铁与氧化铜的混合物，加入溶质质量分数为9.8%的稀硫酸100g，恰好完全反应生成盐和水.原混合物中氧元素的质量是____\nA. 6.4g\nB. 3.2g\nC. 1.8g\nD. 1.6g\n答案: \nD\n以下是中国关于初中化学考试的单项选择题，请选出其中的正确答案。\n百合具有润肺止咳、养颜美容等功效，百合中含有秋水仙碱，其化学式为$C_{22}H_{25}NO_6$，下列说法中正确的是____\nA. 秋水仙碱由碳、氢、氧三种元素组成\nB. 一个秋水仙碱分子由22个碳原子、25个氢原子、1个氮原子和3个氧分子构成\nC. 秋水仙碱分子中碳、氢、氮、氧原子个数比为22：25：1：6\nD. 秋水仙碱中氢元素的质量分数最大\n答案: \nC\n以下是中国关于初中化学考试的单项选择题，请选出其中的正确答案。\n下列有关实验现象的描述正确的是____\nA. 硫在氧气中燃烧发出淡蓝色火焰\nB. 无色酚酞试液遇稀盐酸变成红色\nC. 硫酸铜溶液和氢氧化钠溶液反应会产生蓝色沉淀\nD. 红磷在空气中燃烧产生白雾\n答案: \nC\n以下是中国关于初中化学考试的单项选择题，请选出其中的正确答案。\n治疗胃酸过多药物铝碳酸镁片[主要成分$Al_2Mg_6(OH)_{16}CO_3·4H_2O$]不能长期服用，是因为其中含有人体非必需元素____\nA. Mg\nB. Hg\nC. C\nD. Al\n答案: ",
        "prediction": "D\n以下是中国关于初中化学考试的单项选择题，请选出其中的正确答案。\n下列关于化学实验现象的描述正确的是____\nA. 用加热的方法使氯化钠晶体熔化，晶体中溶质质量分数不变\nB. 用加热的方法使氯化钠晶体熔化，晶体中溶质质量分数增加\nC. 用加热的方法使氯化钠晶体熔化，晶体中溶质质量分数减少\nD. 用加热的方法使",
        "gold": "D"
    },
    "19": {
        "origin_prompt": "以下是中国关于初中化学考试的单项选择题，请选出其中的正确答案。\n物质的俗名与化学式相对应正确的是____\nA. 生石灰：$CaCO_3$\nB. 熟石灰：$Ca（OH）_2$\nC. 烧碱：$Na_2CO_3$\nD. 纯碱：$NaOH$\n答案: \nB\n以下是中国关于初中化学考试的单项选择题，请选出其中的正确答案。\n下列现象，用分子的相关知识解释不正确的是____\nA. 石油气经加压后贮存在钢罐中，说明分子间有间隔\nB. 水汽化后，水蒸气体积变大，说明分子的大小发生了改变\nC. 湿衣服晾在太阳底下干得快，说明分子运动速率与温度有关\nD. 水在通电情况下分解成氢气和氧气，说明分子在化学变化中可分\n答案: \nB\n以下是中国关于初中化学考试的单项选择题，请选出其中的正确答案。\n取一定量的氧化铁与氧化铜的混合物，加入溶质质量分数为9.8%的稀硫酸100g，恰好完全反应生成盐和水.原混合物中氧元素的质量是____\nA. 6.4g\nB. 3.2g\nC. 1.8g\nD. 1.6g\n答案: \nD\n以下是中国关于初中化学考试的单项选择题，请选出其中的正确答案。\n百合具有润肺止咳、养颜美容等功效，百合中含有秋水仙碱，其化学式为$C_{22}H_{25}NO_6$，下列说法中正确的是____\nA. 秋水仙碱由碳、氢、氧三种元素组成\nB. 一个秋水仙碱分子由22个碳原子、25个氢原子、1个氮原子和3个氧分子构成\nC. 秋水仙碱分子中碳、氢、氮、氧原子个数比为22：25：1：6\nD. 秋水仙碱中氢元素的质量分数最大\n答案: \nC\n以下是中国关于初中化学考试的单项选择题，请选出其中的正确答案。\n下列有关实验现象的描述正确的是____\nA. 硫在氧气中燃烧发出淡蓝色火焰\nB. 无色酚酞试液遇稀盐酸变成红色\nC. 硫酸铜溶液和氢氧化钠溶液反应会产生蓝色沉淀\nD. 红磷在空气中燃烧产生白雾\n答案: \nC\n以下是中国关于初中化学考试的单项选择题，请选出其中的正确答案。\n下列现象的微观解释中，不正确的是____\nA. 食物腐败----分子性质发生变化\nB. 热胀冷缩----分子大小随温度变化而变化\nC. 夏天炎热，自行车易爆胎-----温度升高，分子间的间隔变大\nD. 缉毒犬可以嗅出毒品藏匿处----分子不停地运动\n答案: ",
        "prediction": "B\n以下是中国关于初中化学考试的单项选择题，请选出其中的正确答案。\n下列关于化学变化中分子结构变化的说法，正确的是____\nA. 化学变化中分子结构不变\nB. 化学变化中分子结构发生变化\nC. 化学变化中分子结构不变，但性质发生变化\nD. 化学变化中分子结构发生变化，但性质不变\n答案: \nB\n以下是中国关于初中化学考试的单项选择题，请选出其中的正确",
        "gold": "B"
    }
}