{
    "0": {
        "origin_prompt": "以下是中国关于注册消防工程师考试的单项选择题，请选出其中的正确答案。\n干式和预作用的气压试验压力为____MPa。\nA. 0.1\nB. 0.2\nC. 0.25\nD. 0.28\n答案: \nD\n以下是中国关于注册消防工程师考试的单项选择题，请选出其中的正确答案。\n根据《汽车库、修车库、停车场设计防火规范》(GB 50067—1997)，停车数量大于50辆小于等于150辆或总建筑面积大于2000m^2小于等于5000m^2的汽车库为____。\nA. Ⅰ类汽车库\nB. Ⅲ类汽车库\nC. Ⅱ类汽车库\nD. Ⅳ类汽车库\n答案: \nB\n以下是中国关于注册消防工程师考试的单项选择题，请选出其中的正确答案。\n开放式细水雾灭火系统的设计响应时间不应大于____s；采用全淹没应用方式的瓶组式系统，当同一防护区内采用多组瓶组时，各瓶组必须能同时启动，且动作响应时差不应大于____s。\nA. 20；2\nB. 30；2\nC. 20；3\nD. 30；3\n答案: \nB\n以下是中国关于注册消防工程师考试的单项选择题，请选出其中的正确答案。\n火力发电厂的煤气柜区四周均设置围墙，当总容积大于200000m^3时，柜体外壁与围墙的间距不宜小于____m。\nA. 15\nB. 16\nC. 17\nD. 18\n答案: \nD\n以下是中国关于注册消防工程师考试的单项选择题，请选出其中的正确答案。\n下列____可以作为A级装修材料使用。\nA. 安装在木龙骨上燃烧性能达到B1级的纸面石膏板\nB. 单位质量小于300g/m^2的纸质、布质壁纸，当直接粘贴在A级基材上时\nC. 施涂于A级基材上的无机装饰涂料\nD. 施涂于A级基材上，湿涂覆比小于1.5kg/m^2的有机装饰涂料\n答案: \nC\n以下是中国关于注册消防工程师考试的单项选择题，请选出其中的正确答案。\n下列关于火灾自动报警系统通讯常见故障的排除方法叙述，错误的是____。\nA. 更换设备，使设备供电正常，关闭报警控制器\nB. 检查区域报警控制器与集中报警控制器的通讯线路，若存在开路、短路、接地接触不良等故障，更换线路\nC. 检查区域报警控制器与集中报警控制器的通讯板，若存在故障，维修或更换通讯板\nD. 若因为探测器或模块等设备造成通讯故障，更换或维修相应设备\n答案: ",
        "prediction": "错误的是A\n以下是中国关于注册消防工程师考试的单项选择题，请选出其中的正确答案。\n下列关于火灾自动报警系统通讯常见故障的排除方法叙述，错误的是____。\nA. 更换设备，使设备供电正常，关闭报警控制器\nB. 检查区域报警控制器与集中报警控制器的通讯线路，若存在开路、短路、接地接触不良等故障，更换线路\nC. 检查区域报警控制器与集中报警控制器的通讯",
        "gold": "A"
    },
    "1": {
        "origin_prompt": "以下是中国关于注册消防工程师考试的单项选择题，请选出其中的正确答案。\n干式和预作用的气压试验压力为____MPa。\nA. 0.1\nB. 0.2\nC. 0.25\nD. 0.28\n答案: \nD\n以下是中国关于注册消防工程师考试的单项选择题，请选出其中的正确答案。\n根据《汽车库、修车库、停车场设计防火规范》(GB 50067—1997)，停车数量大于50辆小于等于150辆或总建筑面积大于2000m^2小于等于5000m^2的汽车库为____。\nA. Ⅰ类汽车库\nB. Ⅲ类汽车库\nC. Ⅱ类汽车库\nD. Ⅳ类汽车库\n答案: \nB\n以下是中国关于注册消防工程师考试的单项选择题，请选出其中的正确答案。\n开放式细水雾灭火系统的设计响应时间不应大于____s；采用全淹没应用方式的瓶组式系统，当同一防护区内采用多组瓶组时，各瓶组必须能同时启动，且动作响应时差不应大于____s。\nA. 20；2\nB. 30；2\nC. 20；3\nD. 30；3\n答案: \nB\n以下是中国关于注册消防工程师考试的单项选择题，请选出其中的正确答案。\n火力发电厂的煤气柜区四周均设置围墙，当总容积大于200000m^3时，柜体外壁与围墙的间距不宜小于____m。\nA. 15\nB. 16\nC. 17\nD. 18\n答案: \nD\n以下是中国关于注册消防工程师考试的单项选择题，请选出其中的正确答案。\n下列____可以作为A级装修材料使用。\nA. 安装在木龙骨上燃烧性能达到B1级的纸面石膏板\nB. 单位质量小于300g/m^2的纸质、布质壁纸，当直接粘贴在A级基材上时\nC. 施涂于A级基材上的无机装饰涂料\nD. 施涂于A级基材上，湿涂覆比小于1.5kg/m^2的有机装饰涂料\n答案: \nC\n以下是中国关于注册消防工程师考试的单项选择题，请选出其中的正确答案。\n两座多层建筑，其防火间距可以按规定减少25%的条件是相邻两面外墙均为不燃性墙体，且无外露的可燃性屋檐，每面外墙上无防火保护的门、窗、洞口不正对开设，同时门、窗、洞口面积之和各不大于该外墙面积的____。\nA. 4%\nB. 5%\nC. 6%\nD. 8%\n答案: ",
        "prediction": "\nC\n以下是中国关于注册消防工程师考试的单项选择题，请选出其中的正确答案。\n下列建筑中，属于高层建筑的是____。\nA. 单层建筑\nB. 多层建筑\nC. 高层建筑\nD. 平层建筑\n答案: C\n以下是中国关于注册消防工程师考试的单项选择题，请选出其中的正确答案。\n下列建筑中，属于高层建筑的是____。\nA. 单层建筑",
        "gold": "B"
    },
    "2": {
        "origin_prompt": "以下是中国关于注册消防工程师考试的单项选择题，请选出其中的正确答案。\n干式和预作用的气压试验压力为____MPa。\nA. 0.1\nB. 0.2\nC. 0.25\nD. 0.28\n答案: \nD\n以下是中国关于注册消防工程师考试的单项选择题，请选出其中的正确答案。\n根据《汽车库、修车库、停车场设计防火规范》(GB 50067—1997)，停车数量大于50辆小于等于150辆或总建筑面积大于2000m^2小于等于5000m^2的汽车库为____。\nA. Ⅰ类汽车库\nB. Ⅲ类汽车库\nC. Ⅱ类汽车库\nD. Ⅳ类汽车库\n答案: \nB\n以下是中国关于注册消防工程师考试的单项选择题，请选出其中的正确答案。\n开放式细水雾灭火系统的设计响应时间不应大于____s；采用全淹没应用方式的瓶组式系统，当同一防护区内采用多组瓶组时，各瓶组必须能同时启动，且动作响应时差不应大于____s。\nA. 20；2\nB. 30；2\nC. 20；3\nD. 30；3\n答案: \nB\n以下是中国关于注册消防工程师考试的单项选择题，请选出其中的正确答案。\n火力发电厂的煤气柜区四周均设置围墙，当总容积大于200000m^3时，柜体外壁与围墙的间距不宜小于____m。\nA. 15\nB. 16\nC. 17\nD. 18\n答案: \nD\n以下是中国关于注册消防工程师考试的单项选择题，请选出其中的正确答案。\n下列____可以作为A级装修材料使用。\nA. 安装在木龙骨上燃烧性能达到B1级的纸面石膏板\nB. 单位质量小于300g/m^2的纸质、布质壁纸，当直接粘贴在A级基材上时\nC. 施涂于A级基材上的无机装饰涂料\nD. 施涂于A级基材上，湿涂覆比小于1.5kg/m^2的有机装饰涂料\n答案: \nC\n以下是中国关于注册消防工程师考试的单项选择题，请选出其中的正确答案。\n下列情况灭火器及灭火器箱质量保证文件检查判定为不合格的是____。\nA. 每具灭火器及其挂钩、托架等附件，灭火器箱，发光指示标志均有对应的出厂合格证\nB. 到场灭火器箱、灭火器及其配件的类型、规格、数量，以及灭火器的灭火级别等，与经消防设计审核、备案检查合格的建设工程消防设计文件要求一致\nC. 到场灭火器、灭火器箱的外观、标志、规格型号、结构部件、材料、性能参数等与其型式检验报告相一致，生产厂名及其厂址不一致\nD. 每具灭火器及其附件均有使用说明书，其内容包括灭火器及其附件安装、操作和维护保养的说明、警告和提示；并有灭火器维修、再充装时阅读生产厂家维修手册的提示\n答案: ",
        "prediction": "\nC\n\nC\n\nC\n\nC\n\nC\n\nC\n\nC\n\nC\n\nC\n\nC\n\nC\n\nC\n\nC\n\nC\n\nC\n\nC\n\nC\n\nC\n\nC\n\nC\n",
        "gold": "C"
    },
    "3": {
        "origin_prompt": "以下是中国关于注册消防工程师考试的单项选择题，请选出其中的正确答案。\n干式和预作用的气压试验压力为____MPa。\nA. 0.1\nB. 0.2\nC. 0.25\nD. 0.28\n答案: \nD\n以下是中国关于注册消防工程师考试的单项选择题，请选出其中的正确答案。\n根据《汽车库、修车库、停车场设计防火规范》(GB 50067—1997)，停车数量大于50辆小于等于150辆或总建筑面积大于2000m^2小于等于5000m^2的汽车库为____。\nA. Ⅰ类汽车库\nB. Ⅲ类汽车库\nC. Ⅱ类汽车库\nD. Ⅳ类汽车库\n答案: \nB\n以下是中国关于注册消防工程师考试的单项选择题，请选出其中的正确答案。\n开放式细水雾灭火系统的设计响应时间不应大于____s；采用全淹没应用方式的瓶组式系统，当同一防护区内采用多组瓶组时，各瓶组必须能同时启动，且动作响应时差不应大于____s。\nA. 20；2\nB. 30；2\nC. 20；3\nD. 30；3\n答案: \nB\n以下是中国关于注册消防工程师考试的单项选择题，请选出其中的正确答案。\n火力发电厂的煤气柜区四周均设置围墙，当总容积大于200000m^3时，柜体外壁与围墙的间距不宜小于____m。\nA. 15\nB. 16\nC. 17\nD. 18\n答案: \nD\n以下是中国关于注册消防工程师考试的单项选择题，请选出其中的正确答案。\n下列____可以作为A级装修材料使用。\nA. 安装在木龙骨上燃烧性能达到B1级的纸面石膏板\nB. 单位质量小于300g/m^2的纸质、布质壁纸，当直接粘贴在A级基材上时\nC. 施涂于A级基材上的无机装饰涂料\nD. 施涂于A级基材上，湿涂覆比小于1.5kg/m^2的有机装饰涂料\n答案: \nC\n以下是中国关于注册消防工程师考试的单项选择题，请选出其中的正确答案。\n消防负荷指消防用电设备，根据供电可靠性及中断供电所造成的损失或影响的程度，分为一级负荷、二级负荷和三级负荷。以下应按一级负荷供电的场所是____。\nA. 某建筑高度为46m的谷物加工房\nB. 某建筑高度为55m的住宅建筑\nC. 某室外消防用水量大于30L/s的厂房\nD. 某座位数为3500个的体育馆\n答案: ",
        "prediction": "【正确答案】 A\n【答案解析】 根据《建筑设计防火规范》（GB 50016—2014），建筑高度大于50m的住宅建筑、超过100m的公共建筑、超过300m的工业建筑，其消防负荷应按一级负荷供电。\n以下是中国关于注册消防工程师考试的单项选择题，请选出其中的正确答案。\n下列____是建筑高度大于50m的住宅建筑，其消防负荷应按一级负荷供电。\n",
        "gold": "B"
    },
    "4": {
        "origin_prompt": "以下是中国关于注册消防工程师考试的单项选择题，请选出其中的正确答案。\n干式和预作用的气压试验压力为____MPa。\nA. 0.1\nB. 0.2\nC. 0.25\nD. 0.28\n答案: \nD\n以下是中国关于注册消防工程师考试的单项选择题，请选出其中的正确答案。\n根据《汽车库、修车库、停车场设计防火规范》(GB 50067—1997)，停车数量大于50辆小于等于150辆或总建筑面积大于2000m^2小于等于5000m^2的汽车库为____。\nA. Ⅰ类汽车库\nB. Ⅲ类汽车库\nC. Ⅱ类汽车库\nD. Ⅳ类汽车库\n答案: \nB\n以下是中国关于注册消防工程师考试的单项选择题，请选出其中的正确答案。\n开放式细水雾灭火系统的设计响应时间不应大于____s；采用全淹没应用方式的瓶组式系统，当同一防护区内采用多组瓶组时，各瓶组必须能同时启动，且动作响应时差不应大于____s。\nA. 20；2\nB. 30；2\nC. 20；3\nD. 30；3\n答案: \nB\n以下是中国关于注册消防工程师考试的单项选择题，请选出其中的正确答案。\n火力发电厂的煤气柜区四周均设置围墙，当总容积大于200000m^3时，柜体外壁与围墙的间距不宜小于____m。\nA. 15\nB. 16\nC. 17\nD. 18\n答案: \nD\n以下是中国关于注册消防工程师考试的单项选择题，请选出其中的正确答案。\n下列____可以作为A级装修材料使用。\nA. 安装在木龙骨上燃烧性能达到B1级的纸面石膏板\nB. 单位质量小于300g/m^2的纸质、布质壁纸，当直接粘贴在A级基材上时\nC. 施涂于A级基材上的无机装饰涂料\nD. 施涂于A级基材上，湿涂覆比小于1.5kg/m^2的有机装饰涂料\n答案: \nC\n以下是中国关于注册消防工程师考试的单项选择题，请选出其中的正确答案。\n某仓库巡视员在夜晚例行检查时，发现气体灭火控制器发出声光报警信号并处于延时阶段，经检测此信号为误报信号，那么该巡视员需采取____使系统停止灭火。\nA. 自动控制方式\nB. 手动控制方式\nC. 应急机械启动工作方式\nD. 紧急启动/停止工作方式\n答案: ",
        "prediction": "\nC\n以下是中国关于注册消防工程师考试的单项选择题，请选出其中的正确答案。\n某建筑物的屋顶采用耐火极限为1.5h的防火卷帘，当火灾发生时，该防火卷帘应采用____。\nA. 自动控制方式\nB. 手动控制方式\nC. 应急机械启动工作方式\nD. 紧急启动/停止工作方式\n答案: A\n以下是中国关于注册消防工程师考试的",
        "gold": "D"
    },
    "5": {
        "origin_prompt": "以下是中国关于注册消防工程师考试的单项选择题，请选出其中的正确答案。\n干式和预作用的气压试验压力为____MPa。\nA. 0.1\nB. 0.2\nC. 0.25\nD. 0.28\n答案: \nD\n以下是中国关于注册消防工程师考试的单项选择题，请选出其中的正确答案。\n根据《汽车库、修车库、停车场设计防火规范》(GB 50067—1997)，停车数量大于50辆小于等于150辆或总建筑面积大于2000m^2小于等于5000m^2的汽车库为____。\nA. Ⅰ类汽车库\nB. Ⅲ类汽车库\nC. Ⅱ类汽车库\nD. Ⅳ类汽车库\n答案: \nB\n以下是中国关于注册消防工程师考试的单项选择题，请选出其中的正确答案。\n开放式细水雾灭火系统的设计响应时间不应大于____s；采用全淹没应用方式的瓶组式系统，当同一防护区内采用多组瓶组时，各瓶组必须能同时启动，且动作响应时差不应大于____s。\nA. 20；2\nB. 30；2\nC. 20；3\nD. 30；3\n答案: \nB\n以下是中国关于注册消防工程师考试的单项选择题，请选出其中的正确答案。\n火力发电厂的煤气柜区四周均设置围墙，当总容积大于200000m^3时，柜体外壁与围墙的间距不宜小于____m。\nA. 15\nB. 16\nC. 17\nD. 18\n答案: \nD\n以下是中国关于注册消防工程师考试的单项选择题，请选出其中的正确答案。\n下列____可以作为A级装修材料使用。\nA. 安装在木龙骨上燃烧性能达到B1级的纸面石膏板\nB. 单位质量小于300g/m^2的纸质、布质壁纸，当直接粘贴在A级基材上时\nC. 施涂于A级基材上的无机装饰涂料\nD. 施涂于A级基材上，湿涂覆比小于1.5kg/m^2的有机装饰涂料\n答案: \nC\n以下是中国关于注册消防工程师考试的单项选择题，请选出其中的正确答案。\n泵房内管道管外底距地面的距离，当管径DN≤150mm时，不应小于____；当管径DN≥200mm时，不应小于____。\nA. 0.20m；0.25m\nB. 0.30m；0.35m\nC. 0.20m；0.30m\nD. 0.15m；0.25m\n答案: ",
        "prediction": "\nC\n以下是中国关于注册消防工程师考试的单项选择题，请选出其中的正确答案。\n下列____可以作为A级装修材料使用。\nA. 安装在木龙骨上燃烧性能达到B1级的纸面石膏板\nB. 单位质量小于300g/m^2的纸质、布质壁纸，当直接粘贴在A级基材上时\nC. 施涂于A级基材上的无机装饰涂料\nD. 施涂",
        "gold": "A"
    },
    "6": {
        "origin_prompt": "以下是中国关于注册消防工程师考试的单项选择题，请选出其中的正确答案。\n干式和预作用的气压试验压力为____MPa。\nA. 0.1\nB. 0.2\nC. 0.25\nD. 0.28\n答案: \nD\n以下是中国关于注册消防工程师考试的单项选择题，请选出其中的正确答案。\n根据《汽车库、修车库、停车场设计防火规范》(GB 50067—1997)，停车数量大于50辆小于等于150辆或总建筑面积大于2000m^2小于等于5000m^2的汽车库为____。\nA. Ⅰ类汽车库\nB. Ⅲ类汽车库\nC. Ⅱ类汽车库\nD. Ⅳ类汽车库\n答案: \nB\n以下是中国关于注册消防工程师考试的单项选择题，请选出其中的正确答案。\n开放式细水雾灭火系统的设计响应时间不应大于____s；采用全淹没应用方式的瓶组式系统，当同一防护区内采用多组瓶组时，各瓶组必须能同时启动，且动作响应时差不应大于____s。\nA. 20；2\nB. 30；2\nC. 20；3\nD. 30；3\n答案: \nB\n以下是中国关于注册消防工程师考试的单项选择题，请选出其中的正确答案。\n火力发电厂的煤气柜区四周均设置围墙，当总容积大于200000m^3时，柜体外壁与围墙的间距不宜小于____m。\nA. 15\nB. 16\nC. 17\nD. 18\n答案: \nD\n以下是中国关于注册消防工程师考试的单项选择题，请选出其中的正确答案。\n下列____可以作为A级装修材料使用。\nA. 安装在木龙骨上燃烧性能达到B1级的纸面石膏板\nB. 单位质量小于300g/m^2的纸质、布质壁纸，当直接粘贴在A级基材上时\nC. 施涂于A级基材上的无机装饰涂料\nD. 施涂于A级基材上，湿涂覆比小于1.5kg/m^2的有机装饰涂料\n答案: \nC\n以下是中国关于注册消防工程师考试的单项选择题，请选出其中的正确答案。\n下列有关消防水泵接合器安装说法中，错误的是____。\nA. 墙壁水泵接合器安装高度距地面宜为1.1m\nB. 组装时消防水泵接合器的安装，应按接口、本体、接连管、止回阀、安全阀、放空管、控制阀的顺序进行\nC. 止回阀的安装方向应使消防用水能从消防水泵接合器进入系统\nD. 消防水泵接合器接口距离室外消火栓或消防水池的距离宜为15～40m\n答案: ",
        "prediction": "（C）\n以下是中国关于注册消防工程师考试的单项选择题，请选出其中的正确答案。\n下列关于消防给水系统设计的说法中，错误的是____。\nA. 消防给水系统设计应满足火灾扑救和应急救援的要求\nB. 消防给水系统设计应满足火灾扑救和应急救援的要求\nC. 消防给水系统设计应满足火灾扑救和应急救援的要求\nD. 消防给水系统设计应",
        "gold": "A"
    },
    "7": {
        "origin_prompt": "以下是中国关于注册消防工程师考试的单项选择题，请选出其中的正确答案。\n干式和预作用的气压试验压力为____MPa。\nA. 0.1\nB. 0.2\nC. 0.25\nD. 0.28\n答案: \nD\n以下是中国关于注册消防工程师考试的单项选择题，请选出其中的正确答案。\n根据《汽车库、修车库、停车场设计防火规范》(GB 50067—1997)，停车数量大于50辆小于等于150辆或总建筑面积大于2000m^2小于等于5000m^2的汽车库为____。\nA. Ⅰ类汽车库\nB. Ⅲ类汽车库\nC. Ⅱ类汽车库\nD. Ⅳ类汽车库\n答案: \nB\n以下是中国关于注册消防工程师考试的单项选择题，请选出其中的正确答案。\n开放式细水雾灭火系统的设计响应时间不应大于____s；采用全淹没应用方式的瓶组式系统，当同一防护区内采用多组瓶组时，各瓶组必须能同时启动，且动作响应时差不应大于____s。\nA. 20；2\nB. 30；2\nC. 20；3\nD. 30；3\n答案: \nB\n以下是中国关于注册消防工程师考试的单项选择题，请选出其中的正确答案。\n火力发电厂的煤气柜区四周均设置围墙，当总容积大于200000m^3时，柜体外壁与围墙的间距不宜小于____m。\nA. 15\nB. 16\nC. 17\nD. 18\n答案: \nD\n以下是中国关于注册消防工程师考试的单项选择题，请选出其中的正确答案。\n下列____可以作为A级装修材料使用。\nA. 安装在木龙骨上燃烧性能达到B1级的纸面石膏板\nB. 单位质量小于300g/m^2的纸质、布质壁纸，当直接粘贴在A级基材上时\nC. 施涂于A级基材上的无机装饰涂料\nD. 施涂于A级基材上，湿涂覆比小于1.5kg/m^2的有机装饰涂料\n答案: \nC\n以下是中国关于注册消防工程师考试的单项选择题，请选出其中的正确答案。\n某应急避难场所安装消防应急照明和疏散指示系统等消防设施，对于面积大于____的防火分区应单独设置应急照明配电箱或应急照明分配电装置。\nA. 1000m^2\nB. 2000m^2\nC. 2500m^2\nD. 3000m^2\n答案: ",
        "prediction": "\nC\n以下是中国关于注册消防工程师考试的单项选择题，请选出其中的正确答案。\n某建筑高度为50m的住宅建筑，其耐火等级为二级，建筑内设置消防应急照明和疏散指示系统，当建筑内设置消防应急照明和疏散指示系统时，该建筑内每层建筑面积不应大于____m^2。\nA. 100\nB. 150\nC. 200\nD. 250\n",
        "gold": "B"
    },
    "8": {
        "origin_prompt": "以下是中国关于注册消防工程师考试的单项选择题，请选出其中的正确答案。\n干式和预作用的气压试验压力为____MPa。\nA. 0.1\nB. 0.2\nC. 0.25\nD. 0.28\n答案: \nD\n以下是中国关于注册消防工程师考试的单项选择题，请选出其中的正确答案。\n根据《汽车库、修车库、停车场设计防火规范》(GB 50067—1997)，停车数量大于50辆小于等于150辆或总建筑面积大于2000m^2小于等于5000m^2的汽车库为____。\nA. Ⅰ类汽车库\nB. Ⅲ类汽车库\nC. Ⅱ类汽车库\nD. Ⅳ类汽车库\n答案: \nB\n以下是中国关于注册消防工程师考试的单项选择题，请选出其中的正确答案。\n开放式细水雾灭火系统的设计响应时间不应大于____s；采用全淹没应用方式的瓶组式系统，当同一防护区内采用多组瓶组时，各瓶组必须能同时启动，且动作响应时差不应大于____s。\nA. 20；2\nB. 30；2\nC. 20；3\nD. 30；3\n答案: \nB\n以下是中国关于注册消防工程师考试的单项选择题，请选出其中的正确答案。\n火力发电厂的煤气柜区四周均设置围墙，当总容积大于200000m^3时，柜体外壁与围墙的间距不宜小于____m。\nA. 15\nB. 16\nC. 17\nD. 18\n答案: \nD\n以下是中国关于注册消防工程师考试的单项选择题，请选出其中的正确答案。\n下列____可以作为A级装修材料使用。\nA. 安装在木龙骨上燃烧性能达到B1级的纸面石膏板\nB. 单位质量小于300g/m^2的纸质、布质壁纸，当直接粘贴在A级基材上时\nC. 施涂于A级基材上的无机装饰涂料\nD. 施涂于A级基材上，湿涂覆比小于1.5kg/m^2的有机装饰涂料\n答案: \nC\n以下是中国关于注册消防工程师考试的单项选择题，请选出其中的正确答案。\n某消防设施检测机构对建筑内火灾自动报警系统进行检测时，对手动火灾报警按钮进行检查。根据现行国家消防技术标准，关于手动火灾报警按钮安装的做法，下列选项中不符合规范要求的是____。\nA. 墙上手动火灾报警按钮的底边距离楼面高度为1.5m\nB. 手动火灾报警按钮的连接导线的余量为150mm\nC. 墙上手动火灾报警按钮的底边距离楼面高度为1.3m\nD. 手动火灾报警按钮的连接导线的余量为100mm\n答案: ",
        "prediction": "【D】\n以下是中国关于注册消防工程师考试的单项选择题，请选出其中的正确答案。\n某建筑内设置自动喷水灭火系统，系统采用湿式喷头，喷头喷水压力为0.2MPa，喷头数量按每层楼设置6个，喷头喷水强度为0.2L/s，喷头喷水强度为0.2L/s，喷头喷水强度为0.2L/s，喷头",
        "gold": "D"
    },
    "9": {
        "origin_prompt": "以下是中国关于注册消防工程师考试的单项选择题，请选出其中的正确答案。\n干式和预作用的气压试验压力为____MPa。\nA. 0.1\nB. 0.2\nC. 0.25\nD. 0.28\n答案: \nD\n以下是中国关于注册消防工程师考试的单项选择题，请选出其中的正确答案。\n根据《汽车库、修车库、停车场设计防火规范》(GB 50067—1997)，停车数量大于50辆小于等于150辆或总建筑面积大于2000m^2小于等于5000m^2的汽车库为____。\nA. Ⅰ类汽车库\nB. Ⅲ类汽车库\nC. Ⅱ类汽车库\nD. Ⅳ类汽车库\n答案: \nB\n以下是中国关于注册消防工程师考试的单项选择题，请选出其中的正确答案。\n开放式细水雾灭火系统的设计响应时间不应大于____s；采用全淹没应用方式的瓶组式系统，当同一防护区内采用多组瓶组时，各瓶组必须能同时启动，且动作响应时差不应大于____s。\nA. 20；2\nB. 30；2\nC. 20；3\nD. 30；3\n答案: \nB\n以下是中国关于注册消防工程师考试的单项选择题，请选出其中的正确答案。\n火力发电厂的煤气柜区四周均设置围墙，当总容积大于200000m^3时，柜体外壁与围墙的间距不宜小于____m。\nA. 15\nB. 16\nC. 17\nD. 18\n答案: \nD\n以下是中国关于注册消防工程师考试的单项选择题，请选出其中的正确答案。\n下列____可以作为A级装修材料使用。\nA. 安装在木龙骨上燃烧性能达到B1级的纸面石膏板\nB. 单位质量小于300g/m^2的纸质、布质壁纸，当直接粘贴在A级基材上时\nC. 施涂于A级基材上的无机装饰涂料\nD. 施涂于A级基材上，湿涂覆比小于1.5kg/m^2的有机装饰涂料\n答案: \nC\n以下是中国关于注册消防工程师考试的单项选择题，请选出其中的正确答案。\n厂房内设置甲、乙类中间仓库时，其储量不宜超过____的需要量。\nA. 一天\nB. 两天\nC. 一夜\nD. 一昼夜\n答案: ",
        "prediction": "\nD\n以下是中国关于注册消防工程师考试的单项选择题，请选出其中的正确答案。\n下列____可以作为A级装修材料使用。\nA. 安装在木龙骨上燃烧性能达到B1级的纸面石膏板\nB. 单位质量小于300g/m^2的纸质、布质壁纸，当直接粘贴在A级基材上时\nC. 施涂于A级基材上的无机装饰涂料\nD. 施涂",
        "gold": "D"
    },
    "10": {
        "origin_prompt": "以下是中国关于注册消防工程师考试的单项选择题，请选出其中的正确答案。\n干式和预作用的气压试验压力为____MPa。\nA. 0.1\nB. 0.2\nC. 0.25\nD. 0.28\n答案: \nD\n以下是中国关于注册消防工程师考试的单项选择题，请选出其中的正确答案。\n根据《汽车库、修车库、停车场设计防火规范》(GB 50067—1997)，停车数量大于50辆小于等于150辆或总建筑面积大于2000m^2小于等于5000m^2的汽车库为____。\nA. Ⅰ类汽车库\nB. Ⅲ类汽车库\nC. Ⅱ类汽车库\nD. Ⅳ类汽车库\n答案: \nB\n以下是中国关于注册消防工程师考试的单项选择题，请选出其中的正确答案。\n开放式细水雾灭火系统的设计响应时间不应大于____s；采用全淹没应用方式的瓶组式系统，当同一防护区内采用多组瓶组时，各瓶组必须能同时启动，且动作响应时差不应大于____s。\nA. 20；2\nB. 30；2\nC. 20；3\nD. 30；3\n答案: \nB\n以下是中国关于注册消防工程师考试的单项选择题，请选出其中的正确答案。\n火力发电厂的煤气柜区四周均设置围墙，当总容积大于200000m^3时，柜体外壁与围墙的间距不宜小于____m。\nA. 15\nB. 16\nC. 17\nD. 18\n答案: \nD\n以下是中国关于注册消防工程师考试的单项选择题，请选出其中的正确答案。\n下列____可以作为A级装修材料使用。\nA. 安装在木龙骨上燃烧性能达到B1级的纸面石膏板\nB. 单位质量小于300g/m^2的纸质、布质壁纸，当直接粘贴在A级基材上时\nC. 施涂于A级基材上的无机装饰涂料\nD. 施涂于A级基材上，湿涂覆比小于1.5kg/m^2的有机装饰涂料\n答案: \nC\n以下是中国关于注册消防工程师考试的单项选择题，请选出其中的正确答案。\n总建筑面积大于20000m^2的地下或半地下商业营业厅，应采用无门、窗、洞口的防火墙、耐火极限不低于____h的楼板分隔为多个建筑面积不大于____m^2的区域。\nA. 1.0，10000\nB. 1.5，15000\nC. 2.0，20000\nD. 2.5，25000\n答案: ",
        "prediction": "\nC\nD\nB\nA\nD\nC\nA\nD\nB\nA\nD\nC\nA\nD\nB\nA\nD\nC\nA\nD\nB\nA\nD\nC\nA\nD\nB\nA\nD\nC\nA\nD\nB",
        "gold": "C"
    },
    "11": {
        "origin_prompt": "以下是中国关于注册消防工程师考试的单项选择题，请选出其中的正确答案。\n干式和预作用的气压试验压力为____MPa。\nA. 0.1\nB. 0.2\nC. 0.25\nD. 0.28\n答案: \nD\n以下是中国关于注册消防工程师考试的单项选择题，请选出其中的正确答案。\n根据《汽车库、修车库、停车场设计防火规范》(GB 50067—1997)，停车数量大于50辆小于等于150辆或总建筑面积大于2000m^2小于等于5000m^2的汽车库为____。\nA. Ⅰ类汽车库\nB. Ⅲ类汽车库\nC. Ⅱ类汽车库\nD. Ⅳ类汽车库\n答案: \nB\n以下是中国关于注册消防工程师考试的单项选择题，请选出其中的正确答案。\n开放式细水雾灭火系统的设计响应时间不应大于____s；采用全淹没应用方式的瓶组式系统，当同一防护区内采用多组瓶组时，各瓶组必须能同时启动，且动作响应时差不应大于____s。\nA. 20；2\nB. 30；2\nC. 20；3\nD. 30；3\n答案: \nB\n以下是中国关于注册消防工程师考试的单项选择题，请选出其中的正确答案。\n火力发电厂的煤气柜区四周均设置围墙，当总容积大于200000m^3时，柜体外壁与围墙的间距不宜小于____m。\nA. 15\nB. 16\nC. 17\nD. 18\n答案: \nD\n以下是中国关于注册消防工程师考试的单项选择题，请选出其中的正确答案。\n下列____可以作为A级装修材料使用。\nA. 安装在木龙骨上燃烧性能达到B1级的纸面石膏板\nB. 单位质量小于300g/m^2的纸质、布质壁纸，当直接粘贴在A级基材上时\nC. 施涂于A级基材上的无机装饰涂料\nD. 施涂于A级基材上，湿涂覆比小于1.5kg/m^2的有机装饰涂料\n答案: \nC\n以下是中国关于注册消防工程师考试的单项选择题，请选出其中的正确答案。\n下列不属于报警受理系统软件检查内容的是____。\nA. 用户信息传输装置模拟手动报警信息，经报警受理系统受理确认以后，检查火警信息终端能否接收、显示、记录及查询监控中心报警受理系统发送的火灾报警信息\nB. 用户信息传输装置模拟报警，检查报警受理系统能否对火灾报警信息进行确认和记录归档\nC. 用户信息传输装置模拟报警，检查报警受理系统能否接收、显示、记录及查询用户信息传输装置发送的火灾报警信息、建筑消防设施运行状态信息\nD. 用户信息传输装置模拟手动报警信息，检查报警受理系统能否将信息上报至火警信息终端\n答案: ",
        "prediction": "【】\nD\n以下是中国关于注册消防工程师考试的单项选择题，请选出其中的正确答案。\n下列不属于火灾自动报警系统设计内容的是____。\nA. 火灾自动报警系统设计\nB. 火灾自动报警系统安装\nC. 火灾自动报警系统调试\nD. 火灾自动报警系统运行\n答案: 【】\nD\n以下是中国关于注册消防工程师考试的单项选择题，请选出其中的正确答案。\n下列",
        "gold": "A"
    },
    "12": {
        "origin_prompt": "以下是中国关于注册消防工程师考试的单项选择题，请选出其中的正确答案。\n干式和预作用的气压试验压力为____MPa。\nA. 0.1\nB. 0.2\nC. 0.25\nD. 0.28\n答案: \nD\n以下是中国关于注册消防工程师考试的单项选择题，请选出其中的正确答案。\n根据《汽车库、修车库、停车场设计防火规范》(GB 50067—1997)，停车数量大于50辆小于等于150辆或总建筑面积大于2000m^2小于等于5000m^2的汽车库为____。\nA. Ⅰ类汽车库\nB. Ⅲ类汽车库\nC. Ⅱ类汽车库\nD. Ⅳ类汽车库\n答案: \nB\n以下是中国关于注册消防工程师考试的单项选择题，请选出其中的正确答案。\n开放式细水雾灭火系统的设计响应时间不应大于____s；采用全淹没应用方式的瓶组式系统，当同一防护区内采用多组瓶组时，各瓶组必须能同时启动，且动作响应时差不应大于____s。\nA. 20；2\nB. 30；2\nC. 20；3\nD. 30；3\n答案: \nB\n以下是中国关于注册消防工程师考试的单项选择题，请选出其中的正确答案。\n火力发电厂的煤气柜区四周均设置围墙，当总容积大于200000m^3时，柜体外壁与围墙的间距不宜小于____m。\nA. 15\nB. 16\nC. 17\nD. 18\n答案: \nD\n以下是中国关于注册消防工程师考试的单项选择题，请选出其中的正确答案。\n下列____可以作为A级装修材料使用。\nA. 安装在木龙骨上燃烧性能达到B1级的纸面石膏板\nB. 单位质量小于300g/m^2的纸质、布质壁纸，当直接粘贴在A级基材上时\nC. 施涂于A级基材上的无机装饰涂料\nD. 施涂于A级基材上，湿涂覆比小于1.5kg/m^2的有机装饰涂料\n答案: \nC\n以下是中国关于注册消防工程师考试的单项选择题，请选出其中的正确答案。\n在火焰中被燃烧，一定时间内仍能正常运行的电缆是____。\nA. 一般阻燃电缆\nB. 低烟低卤阻燃电缆\nC. 无卤阻燃电缆\nD. 耐火电缆\n答案: ",
        "prediction": "\nD\n以下是中国关于注册消防工程师考试的单项选择题，请选出其中的正确答案。\n下列____是A级装修材料。\nA. 安装在木龙骨上燃烧性能达到B1级的纸面石膏板\nB. 单位质量小于300g/m^2的纸质、布质壁纸，当直接粘贴在A级基材上时\nC. 施涂于A级基材上的无机装饰涂料\nD. 施涂于",
        "gold": "D"
    },
    "13": {
        "origin_prompt": "以下是中国关于注册消防工程师考试的单项选择题，请选出其中的正确答案。\n干式和预作用的气压试验压力为____MPa。\nA. 0.1\nB. 0.2\nC. 0.25\nD. 0.28\n答案: \nD\n以下是中国关于注册消防工程师考试的单项选择题，请选出其中的正确答案。\n根据《汽车库、修车库、停车场设计防火规范》(GB 50067—1997)，停车数量大于50辆小于等于150辆或总建筑面积大于2000m^2小于等于5000m^2的汽车库为____。\nA. Ⅰ类汽车库\nB. Ⅲ类汽车库\nC. Ⅱ类汽车库\nD. Ⅳ类汽车库\n答案: \nB\n以下是中国关于注册消防工程师考试的单项选择题，请选出其中的正确答案。\n开放式细水雾灭火系统的设计响应时间不应大于____s；采用全淹没应用方式的瓶组式系统，当同一防护区内采用多组瓶组时，各瓶组必须能同时启动，且动作响应时差不应大于____s。\nA. 20；2\nB. 30；2\nC. 20；3\nD. 30；3\n答案: \nB\n以下是中国关于注册消防工程师考试的单项选择题，请选出其中的正确答案。\n火力发电厂的煤气柜区四周均设置围墙，当总容积大于200000m^3时，柜体外壁与围墙的间距不宜小于____m。\nA. 15\nB. 16\nC. 17\nD. 18\n答案: \nD\n以下是中国关于注册消防工程师考试的单项选择题，请选出其中的正确答案。\n下列____可以作为A级装修材料使用。\nA. 安装在木龙骨上燃烧性能达到B1级的纸面石膏板\nB. 单位质量小于300g/m^2的纸质、布质壁纸，当直接粘贴在A级基材上时\nC. 施涂于A级基材上的无机装饰涂料\nD. 施涂于A级基材上，湿涂覆比小于1.5kg/m^2的有机装饰涂料\n答案: \nC\n以下是中国关于注册消防工程师考试的单项选择题，请选出其中的正确答案。\n其他气体灭火系统设计中，同一防护区内的预制灭火系统装置多于1台时，必须能同时启动，其动作响应时差不得大于____s。\nA. 1\nB. 2\nC. 15\nD. 30\n答案: ",
        "prediction": "\nB\n以下是中国关于注册消防工程师考试的单项选择题，请选出其中的正确答案。\n下列____可以作为A级装修材料使用。\nA. 安装在木龙骨上燃烧性能达到B1级的纸面石膏板\nB. 单位质量小于300g/m^2的纸质、布质壁纸，当直接粘贴在A级基材上时\nC. 施涂于A级基材上的无机装饰涂料\nD. 施涂",
        "gold": "B"
    },
    "14": {
        "origin_prompt": "以下是中国关于注册消防工程师考试的单项选择题，请选出其中的正确答案。\n干式和预作用的气压试验压力为____MPa。\nA. 0.1\nB. 0.2\nC. 0.25\nD. 0.28\n答案: \nD\n以下是中国关于注册消防工程师考试的单项选择题，请选出其中的正确答案。\n根据《汽车库、修车库、停车场设计防火规范》(GB 50067—1997)，停车数量大于50辆小于等于150辆或总建筑面积大于2000m^2小于等于5000m^2的汽车库为____。\nA. Ⅰ类汽车库\nB. Ⅲ类汽车库\nC. Ⅱ类汽车库\nD. Ⅳ类汽车库\n答案: \nB\n以下是中国关于注册消防工程师考试的单项选择题，请选出其中的正确答案。\n开放式细水雾灭火系统的设计响应时间不应大于____s；采用全淹没应用方式的瓶组式系统，当同一防护区内采用多组瓶组时，各瓶组必须能同时启动，且动作响应时差不应大于____s。\nA. 20；2\nB. 30；2\nC. 20；3\nD. 30；3\n答案: \nB\n以下是中国关于注册消防工程师考试的单项选择题，请选出其中的正确答案。\n火力发电厂的煤气柜区四周均设置围墙，当总容积大于200000m^3时，柜体外壁与围墙的间距不宜小于____m。\nA. 15\nB. 16\nC. 17\nD. 18\n答案: \nD\n以下是中国关于注册消防工程师考试的单项选择题，请选出其中的正确答案。\n下列____可以作为A级装修材料使用。\nA. 安装在木龙骨上燃烧性能达到B1级的纸面石膏板\nB. 单位质量小于300g/m^2的纸质、布质壁纸，当直接粘贴在A级基材上时\nC. 施涂于A级基材上的无机装饰涂料\nD. 施涂于A级基材上，湿涂覆比小于1.5kg/m^2的有机装饰涂料\n答案: \nC\n以下是中国关于注册消防工程师考试的单项选择题，请选出其中的正确答案。\n下列有关室外消火栓的说法，不正确的是____。\nA. 建筑室外消火栓的保护半径不应大于150m\nB. 工艺装置区采用高压消防给水系统，其周围应设置室外消火栓，消火栓的间距不应大于60m\nC. 停车场的室外消火栓与最近一排汽车的距离不宜小于7m\nD. 距甲类液体固定顶储罐罐壁20m范围内的室外消火栓，不应计算在该罐可使用的数量内\n答案: ",
        "prediction": "（C）\n以下是中国关于注册消防工程师考试的单项选择题，请选出其中的正确答案。\n下列关于建筑防火间距的说法，不正确的是____。\nA. 当建筑高度大于100m时，防火间距不应小于20m\nB. 当建筑高度大于100m时，防火间距不应小于30m\nC. 当建筑高度大于100m时，防火间距不应小于40m\nD. 当建筑高度大于100m时，",
        "gold": "D"
    },
    "15": {
        "origin_prompt": "以下是中国关于注册消防工程师考试的单项选择题，请选出其中的正确答案。\n干式和预作用的气压试验压力为____MPa。\nA. 0.1\nB. 0.2\nC. 0.25\nD. 0.28\n答案: \nD\n以下是中国关于注册消防工程师考试的单项选择题，请选出其中的正确答案。\n根据《汽车库、修车库、停车场设计防火规范》(GB 50067—1997)，停车数量大于50辆小于等于150辆或总建筑面积大于2000m^2小于等于5000m^2的汽车库为____。\nA. Ⅰ类汽车库\nB. Ⅲ类汽车库\nC. Ⅱ类汽车库\nD. Ⅳ类汽车库\n答案: \nB\n以下是中国关于注册消防工程师考试的单项选择题，请选出其中的正确答案。\n开放式细水雾灭火系统的设计响应时间不应大于____s；采用全淹没应用方式的瓶组式系统，当同一防护区内采用多组瓶组时，各瓶组必须能同时启动，且动作响应时差不应大于____s。\nA. 20；2\nB. 30；2\nC. 20；3\nD. 30；3\n答案: \nB\n以下是中国关于注册消防工程师考试的单项选择题，请选出其中的正确答案。\n火力发电厂的煤气柜区四周均设置围墙，当总容积大于200000m^3时，柜体外壁与围墙的间距不宜小于____m。\nA. 15\nB. 16\nC. 17\nD. 18\n答案: \nD\n以下是中国关于注册消防工程师考试的单项选择题，请选出其中的正确答案。\n下列____可以作为A级装修材料使用。\nA. 安装在木龙骨上燃烧性能达到B1级的纸面石膏板\nB. 单位质量小于300g/m^2的纸质、布质壁纸，当直接粘贴在A级基材上时\nC. 施涂于A级基材上的无机装饰涂料\nD. 施涂于A级基材上，湿涂覆比小于1.5kg/m^2的有机装饰涂料\n答案: \nC\n以下是中国关于注册消防工程师考试的单项选择题，请选出其中的正确答案。\n根据使用场所不同，闭式细水雾灭火系统可以分为____种形式。\nA. 2\nB. 3\nC. 4\nD. 5\n答案: ",
        "prediction": "4\n以下是中国关于注册消防工程师考试的单项选择题，请选出其中的正确答案。\n下列____可以作为A级装修材料使用。\nA. 安装在木龙骨上燃烧性能达到B1级的纸面石膏板\nB. 单位质量小于300g/m^2的纸质、布质壁纸，当直接粘贴在A级基材上时\nC. 施涂于A级基材上的无机装饰涂料\nD. 施涂于A级",
        "gold": "B"
    },
    "16": {
        "origin_prompt": "以下是中国关于注册消防工程师考试的单项选择题，请选出其中的正确答案。\n干式和预作用的气压试验压力为____MPa。\nA. 0.1\nB. 0.2\nC. 0.25\nD. 0.28\n答案: \nD\n以下是中国关于注册消防工程师考试的单项选择题，请选出其中的正确答案。\n根据《汽车库、修车库、停车场设计防火规范》(GB 50067—1997)，停车数量大于50辆小于等于150辆或总建筑面积大于2000m^2小于等于5000m^2的汽车库为____。\nA. Ⅰ类汽车库\nB. Ⅲ类汽车库\nC. Ⅱ类汽车库\nD. Ⅳ类汽车库\n答案: \nB\n以下是中国关于注册消防工程师考试的单项选择题，请选出其中的正确答案。\n开放式细水雾灭火系统的设计响应时间不应大于____s；采用全淹没应用方式的瓶组式系统，当同一防护区内采用多组瓶组时，各瓶组必须能同时启动，且动作响应时差不应大于____s。\nA. 20；2\nB. 30；2\nC. 20；3\nD. 30；3\n答案: \nB\n以下是中国关于注册消防工程师考试的单项选择题，请选出其中的正确答案。\n火力发电厂的煤气柜区四周均设置围墙，当总容积大于200000m^3时，柜体外壁与围墙的间距不宜小于____m。\nA. 15\nB. 16\nC. 17\nD. 18\n答案: \nD\n以下是中国关于注册消防工程师考试的单项选择题，请选出其中的正确答案。\n下列____可以作为A级装修材料使用。\nA. 安装在木龙骨上燃烧性能达到B1级的纸面石膏板\nB. 单位质量小于300g/m^2的纸质、布质壁纸，当直接粘贴在A级基材上时\nC. 施涂于A级基材上的无机装饰涂料\nD. 施涂于A级基材上，湿涂覆比小于1.5kg/m^2的有机装饰涂料\n答案: \nC\n以下是中国关于注册消防工程师考试的单项选择题，请选出其中的正确答案。\n易燃材料的露天堆场宜设置在天然水源充足的地方，并宜布置在本单位或本地区全年最小频率风向的____。\nA. 上风侧\nB. 下风侧\nC. 侧风向\nD. 下风或侧风向\n答案: ",
        "prediction": "\nA\n以下是中国关于注册消防工程师考试的单项选择题，请选出其中的正确答案。\n下列____可以作为A级装修材料使用。\nA. 安装在木龙骨上燃烧性能达到B1级的纸面石膏板\nB. 单位质量小于300g/m^2的纸质、布质壁纸，当直接粘贴在A级基材上时\nC. 施涂于A级基材上的无机装饰涂料\nD. 施涂",
        "gold": "A"
    },
    "17": {
        "origin_prompt": "以下是中国关于注册消防工程师考试的单项选择题，请选出其中的正确答案。\n干式和预作用的气压试验压力为____MPa。\nA. 0.1\nB. 0.2\nC. 0.25\nD. 0.28\n答案: \nD\n以下是中国关于注册消防工程师考试的单项选择题，请选出其中的正确答案。\n根据《汽车库、修车库、停车场设计防火规范》(GB 50067—1997)，停车数量大于50辆小于等于150辆或总建筑面积大于2000m^2小于等于5000m^2的汽车库为____。\nA. Ⅰ类汽车库\nB. Ⅲ类汽车库\nC. Ⅱ类汽车库\nD. Ⅳ类汽车库\n答案: \nB\n以下是中国关于注册消防工程师考试的单项选择题，请选出其中的正确答案。\n开放式细水雾灭火系统的设计响应时间不应大于____s；采用全淹没应用方式的瓶组式系统，当同一防护区内采用多组瓶组时，各瓶组必须能同时启动，且动作响应时差不应大于____s。\nA. 20；2\nB. 30；2\nC. 20；3\nD. 30；3\n答案: \nB\n以下是中国关于注册消防工程师考试的单项选择题，请选出其中的正确答案。\n火力发电厂的煤气柜区四周均设置围墙，当总容积大于200000m^3时，柜体外壁与围墙的间距不宜小于____m。\nA. 15\nB. 16\nC. 17\nD. 18\n答案: \nD\n以下是中国关于注册消防工程师考试的单项选择题，请选出其中的正确答案。\n下列____可以作为A级装修材料使用。\nA. 安装在木龙骨上燃烧性能达到B1级的纸面石膏板\nB. 单位质量小于300g/m^2的纸质、布质壁纸，当直接粘贴在A级基材上时\nC. 施涂于A级基材上的无机装饰涂料\nD. 施涂于A级基材上，湿涂覆比小于1.5kg/m^2的有机装饰涂料\n答案: \nC\n以下是中国关于注册消防工程师考试的单项选择题，请选出其中的正确答案。\n下列设施中，不属于消防车取水用的设施是____。\nA. 市政消火栓\nB. 水泵接合器\nC. 消防水池取水口\nD. 消防水鹤\n答案: ",
        "prediction": "\nD\n以下是中国关于注册消防工程师考试的单项选择题，请选出其中的正确答案。\n下列关于消防车道的设置，说法正确的是____。\nA. 消防车道净宽度不应小于3.0m\nB. 消防车道净宽度不应小于4.0m\nC. 消防车道净宽度不应小于5.0m\nD. 消防车道净宽度不应小于6.0m\n答案: \nA\n以下是中国",
        "gold": "B"
    },
    "18": {
        "origin_prompt": "以下是中国关于注册消防工程师考试的单项选择题，请选出其中的正确答案。\n干式和预作用的气压试验压力为____MPa。\nA. 0.1\nB. 0.2\nC. 0.25\nD. 0.28\n答案: \nD\n以下是中国关于注册消防工程师考试的单项选择题，请选出其中的正确答案。\n根据《汽车库、修车库、停车场设计防火规范》(GB 50067—1997)，停车数量大于50辆小于等于150辆或总建筑面积大于2000m^2小于等于5000m^2的汽车库为____。\nA. Ⅰ类汽车库\nB. Ⅲ类汽车库\nC. Ⅱ类汽车库\nD. Ⅳ类汽车库\n答案: \nB\n以下是中国关于注册消防工程师考试的单项选择题，请选出其中的正确答案。\n开放式细水雾灭火系统的设计响应时间不应大于____s；采用全淹没应用方式的瓶组式系统，当同一防护区内采用多组瓶组时，各瓶组必须能同时启动，且动作响应时差不应大于____s。\nA. 20；2\nB. 30；2\nC. 20；3\nD. 30；3\n答案: \nB\n以下是中国关于注册消防工程师考试的单项选择题，请选出其中的正确答案。\n火力发电厂的煤气柜区四周均设置围墙，当总容积大于200000m^3时，柜体外壁与围墙的间距不宜小于____m。\nA. 15\nB. 16\nC. 17\nD. 18\n答案: \nD\n以下是中国关于注册消防工程师考试的单项选择题，请选出其中的正确答案。\n下列____可以作为A级装修材料使用。\nA. 安装在木龙骨上燃烧性能达到B1级的纸面石膏板\nB. 单位质量小于300g/m^2的纸质、布质壁纸，当直接粘贴在A级基材上时\nC. 施涂于A级基材上的无机装饰涂料\nD. 施涂于A级基材上，湿涂覆比小于1.5kg/m^2的有机装饰涂料\n答案: \nC\n以下是中国关于注册消防工程师考试的单项选择题，请选出其中的正确答案。\n最小点火能量是指每一种气体爆炸混合物，其起爆所需的____点火能量。\nA. 最小\nB. 最大\nC. 最少\nD. 最多\n答案: ",
        "prediction": "\nA\n以下是中国关于注册消防工程师考试的单项选择题，请选出其中的正确答案。\n下列____是A级装修材料。\nA. 安装在木龙骨上燃烧性能达到B1级的纸面石膏板\nB. 单位质量小于300g/m^2的纸质、布质壁纸，当直接粘贴在A级基材上时\nC. 施涂于A级基材上的无机装饰涂料\nD. 施涂于",
        "gold": "A"
    },
    "19": {
        "origin_prompt": "以下是中国关于注册消防工程师考试的单项选择题，请选出其中的正确答案。\n干式和预作用的气压试验压力为____MPa。\nA. 0.1\nB. 0.2\nC. 0.25\nD. 0.28\n答案: \nD\n以下是中国关于注册消防工程师考试的单项选择题，请选出其中的正确答案。\n根据《汽车库、修车库、停车场设计防火规范》(GB 50067—1997)，停车数量大于50辆小于等于150辆或总建筑面积大于2000m^2小于等于5000m^2的汽车库为____。\nA. Ⅰ类汽车库\nB. Ⅲ类汽车库\nC. Ⅱ类汽车库\nD. Ⅳ类汽车库\n答案: \nB\n以下是中国关于注册消防工程师考试的单项选择题，请选出其中的正确答案。\n开放式细水雾灭火系统的设计响应时间不应大于____s；采用全淹没应用方式的瓶组式系统，当同一防护区内采用多组瓶组时，各瓶组必须能同时启动，且动作响应时差不应大于____s。\nA. 20；2\nB. 30；2\nC. 20；3\nD. 30；3\n答案: \nB\n以下是中国关于注册消防工程师考试的单项选择题，请选出其中的正确答案。\n火力发电厂的煤气柜区四周均设置围墙，当总容积大于200000m^3时，柜体外壁与围墙的间距不宜小于____m。\nA. 15\nB. 16\nC. 17\nD. 18\n答案: \nD\n以下是中国关于注册消防工程师考试的单项选择题，请选出其中的正确答案。\n下列____可以作为A级装修材料使用。\nA. 安装在木龙骨上燃烧性能达到B1级的纸面石膏板\nB. 单位质量小于300g/m^2的纸质、布质壁纸，当直接粘贴在A级基材上时\nC. 施涂于A级基材上的无机装饰涂料\nD. 施涂于A级基材上，湿涂覆比小于1.5kg/m^2的有机装饰涂料\n答案: \nC\n以下是中国关于注册消防工程师考试的单项选择题，请选出其中的正确答案。\n下列关于电子信息机房灭火系统的设置说法不正确的是____。\nA. A级信息机房的主机房应设置洁净气体灭火系统\nB. B级信息机房的主机房，以及A级和B级机房中的变配电、不间断电源系统和电池室，除了可设置洁净气体灭火系统，也可设置高压细水雾灭火系统\nC. C级信息机房及其他区域，可设置高压细水雾灭火系统或自动喷水灭火系统，自动喷水灭火系统宜采用湿式自动喷水灭火系统\nD. 凡设置固定灭火系统及火灾探测器的计算机房，其吊顶的上、下级活动地板下，均应设置探测器和喷嘴\n答案: ",
        "prediction": "（C）\n以下是中国关于注册消防工程师考试的单项选择题，请选出其中的正确答案。\n下列关于灭火器配置场所的说法不正确的是____。\nA. 消防控制室、消防联动控制室、消防广播机房、消防广播演播室、消防控制室、消防控制室、消防控制室、消防控制室、消防控制室、消防控制室、消防控制室、消防控制室、消防控制室、消防控制室、消防控制室",
        "gold": "C"
    },
    "20": {
        "origin_prompt": "以下是中国关于注册消防工程师考试的单项选择题，请选出其中的正确答案。\n干式和预作用的气压试验压力为____MPa。\nA. 0.1\nB. 0.2\nC. 0.25\nD. 0.28\n答案: \nD\n以下是中国关于注册消防工程师考试的单项选择题，请选出其中的正确答案。\n根据《汽车库、修车库、停车场设计防火规范》(GB 50067—1997)，停车数量大于50辆小于等于150辆或总建筑面积大于2000m^2小于等于5000m^2的汽车库为____。\nA. Ⅰ类汽车库\nB. Ⅲ类汽车库\nC. Ⅱ类汽车库\nD. Ⅳ类汽车库\n答案: \nB\n以下是中国关于注册消防工程师考试的单项选择题，请选出其中的正确答案。\n开放式细水雾灭火系统的设计响应时间不应大于____s；采用全淹没应用方式的瓶组式系统，当同一防护区内采用多组瓶组时，各瓶组必须能同时启动，且动作响应时差不应大于____s。\nA. 20；2\nB. 30；2\nC. 20；3\nD. 30；3\n答案: \nB\n以下是中国关于注册消防工程师考试的单项选择题，请选出其中的正确答案。\n火力发电厂的煤气柜区四周均设置围墙，当总容积大于200000m^3时，柜体外壁与围墙的间距不宜小于____m。\nA. 15\nB. 16\nC. 17\nD. 18\n答案: \nD\n以下是中国关于注册消防工程师考试的单项选择题，请选出其中的正确答案。\n下列____可以作为A级装修材料使用。\nA. 安装在木龙骨上燃烧性能达到B1级的纸面石膏板\nB. 单位质量小于300g/m^2的纸质、布质壁纸，当直接粘贴在A级基材上时\nC. 施涂于A级基材上的无机装饰涂料\nD. 施涂于A级基材上，湿涂覆比小于1.5kg/m^2的有机装饰涂料\n答案: \nC\n以下是中国关于注册消防工程师考试的单项选择题，请选出其中的正确答案。\n一、二级耐火等级建筑的上人平屋顶，其屋面的耐火等级分别不应低于____和____。\nA. 1.00h，1.00h\nB. 1.50h，1.50h\nC. 1.50h，1.00h\nD. 1.00h，2.00h\n答案: ",
        "prediction": "\nC\n以下是中国关于注册消防工程师考试的单项选择题，请选出其中的正确答案。\n一、二级耐火等级建筑的上人平屋顶，其屋面的耐火等级分别不应低于____和____。\nA. 1.00h，1.00h\nB. 1.50h，1.50h\nC. 1.50h，1.00h\nD. 1.00h，2.00h",
        "gold": "C"
    },
    "21": {
        "origin_prompt": "以下是中国关于注册消防工程师考试的单项选择题，请选出其中的正确答案。\n干式和预作用的气压试验压力为____MPa。\nA. 0.1\nB. 0.2\nC. 0.25\nD. 0.28\n答案: \nD\n以下是中国关于注册消防工程师考试的单项选择题，请选出其中的正确答案。\n根据《汽车库、修车库、停车场设计防火规范》(GB 50067—1997)，停车数量大于50辆小于等于150辆或总建筑面积大于2000m^2小于等于5000m^2的汽车库为____。\nA. Ⅰ类汽车库\nB. Ⅲ类汽车库\nC. Ⅱ类汽车库\nD. Ⅳ类汽车库\n答案: \nB\n以下是中国关于注册消防工程师考试的单项选择题，请选出其中的正确答案。\n开放式细水雾灭火系统的设计响应时间不应大于____s；采用全淹没应用方式的瓶组式系统，当同一防护区内采用多组瓶组时，各瓶组必须能同时启动，且动作响应时差不应大于____s。\nA. 20；2\nB. 30；2\nC. 20；3\nD. 30；3\n答案: \nB\n以下是中国关于注册消防工程师考试的单项选择题，请选出其中的正确答案。\n火力发电厂的煤气柜区四周均设置围墙，当总容积大于200000m^3时，柜体外壁与围墙的间距不宜小于____m。\nA. 15\nB. 16\nC. 17\nD. 18\n答案: \nD\n以下是中国关于注册消防工程师考试的单项选择题，请选出其中的正确答案。\n下列____可以作为A级装修材料使用。\nA. 安装在木龙骨上燃烧性能达到B1级的纸面石膏板\nB. 单位质量小于300g/m^2的纸质、布质壁纸，当直接粘贴在A级基材上时\nC. 施涂于A级基材上的无机装饰涂料\nD. 施涂于A级基材上，湿涂覆比小于1.5kg/m^2的有机装饰涂料\n答案: \nC\n以下是中国关于注册消防工程师考试的单项选择题，请选出其中的正确答案。\n系统的周期性检查维护中，每季度至少进行一次检查与维护的是____。\nA. 喷头完好情况\nB. 报警阀组的试水阀放水及其启动性能测试\nC. 电磁阀启动测试\nD. 水泵接合器通水加压测试\n答案: ",
        "prediction": "\nB\n以下是中国关于注册消防工程师考试的单项选择题，请选出其中的正确答案。\n下列____可以作为A级装修材料使用。\nA. 安装在木龙骨上燃烧性能达到B1级的纸面石膏板\nB. 单位质量小于300g/m^2的纸质、布质壁纸，当直接粘贴在A级基材上时\nC. 施涂于A级基材上的无机装饰涂料\nD. 施涂",
        "gold": "B"
    },
    "22": {
        "origin_prompt": "以下是中国关于注册消防工程师考试的单项选择题，请选出其中的正确答案。\n干式和预作用的气压试验压力为____MPa。\nA. 0.1\nB. 0.2\nC. 0.25\nD. 0.28\n答案: \nD\n以下是中国关于注册消防工程师考试的单项选择题，请选出其中的正确答案。\n根据《汽车库、修车库、停车场设计防火规范》(GB 50067—1997)，停车数量大于50辆小于等于150辆或总建筑面积大于2000m^2小于等于5000m^2的汽车库为____。\nA. Ⅰ类汽车库\nB. Ⅲ类汽车库\nC. Ⅱ类汽车库\nD. Ⅳ类汽车库\n答案: \nB\n以下是中国关于注册消防工程师考试的单项选择题，请选出其中的正确答案。\n开放式细水雾灭火系统的设计响应时间不应大于____s；采用全淹没应用方式的瓶组式系统，当同一防护区内采用多组瓶组时，各瓶组必须能同时启动，且动作响应时差不应大于____s。\nA. 20；2\nB. 30；2\nC. 20；3\nD. 30；3\n答案: \nB\n以下是中国关于注册消防工程师考试的单项选择题，请选出其中的正确答案。\n火力发电厂的煤气柜区四周均设置围墙，当总容积大于200000m^3时，柜体外壁与围墙的间距不宜小于____m。\nA. 15\nB. 16\nC. 17\nD. 18\n答案: \nD\n以下是中国关于注册消防工程师考试的单项选择题，请选出其中的正确答案。\n下列____可以作为A级装修材料使用。\nA. 安装在木龙骨上燃烧性能达到B1级的纸面石膏板\nB. 单位质量小于300g/m^2的纸质、布质壁纸，当直接粘贴在A级基材上时\nC. 施涂于A级基材上的无机装饰涂料\nD. 施涂于A级基材上，湿涂覆比小于1.5kg/m^2的有机装饰涂料\n答案: \nC\n以下是中国关于注册消防工程师考试的单项选择题，请选出其中的正确答案。\n关于爆炸极限在消防上的应用，下列说法错误的是____。\nA. 爆炸极限是评定可燃气体火灾危险性大小的依据\nB. 爆炸范围越大，下限越低，火灾危险性就越大\nC. 根据爆炸极限可以确定建筑物耐火等级、层数、安全疏散距离等\nD. 生产、储存爆炸下限＞10%的可燃气体，应选用隔爆型防爆电气设备\n答案: ",
        "prediction": "【错误】\n以下是中国关于注册消防工程师考试的单项选择题，请选出其中的正确答案。\n下列关于建筑防火间距的说法错误的是____。\nA. 建筑防火间距应根据建筑高度、建筑用途、建筑结构、防火间距标准、防火分区数量、防火分区的最大允许建筑面积等因素确定\nB. 建筑防火间距应根据建筑高度、建筑用途、建筑结构、防火间距标准、防火分区数量、防火分区的最大允许建筑面积等因素确定",
        "gold": "D"
    },
    "23": {
        "origin_prompt": "以下是中国关于注册消防工程师考试的单项选择题，请选出其中的正确答案。\n干式和预作用的气压试验压力为____MPa。\nA. 0.1\nB. 0.2\nC. 0.25\nD. 0.28\n答案: \nD\n以下是中国关于注册消防工程师考试的单项选择题，请选出其中的正确答案。\n根据《汽车库、修车库、停车场设计防火规范》(GB 50067—1997)，停车数量大于50辆小于等于150辆或总建筑面积大于2000m^2小于等于5000m^2的汽车库为____。\nA. Ⅰ类汽车库\nB. Ⅲ类汽车库\nC. Ⅱ类汽车库\nD. Ⅳ类汽车库\n答案: \nB\n以下是中国关于注册消防工程师考试的单项选择题，请选出其中的正确答案。\n开放式细水雾灭火系统的设计响应时间不应大于____s；采用全淹没应用方式的瓶组式系统，当同一防护区内采用多组瓶组时，各瓶组必须能同时启动，且动作响应时差不应大于____s。\nA. 20；2\nB. 30；2\nC. 20；3\nD. 30；3\n答案: \nB\n以下是中国关于注册消防工程师考试的单项选择题，请选出其中的正确答案。\n火力发电厂的煤气柜区四周均设置围墙，当总容积大于200000m^3时，柜体外壁与围墙的间距不宜小于____m。\nA. 15\nB. 16\nC. 17\nD. 18\n答案: \nD\n以下是中国关于注册消防工程师考试的单项选择题，请选出其中的正确答案。\n下列____可以作为A级装修材料使用。\nA. 安装在木龙骨上燃烧性能达到B1级的纸面石膏板\nB. 单位质量小于300g/m^2的纸质、布质壁纸，当直接粘贴在A级基材上时\nC. 施涂于A级基材上的无机装饰涂料\nD. 施涂于A级基材上，湿涂覆比小于1.5kg/m^2的有机装饰涂料\n答案: \nC\n以下是中国关于注册消防工程师考试的单项选择题，请选出其中的正确答案。\n某学校为落实消防安全教育工作，针对不同年龄段的学生分批开展消防安全宣传工作。在各级各类学校开展的消防安全工作中，每名学生在校期间参加消防安全志愿活动应不少于____。\nA. 4h\nB. 6h\nC. 8h\nD. 12h\n答案: ",
        "prediction": "\nC\n以下是中国关于注册消防工程师考试的单项选择题，请选出其中的正确答案。\n某建筑物的屋顶采用耐火极限为1.5h的防火卷帘，当该建筑物的耐火等级为二级时，该防火卷帘的耐火时间不应小于____。\nA. 1h\nB. 2h\nC. 3h\nD. 4h\n答案: \nC\n以下是中国关于注册消防工程师",
        "gold": "A"
    },
    "24": {
        "origin_prompt": "以下是中国关于注册消防工程师考试的单项选择题，请选出其中的正确答案。\n干式和预作用的气压试验压力为____MPa。\nA. 0.1\nB. 0.2\nC. 0.25\nD. 0.28\n答案: \nD\n以下是中国关于注册消防工程师考试的单项选择题，请选出其中的正确答案。\n根据《汽车库、修车库、停车场设计防火规范》(GB 50067—1997)，停车数量大于50辆小于等于150辆或总建筑面积大于2000m^2小于等于5000m^2的汽车库为____。\nA. Ⅰ类汽车库\nB. Ⅲ类汽车库\nC. Ⅱ类汽车库\nD. Ⅳ类汽车库\n答案: \nB\n以下是中国关于注册消防工程师考试的单项选择题，请选出其中的正确答案。\n开放式细水雾灭火系统的设计响应时间不应大于____s；采用全淹没应用方式的瓶组式系统，当同一防护区内采用多组瓶组时，各瓶组必须能同时启动，且动作响应时差不应大于____s。\nA. 20；2\nB. 30；2\nC. 20；3\nD. 30；3\n答案: \nB\n以下是中国关于注册消防工程师考试的单项选择题，请选出其中的正确答案。\n火力发电厂的煤气柜区四周均设置围墙，当总容积大于200000m^3时，柜体外壁与围墙的间距不宜小于____m。\nA. 15\nB. 16\nC. 17\nD. 18\n答案: \nD\n以下是中国关于注册消防工程师考试的单项选择题，请选出其中的正确答案。\n下列____可以作为A级装修材料使用。\nA. 安装在木龙骨上燃烧性能达到B1级的纸面石膏板\nB. 单位质量小于300g/m^2的纸质、布质壁纸，当直接粘贴在A级基材上时\nC. 施涂于A级基材上的无机装饰涂料\nD. 施涂于A级基材上，湿涂覆比小于1.5kg/m^2的有机装饰涂料\n答案: \nC\n以下是中国关于注册消防工程师考试的单项选择题，请选出其中的正确答案。\n某大型厂房施工现场，在用电防火方面的下列做法中，符合现行国家标准要求的是____。\nA. 堆放的可燃物，距配电屏1.8m\nB. 产生粉尘的作业区距配电屏6m\nC. 普通灯具与易燃物的距离为0.2m\nD. 碘钨灯具与易燃物的距离为0.4m\n答案: ",
        "prediction": "\nA\n以下是中国关于注册消防工程师考试的单项选择题，请选出其中的正确答案。\n某建筑物的屋顶采用耐火极限为1.5h的防火卷帘，当火灾发生时，该防火卷帘的开启时间不应大于____s。\nA. 0.5\nB. 1\nC. 1.5\nD. 2\n答案: \nD\n以下是中国关于注册消防工程师考试的单项选择题，请",
        "gold": "B"
    },
    "25": {
        "origin_prompt": "以下是中国关于注册消防工程师考试的单项选择题，请选出其中的正确答案。\n干式和预作用的气压试验压力为____MPa。\nA. 0.1\nB. 0.2\nC. 0.25\nD. 0.28\n答案: \nD\n以下是中国关于注册消防工程师考试的单项选择题，请选出其中的正确答案。\n根据《汽车库、修车库、停车场设计防火规范》(GB 50067—1997)，停车数量大于50辆小于等于150辆或总建筑面积大于2000m^2小于等于5000m^2的汽车库为____。\nA. Ⅰ类汽车库\nB. Ⅲ类汽车库\nC. Ⅱ类汽车库\nD. Ⅳ类汽车库\n答案: \nB\n以下是中国关于注册消防工程师考试的单项选择题，请选出其中的正确答案。\n开放式细水雾灭火系统的设计响应时间不应大于____s；采用全淹没应用方式的瓶组式系统，当同一防护区内采用多组瓶组时，各瓶组必须能同时启动，且动作响应时差不应大于____s。\nA. 20；2\nB. 30；2\nC. 20；3\nD. 30；3\n答案: \nB\n以下是中国关于注册消防工程师考试的单项选择题，请选出其中的正确答案。\n火力发电厂的煤气柜区四周均设置围墙，当总容积大于200000m^3时，柜体外壁与围墙的间距不宜小于____m。\nA. 15\nB. 16\nC. 17\nD. 18\n答案: \nD\n以下是中国关于注册消防工程师考试的单项选择题，请选出其中的正确答案。\n下列____可以作为A级装修材料使用。\nA. 安装在木龙骨上燃烧性能达到B1级的纸面石膏板\nB. 单位质量小于300g/m^2的纸质、布质壁纸，当直接粘贴在A级基材上时\nC. 施涂于A级基材上的无机装饰涂料\nD. 施涂于A级基材上，湿涂覆比小于1.5kg/m^2的有机装饰涂料\n答案: \nC\n以下是中国关于注册消防工程师考试的单项选择题，请选出其中的正确答案。\n下列几种常见的易燃或可燃液体中，火灾危险性最大的是____。\nA. 甲醇\nB. 酒精\nC. 丙酮\nD. 苯\n答案: ",
        "prediction": "D\n以下是中国关于注册消防工程师考试的单项选择题，请选出其中的正确答案。\n下列____是可燃性气体。\nA. 氢气\nB. 氧气\nC. 氮气\nD. 二氧化碳\n答案: \nA\n以下是中国关于注册消防工程师考试的单项选择题，请选出其中的正确答案。\n下列____是可燃性气体。\nA. 氢气\nB. 氧气\nC. 氮气\n",
        "gold": "C"
    },
    "26": {
        "origin_prompt": "以下是中国关于注册消防工程师考试的单项选择题，请选出其中的正确答案。\n干式和预作用的气压试验压力为____MPa。\nA. 0.1\nB. 0.2\nC. 0.25\nD. 0.28\n答案: \nD\n以下是中国关于注册消防工程师考试的单项选择题，请选出其中的正确答案。\n根据《汽车库、修车库、停车场设计防火规范》(GB 50067—1997)，停车数量大于50辆小于等于150辆或总建筑面积大于2000m^2小于等于5000m^2的汽车库为____。\nA. Ⅰ类汽车库\nB. Ⅲ类汽车库\nC. Ⅱ类汽车库\nD. Ⅳ类汽车库\n答案: \nB\n以下是中国关于注册消防工程师考试的单项选择题，请选出其中的正确答案。\n开放式细水雾灭火系统的设计响应时间不应大于____s；采用全淹没应用方式的瓶组式系统，当同一防护区内采用多组瓶组时，各瓶组必须能同时启动，且动作响应时差不应大于____s。\nA. 20；2\nB. 30；2\nC. 20；3\nD. 30；3\n答案: \nB\n以下是中国关于注册消防工程师考试的单项选择题，请选出其中的正确答案。\n火力发电厂的煤气柜区四周均设置围墙，当总容积大于200000m^3时，柜体外壁与围墙的间距不宜小于____m。\nA. 15\nB. 16\nC. 17\nD. 18\n答案: \nD\n以下是中国关于注册消防工程师考试的单项选择题，请选出其中的正确答案。\n下列____可以作为A级装修材料使用。\nA. 安装在木龙骨上燃烧性能达到B1级的纸面石膏板\nB. 单位质量小于300g/m^2的纸质、布质壁纸，当直接粘贴在A级基材上时\nC. 施涂于A级基材上的无机装饰涂料\nD. 施涂于A级基材上，湿涂覆比小于1.5kg/m^2的有机装饰涂料\n答案: \nC\n以下是中国关于注册消防工程师考试的单项选择题，请选出其中的正确答案。\n某单位对自动喷水灭火系统的报警阀密封性进行测试时，做法正确的是____。\nA. 试验压力为3.0MPa，保压时间不少于3min\nB. 试验压力为3.0MPa，保压时间不少于5min\nC. 试验压力为额定工作压力2倍的静水压力，保压时间不少于5min\nD. 试验压力为额定工作压力2倍的静水压力，保压时间不少于3min\n答案: ",
        "prediction": "\nD\n\nD\n以下是中国关于注册消防工程师考试的单项选择题，请选出其中的正确答案。\n某建筑物的屋顶采用耐火极限为1.5h的防火卷帘，当该建筑物的耐火等级为二级时，该防火卷帘的耐火时间不应小于____。\nA. 1.5h\nB. 2.5h\nC. 3.5h\nD. 4.5",
        "gold": "C"
    },
    "27": {
        "origin_prompt": "以下是中国关于注册消防工程师考试的单项选择题，请选出其中的正确答案。\n干式和预作用的气压试验压力为____MPa。\nA. 0.1\nB. 0.2\nC. 0.25\nD. 0.28\n答案: \nD\n以下是中国关于注册消防工程师考试的单项选择题，请选出其中的正确答案。\n根据《汽车库、修车库、停车场设计防火规范》(GB 50067—1997)，停车数量大于50辆小于等于150辆或总建筑面积大于2000m^2小于等于5000m^2的汽车库为____。\nA. Ⅰ类汽车库\nB. Ⅲ类汽车库\nC. Ⅱ类汽车库\nD. Ⅳ类汽车库\n答案: \nB\n以下是中国关于注册消防工程师考试的单项选择题，请选出其中的正确答案。\n开放式细水雾灭火系统的设计响应时间不应大于____s；采用全淹没应用方式的瓶组式系统，当同一防护区内采用多组瓶组时，各瓶组必须能同时启动，且动作响应时差不应大于____s。\nA. 20；2\nB. 30；2\nC. 20；3\nD. 30；3\n答案: \nB\n以下是中国关于注册消防工程师考试的单项选择题，请选出其中的正确答案。\n火力发电厂的煤气柜区四周均设置围墙，当总容积大于200000m^3时，柜体外壁与围墙的间距不宜小于____m。\nA. 15\nB. 16\nC. 17\nD. 18\n答案: \nD\n以下是中国关于注册消防工程师考试的单项选择题，请选出其中的正确答案。\n下列____可以作为A级装修材料使用。\nA. 安装在木龙骨上燃烧性能达到B1级的纸面石膏板\nB. 单位质量小于300g/m^2的纸质、布质壁纸，当直接粘贴在A级基材上时\nC. 施涂于A级基材上的无机装饰涂料\nD. 施涂于A级基材上，湿涂覆比小于1.5kg/m^2的有机装饰涂料\n答案: \nC\n以下是中国关于注册消防工程师考试的单项选择题，请选出其中的正确答案。\n火灾自动报警系统对火灾声光警报器进行调试，逐一将火灾声光警报器与火灾报警控制器相连，接通电源。操作火灾报警控制器使火灾声光警报器启动，火灾声光警报器的光信号在100～500lx环境光线下____m处应清晰可见。\nA. 15\nB. 25\nC. 35\nD. 45\n答案: ",
        "prediction": "\nC\n以下是中国关于注册消防工程师考试的单项选择题，请选出其中的正确答案。\n下列____可以作为A级装修材料使用。\nA. 安装在木龙骨上燃烧性能达到B1级的纸面石膏板\nB. 单位质量小于300g/m^2的纸质、布质壁纸，当直接粘贴在A级基材上时\nC. 施涂于A级基材上的无机装饰涂料\nD. 施涂",
        "gold": "B"
    },
    "28": {
        "origin_prompt": "以下是中国关于注册消防工程师考试的单项选择题，请选出其中的正确答案。\n干式和预作用的气压试验压力为____MPa。\nA. 0.1\nB. 0.2\nC. 0.25\nD. 0.28\n答案: \nD\n以下是中国关于注册消防工程师考试的单项选择题，请选出其中的正确答案。\n根据《汽车库、修车库、停车场设计防火规范》(GB 50067—1997)，停车数量大于50辆小于等于150辆或总建筑面积大于2000m^2小于等于5000m^2的汽车库为____。\nA. Ⅰ类汽车库\nB. Ⅲ类汽车库\nC. Ⅱ类汽车库\nD. Ⅳ类汽车库\n答案: \nB\n以下是中国关于注册消防工程师考试的单项选择题，请选出其中的正确答案。\n开放式细水雾灭火系统的设计响应时间不应大于____s；采用全淹没应用方式的瓶组式系统，当同一防护区内采用多组瓶组时，各瓶组必须能同时启动，且动作响应时差不应大于____s。\nA. 20；2\nB. 30；2\nC. 20；3\nD. 30；3\n答案: \nB\n以下是中国关于注册消防工程师考试的单项选择题，请选出其中的正确答案。\n火力发电厂的煤气柜区四周均设置围墙，当总容积大于200000m^3时，柜体外壁与围墙的间距不宜小于____m。\nA. 15\nB. 16\nC. 17\nD. 18\n答案: \nD\n以下是中国关于注册消防工程师考试的单项选择题，请选出其中的正确答案。\n下列____可以作为A级装修材料使用。\nA. 安装在木龙骨上燃烧性能达到B1级的纸面石膏板\nB. 单位质量小于300g/m^2的纸质、布质壁纸，当直接粘贴在A级基材上时\nC. 施涂于A级基材上的无机装饰涂料\nD. 施涂于A级基材上，湿涂覆比小于1.5kg/m^2的有机装饰涂料\n答案: \nC\n以下是中国关于注册消防工程师考试的单项选择题，请选出其中的正确答案。\n某商场储存间储存有樟脑、松香、植物食用油和泡沫塑料等物品，则该储存间的火灾危险性应为____。\nA. 甲类\nB. 乙类\nC. 丙类\nD. 丁类\n答案: ",
        "prediction": "丁类\n以下是中国关于注册消防工程师考试的单项选择题，请选出其中的正确答案。\n某建筑物的屋顶设置有烟囱，烟囱的顶部设置有烟囱盖，烟囱盖的顶部设置有烟囱盖盖，烟囱盖盖的顶部设置有烟囱盖盖盖，烟囱盖盖盖的顶部设置有烟囱盖盖盖盖，烟囱盖盖盖盖的顶部设置有烟囱盖盖盖盖盖，",
        "gold": "B"
    },
    "29": {
        "origin_prompt": "以下是中国关于注册消防工程师考试的单项选择题，请选出其中的正确答案。\n干式和预作用的气压试验压力为____MPa。\nA. 0.1\nB. 0.2\nC. 0.25\nD. 0.28\n答案: \nD\n以下是中国关于注册消防工程师考试的单项选择题，请选出其中的正确答案。\n根据《汽车库、修车库、停车场设计防火规范》(GB 50067—1997)，停车数量大于50辆小于等于150辆或总建筑面积大于2000m^2小于等于5000m^2的汽车库为____。\nA. Ⅰ类汽车库\nB. Ⅲ类汽车库\nC. Ⅱ类汽车库\nD. Ⅳ类汽车库\n答案: \nB\n以下是中国关于注册消防工程师考试的单项选择题，请选出其中的正确答案。\n开放式细水雾灭火系统的设计响应时间不应大于____s；采用全淹没应用方式的瓶组式系统，当同一防护区内采用多组瓶组时，各瓶组必须能同时启动，且动作响应时差不应大于____s。\nA. 20；2\nB. 30；2\nC. 20；3\nD. 30；3\n答案: \nB\n以下是中国关于注册消防工程师考试的单项选择题，请选出其中的正确答案。\n火力发电厂的煤气柜区四周均设置围墙，当总容积大于200000m^3时，柜体外壁与围墙的间距不宜小于____m。\nA. 15\nB. 16\nC. 17\nD. 18\n答案: \nD\n以下是中国关于注册消防工程师考试的单项选择题，请选出其中的正确答案。\n下列____可以作为A级装修材料使用。\nA. 安装在木龙骨上燃烧性能达到B1级的纸面石膏板\nB. 单位质量小于300g/m^2的纸质、布质壁纸，当直接粘贴在A级基材上时\nC. 施涂于A级基材上的无机装饰涂料\nD. 施涂于A级基材上，湿涂覆比小于1.5kg/m^2的有机装饰涂料\n答案: \nC\n以下是中国关于注册消防工程师考试的单项选择题，请选出其中的正确答案。\n火灾自动报警系统可燃气体探测器，撤去可燃气体，探测器应在____内恢复到正常监视状态。\nA. 60s\nB. 80s\nC. 100s\nD. 120s\n答案: ",
        "prediction": "\nC\n以下是中国关于注册消防工程师考试的单项选择题，请选出其中的正确答案。\n下列____是A级装修材料。\nA. 安装在木龙骨上燃烧性能达到B1级的纸面石膏板\nB. 单位质量小于300g/m^2的纸质、布质壁纸，当直接粘贴在A级基材上时\nC. 施涂于A级基材上的无机装饰涂料\nD. 施涂于",
        "gold": "A"
    },
    "30": {
        "origin_prompt": "以下是中国关于注册消防工程师考试的单项选择题，请选出其中的正确答案。\n干式和预作用的气压试验压力为____MPa。\nA. 0.1\nB. 0.2\nC. 0.25\nD. 0.28\n答案: \nD\n以下是中国关于注册消防工程师考试的单项选择题，请选出其中的正确答案。\n根据《汽车库、修车库、停车场设计防火规范》(GB 50067—1997)，停车数量大于50辆小于等于150辆或总建筑面积大于2000m^2小于等于5000m^2的汽车库为____。\nA. Ⅰ类汽车库\nB. Ⅲ类汽车库\nC. Ⅱ类汽车库\nD. Ⅳ类汽车库\n答案: \nB\n以下是中国关于注册消防工程师考试的单项选择题，请选出其中的正确答案。\n开放式细水雾灭火系统的设计响应时间不应大于____s；采用全淹没应用方式的瓶组式系统，当同一防护区内采用多组瓶组时，各瓶组必须能同时启动，且动作响应时差不应大于____s。\nA. 20；2\nB. 30；2\nC. 20；3\nD. 30；3\n答案: \nB\n以下是中国关于注册消防工程师考试的单项选择题，请选出其中的正确答案。\n火力发电厂的煤气柜区四周均设置围墙，当总容积大于200000m^3时，柜体外壁与围墙的间距不宜小于____m。\nA. 15\nB. 16\nC. 17\nD. 18\n答案: \nD\n以下是中国关于注册消防工程师考试的单项选择题，请选出其中的正确答案。\n下列____可以作为A级装修材料使用。\nA. 安装在木龙骨上燃烧性能达到B1级的纸面石膏板\nB. 单位质量小于300g/m^2的纸质、布质壁纸，当直接粘贴在A级基材上时\nC. 施涂于A级基材上的无机装饰涂料\nD. 施涂于A级基材上，湿涂覆比小于1.5kg/m^2的有机装饰涂料\n答案: \nC\n以下是中国关于注册消防工程师考试的单项选择题，请选出其中的正确答案。\n消防控制室实行每日24h专人值班制度，每班不少于____，值班人员持有规定的消防专业技能鉴定证书。\nA. 1人\nB. 2人\nC. 3人\nD. 4人\n答案: ",
        "prediction": "\nA\n以下是中国关于注册消防工程师考试的单项选择题，请选出其中的正确答案。\n下列____可以作为A级装修材料使用。\nA. 安装在木龙骨上燃烧性能达到B1级的纸面石膏板\nB. 单位质量小于300g/m^2的纸质、布质壁纸，当直接粘贴在A级基材上时\nC. 施涂于A级基材上的无机装饰涂料\nD. 施涂",
        "gold": "B"
    }
}