{
    "0": {
        "origin_prompt": "以下是中国关于法学考试的单项选择题，请选出其中的正确答案。\n甲路过某自行车修理店，见有一辆名牌电动自行车(价值1万元)停在门口，欲据为己有。甲见店内货架上无自行车锁，便谎称要购买，催促店主去50米之外的库房拿货。店主临走时对甲说：“我去拿锁，你帮我看一下店。”在店主进入仓库后，甲便骑走电动自行车。甲的行为构成____。\nA. 诈骗罪\nB. 盗窃罪\nC. 侵占罪\nD. 职务侵占罪\n答案: \nB\n以下是中国关于法学考试的单项选择题，请选出其中的正确答案。\n下列选项中，属于民事法律关系的是____。\nA. 甲男与乙女之间的恋人关系\nB. 甲公司与乙公司之间的技术转让关系\nC. 甲公司与其分支机构之间的业务指导关系\nD. 甲教育局与乙中学之间的管理关系\n答案: \nB\n以下是中国关于法学考试的单项选择题，请选出其中的正确答案。\n缓刑的适用对象只限于____。\nA. 被判处5年以下有期徒刑的犯罪分子\nB. 被判处管制的犯罪分子\nC. 被判处3年以下有期徒刑的犯罪分子\nD. 被判处拘役、3年以下有期徒刑的犯罪分子\n答案: \nD\n以下是中国关于法学考试的单项选择题，请选出其中的正确答案。\n甲公司与乙公司签订服装加工合同，约定乙公司支付预付款1万元，甲公司加工服装1000套，3月10日交货，乙公司3月15日支付余款9万元。3月10日，甲公司仅加工服装900套，乙公司此时因濒临破产致函甲公司表示无力履行合同。下列哪一说法是正确的?____\nA. 因乙公司已支付预付款，甲公司无权中止履行合同\nB. 乙公司有权以甲公司仅交付900套服装为由，拒绝支付任何货款\nC. 甲公司有权以乙公司已不可能履行合同为由，请求乙公司承担违约责任\nD. 因乙公司丧失履行能力，甲公司可行使顺序履行抗辩权\n答案: \nC\n以下是中国关于法学考试的单项选择题，请选出其中的正确答案。\n我国刑法分则对犯罪进行分类的主要依据是____。\nA. 犯罪的同类客体\nB. 危害行为的形式\nC. 犯罪对象的特点\nD. 行为人的主观心态\n答案: \nA\n以下是中国关于法学考试的单项选择题，请选出其中的正确答案。\n下列关于法律推理的表述，能够成立的是____。\nA. 演绎推理是一种或然性推理\nB. 归纳推理是从一般知识推出个别知识的推理\nC. 类比推理是判例法国家运用的一种基本的法律推理方法\nD. 辩证推理实际上是一种立法活动\n答案: ",
        "prediction": "C\n以下是中国关于法学考试的单项选择题，请选出其中的正确答案。\n下列关于法律的表述，正确的是____。\nA. 法律是统治阶级意志的体现\nB. 法律是统治阶级意志的体现\nC. 法律是统治阶级意志的体现\nD. 法律是统治阶级意志的体现\n答案: D\n以下是中国关于法学考试的单项选择题，请选出其中的正确答案。\n下列关于法律的表述，正确",
        "gold": "C"
    },
    "1": {
        "origin_prompt": "以下是中国关于法学考试的单项选择题，请选出其中的正确答案。\n甲路过某自行车修理店，见有一辆名牌电动自行车(价值1万元)停在门口，欲据为己有。甲见店内货架上无自行车锁，便谎称要购买，催促店主去50米之外的库房拿货。店主临走时对甲说：“我去拿锁，你帮我看一下店。”在店主进入仓库后，甲便骑走电动自行车。甲的行为构成____。\nA. 诈骗罪\nB. 盗窃罪\nC. 侵占罪\nD. 职务侵占罪\n答案: \nB\n以下是中国关于法学考试的单项选择题，请选出其中的正确答案。\n下列选项中，属于民事法律关系的是____。\nA. 甲男与乙女之间的恋人关系\nB. 甲公司与乙公司之间的技术转让关系\nC. 甲公司与其分支机构之间的业务指导关系\nD. 甲教育局与乙中学之间的管理关系\n答案: \nB\n以下是中国关于法学考试的单项选择题，请选出其中的正确答案。\n缓刑的适用对象只限于____。\nA. 被判处5年以下有期徒刑的犯罪分子\nB. 被判处管制的犯罪分子\nC. 被判处3年以下有期徒刑的犯罪分子\nD. 被判处拘役、3年以下有期徒刑的犯罪分子\n答案: \nD\n以下是中国关于法学考试的单项选择题，请选出其中的正确答案。\n甲公司与乙公司签订服装加工合同，约定乙公司支付预付款1万元，甲公司加工服装1000套，3月10日交货，乙公司3月15日支付余款9万元。3月10日，甲公司仅加工服装900套，乙公司此时因濒临破产致函甲公司表示无力履行合同。下列哪一说法是正确的?____\nA. 因乙公司已支付预付款，甲公司无权中止履行合同\nB. 乙公司有权以甲公司仅交付900套服装为由，拒绝支付任何货款\nC. 甲公司有权以乙公司已不可能履行合同为由，请求乙公司承担违约责任\nD. 因乙公司丧失履行能力，甲公司可行使顺序履行抗辩权\n答案: \nC\n以下是中国关于法学考试的单项选择题，请选出其中的正确答案。\n我国刑法分则对犯罪进行分类的主要依据是____。\nA. 犯罪的同类客体\nB. 危害行为的形式\nC. 犯罪对象的特点\nD. 行为人的主观心态\n答案: \nA\n以下是中国关于法学考试的单项选择题，请选出其中的正确答案。\n某住宅小区业主从事的下列行为中，不必将相关情况告知物业服务人的情形是____。\nA. 业主甲将其房屋出租给赵某\nB. 业主乙在其住宅上设立居住权供其弟居住\nC. 业主丙依法将建筑区划内的绿地改造成花园\nD. 业主丁在其住宅上设立地役权\n答案: ",
        "prediction": "D\n以下是中国关于法学考试的单项选择题，请选出其中的正确答案。\n甲、乙、丙三人共同出资购买了一辆轿车，甲、乙各占50%的股份，丙占1%的股份。甲、乙、丙三人对轿车享有同等权利，但甲、乙、丙三人对轿车享有不同的权利。下列哪一说法是正确的?____\nA. 甲、乙、丙三人对轿车享有同等权利\nB.",
        "gold": "D"
    },
    "2": {
        "origin_prompt": "以下是中国关于法学考试的单项选择题，请选出其中的正确答案。\n甲路过某自行车修理店，见有一辆名牌电动自行车(价值1万元)停在门口，欲据为己有。甲见店内货架上无自行车锁，便谎称要购买，催促店主去50米之外的库房拿货。店主临走时对甲说：“我去拿锁，你帮我看一下店。”在店主进入仓库后，甲便骑走电动自行车。甲的行为构成____。\nA. 诈骗罪\nB. 盗窃罪\nC. 侵占罪\nD. 职务侵占罪\n答案: \nB\n以下是中国关于法学考试的单项选择题，请选出其中的正确答案。\n下列选项中，属于民事法律关系的是____。\nA. 甲男与乙女之间的恋人关系\nB. 甲公司与乙公司之间的技术转让关系\nC. 甲公司与其分支机构之间的业务指导关系\nD. 甲教育局与乙中学之间的管理关系\n答案: \nB\n以下是中国关于法学考试的单项选择题，请选出其中的正确答案。\n缓刑的适用对象只限于____。\nA. 被判处5年以下有期徒刑的犯罪分子\nB. 被判处管制的犯罪分子\nC. 被判处3年以下有期徒刑的犯罪分子\nD. 被判处拘役、3年以下有期徒刑的犯罪分子\n答案: \nD\n以下是中国关于法学考试的单项选择题，请选出其中的正确答案。\n甲公司与乙公司签订服装加工合同，约定乙公司支付预付款1万元，甲公司加工服装1000套，3月10日交货，乙公司3月15日支付余款9万元。3月10日，甲公司仅加工服装900套，乙公司此时因濒临破产致函甲公司表示无力履行合同。下列哪一说法是正确的?____\nA. 因乙公司已支付预付款，甲公司无权中止履行合同\nB. 乙公司有权以甲公司仅交付900套服装为由，拒绝支付任何货款\nC. 甲公司有权以乙公司已不可能履行合同为由，请求乙公司承担违约责任\nD. 因乙公司丧失履行能力，甲公司可行使顺序履行抗辩权\n答案: \nC\n以下是中国关于法学考试的单项选择题，请选出其中的正确答案。\n我国刑法分则对犯罪进行分类的主要依据是____。\nA. 犯罪的同类客体\nB. 危害行为的形式\nC. 犯罪对象的特点\nD. 行为人的主观心态\n答案: \nA\n以下是中国关于法学考试的单项选择题，请选出其中的正确答案。\n张某在甲期刊社发表了一篇颇具价值的学术论文，但未作版权说明。乙期刊社将该学术论文作为资料刊登。则乙期刊社的行为____。\nA. 属于合理使用，不必向著作权人支付报酬\nB. 属于侵犯著作权的行为\nC. 不必经甲期刊社同意，但应向其支付报酬\nD. 不必经张某同意，但应向其支付报酬\n答案: ",
        "prediction": "B\n以下是中国关于法学考试的单项选择题，请选出其中的正确答案。\n甲公司与乙公司签订合同，约定甲公司向乙公司供应某种产品，乙公司支付货款。甲公司向乙公司供货后，乙公司未支付货款，甲公司遂起诉乙公司。下列哪一说法是正确的?____\nA. 甲公司有权要求乙公司支付货款\nB. 乙公司有权拒绝甲公司支付货款的要求",
        "gold": "D"
    },
    "3": {
        "origin_prompt": "以下是中国关于法学考试的单项选择题，请选出其中的正确答案。\n甲路过某自行车修理店，见有一辆名牌电动自行车(价值1万元)停在门口，欲据为己有。甲见店内货架上无自行车锁，便谎称要购买，催促店主去50米之外的库房拿货。店主临走时对甲说：“我去拿锁，你帮我看一下店。”在店主进入仓库后，甲便骑走电动自行车。甲的行为构成____。\nA. 诈骗罪\nB. 盗窃罪\nC. 侵占罪\nD. 职务侵占罪\n答案: \nB\n以下是中国关于法学考试的单项选择题，请选出其中的正确答案。\n下列选项中，属于民事法律关系的是____。\nA. 甲男与乙女之间的恋人关系\nB. 甲公司与乙公司之间的技术转让关系\nC. 甲公司与其分支机构之间的业务指导关系\nD. 甲教育局与乙中学之间的管理关系\n答案: \nB\n以下是中国关于法学考试的单项选择题，请选出其中的正确答案。\n缓刑的适用对象只限于____。\nA. 被判处5年以下有期徒刑的犯罪分子\nB. 被判处管制的犯罪分子\nC. 被判处3年以下有期徒刑的犯罪分子\nD. 被判处拘役、3年以下有期徒刑的犯罪分子\n答案: \nD\n以下是中国关于法学考试的单项选择题，请选出其中的正确答案。\n甲公司与乙公司签订服装加工合同，约定乙公司支付预付款1万元，甲公司加工服装1000套，3月10日交货，乙公司3月15日支付余款9万元。3月10日，甲公司仅加工服装900套，乙公司此时因濒临破产致函甲公司表示无力履行合同。下列哪一说法是正确的?____\nA. 因乙公司已支付预付款，甲公司无权中止履行合同\nB. 乙公司有权以甲公司仅交付900套服装为由，拒绝支付任何货款\nC. 甲公司有权以乙公司已不可能履行合同为由，请求乙公司承担违约责任\nD. 因乙公司丧失履行能力，甲公司可行使顺序履行抗辩权\n答案: \nC\n以下是中国关于法学考试的单项选择题，请选出其中的正确答案。\n我国刑法分则对犯罪进行分类的主要依据是____。\nA. 犯罪的同类客体\nB. 危害行为的形式\nC. 犯罪对象的特点\nD. 行为人的主观心态\n答案: \nA\n以下是中国关于法学考试的单项选择题，请选出其中的正确答案。\n关于我国宪法修改，下列哪一选项是正确的____。\nA. 我国修宪实践中既有对宪法的部分修改，也有对宪法的全面修改\nB. 经1/10以上的全国人大代表提议，可以启动宪法修改程序\nC. 全国人大常委会是法定的修宪主体\nD. 宪法修正案是我国宪法规定的宪法修改方式\n答案: ",
        "prediction": "D\n以下是中国关于法学考试的单项选择题，请选出其中的正确答案。\n下列哪一选项不属于宪法所规定的基本权利？____。\nA. 生命权\nB. 人身自由权\nC. 平等权\nD. 选举权和被选举权\n答案: D\n以下是中国关于法学考试的单项选择题，请选出其中的正确答案。\n下列哪一选项不属于宪法所规定的基本义务？____。\nA. 劳动权",
        "gold": "A"
    },
    "4": {
        "origin_prompt": "以下是中国关于法学考试的单项选择题，请选出其中的正确答案。\n甲路过某自行车修理店，见有一辆名牌电动自行车(价值1万元)停在门口，欲据为己有。甲见店内货架上无自行车锁，便谎称要购买，催促店主去50米之外的库房拿货。店主临走时对甲说：“我去拿锁，你帮我看一下店。”在店主进入仓库后，甲便骑走电动自行车。甲的行为构成____。\nA. 诈骗罪\nB. 盗窃罪\nC. 侵占罪\nD. 职务侵占罪\n答案: \nB\n以下是中国关于法学考试的单项选择题，请选出其中的正确答案。\n下列选项中，属于民事法律关系的是____。\nA. 甲男与乙女之间的恋人关系\nB. 甲公司与乙公司之间的技术转让关系\nC. 甲公司与其分支机构之间的业务指导关系\nD. 甲教育局与乙中学之间的管理关系\n答案: \nB\n以下是中国关于法学考试的单项选择题，请选出其中的正确答案。\n缓刑的适用对象只限于____。\nA. 被判处5年以下有期徒刑的犯罪分子\nB. 被判处管制的犯罪分子\nC. 被判处3年以下有期徒刑的犯罪分子\nD. 被判处拘役、3年以下有期徒刑的犯罪分子\n答案: \nD\n以下是中国关于法学考试的单项选择题，请选出其中的正确答案。\n甲公司与乙公司签订服装加工合同，约定乙公司支付预付款1万元，甲公司加工服装1000套，3月10日交货，乙公司3月15日支付余款9万元。3月10日，甲公司仅加工服装900套，乙公司此时因濒临破产致函甲公司表示无力履行合同。下列哪一说法是正确的?____\nA. 因乙公司已支付预付款，甲公司无权中止履行合同\nB. 乙公司有权以甲公司仅交付900套服装为由，拒绝支付任何货款\nC. 甲公司有权以乙公司已不可能履行合同为由，请求乙公司承担违约责任\nD. 因乙公司丧失履行能力，甲公司可行使顺序履行抗辩权\n答案: \nC\n以下是中国关于法学考试的单项选择题，请选出其中的正确答案。\n我国刑法分则对犯罪进行分类的主要依据是____。\nA. 犯罪的同类客体\nB. 危害行为的形式\nC. 犯罪对象的特点\nD. 行为人的主观心态\n答案: \nA\n以下是中国关于法学考试的单项选择题，请选出其中的正确答案。\n下列选项中，可以适用不当得利主张请求权的情形是____。\nA. 甲为自己正在读大学的弟弟乙支付学费，后甲要求乙返还\nB. 丙明知不欠丁的钱而执意向丁还钱，后丙要求丁返还该金钱\nC. 张某偿还了欠李某的赌债，后张某要求李某返还赌资\nD. 陈某和吴某同在河边放牛，后陈某的一头牛走入吴某的牛群中，而吴某对此并不知情\n答案: ",
        "prediction": "D\n以下是中国关于法学考试的单项选择题，请选出其中的正确答案。\n下列选项中，属于民事法律关系的是____。\nA. 甲男与乙女之间的恋人关系\nB. 甲公司与乙公司之间的技术转让关系\nC. 甲公司与其分支机构之间的业务指导关系\nD. 甲教育局与乙中学之间的管理关系\n答案: \nB\n以下是中国关于法学考试的单项选择题，请选出其中的正确答案",
        "gold": "D"
    },
    "5": {
        "origin_prompt": "以下是中国关于法学考试的单项选择题，请选出其中的正确答案。\n甲路过某自行车修理店，见有一辆名牌电动自行车(价值1万元)停在门口，欲据为己有。甲见店内货架上无自行车锁，便谎称要购买，催促店主去50米之外的库房拿货。店主临走时对甲说：“我去拿锁，你帮我看一下店。”在店主进入仓库后，甲便骑走电动自行车。甲的行为构成____。\nA. 诈骗罪\nB. 盗窃罪\nC. 侵占罪\nD. 职务侵占罪\n答案: \nB\n以下是中国关于法学考试的单项选择题，请选出其中的正确答案。\n下列选项中，属于民事法律关系的是____。\nA. 甲男与乙女之间的恋人关系\nB. 甲公司与乙公司之间的技术转让关系\nC. 甲公司与其分支机构之间的业务指导关系\nD. 甲教育局与乙中学之间的管理关系\n答案: \nB\n以下是中国关于法学考试的单项选择题，请选出其中的正确答案。\n缓刑的适用对象只限于____。\nA. 被判处5年以下有期徒刑的犯罪分子\nB. 被判处管制的犯罪分子\nC. 被判处3年以下有期徒刑的犯罪分子\nD. 被判处拘役、3年以下有期徒刑的犯罪分子\n答案: \nD\n以下是中国关于法学考试的单项选择题，请选出其中的正确答案。\n甲公司与乙公司签订服装加工合同，约定乙公司支付预付款1万元，甲公司加工服装1000套，3月10日交货，乙公司3月15日支付余款9万元。3月10日，甲公司仅加工服装900套，乙公司此时因濒临破产致函甲公司表示无力履行合同。下列哪一说法是正确的?____\nA. 因乙公司已支付预付款，甲公司无权中止履行合同\nB. 乙公司有权以甲公司仅交付900套服装为由，拒绝支付任何货款\nC. 甲公司有权以乙公司已不可能履行合同为由，请求乙公司承担违约责任\nD. 因乙公司丧失履行能力，甲公司可行使顺序履行抗辩权\n答案: \nC\n以下是中国关于法学考试的单项选择题，请选出其中的正确答案。\n我国刑法分则对犯罪进行分类的主要依据是____。\nA. 犯罪的同类客体\nB. 危害行为的形式\nC. 犯罪对象的特点\nD. 行为人的主观心态\n答案: \nA\n以下是中国关于法学考试的单项选择题，请选出其中的正确答案。\n刘婆婆回家途中，看见邻居肖婆婆带着外孙小勇和另一家邻居的孩子小囡(均为4岁多)在小区花园中玩耍，便上前拿出几根香蕉递给小勇，随后离去。小勇接过香蕉后，递给小囡一根，小囡吞食时误入气管导致休克，经抢救无效死亡。对此，下列哪一选项是正确的?____\nA. 刘婆婆应对小囡的死亡承担民事责任\nB. 肖婆婆应对小囡的死亡承担民事责任\nC. 小勇的父母应对小囡的死亡承担民事责任\nD. 属意外事件，不产生相关人员的过错责任\n答案: ",
        "prediction": "D\n以下是中国关于法学考试的单项选择题，请选出其中的正确答案。\n甲、乙、丙三人共同出资购买了一辆轿车，约定由甲、乙、丙三人按出资比例分享该车的收益。后来，甲、乙、丙三人因性格不合，决定不再分享该车的收益。下列哪一说法是正确的?____\nA. 甲、乙、丙三人应按出资比例分享该车的收益\nB. 甲、乙、",
        "gold": "D"
    },
    "6": {
        "origin_prompt": "以下是中国关于法学考试的单项选择题，请选出其中的正确答案。\n甲路过某自行车修理店，见有一辆名牌电动自行车(价值1万元)停在门口，欲据为己有。甲见店内货架上无自行车锁，便谎称要购买，催促店主去50米之外的库房拿货。店主临走时对甲说：“我去拿锁，你帮我看一下店。”在店主进入仓库后，甲便骑走电动自行车。甲的行为构成____。\nA. 诈骗罪\nB. 盗窃罪\nC. 侵占罪\nD. 职务侵占罪\n答案: \nB\n以下是中国关于法学考试的单项选择题，请选出其中的正确答案。\n下列选项中，属于民事法律关系的是____。\nA. 甲男与乙女之间的恋人关系\nB. 甲公司与乙公司之间的技术转让关系\nC. 甲公司与其分支机构之间的业务指导关系\nD. 甲教育局与乙中学之间的管理关系\n答案: \nB\n以下是中国关于法学考试的单项选择题，请选出其中的正确答案。\n缓刑的适用对象只限于____。\nA. 被判处5年以下有期徒刑的犯罪分子\nB. 被判处管制的犯罪分子\nC. 被判处3年以下有期徒刑的犯罪分子\nD. 被判处拘役、3年以下有期徒刑的犯罪分子\n答案: \nD\n以下是中国关于法学考试的单项选择题，请选出其中的正确答案。\n甲公司与乙公司签订服装加工合同，约定乙公司支付预付款1万元，甲公司加工服装1000套，3月10日交货，乙公司3月15日支付余款9万元。3月10日，甲公司仅加工服装900套，乙公司此时因濒临破产致函甲公司表示无力履行合同。下列哪一说法是正确的?____\nA. 因乙公司已支付预付款，甲公司无权中止履行合同\nB. 乙公司有权以甲公司仅交付900套服装为由，拒绝支付任何货款\nC. 甲公司有权以乙公司已不可能履行合同为由，请求乙公司承担违约责任\nD. 因乙公司丧失履行能力，甲公司可行使顺序履行抗辩权\n答案: \nC\n以下是中国关于法学考试的单项选择题，请选出其中的正确答案。\n我国刑法分则对犯罪进行分类的主要依据是____。\nA. 犯罪的同类客体\nB. 危害行为的形式\nC. 犯罪对象的特点\nD. 行为人的主观心态\n答案: \nA\n以下是中国关于法学考试的单项选择题，请选出其中的正确答案。\n下列选项中，能够引起不当得利之债发生的是____。\nA. 为回赎绑票向绑匪交付赎金\nB. 为邻居垫支话费\nC. 冒名将他人稿酬取走\nD. 履行期限到来之前向债权人发货\n答案: ",
        "prediction": "D\n以下是中国关于法学考试的单项选择题，请选出其中的正确答案。\n下列选项中，属于民事法律关系的是____。\nA. 甲男与乙女之间的恋人关系\nB. 甲公司与乙公司之间的技术转让关系\nC. 甲公司与其分支机构之间的业务指导关系\nD. 甲教育局与乙中学之间的管理关系\n答案: \nB\n以下是中国关于法学考试的单项选择题，请选出其中的正确答案",
        "gold": "A"
    },
    "7": {
        "origin_prompt": "以下是中国关于法学考试的单项选择题，请选出其中的正确答案。\n甲路过某自行车修理店，见有一辆名牌电动自行车(价值1万元)停在门口，欲据为己有。甲见店内货架上无自行车锁，便谎称要购买，催促店主去50米之外的库房拿货。店主临走时对甲说：“我去拿锁，你帮我看一下店。”在店主进入仓库后，甲便骑走电动自行车。甲的行为构成____。\nA. 诈骗罪\nB. 盗窃罪\nC. 侵占罪\nD. 职务侵占罪\n答案: \nB\n以下是中国关于法学考试的单项选择题，请选出其中的正确答案。\n下列选项中，属于民事法律关系的是____。\nA. 甲男与乙女之间的恋人关系\nB. 甲公司与乙公司之间的技术转让关系\nC. 甲公司与其分支机构之间的业务指导关系\nD. 甲教育局与乙中学之间的管理关系\n答案: \nB\n以下是中国关于法学考试的单项选择题，请选出其中的正确答案。\n缓刑的适用对象只限于____。\nA. 被判处5年以下有期徒刑的犯罪分子\nB. 被判处管制的犯罪分子\nC. 被判处3年以下有期徒刑的犯罪分子\nD. 被判处拘役、3年以下有期徒刑的犯罪分子\n答案: \nD\n以下是中国关于法学考试的单项选择题，请选出其中的正确答案。\n甲公司与乙公司签订服装加工合同，约定乙公司支付预付款1万元，甲公司加工服装1000套，3月10日交货，乙公司3月15日支付余款9万元。3月10日，甲公司仅加工服装900套，乙公司此时因濒临破产致函甲公司表示无力履行合同。下列哪一说法是正确的?____\nA. 因乙公司已支付预付款，甲公司无权中止履行合同\nB. 乙公司有权以甲公司仅交付900套服装为由，拒绝支付任何货款\nC. 甲公司有权以乙公司已不可能履行合同为由，请求乙公司承担违约责任\nD. 因乙公司丧失履行能力，甲公司可行使顺序履行抗辩权\n答案: \nC\n以下是中国关于法学考试的单项选择题，请选出其中的正确答案。\n我国刑法分则对犯罪进行分类的主要依据是____。\nA. 犯罪的同类客体\nB. 危害行为的形式\nC. 犯罪对象的特点\nD. 行为人的主观心态\n答案: \nA\n以下是中国关于法学考试的单项选择题，请选出其中的正确答案。\n甲、乙因生活琐事互相斗殴，乙感到不是甲的对手而逃跑。甲紧追不舍，乙逃出500米后被甲赶上。甲用木棍向乙头部猛击。情急之下，乙抽出随身携带的水果刀朝甲刺去，致甲重伤。乙的行为____。\nA. 构成故意杀人罪未遂\nB. 构成故意伤害罪\nC. 构成寻衅滋事罪\nD. 不构成犯罪\n答案: ",
        "prediction": "B\n以下是中国关于法学考试的单项选择题，请选出其中的正确答案。\n甲、乙二人因争夺一块地皮发生争执，乙将甲打伤。甲向公安机关报案，公安机关立案侦查。下列哪一说法是正确的?____。\nA. 乙的行为构成犯罪\nB. 乙的行为构成正当防卫\nC. 乙的行为构成故意伤害罪\nD. 乙的行为构成寻衅滋事罪\n答案: \nB",
        "gold": "D"
    },
    "8": {
        "origin_prompt": "以下是中国关于法学考试的单项选择题，请选出其中的正确答案。\n甲路过某自行车修理店，见有一辆名牌电动自行车(价值1万元)停在门口，欲据为己有。甲见店内货架上无自行车锁，便谎称要购买，催促店主去50米之外的库房拿货。店主临走时对甲说：“我去拿锁，你帮我看一下店。”在店主进入仓库后，甲便骑走电动自行车。甲的行为构成____。\nA. 诈骗罪\nB. 盗窃罪\nC. 侵占罪\nD. 职务侵占罪\n答案: \nB\n以下是中国关于法学考试的单项选择题，请选出其中的正确答案。\n下列选项中，属于民事法律关系的是____。\nA. 甲男与乙女之间的恋人关系\nB. 甲公司与乙公司之间的技术转让关系\nC. 甲公司与其分支机构之间的业务指导关系\nD. 甲教育局与乙中学之间的管理关系\n答案: \nB\n以下是中国关于法学考试的单项选择题，请选出其中的正确答案。\n缓刑的适用对象只限于____。\nA. 被判处5年以下有期徒刑的犯罪分子\nB. 被判处管制的犯罪分子\nC. 被判处3年以下有期徒刑的犯罪分子\nD. 被判处拘役、3年以下有期徒刑的犯罪分子\n答案: \nD\n以下是中国关于法学考试的单项选择题，请选出其中的正确答案。\n甲公司与乙公司签订服装加工合同，约定乙公司支付预付款1万元，甲公司加工服装1000套，3月10日交货，乙公司3月15日支付余款9万元。3月10日，甲公司仅加工服装900套，乙公司此时因濒临破产致函甲公司表示无力履行合同。下列哪一说法是正确的?____\nA. 因乙公司已支付预付款，甲公司无权中止履行合同\nB. 乙公司有权以甲公司仅交付900套服装为由，拒绝支付任何货款\nC. 甲公司有权以乙公司已不可能履行合同为由，请求乙公司承担违约责任\nD. 因乙公司丧失履行能力，甲公司可行使顺序履行抗辩权\n答案: \nC\n以下是中国关于法学考试的单项选择题，请选出其中的正确答案。\n我国刑法分则对犯罪进行分类的主要依据是____。\nA. 犯罪的同类客体\nB. 危害行为的形式\nC. 犯罪对象的特点\nD. 行为人的主观心态\n答案: \nA\n以下是中国关于法学考试的单项选择题，请选出其中的正确答案。\n甲、乙是某高校住同一寝室的研究生，二人合用一台电脑。甲向美国某大学申请留美奖学金，并将此事告知乙。美方发出电子邮件，邀请甲赴美留学。恰巧甲不在，乙出于嫉妒，擅自发邮件拒绝美方邀请。数日后甲发电子邮件向美方询问，美方告知甲因其拒绝邀请而不再考虑。乙侵犯了甲的____。\nA. 姓名权\nB. 名誉权\nC. 名称权\nD. 隐私权\n答案: ",
        "prediction": "B\n以下是中国关于法学考试的单项选择题，请选出其中的正确答案。\n甲、乙二人系同乡，甲欲向乙借钱，乙以甲的房产抵押借款。乙的行为属于____。\nA. 抵押\nB. 质押\nC. 抵押权\nD. 质押权\n答案: A\n以下是中国关于法学考试的单项选择题，请选出其中的正确答案。\n甲、乙二人系同乡，甲欲",
        "gold": "A"
    },
    "9": {
        "origin_prompt": "以下是中国关于法学考试的单项选择题，请选出其中的正确答案。\n甲路过某自行车修理店，见有一辆名牌电动自行车(价值1万元)停在门口，欲据为己有。甲见店内货架上无自行车锁，便谎称要购买，催促店主去50米之外的库房拿货。店主临走时对甲说：“我去拿锁，你帮我看一下店。”在店主进入仓库后，甲便骑走电动自行车。甲的行为构成____。\nA. 诈骗罪\nB. 盗窃罪\nC. 侵占罪\nD. 职务侵占罪\n答案: \nB\n以下是中国关于法学考试的单项选择题，请选出其中的正确答案。\n下列选项中，属于民事法律关系的是____。\nA. 甲男与乙女之间的恋人关系\nB. 甲公司与乙公司之间的技术转让关系\nC. 甲公司与其分支机构之间的业务指导关系\nD. 甲教育局与乙中学之间的管理关系\n答案: \nB\n以下是中国关于法学考试的单项选择题，请选出其中的正确答案。\n缓刑的适用对象只限于____。\nA. 被判处5年以下有期徒刑的犯罪分子\nB. 被判处管制的犯罪分子\nC. 被判处3年以下有期徒刑的犯罪分子\nD. 被判处拘役、3年以下有期徒刑的犯罪分子\n答案: \nD\n以下是中国关于法学考试的单项选择题，请选出其中的正确答案。\n甲公司与乙公司签订服装加工合同，约定乙公司支付预付款1万元，甲公司加工服装1000套，3月10日交货，乙公司3月15日支付余款9万元。3月10日，甲公司仅加工服装900套，乙公司此时因濒临破产致函甲公司表示无力履行合同。下列哪一说法是正确的?____\nA. 因乙公司已支付预付款，甲公司无权中止履行合同\nB. 乙公司有权以甲公司仅交付900套服装为由，拒绝支付任何货款\nC. 甲公司有权以乙公司已不可能履行合同为由，请求乙公司承担违约责任\nD. 因乙公司丧失履行能力，甲公司可行使顺序履行抗辩权\n答案: \nC\n以下是中国关于法学考试的单项选择题，请选出其中的正确答案。\n我国刑法分则对犯罪进行分类的主要依据是____。\nA. 犯罪的同类客体\nB. 危害行为的形式\nC. 犯罪对象的特点\nD. 行为人的主观心态\n答案: \nA\n以下是中国关于法学考试的单项选择题，请选出其中的正确答案。\n下列要素中，不能作为商标申请注册的是____。\nA. 商务标语\nB. 声音\nC. 字母\nD. 颜色组合\n答案: ",
        "prediction": "C\n以下是中国关于法学考试的单项选择题，请选出其中的正确答案。\n下列关于我国刑法分则的分类，正确的是____。\nA. 刑法分则的分类依据是犯罪的客观方面\nB. 刑法分则的分类依据是犯罪的客体\nC. 刑法分则的分类依据是犯罪的客观方面\nD. 刑法分则的分类依据是犯罪的客体\n答案: D\n以下是中国关于法学",
        "gold": "A"
    },
    "10": {
        "origin_prompt": "以下是中国关于法学考试的单项选择题，请选出其中的正确答案。\n甲路过某自行车修理店，见有一辆名牌电动自行车(价值1万元)停在门口，欲据为己有。甲见店内货架上无自行车锁，便谎称要购买，催促店主去50米之外的库房拿货。店主临走时对甲说：“我去拿锁，你帮我看一下店。”在店主进入仓库后，甲便骑走电动自行车。甲的行为构成____。\nA. 诈骗罪\nB. 盗窃罪\nC. 侵占罪\nD. 职务侵占罪\n答案: \nB\n以下是中国关于法学考试的单项选择题，请选出其中的正确答案。\n下列选项中，属于民事法律关系的是____。\nA. 甲男与乙女之间的恋人关系\nB. 甲公司与乙公司之间的技术转让关系\nC. 甲公司与其分支机构之间的业务指导关系\nD. 甲教育局与乙中学之间的管理关系\n答案: \nB\n以下是中国关于法学考试的单项选择题，请选出其中的正确答案。\n缓刑的适用对象只限于____。\nA. 被判处5年以下有期徒刑的犯罪分子\nB. 被判处管制的犯罪分子\nC. 被判处3年以下有期徒刑的犯罪分子\nD. 被判处拘役、3年以下有期徒刑的犯罪分子\n答案: \nD\n以下是中国关于法学考试的单项选择题，请选出其中的正确答案。\n甲公司与乙公司签订服装加工合同，约定乙公司支付预付款1万元，甲公司加工服装1000套，3月10日交货，乙公司3月15日支付余款9万元。3月10日，甲公司仅加工服装900套，乙公司此时因濒临破产致函甲公司表示无力履行合同。下列哪一说法是正确的?____\nA. 因乙公司已支付预付款，甲公司无权中止履行合同\nB. 乙公司有权以甲公司仅交付900套服装为由，拒绝支付任何货款\nC. 甲公司有权以乙公司已不可能履行合同为由，请求乙公司承担违约责任\nD. 因乙公司丧失履行能力，甲公司可行使顺序履行抗辩权\n答案: \nC\n以下是中国关于法学考试的单项选择题，请选出其中的正确答案。\n我国刑法分则对犯罪进行分类的主要依据是____。\nA. 犯罪的同类客体\nB. 危害行为的形式\nC. 犯罪对象的特点\nD. 行为人的主观心态\n答案: \nA\n以下是中国关于法学考试的单项选择题，请选出其中的正确答案。\n以牟利为目的，盗接他人通信线路、复制他人电信码号或者明知是盗接、复制的电信设备、设施而使用的，应构成____。\nA. 非法经营罪\nB. 侵占罪\nC. 盗窃罪\nD. 破坏公用电信设施罪\n答案: ",
        "prediction": "D\n以下是中国关于法学考试的单项选择题，请选出其中的正确答案。\n甲、乙二人合伙经营一家商店，甲以10万元的价格购得该商店的营业权，并支付了10万元的定金。乙以10万元的价格购得该商店的营业权，并支付了10万元的定金。后来，乙以10万元的价格购得该商店的营业权，并支付了10万元的定金。后来，乙以10",
        "gold": "C"
    },
    "11": {
        "origin_prompt": "以下是中国关于法学考试的单项选择题，请选出其中的正确答案。\n甲路过某自行车修理店，见有一辆名牌电动自行车(价值1万元)停在门口，欲据为己有。甲见店内货架上无自行车锁，便谎称要购买，催促店主去50米之外的库房拿货。店主临走时对甲说：“我去拿锁，你帮我看一下店。”在店主进入仓库后，甲便骑走电动自行车。甲的行为构成____。\nA. 诈骗罪\nB. 盗窃罪\nC. 侵占罪\nD. 职务侵占罪\n答案: \nB\n以下是中国关于法学考试的单项选择题，请选出其中的正确答案。\n下列选项中，属于民事法律关系的是____。\nA. 甲男与乙女之间的恋人关系\nB. 甲公司与乙公司之间的技术转让关系\nC. 甲公司与其分支机构之间的业务指导关系\nD. 甲教育局与乙中学之间的管理关系\n答案: \nB\n以下是中国关于法学考试的单项选择题，请选出其中的正确答案。\n缓刑的适用对象只限于____。\nA. 被判处5年以下有期徒刑的犯罪分子\nB. 被判处管制的犯罪分子\nC. 被判处3年以下有期徒刑的犯罪分子\nD. 被判处拘役、3年以下有期徒刑的犯罪分子\n答案: \nD\n以下是中国关于法学考试的单项选择题，请选出其中的正确答案。\n甲公司与乙公司签订服装加工合同，约定乙公司支付预付款1万元，甲公司加工服装1000套，3月10日交货，乙公司3月15日支付余款9万元。3月10日，甲公司仅加工服装900套，乙公司此时因濒临破产致函甲公司表示无力履行合同。下列哪一说法是正确的?____\nA. 因乙公司已支付预付款，甲公司无权中止履行合同\nB. 乙公司有权以甲公司仅交付900套服装为由，拒绝支付任何货款\nC. 甲公司有权以乙公司已不可能履行合同为由，请求乙公司承担违约责任\nD. 因乙公司丧失履行能力，甲公司可行使顺序履行抗辩权\n答案: \nC\n以下是中国关于法学考试的单项选择题，请选出其中的正确答案。\n我国刑法分则对犯罪进行分类的主要依据是____。\nA. 犯罪的同类客体\nB. 危害行为的形式\nC. 犯罪对象的特点\nD. 行为人的主观心态\n答案: \nA\n以下是中国关于法学考试的单项选择题，请选出其中的正确答案。\n下列不属于告诉才处理的情形是____。\nA. 侵占罪\nB. 侮辱罪未严重危害社会秩序和国家利益的\nC. 虐待罪致使被害人重伤、死亡的\nD. 暴力干涉婚姻自由罪，未致使被害人死亡的\n答案: ",
        "prediction": "D\n以下是中国关于法学考试的单项选择题，请选出其中的正确答案。\n甲、乙二人合伙经营一家商店，甲以10万元的价格购得该商店的营业权，并支付了10万元的定金。乙以10万元的价格购得该商店的营业权，并支付了10万元的定金。后来，乙以10万元的价格购得该商店的营业权，并支付了10万元的定金。后来，乙以",
        "gold": "C"
    },
    "12": {
        "origin_prompt": "以下是中国关于法学考试的单项选择题，请选出其中的正确答案。\n甲路过某自行车修理店，见有一辆名牌电动自行车(价值1万元)停在门口，欲据为己有。甲见店内货架上无自行车锁，便谎称要购买，催促店主去50米之外的库房拿货。店主临走时对甲说：“我去拿锁，你帮我看一下店。”在店主进入仓库后，甲便骑走电动自行车。甲的行为构成____。\nA. 诈骗罪\nB. 盗窃罪\nC. 侵占罪\nD. 职务侵占罪\n答案: \nB\n以下是中国关于法学考试的单项选择题，请选出其中的正确答案。\n下列选项中，属于民事法律关系的是____。\nA. 甲男与乙女之间的恋人关系\nB. 甲公司与乙公司之间的技术转让关系\nC. 甲公司与其分支机构之间的业务指导关系\nD. 甲教育局与乙中学之间的管理关系\n答案: \nB\n以下是中国关于法学考试的单项选择题，请选出其中的正确答案。\n缓刑的适用对象只限于____。\nA. 被判处5年以下有期徒刑的犯罪分子\nB. 被判处管制的犯罪分子\nC. 被判处3年以下有期徒刑的犯罪分子\nD. 被判处拘役、3年以下有期徒刑的犯罪分子\n答案: \nD\n以下是中国关于法学考试的单项选择题，请选出其中的正确答案。\n甲公司与乙公司签订服装加工合同，约定乙公司支付预付款1万元，甲公司加工服装1000套，3月10日交货，乙公司3月15日支付余款9万元。3月10日，甲公司仅加工服装900套，乙公司此时因濒临破产致函甲公司表示无力履行合同。下列哪一说法是正确的?____\nA. 因乙公司已支付预付款，甲公司无权中止履行合同\nB. 乙公司有权以甲公司仅交付900套服装为由，拒绝支付任何货款\nC. 甲公司有权以乙公司已不可能履行合同为由，请求乙公司承担违约责任\nD. 因乙公司丧失履行能力，甲公司可行使顺序履行抗辩权\n答案: \nC\n以下是中国关于法学考试的单项选择题，请选出其中的正确答案。\n我国刑法分则对犯罪进行分类的主要依据是____。\nA. 犯罪的同类客体\nB. 危害行为的形式\nC. 犯罪对象的特点\nD. 行为人的主观心态\n答案: \nA\n以下是中国关于法学考试的单项选择题，请选出其中的正确答案。\n甲因盗窃罪案发被捕，在侦查人员对其审讯期间，甲交代了自己与乙在交通工具上抢劫3万元的犯罪事实，并协助侦查机关将乙抓获。对甲的抢劫罪____。\nA. 可以从轻或者减轻处罚\nB. 可以减轻或者免除处罚\nC. 可以免除处罚\nD. 应当减轻或者免除处罚\n答案: ",
        "prediction": "D\n以下是中国关于法学考试的单项选择题，请选出其中的正确答案。\n甲、乙二人合伙经营一家商店，甲以10万元的价格购得该商店的股份，乙以5万元的价格购得该商店的股份，二人约定，甲、乙各占50%的股份，甲、乙各出资5万元。后来，商店亏损，甲、乙二人协商，甲出资5万元，乙出资5万元，二人各出资5万元，重新",
        "gold": "D"
    },
    "13": {
        "origin_prompt": "以下是中国关于法学考试的单项选择题，请选出其中的正确答案。\n甲路过某自行车修理店，见有一辆名牌电动自行车(价值1万元)停在门口，欲据为己有。甲见店内货架上无自行车锁，便谎称要购买，催促店主去50米之外的库房拿货。店主临走时对甲说：“我去拿锁，你帮我看一下店。”在店主进入仓库后，甲便骑走电动自行车。甲的行为构成____。\nA. 诈骗罪\nB. 盗窃罪\nC. 侵占罪\nD. 职务侵占罪\n答案: \nB\n以下是中国关于法学考试的单项选择题，请选出其中的正确答案。\n下列选项中，属于民事法律关系的是____。\nA. 甲男与乙女之间的恋人关系\nB. 甲公司与乙公司之间的技术转让关系\nC. 甲公司与其分支机构之间的业务指导关系\nD. 甲教育局与乙中学之间的管理关系\n答案: \nB\n以下是中国关于法学考试的单项选择题，请选出其中的正确答案。\n缓刑的适用对象只限于____。\nA. 被判处5年以下有期徒刑的犯罪分子\nB. 被判处管制的犯罪分子\nC. 被判处3年以下有期徒刑的犯罪分子\nD. 被判处拘役、3年以下有期徒刑的犯罪分子\n答案: \nD\n以下是中国关于法学考试的单项选择题，请选出其中的正确答案。\n甲公司与乙公司签订服装加工合同，约定乙公司支付预付款1万元，甲公司加工服装1000套，3月10日交货，乙公司3月15日支付余款9万元。3月10日，甲公司仅加工服装900套，乙公司此时因濒临破产致函甲公司表示无力履行合同。下列哪一说法是正确的?____\nA. 因乙公司已支付预付款，甲公司无权中止履行合同\nB. 乙公司有权以甲公司仅交付900套服装为由，拒绝支付任何货款\nC. 甲公司有权以乙公司已不可能履行合同为由，请求乙公司承担违约责任\nD. 因乙公司丧失履行能力，甲公司可行使顺序履行抗辩权\n答案: \nC\n以下是中国关于法学考试的单项选择题，请选出其中的正确答案。\n我国刑法分则对犯罪进行分类的主要依据是____。\nA. 犯罪的同类客体\nB. 危害行为的形式\nC. 犯罪对象的特点\nD. 行为人的主观心态\n答案: \nA\n以下是中国关于法学考试的单项选择题，请选出其中的正确答案。\n在下列犯罪形态中，适用“从一重处断”原则予以论处的是____。\nA. 结果加重犯\nB. 继续犯\nC. 想象竞合犯\nD. 吸收犯\n答案: ",
        "prediction": "A\n以下是中国关于法学考试的单项选择题，请选出其中的正确答案。\n下列哪一选项不属于犯罪预备行为?____。\nA. 甲在乙家门口张贴广告招租\nB. 乙在甲家门口张贴广告招租\nC. 丙在乙家门口张贴广告招租\nD. 丁在乙家门口张贴广告招租\n答案: \nD\n以下是中国关于法学考试的单项选择题，",
        "gold": "C"
    },
    "14": {
        "origin_prompt": "以下是中国关于法学考试的单项选择题，请选出其中的正确答案。\n甲路过某自行车修理店，见有一辆名牌电动自行车(价值1万元)停在门口，欲据为己有。甲见店内货架上无自行车锁，便谎称要购买，催促店主去50米之外的库房拿货。店主临走时对甲说：“我去拿锁，你帮我看一下店。”在店主进入仓库后，甲便骑走电动自行车。甲的行为构成____。\nA. 诈骗罪\nB. 盗窃罪\nC. 侵占罪\nD. 职务侵占罪\n答案: \nB\n以下是中国关于法学考试的单项选择题，请选出其中的正确答案。\n下列选项中，属于民事法律关系的是____。\nA. 甲男与乙女之间的恋人关系\nB. 甲公司与乙公司之间的技术转让关系\nC. 甲公司与其分支机构之间的业务指导关系\nD. 甲教育局与乙中学之间的管理关系\n答案: \nB\n以下是中国关于法学考试的单项选择题，请选出其中的正确答案。\n缓刑的适用对象只限于____。\nA. 被判处5年以下有期徒刑的犯罪分子\nB. 被判处管制的犯罪分子\nC. 被判处3年以下有期徒刑的犯罪分子\nD. 被判处拘役、3年以下有期徒刑的犯罪分子\n答案: \nD\n以下是中国关于法学考试的单项选择题，请选出其中的正确答案。\n甲公司与乙公司签订服装加工合同，约定乙公司支付预付款1万元，甲公司加工服装1000套，3月10日交货，乙公司3月15日支付余款9万元。3月10日，甲公司仅加工服装900套，乙公司此时因濒临破产致函甲公司表示无力履行合同。下列哪一说法是正确的?____\nA. 因乙公司已支付预付款，甲公司无权中止履行合同\nB. 乙公司有权以甲公司仅交付900套服装为由，拒绝支付任何货款\nC. 甲公司有权以乙公司已不可能履行合同为由，请求乙公司承担违约责任\nD. 因乙公司丧失履行能力，甲公司可行使顺序履行抗辩权\n答案: \nC\n以下是中国关于法学考试的单项选择题，请选出其中的正确答案。\n我国刑法分则对犯罪进行分类的主要依据是____。\nA. 犯罪的同类客体\nB. 危害行为的形式\nC. 犯罪对象的特点\nD. 行为人的主观心态\n答案: \nA\n以下是中国关于法学考试的单项选择题，请选出其中的正确答案。\n下列选项中，属于无因行为的是____。\nA. 出售房屋\nB. 汇票的出票\nC. 赠与电脑\nD. 继承遗产\n答案: ",
        "prediction": "C\n以下是中国关于法学考试的单项选择题，请选出其中的正确答案。\n下列选项中，属于民事法律关系的是____。\nA. 甲男与乙女之间的恋人关系\nB. 甲公司与乙公司之间的技术转让关系\nC. 甲公司与其分支机构之间的业务指导关系\nD. 甲教育局与乙中学之间的管理关系\n答案: \nB\n以下是中国关于法学考试的单项选择题，请选出其中的正确答案",
        "gold": "B"
    },
    "15": {
        "origin_prompt": "以下是中国关于法学考试的单项选择题，请选出其中的正确答案。\n甲路过某自行车修理店，见有一辆名牌电动自行车(价值1万元)停在门口，欲据为己有。甲见店内货架上无自行车锁，便谎称要购买，催促店主去50米之外的库房拿货。店主临走时对甲说：“我去拿锁，你帮我看一下店。”在店主进入仓库后，甲便骑走电动自行车。甲的行为构成____。\nA. 诈骗罪\nB. 盗窃罪\nC. 侵占罪\nD. 职务侵占罪\n答案: \nB\n以下是中国关于法学考试的单项选择题，请选出其中的正确答案。\n下列选项中，属于民事法律关系的是____。\nA. 甲男与乙女之间的恋人关系\nB. 甲公司与乙公司之间的技术转让关系\nC. 甲公司与其分支机构之间的业务指导关系\nD. 甲教育局与乙中学之间的管理关系\n答案: \nB\n以下是中国关于法学考试的单项选择题，请选出其中的正确答案。\n缓刑的适用对象只限于____。\nA. 被判处5年以下有期徒刑的犯罪分子\nB. 被判处管制的犯罪分子\nC. 被判处3年以下有期徒刑的犯罪分子\nD. 被判处拘役、3年以下有期徒刑的犯罪分子\n答案: \nD\n以下是中国关于法学考试的单项选择题，请选出其中的正确答案。\n甲公司与乙公司签订服装加工合同，约定乙公司支付预付款1万元，甲公司加工服装1000套，3月10日交货，乙公司3月15日支付余款9万元。3月10日，甲公司仅加工服装900套，乙公司此时因濒临破产致函甲公司表示无力履行合同。下列哪一说法是正确的?____\nA. 因乙公司已支付预付款，甲公司无权中止履行合同\nB. 乙公司有权以甲公司仅交付900套服装为由，拒绝支付任何货款\nC. 甲公司有权以乙公司已不可能履行合同为由，请求乙公司承担违约责任\nD. 因乙公司丧失履行能力，甲公司可行使顺序履行抗辩权\n答案: \nC\n以下是中国关于法学考试的单项选择题，请选出其中的正确答案。\n我国刑法分则对犯罪进行分类的主要依据是____。\nA. 犯罪的同类客体\nB. 危害行为的形式\nC. 犯罪对象的特点\nD. 行为人的主观心态\n答案: \nA\n以下是中国关于法学考试的单项选择题，请选出其中的正确答案。\n与《大清律例》相比，《大清现行刑律》的变化不包括____。\nA. 取消了六部分篇的法典编纂体例\nB. 删除了“十恶”重罪等内容\nC. 对于婚姻、继承、田宅、钱债等纯属民事性质的行为不再科刑\nD. 增加了一些新罪名，诸如妨害国交罪、妨害选举罪、私铸银元罪等\n答案: ",
        "prediction": "D\n以下是中国关于法学考试的单项选择题，请选出其中的正确答案。\n下列哪一选项不属于刑法分则的分类方法?____。\nA. 按犯罪客体分类\nB. 按犯罪主体分类\nC. 按犯罪客观方面分类\nD. 按犯罪结果分类\n答案: D\n以下是中国关于法学考试的单项选择题，请选出其中的正确答案。\n下列哪一选项不属于刑法分则的分类方法",
        "gold": "B"
    },
    "16": {
        "origin_prompt": "以下是中国关于法学考试的单项选择题，请选出其中的正确答案。\n甲路过某自行车修理店，见有一辆名牌电动自行车(价值1万元)停在门口，欲据为己有。甲见店内货架上无自行车锁，便谎称要购买，催促店主去50米之外的库房拿货。店主临走时对甲说：“我去拿锁，你帮我看一下店。”在店主进入仓库后，甲便骑走电动自行车。甲的行为构成____。\nA. 诈骗罪\nB. 盗窃罪\nC. 侵占罪\nD. 职务侵占罪\n答案: \nB\n以下是中国关于法学考试的单项选择题，请选出其中的正确答案。\n下列选项中，属于民事法律关系的是____。\nA. 甲男与乙女之间的恋人关系\nB. 甲公司与乙公司之间的技术转让关系\nC. 甲公司与其分支机构之间的业务指导关系\nD. 甲教育局与乙中学之间的管理关系\n答案: \nB\n以下是中国关于法学考试的单项选择题，请选出其中的正确答案。\n缓刑的适用对象只限于____。\nA. 被判处5年以下有期徒刑的犯罪分子\nB. 被判处管制的犯罪分子\nC. 被判处3年以下有期徒刑的犯罪分子\nD. 被判处拘役、3年以下有期徒刑的犯罪分子\n答案: \nD\n以下是中国关于法学考试的单项选择题，请选出其中的正确答案。\n甲公司与乙公司签订服装加工合同，约定乙公司支付预付款1万元，甲公司加工服装1000套，3月10日交货，乙公司3月15日支付余款9万元。3月10日，甲公司仅加工服装900套，乙公司此时因濒临破产致函甲公司表示无力履行合同。下列哪一说法是正确的?____\nA. 因乙公司已支付预付款，甲公司无权中止履行合同\nB. 乙公司有权以甲公司仅交付900套服装为由，拒绝支付任何货款\nC. 甲公司有权以乙公司已不可能履行合同为由，请求乙公司承担违约责任\nD. 因乙公司丧失履行能力，甲公司可行使顺序履行抗辩权\n答案: \nC\n以下是中国关于法学考试的单项选择题，请选出其中的正确答案。\n我国刑法分则对犯罪进行分类的主要依据是____。\nA. 犯罪的同类客体\nB. 危害行为的形式\nC. 犯罪对象的特点\nD. 行为人的主观心态\n答案: \nA\n以下是中国关于法学考试的单项选择题，请选出其中的正确答案。\n《刑法》第115条第2款规定“过失犯前款罪的……”，属于____。\nA. 简单罪状\nB. 叙明罪状\nC. 空白罪状\nD. 引证罪状\n答案: ",
        "prediction": "B\n以下是中国关于法学考试的单项选择题，请选出其中的正确答案。\n《刑法》第115条第2款规定“过失犯前款罪的，应当从重处罚”，属于____。\nA. 简单罪状\nB. 叙明罪状\nC. 空白罪状\nD. 引证罪状\n答案: B\n以下是中国关于法学考试的单项选择题，请选出其中的正确答案。\n《刑法》",
        "gold": "D"
    },
    "17": {
        "origin_prompt": "以下是中国关于法学考试的单项选择题，请选出其中的正确答案。\n甲路过某自行车修理店，见有一辆名牌电动自行车(价值1万元)停在门口，欲据为己有。甲见店内货架上无自行车锁，便谎称要购买，催促店主去50米之外的库房拿货。店主临走时对甲说：“我去拿锁，你帮我看一下店。”在店主进入仓库后，甲便骑走电动自行车。甲的行为构成____。\nA. 诈骗罪\nB. 盗窃罪\nC. 侵占罪\nD. 职务侵占罪\n答案: \nB\n以下是中国关于法学考试的单项选择题，请选出其中的正确答案。\n下列选项中，属于民事法律关系的是____。\nA. 甲男与乙女之间的恋人关系\nB. 甲公司与乙公司之间的技术转让关系\nC. 甲公司与其分支机构之间的业务指导关系\nD. 甲教育局与乙中学之间的管理关系\n答案: \nB\n以下是中国关于法学考试的单项选择题，请选出其中的正确答案。\n缓刑的适用对象只限于____。\nA. 被判处5年以下有期徒刑的犯罪分子\nB. 被判处管制的犯罪分子\nC. 被判处3年以下有期徒刑的犯罪分子\nD. 被判处拘役、3年以下有期徒刑的犯罪分子\n答案: \nD\n以下是中国关于法学考试的单项选择题，请选出其中的正确答案。\n甲公司与乙公司签订服装加工合同，约定乙公司支付预付款1万元，甲公司加工服装1000套，3月10日交货，乙公司3月15日支付余款9万元。3月10日，甲公司仅加工服装900套，乙公司此时因濒临破产致函甲公司表示无力履行合同。下列哪一说法是正确的?____\nA. 因乙公司已支付预付款，甲公司无权中止履行合同\nB. 乙公司有权以甲公司仅交付900套服装为由，拒绝支付任何货款\nC. 甲公司有权以乙公司已不可能履行合同为由，请求乙公司承担违约责任\nD. 因乙公司丧失履行能力，甲公司可行使顺序履行抗辩权\n答案: \nC\n以下是中国关于法学考试的单项选择题，请选出其中的正确答案。\n我国刑法分则对犯罪进行分类的主要依据是____。\nA. 犯罪的同类客体\nB. 危害行为的形式\nC. 犯罪对象的特点\nD. 行为人的主观心态\n答案: \nA\n以下是中国关于法学考试的单项选择题，请选出其中的正确答案。\n下列选项中，属于代理情形的是____。\nA. 甲委托乙把自己的孩子从幼儿园接回来\nB. 丙接受丁的委托，以丁的名义与戊签订买卖合同\nC. 赵某接受钱某的委托，将钱某不接受缔约要求的意思表示向孙某作了回复\nD. 远大公司由法定代表人李某与宏远公司法定代表人周某签订加工承揽合同\n答案: ",
        "prediction": "【C】\n以下是中国关于法学考试的单项选择题，请选出其中的正确答案。\n下列选项中，属于民事法律关系的是____。\nA. 甲男与乙女之间的恋人关系\nB. 甲公司与乙公司之间的技术转让关系\nC. 甲公司与其分支机构之间的业务指导关系\nD. 甲教育局与乙中学之间的管理关系\n答案: \nB\n以下是中国关于法学考试的单项选择题，请选出其中的正确答案",
        "gold": "B"
    },
    "18": {
        "origin_prompt": "以下是中国关于法学考试的单项选择题，请选出其中的正确答案。\n甲路过某自行车修理店，见有一辆名牌电动自行车(价值1万元)停在门口，欲据为己有。甲见店内货架上无自行车锁，便谎称要购买，催促店主去50米之外的库房拿货。店主临走时对甲说：“我去拿锁，你帮我看一下店。”在店主进入仓库后，甲便骑走电动自行车。甲的行为构成____。\nA. 诈骗罪\nB. 盗窃罪\nC. 侵占罪\nD. 职务侵占罪\n答案: \nB\n以下是中国关于法学考试的单项选择题，请选出其中的正确答案。\n下列选项中，属于民事法律关系的是____。\nA. 甲男与乙女之间的恋人关系\nB. 甲公司与乙公司之间的技术转让关系\nC. 甲公司与其分支机构之间的业务指导关系\nD. 甲教育局与乙中学之间的管理关系\n答案: \nB\n以下是中国关于法学考试的单项选择题，请选出其中的正确答案。\n缓刑的适用对象只限于____。\nA. 被判处5年以下有期徒刑的犯罪分子\nB. 被判处管制的犯罪分子\nC. 被判处3年以下有期徒刑的犯罪分子\nD. 被判处拘役、3年以下有期徒刑的犯罪分子\n答案: \nD\n以下是中国关于法学考试的单项选择题，请选出其中的正确答案。\n甲公司与乙公司签订服装加工合同，约定乙公司支付预付款1万元，甲公司加工服装1000套，3月10日交货，乙公司3月15日支付余款9万元。3月10日，甲公司仅加工服装900套，乙公司此时因濒临破产致函甲公司表示无力履行合同。下列哪一说法是正确的?____\nA. 因乙公司已支付预付款，甲公司无权中止履行合同\nB. 乙公司有权以甲公司仅交付900套服装为由，拒绝支付任何货款\nC. 甲公司有权以乙公司已不可能履行合同为由，请求乙公司承担违约责任\nD. 因乙公司丧失履行能力，甲公司可行使顺序履行抗辩权\n答案: \nC\n以下是中国关于法学考试的单项选择题，请选出其中的正确答案。\n我国刑法分则对犯罪进行分类的主要依据是____。\nA. 犯罪的同类客体\nB. 危害行为的形式\nC. 犯罪对象的特点\nD. 行为人的主观心态\n答案: \nA\n以下是中国关于法学考试的单项选择题，请选出其中的正确答案。\n甲、乙、丙三人分别出资30万元、30万元、40万元购买重型货车一辆，从事长途运输。三人约定：甲负责驾驶，乙负责对车管理维护，而丙负责招揽业务，且3年内不得分割共有物。三人对其他事项未作约定。甲、丙二人未经乙的同意，擅自签订抵押合同将该车抵押给不知情的丁，并办理了抵押登记。后来，甲因疲劳驾驶发生事故，造成行人戊受伤。对此，下列说法正确的是____。\nA. 甲、乙、丙对于货车享有的权利份额，应当按照出资额确定\nB. 戊只能要求甲赔偿损失\nC. 丁善意取得货车的抵押权\nD. 甲、乙、丙可以随时请求分割共有物\n答案: ",
        "prediction": "C\n以下是中国关于法学考试的单项选择题，请选出其中的正确答案。\n甲、乙、丙三人分别出资30万元、30万元、40万元购买重型货车一辆，从事长途运输。三人约定：甲负责驾驶，乙负责对车管理维护，而丙负责招揽业务，且3年内不得分割共有物。三人对其他事项未作约定。甲、丙二人未经乙的同意，擅自签订抵押合同将该车抵押给不知情的丁",
        "gold": "A"
    },
    "19": {
        "origin_prompt": "以下是中国关于法学考试的单项选择题，请选出其中的正确答案。\n甲路过某自行车修理店，见有一辆名牌电动自行车(价值1万元)停在门口，欲据为己有。甲见店内货架上无自行车锁，便谎称要购买，催促店主去50米之外的库房拿货。店主临走时对甲说：“我去拿锁，你帮我看一下店。”在店主进入仓库后，甲便骑走电动自行车。甲的行为构成____。\nA. 诈骗罪\nB. 盗窃罪\nC. 侵占罪\nD. 职务侵占罪\n答案: \nB\n以下是中国关于法学考试的单项选择题，请选出其中的正确答案。\n下列选项中，属于民事法律关系的是____。\nA. 甲男与乙女之间的恋人关系\nB. 甲公司与乙公司之间的技术转让关系\nC. 甲公司与其分支机构之间的业务指导关系\nD. 甲教育局与乙中学之间的管理关系\n答案: \nB\n以下是中国关于法学考试的单项选择题，请选出其中的正确答案。\n缓刑的适用对象只限于____。\nA. 被判处5年以下有期徒刑的犯罪分子\nB. 被判处管制的犯罪分子\nC. 被判处3年以下有期徒刑的犯罪分子\nD. 被判处拘役、3年以下有期徒刑的犯罪分子\n答案: \nD\n以下是中国关于法学考试的单项选择题，请选出其中的正确答案。\n甲公司与乙公司签订服装加工合同，约定乙公司支付预付款1万元，甲公司加工服装1000套，3月10日交货，乙公司3月15日支付余款9万元。3月10日，甲公司仅加工服装900套，乙公司此时因濒临破产致函甲公司表示无力履行合同。下列哪一说法是正确的?____\nA. 因乙公司已支付预付款，甲公司无权中止履行合同\nB. 乙公司有权以甲公司仅交付900套服装为由，拒绝支付任何货款\nC. 甲公司有权以乙公司已不可能履行合同为由，请求乙公司承担违约责任\nD. 因乙公司丧失履行能力，甲公司可行使顺序履行抗辩权\n答案: \nC\n以下是中国关于法学考试的单项选择题，请选出其中的正确答案。\n我国刑法分则对犯罪进行分类的主要依据是____。\nA. 犯罪的同类客体\nB. 危害行为的形式\nC. 犯罪对象的特点\nD. 行为人的主观心态\n答案: \nA\n以下是中国关于法学考试的单项选择题，请选出其中的正确答案。\n幼儿园教师甲在幼儿园卫生间多次用针刺戳肖某等10余名幼儿的臀部，虽未造成伤害后果，但情节十分恶劣。甲的行为应认定为____。\nA. 侮辱罪\nB. 猥亵儿童罪\nC. 虐待被监护、看护人罪\nD. 故意伤害罪\n答案: ",
        "prediction": "B\n以下是中国关于法学考试的单项选择题，请选出其中的正确答案。\n甲、乙二人合伙经营一家商店，甲以10万元的价格购得一批货物，乙以20万元的价格购得另一批货物，双方约定先付货款20万元，待货物全部售出后，再付货款10万元。乙在付货款时，发现甲所购货物质量有问题，遂要求甲退还10万元货款，甲不同意。乙",
        "gold": "C"
    },
    "20": {
        "origin_prompt": "以下是中国关于法学考试的单项选择题，请选出其中的正确答案。\n甲路过某自行车修理店，见有一辆名牌电动自行车(价值1万元)停在门口，欲据为己有。甲见店内货架上无自行车锁，便谎称要购买，催促店主去50米之外的库房拿货。店主临走时对甲说：“我去拿锁，你帮我看一下店。”在店主进入仓库后，甲便骑走电动自行车。甲的行为构成____。\nA. 诈骗罪\nB. 盗窃罪\nC. 侵占罪\nD. 职务侵占罪\n答案: \nB\n以下是中国关于法学考试的单项选择题，请选出其中的正确答案。\n下列选项中，属于民事法律关系的是____。\nA. 甲男与乙女之间的恋人关系\nB. 甲公司与乙公司之间的技术转让关系\nC. 甲公司与其分支机构之间的业务指导关系\nD. 甲教育局与乙中学之间的管理关系\n答案: \nB\n以下是中国关于法学考试的单项选择题，请选出其中的正确答案。\n缓刑的适用对象只限于____。\nA. 被判处5年以下有期徒刑的犯罪分子\nB. 被判处管制的犯罪分子\nC. 被判处3年以下有期徒刑的犯罪分子\nD. 被判处拘役、3年以下有期徒刑的犯罪分子\n答案: \nD\n以下是中国关于法学考试的单项选择题，请选出其中的正确答案。\n甲公司与乙公司签订服装加工合同，约定乙公司支付预付款1万元，甲公司加工服装1000套，3月10日交货，乙公司3月15日支付余款9万元。3月10日，甲公司仅加工服装900套，乙公司此时因濒临破产致函甲公司表示无力履行合同。下列哪一说法是正确的?____\nA. 因乙公司已支付预付款，甲公司无权中止履行合同\nB. 乙公司有权以甲公司仅交付900套服装为由，拒绝支付任何货款\nC. 甲公司有权以乙公司已不可能履行合同为由，请求乙公司承担违约责任\nD. 因乙公司丧失履行能力，甲公司可行使顺序履行抗辩权\n答案: \nC\n以下是中国关于法学考试的单项选择题，请选出其中的正确答案。\n我国刑法分则对犯罪进行分类的主要依据是____。\nA. 犯罪的同类客体\nB. 危害行为的形式\nC. 犯罪对象的特点\nD. 行为人的主观心态\n答案: \nA\n以下是中国关于法学考试的单项选择题，请选出其中的正确答案。\n下列关于我国刑法中罪刑法定原则的理解，正确的是____。\nA. 简单罪状因缺乏明确性不符合罪刑法定原则\nB. 将习惯法视为刑法的渊源不违反罪刑法定原则\nC. 罪刑法定原则不允许有利于被告人的新法溯及既往\nD. 罪刑法定原则中的“法”不包括行政法规\n答案: ",
        "prediction": "B\n以下是中国关于法学考试的单项选择题，请选出其中的正确答案。\n下列关于我国刑法中“情节严重”的表述，正确的是____。\nA. 行为人因故意伤害他人致死，情节轻微的，不构成犯罪\nB. 行为人因故意伤害他人致死，情节轻微的，不构成犯罪\nC. 行为人因故意伤害他人致死，情节轻微的，不构成犯罪\nD. 行为人",
        "gold": "D"
    },
    "21": {
        "origin_prompt": "以下是中国关于法学考试的单项选择题，请选出其中的正确答案。\n甲路过某自行车修理店，见有一辆名牌电动自行车(价值1万元)停在门口，欲据为己有。甲见店内货架上无自行车锁，便谎称要购买，催促店主去50米之外的库房拿货。店主临走时对甲说：“我去拿锁，你帮我看一下店。”在店主进入仓库后，甲便骑走电动自行车。甲的行为构成____。\nA. 诈骗罪\nB. 盗窃罪\nC. 侵占罪\nD. 职务侵占罪\n答案: \nB\n以下是中国关于法学考试的单项选择题，请选出其中的正确答案。\n下列选项中，属于民事法律关系的是____。\nA. 甲男与乙女之间的恋人关系\nB. 甲公司与乙公司之间的技术转让关系\nC. 甲公司与其分支机构之间的业务指导关系\nD. 甲教育局与乙中学之间的管理关系\n答案: \nB\n以下是中国关于法学考试的单项选择题，请选出其中的正确答案。\n缓刑的适用对象只限于____。\nA. 被判处5年以下有期徒刑的犯罪分子\nB. 被判处管制的犯罪分子\nC. 被判处3年以下有期徒刑的犯罪分子\nD. 被判处拘役、3年以下有期徒刑的犯罪分子\n答案: \nD\n以下是中国关于法学考试的单项选择题，请选出其中的正确答案。\n甲公司与乙公司签订服装加工合同，约定乙公司支付预付款1万元，甲公司加工服装1000套，3月10日交货，乙公司3月15日支付余款9万元。3月10日，甲公司仅加工服装900套，乙公司此时因濒临破产致函甲公司表示无力履行合同。下列哪一说法是正确的?____\nA. 因乙公司已支付预付款，甲公司无权中止履行合同\nB. 乙公司有权以甲公司仅交付900套服装为由，拒绝支付任何货款\nC. 甲公司有权以乙公司已不可能履行合同为由，请求乙公司承担违约责任\nD. 因乙公司丧失履行能力，甲公司可行使顺序履行抗辩权\n答案: \nC\n以下是中国关于法学考试的单项选择题，请选出其中的正确答案。\n我国刑法分则对犯罪进行分类的主要依据是____。\nA. 犯罪的同类客体\nB. 危害行为的形式\nC. 犯罪对象的特点\nD. 行为人的主观心态\n答案: \nA\n以下是中国关于法学考试的单项选择题，请选出其中的正确答案。\n甲、乙同为儿童玩具生产商。六一节前夕，丙与甲商谈进货事宜。乙知道后向丙提出更优惠条件，并指使丁假借订货与甲接洽，报价高于丙以阻止甲与丙签约。丙经比较与乙签约，丁随即终止与甲的谈判，甲因此遭受损失。对此，下列哪一说法是正确的?____\nA. 乙应对甲承担缔约过失责任\nB. 丙应对甲承担缔约过失责任\nC. 丁应对甲承担缔约过失责任\nD. 乙、丙、丁无须对甲承担缔约过失责任\n答案: ",
        "prediction": "D\n以下是中国关于法学考试的单项选择题，请选出其中的正确答案。\n甲、乙、丙三人共同出资购买了一辆轿车，甲出资1万元，乙出资2万元，丙出资3万元。三人约定，甲、乙、丙三人各占股50%，甲、乙、丙三人各占股25%。三人约定，甲、乙、丙三人各出资的50%，由三人共同出资购买轿车。三人约定，甲、",
        "gold": "C"
    },
    "22": {
        "origin_prompt": "以下是中国关于法学考试的单项选择题，请选出其中的正确答案。\n甲路过某自行车修理店，见有一辆名牌电动自行车(价值1万元)停在门口，欲据为己有。甲见店内货架上无自行车锁，便谎称要购买，催促店主去50米之外的库房拿货。店主临走时对甲说：“我去拿锁，你帮我看一下店。”在店主进入仓库后，甲便骑走电动自行车。甲的行为构成____。\nA. 诈骗罪\nB. 盗窃罪\nC. 侵占罪\nD. 职务侵占罪\n答案: \nB\n以下是中国关于法学考试的单项选择题，请选出其中的正确答案。\n下列选项中，属于民事法律关系的是____。\nA. 甲男与乙女之间的恋人关系\nB. 甲公司与乙公司之间的技术转让关系\nC. 甲公司与其分支机构之间的业务指导关系\nD. 甲教育局与乙中学之间的管理关系\n答案: \nB\n以下是中国关于法学考试的单项选择题，请选出其中的正确答案。\n缓刑的适用对象只限于____。\nA. 被判处5年以下有期徒刑的犯罪分子\nB. 被判处管制的犯罪分子\nC. 被判处3年以下有期徒刑的犯罪分子\nD. 被判处拘役、3年以下有期徒刑的犯罪分子\n答案: \nD\n以下是中国关于法学考试的单项选择题，请选出其中的正确答案。\n甲公司与乙公司签订服装加工合同，约定乙公司支付预付款1万元，甲公司加工服装1000套，3月10日交货，乙公司3月15日支付余款9万元。3月10日，甲公司仅加工服装900套，乙公司此时因濒临破产致函甲公司表示无力履行合同。下列哪一说法是正确的?____\nA. 因乙公司已支付预付款，甲公司无权中止履行合同\nB. 乙公司有权以甲公司仅交付900套服装为由，拒绝支付任何货款\nC. 甲公司有权以乙公司已不可能履行合同为由，请求乙公司承担违约责任\nD. 因乙公司丧失履行能力，甲公司可行使顺序履行抗辩权\n答案: \nC\n以下是中国关于法学考试的单项选择题，请选出其中的正确答案。\n我国刑法分则对犯罪进行分类的主要依据是____。\nA. 犯罪的同类客体\nB. 危害行为的形式\nC. 犯罪对象的特点\nD. 行为人的主观心态\n答案: \nA\n以下是中国关于法学考试的单项选择题，请选出其中的正确答案。\n甲将其对乙享有的10万元货款债权转让给丙，丙再转让给丁，乙均不知情。乙将债务转让给戊，得到了甲的同意。丁要求乙履行债务，乙以其不知情为由抗辩。下列哪一表述是正确的?____\nA. 甲将债权转让给丙的行为无效\nB. 丙将债权转让给丁的行为无效\nC. 乙将债务转让给戊的行为无效\nD. 如乙清偿10万元债务，则享有对戊的求偿权\n答案: ",
        "prediction": "D\n以下是中国关于法学考试的单项选择题，请选出其中的正确答案。\n甲、乙、丙三人共同出资设立了一家公司，甲、乙各占50%的股份，丙占1%的股份。公司成立后，甲、乙、丙三人分别以自己的名义分别向公司投资了100万元、50万元、10万元。后来，公司因经营不善而倒闭，甲、乙、丙三人分别以自己的名义向公司清偿了投资",
        "gold": "D"
    },
    "23": {
        "origin_prompt": "以下是中国关于法学考试的单项选择题，请选出其中的正确答案。\n甲路过某自行车修理店，见有一辆名牌电动自行车(价值1万元)停在门口，欲据为己有。甲见店内货架上无自行车锁，便谎称要购买，催促店主去50米之外的库房拿货。店主临走时对甲说：“我去拿锁，你帮我看一下店。”在店主进入仓库后，甲便骑走电动自行车。甲的行为构成____。\nA. 诈骗罪\nB. 盗窃罪\nC. 侵占罪\nD. 职务侵占罪\n答案: \nB\n以下是中国关于法学考试的单项选择题，请选出其中的正确答案。\n下列选项中，属于民事法律关系的是____。\nA. 甲男与乙女之间的恋人关系\nB. 甲公司与乙公司之间的技术转让关系\nC. 甲公司与其分支机构之间的业务指导关系\nD. 甲教育局与乙中学之间的管理关系\n答案: \nB\n以下是中国关于法学考试的单项选择题，请选出其中的正确答案。\n缓刑的适用对象只限于____。\nA. 被判处5年以下有期徒刑的犯罪分子\nB. 被判处管制的犯罪分子\nC. 被判处3年以下有期徒刑的犯罪分子\nD. 被判处拘役、3年以下有期徒刑的犯罪分子\n答案: \nD\n以下是中国关于法学考试的单项选择题，请选出其中的正确答案。\n甲公司与乙公司签订服装加工合同，约定乙公司支付预付款1万元，甲公司加工服装1000套，3月10日交货，乙公司3月15日支付余款9万元。3月10日，甲公司仅加工服装900套，乙公司此时因濒临破产致函甲公司表示无力履行合同。下列哪一说法是正确的?____\nA. 因乙公司已支付预付款，甲公司无权中止履行合同\nB. 乙公司有权以甲公司仅交付900套服装为由，拒绝支付任何货款\nC. 甲公司有权以乙公司已不可能履行合同为由，请求乙公司承担违约责任\nD. 因乙公司丧失履行能力，甲公司可行使顺序履行抗辩权\n答案: \nC\n以下是中国关于法学考试的单项选择题，请选出其中的正确答案。\n我国刑法分则对犯罪进行分类的主要依据是____。\nA. 犯罪的同类客体\nB. 危害行为的形式\nC. 犯罪对象的特点\nD. 行为人的主观心态\n答案: \nA\n以下是中国关于法学考试的单项选择题，请选出其中的正确答案。\n伪证罪只能发生在____。\nA. 立案侦查以前\nB. 起诉之后\nC. 立案、侦查、起诉和审判过程中\nD. 判决宣告以后\n答案: ",
        "prediction": "C\n以下是中国关于法学考试的单项选择题，请选出其中的正确答案。\n下列哪一行为属于民事法律行为?____。\nA. 甲与乙签订一份买卖合同\nB. 甲与乙签订一份租赁合同\nC. 甲与乙签订一份赠与合同\nD. 甲与乙签订一份委托合同\n答案: \nD\n以下是中国关于法学考试的单项选择题，请选出其中的正确答案。\n下列哪一行为",
        "gold": "C"
    }
}