{
    "0": {
        "origin_prompt": "以下是中国关于高中化学考试的单项选择题，请选出其中的正确答案。\n可用来分离Fe^{3+}和Al^{3+}两种离子的试剂是____\nA. 盐酸\nB. 氢氧化钠溶液\nC. 氨水\nD. 硫氰化钾溶液\n答案: \nB\n以下是中国关于高中化学考试的单项选择题，请选出其中的正确答案。\n25 ℃时，将pH=2的强酸溶液与pH=13的强碱溶液混合，所得混合液的pH=11，则强酸溶液与强碱溶液的体积比是(忽略混合后溶液的体积变化)____\nA. $11:1$\nB. $9:1$\nC. $1:11$\nD. $1:9$\n答案: \nB\n以下是中国关于高中化学考试的单项选择题，请选出其中的正确答案。\n$N_A$为阿伏加德罗常数的值，下列说法正确的是____\nA. 1 mol HClO 中所含 H—Cl 键的数目为 $N_A$\nB. 8.8 g 乙酸乙酯中所含碳原子数为 0.4$N_A$\nC. 1.2 g C 与 0.1 mol $CO_2$ 在高温下充分反应生成的 CO 分子数为 0.1$N_A$\nD. 常温常压下，3.4g NH_3所含的中子数为0.2N_A\n答案: \nB\n以下是中国关于高中化学考试的单项选择题，请选出其中的正确答案。\n将铁片放入下列溶液中，溶液质量会减小的是____\nA. 硫酸\nB. 盐酸\nC. 硫酸亚铁\nD. 硫酸铜\n答案: \nD\n以下是中国关于高中化学考试的单项选择题，请选出其中的正确答案。\n下列物质属于共价化合物的是____\nA. $CaF_2$\nB. $Cl_2$\nC. $NaOH$\nD. $CCl_4$\n答案: \nD\n以下是中国关于高中化学考试的单项选择题，请选出其中的正确答案。\n对于淀粉和纤维素两种物质，下列说法正确的是____\nA. 两者都能水解，且水解的最终产物相同\nB. 两者含C、H、O三种元素的质量分数相同，且互为同分异构体\nC. 它们都属于糖类，且都是溶于水的高分子化合物\nD. 都可 用$\\left ( C_6H_6O_5\\right )_n$表示，但淀粉能发生银镜反应，而纤维素不能\n答案: ",
        "prediction": "\nD\n以下是中国关于高中化学考试的单项选择题，请选出其中的正确答案。\n下列物质中，属于离子化合物的是____\nA. 氯化钠\nB. 碳酸钙\nC. 氢氧化钠\nD. 硫酸铜\n答案: D\n以下是中国关于高中化学考试的单项选择题，请选出其中的正确答案。\n下列物质中，属于离子化合物的是____\nA. 氯化钠\nB. 碳酸钙",
        "gold": "A"
    },
    "1": {
        "origin_prompt": "以下是中国关于高中化学考试的单项选择题，请选出其中的正确答案。\n可用来分离Fe^{3+}和Al^{3+}两种离子的试剂是____\nA. 盐酸\nB. 氢氧化钠溶液\nC. 氨水\nD. 硫氰化钾溶液\n答案: \nB\n以下是中国关于高中化学考试的单项选择题，请选出其中的正确答案。\n25 ℃时，将pH=2的强酸溶液与pH=13的强碱溶液混合，所得混合液的pH=11，则强酸溶液与强碱溶液的体积比是(忽略混合后溶液的体积变化)____\nA. $11:1$\nB. $9:1$\nC. $1:11$\nD. $1:9$\n答案: \nB\n以下是中国关于高中化学考试的单项选择题，请选出其中的正确答案。\n$N_A$为阿伏加德罗常数的值，下列说法正确的是____\nA. 1 mol HClO 中所含 H—Cl 键的数目为 $N_A$\nB. 8.8 g 乙酸乙酯中所含碳原子数为 0.4$N_A$\nC. 1.2 g C 与 0.1 mol $CO_2$ 在高温下充分反应生成的 CO 分子数为 0.1$N_A$\nD. 常温常压下，3.4g NH_3所含的中子数为0.2N_A\n答案: \nB\n以下是中国关于高中化学考试的单项选择题，请选出其中的正确答案。\n将铁片放入下列溶液中，溶液质量会减小的是____\nA. 硫酸\nB. 盐酸\nC. 硫酸亚铁\nD. 硫酸铜\n答案: \nD\n以下是中国关于高中化学考试的单项选择题，请选出其中的正确答案。\n下列物质属于共价化合物的是____\nA. $CaF_2$\nB. $Cl_2$\nC. $NaOH$\nD. $CCl_4$\n答案: \nD\n以下是中国关于高中化学考试的单项选择题，请选出其中的正确答案。\na mol $Na_2O_2$和 b mol $NaHCO_3$固体混合后，在密闭容器中加热到250℃，使其充分反应，当排出气体为两种气体时，a︰b不可能为：____\nA. $3︰4$\nB. $3︰2$\nC. $2︰3$\nD. $4︰5$\n答案: ",
        "prediction": "D\n以下是中国关于高中化学考试的单项选择题，请选出其中的正确答案。\n下列关于化学键的说法正确的是____\nA. 离子键是由原子间共享电子形成的\nB. 共价键是由原子间共享电子形成的\nC. 离子键和共价键都是化学键\nD. 离子键和共价键都是化学键，但它们在化学键中占据不同的位置\n答案: B\n以下是中国关于高中化学",
        "gold": "B"
    },
    "2": {
        "origin_prompt": "以下是中国关于高中化学考试的单项选择题，请选出其中的正确答案。\n可用来分离Fe^{3+}和Al^{3+}两种离子的试剂是____\nA. 盐酸\nB. 氢氧化钠溶液\nC. 氨水\nD. 硫氰化钾溶液\n答案: \nB\n以下是中国关于高中化学考试的单项选择题，请选出其中的正确答案。\n25 ℃时，将pH=2的强酸溶液与pH=13的强碱溶液混合，所得混合液的pH=11，则强酸溶液与强碱溶液的体积比是(忽略混合后溶液的体积变化)____\nA. $11:1$\nB. $9:1$\nC. $1:11$\nD. $1:9$\n答案: \nB\n以下是中国关于高中化学考试的单项选择题，请选出其中的正确答案。\n$N_A$为阿伏加德罗常数的值，下列说法正确的是____\nA. 1 mol HClO 中所含 H—Cl 键的数目为 $N_A$\nB. 8.8 g 乙酸乙酯中所含碳原子数为 0.4$N_A$\nC. 1.2 g C 与 0.1 mol $CO_2$ 在高温下充分反应生成的 CO 分子数为 0.1$N_A$\nD. 常温常压下，3.4g NH_3所含的中子数为0.2N_A\n答案: \nB\n以下是中国关于高中化学考试的单项选择题，请选出其中的正确答案。\n将铁片放入下列溶液中，溶液质量会减小的是____\nA. 硫酸\nB. 盐酸\nC. 硫酸亚铁\nD. 硫酸铜\n答案: \nD\n以下是中国关于高中化学考试的单项选择题，请选出其中的正确答案。\n下列物质属于共价化合物的是____\nA. $CaF_2$\nB. $Cl_2$\nC. $NaOH$\nD. $CCl_4$\n答案: \nD\n以下是中国关于高中化学考试的单项选择题，请选出其中的正确答案。\nX、Y、Z、W、R是5种短周期元素，其原子序数依次增大。X是周期表中原子半径最小的元素，Y原子最外层电子数是次外层电子数的3倍，Z、W、R处于同一周期，R与Y处于同一主族，Z、W原子的核外电子数之和与Y、R原子的核外电子数之和相等。下列说法正确的是____\nA. 元素Y、Z、W具有相同电子层结构的离子，其半径依次增大\nB. 元素X不能与元素Y形成化合物$X_2Y_2$\nC. 元素Y、R分别与元素X形成的化合物的热稳定性：$X_mY > X_mR$\nD. 元素W、R的最高价氧化物的水化物都是强酸\n答案: ",
        "prediction": "【C】\n以下是中国关于高中化学考试的单项选择题，请选出其中的正确答案。\n下列关于$Na_2O_2$ 的叙述，正确的是____\nA. 在一定条件下，$Na_2O_2$ 与水反应生成$NaOH$ 和$O_2$\nB. 在一定条件下，$Na_2O_2$ 与水反应生成$NaOH$ 和$O_2",
        "gold": "C"
    },
    "3": {
        "origin_prompt": "以下是中国关于高中化学考试的单项选择题，请选出其中的正确答案。\n可用来分离Fe^{3+}和Al^{3+}两种离子的试剂是____\nA. 盐酸\nB. 氢氧化钠溶液\nC. 氨水\nD. 硫氰化钾溶液\n答案: \nB\n以下是中国关于高中化学考试的单项选择题，请选出其中的正确答案。\n25 ℃时，将pH=2的强酸溶液与pH=13的强碱溶液混合，所得混合液的pH=11，则强酸溶液与强碱溶液的体积比是(忽略混合后溶液的体积变化)____\nA. $11:1$\nB. $9:1$\nC. $1:11$\nD. $1:9$\n答案: \nB\n以下是中国关于高中化学考试的单项选择题，请选出其中的正确答案。\n$N_A$为阿伏加德罗常数的值，下列说法正确的是____\nA. 1 mol HClO 中所含 H—Cl 键的数目为 $N_A$\nB. 8.8 g 乙酸乙酯中所含碳原子数为 0.4$N_A$\nC. 1.2 g C 与 0.1 mol $CO_2$ 在高温下充分反应生成的 CO 分子数为 0.1$N_A$\nD. 常温常压下，3.4g NH_3所含的中子数为0.2N_A\n答案: \nB\n以下是中国关于高中化学考试的单项选择题，请选出其中的正确答案。\n将铁片放入下列溶液中，溶液质量会减小的是____\nA. 硫酸\nB. 盐酸\nC. 硫酸亚铁\nD. 硫酸铜\n答案: \nD\n以下是中国关于高中化学考试的单项选择题，请选出其中的正确答案。\n下列物质属于共价化合物的是____\nA. $CaF_2$\nB. $Cl_2$\nC. $NaOH$\nD. $CCl_4$\n答案: \nD\n以下是中国关于高中化学考试的单项选择题，请选出其中的正确答案。\n下列家庭小实验最合理的是____\nA. 将适量的苏打粉放在容器中加热，观察气体的产生\nB. 在洁净的水杯中先加入小苏打粉，再加入食醋，观察气体的产生\nC. 往稀白粥中加入少量加碘食盐，检验加碘食盐中含有$I_2$\nD. 在一瓣橘子上插入两根铜线并与小灯泡连接，验证电流的产生\n答案: ",
        "prediction": "D\n以下是中国关于高中化学考试的单项选择题，请选出其中的正确答案。\n下列实验操作中，正确的是____\nA. 用稀硫酸除去铁片表面的氧化铁\nB. 用稀盐酸除去铁片表面的氧化铁\nC. 用稀硫酸除去铁片表面的氧化铜\nD. 用稀盐酸除去铁片表面的氧化铜\n答案: D\n以下是中国关于高中化学考试的单项选择题，请选出",
        "gold": "B"
    },
    "4": {
        "origin_prompt": "以下是中国关于高中化学考试的单项选择题，请选出其中的正确答案。\n可用来分离Fe^{3+}和Al^{3+}两种离子的试剂是____\nA. 盐酸\nB. 氢氧化钠溶液\nC. 氨水\nD. 硫氰化钾溶液\n答案: \nB\n以下是中国关于高中化学考试的单项选择题，请选出其中的正确答案。\n25 ℃时，将pH=2的强酸溶液与pH=13的强碱溶液混合，所得混合液的pH=11，则强酸溶液与强碱溶液的体积比是(忽略混合后溶液的体积变化)____\nA. $11:1$\nB. $9:1$\nC. $1:11$\nD. $1:9$\n答案: \nB\n以下是中国关于高中化学考试的单项选择题，请选出其中的正确答案。\n$N_A$为阿伏加德罗常数的值，下列说法正确的是____\nA. 1 mol HClO 中所含 H—Cl 键的数目为 $N_A$\nB. 8.8 g 乙酸乙酯中所含碳原子数为 0.4$N_A$\nC. 1.2 g C 与 0.1 mol $CO_2$ 在高温下充分反应生成的 CO 分子数为 0.1$N_A$\nD. 常温常压下，3.4g NH_3所含的中子数为0.2N_A\n答案: \nB\n以下是中国关于高中化学考试的单项选择题，请选出其中的正确答案。\n将铁片放入下列溶液中，溶液质量会减小的是____\nA. 硫酸\nB. 盐酸\nC. 硫酸亚铁\nD. 硫酸铜\n答案: \nD\n以下是中国关于高中化学考试的单项选择题，请选出其中的正确答案。\n下列物质属于共价化合物的是____\nA. $CaF_2$\nB. $Cl_2$\nC. $NaOH$\nD. $CCl_4$\n答案: \nD\n以下是中国关于高中化学考试的单项选择题，请选出其中的正确答案。\n下列反应的离子方程式中正确的是____\nA. 氯气与水反应:$Cl_2+H_2O = 2H^+ + Cl^- + ClO^-$\nB. 氯气通入冷的氢氧化钠溶液中：$2Cl_2+2OH^- = 3Cl^- + ClO^- +H_2O$\nC. 氯化亚铁溶液中滴加过量新制氯水：$2Fe^{2+} + Cl_2 = 2Fe^{3+} + 2Cl^-$\nD. 少量碳酸钙固体加入足量稀盐酸中：$CO_3^{2-}+2H^+ = CO_2\\uparrow +H_2O$\n答案: ",
        "prediction": "【正确答案】 D\n【参考解析】\nA项，氯气与水反应生成氯化氢和次氯酸，离子方程式为$Cl_2+H_2O = HClO+Cl^-+HCl$，故A项错误；\nB项，氯气通入冷的氢氧化钠溶液中，离子方程式为$Cl_2+2OH^- = Cl^-+ClO^-+H_2O$，故B项错误",
        "gold": "C"
    },
    "5": {
        "origin_prompt": "以下是中国关于高中化学考试的单项选择题，请选出其中的正确答案。\n可用来分离Fe^{3+}和Al^{3+}两种离子的试剂是____\nA. 盐酸\nB. 氢氧化钠溶液\nC. 氨水\nD. 硫氰化钾溶液\n答案: \nB\n以下是中国关于高中化学考试的单项选择题，请选出其中的正确答案。\n25 ℃时，将pH=2的强酸溶液与pH=13的强碱溶液混合，所得混合液的pH=11，则强酸溶液与强碱溶液的体积比是(忽略混合后溶液的体积变化)____\nA. $11:1$\nB. $9:1$\nC. $1:11$\nD. $1:9$\n答案: \nB\n以下是中国关于高中化学考试的单项选择题，请选出其中的正确答案。\n$N_A$为阿伏加德罗常数的值，下列说法正确的是____\nA. 1 mol HClO 中所含 H—Cl 键的数目为 $N_A$\nB. 8.8 g 乙酸乙酯中所含碳原子数为 0.4$N_A$\nC. 1.2 g C 与 0.1 mol $CO_2$ 在高温下充分反应生成的 CO 分子数为 0.1$N_A$\nD. 常温常压下，3.4g NH_3所含的中子数为0.2N_A\n答案: \nB\n以下是中国关于高中化学考试的单项选择题，请选出其中的正确答案。\n将铁片放入下列溶液中，溶液质量会减小的是____\nA. 硫酸\nB. 盐酸\nC. 硫酸亚铁\nD. 硫酸铜\n答案: \nD\n以下是中国关于高中化学考试的单项选择题，请选出其中的正确答案。\n下列物质属于共价化合物的是____\nA. $CaF_2$\nB. $Cl_2$\nC. $NaOH$\nD. $CCl_4$\n答案: \nD\n以下是中国关于高中化学考试的单项选择题，请选出其中的正确答案。\n下列物质属于合成聚合物的是____\nA. 蛋白质\nB. 人造丝\nC. 人造棉\nD. 聚氯乙烯\n答案: ",
        "prediction": "\nD\n以下是中国关于高中化学考试的单项选择题，请选出其中的正确答案。\n下列物质中，属于氧化物的是____\nA. 氢氧化钠\nB. 碳酸钙\nC. 二氧化硫\nD. 二氧化氮\n答案: D\n以下是中国关于高中化学考试的单项选择题，请选出其中的正确答案。\n下列物质中，属于氧化物的是____\nA. 氢氧化钠\nB. 碳酸",
        "gold": "D"
    },
    "6": {
        "origin_prompt": "以下是中国关于高中化学考试的单项选择题，请选出其中的正确答案。\n可用来分离Fe^{3+}和Al^{3+}两种离子的试剂是____\nA. 盐酸\nB. 氢氧化钠溶液\nC. 氨水\nD. 硫氰化钾溶液\n答案: \nB\n以下是中国关于高中化学考试的单项选择题，请选出其中的正确答案。\n25 ℃时，将pH=2的强酸溶液与pH=13的强碱溶液混合，所得混合液的pH=11，则强酸溶液与强碱溶液的体积比是(忽略混合后溶液的体积变化)____\nA. $11:1$\nB. $9:1$\nC. $1:11$\nD. $1:9$\n答案: \nB\n以下是中国关于高中化学考试的单项选择题，请选出其中的正确答案。\n$N_A$为阿伏加德罗常数的值，下列说法正确的是____\nA. 1 mol HClO 中所含 H—Cl 键的数目为 $N_A$\nB. 8.8 g 乙酸乙酯中所含碳原子数为 0.4$N_A$\nC. 1.2 g C 与 0.1 mol $CO_2$ 在高温下充分反应生成的 CO 分子数为 0.1$N_A$\nD. 常温常压下，3.4g NH_3所含的中子数为0.2N_A\n答案: \nB\n以下是中国关于高中化学考试的单项选择题，请选出其中的正确答案。\n将铁片放入下列溶液中，溶液质量会减小的是____\nA. 硫酸\nB. 盐酸\nC. 硫酸亚铁\nD. 硫酸铜\n答案: \nD\n以下是中国关于高中化学考试的单项选择题，请选出其中的正确答案。\n下列物质属于共价化合物的是____\nA. $CaF_2$\nB. $Cl_2$\nC. $NaOH$\nD. $CCl_4$\n答案: \nD\n以下是中国关于高中化学考试的单项选择题，请选出其中的正确答案。\n氯的原子序数为17，$^{35}Cl$是氯的一种核素，下列说法正确的是____\nA. $^{35}Cl$原子所含质子数为18\nB. $\\frac{1}{18}$的$^1H^{35}Cl$分子所含中子数约为$6.02 \\times 10^23$\nC. 3.5g$^{35}Cl_{2}$气体的体积约为22.4L\nD. $^{35}Cl_{2}$气体的摩尔质量为70g\n答案: ",
        "prediction": "\nB\nB\n以下是中国关于高中化学考试的单项选择题，请选出其中的正确答案。\n下列关于$H_2O_2$的叙述中，正确的是____\nA. 在一定条件下，$H_2O_2$分解生成$H_2$和$O_2$，$H_2$的摩尔质量为$2×2=4$ g/mol\nB. 在一定条件下，$H",
        "gold": "B"
    },
    "7": {
        "origin_prompt": "以下是中国关于高中化学考试的单项选择题，请选出其中的正确答案。\n可用来分离Fe^{3+}和Al^{3+}两种离子的试剂是____\nA. 盐酸\nB. 氢氧化钠溶液\nC. 氨水\nD. 硫氰化钾溶液\n答案: \nB\n以下是中国关于高中化学考试的单项选择题，请选出其中的正确答案。\n25 ℃时，将pH=2的强酸溶液与pH=13的强碱溶液混合，所得混合液的pH=11，则强酸溶液与强碱溶液的体积比是(忽略混合后溶液的体积变化)____\nA. $11:1$\nB. $9:1$\nC. $1:11$\nD. $1:9$\n答案: \nB\n以下是中国关于高中化学考试的单项选择题，请选出其中的正确答案。\n$N_A$为阿伏加德罗常数的值，下列说法正确的是____\nA. 1 mol HClO 中所含 H—Cl 键的数目为 $N_A$\nB. 8.8 g 乙酸乙酯中所含碳原子数为 0.4$N_A$\nC. 1.2 g C 与 0.1 mol $CO_2$ 在高温下充分反应生成的 CO 分子数为 0.1$N_A$\nD. 常温常压下，3.4g NH_3所含的中子数为0.2N_A\n答案: \nB\n以下是中国关于高中化学考试的单项选择题，请选出其中的正确答案。\n将铁片放入下列溶液中，溶液质量会减小的是____\nA. 硫酸\nB. 盐酸\nC. 硫酸亚铁\nD. 硫酸铜\n答案: \nD\n以下是中国关于高中化学考试的单项选择题，请选出其中的正确答案。\n下列物质属于共价化合物的是____\nA. $CaF_2$\nB. $Cl_2$\nC. $NaOH$\nD. $CCl_4$\n答案: \nD\n以下是中国关于高中化学考试的单项选择题，请选出其中的正确答案。\n某有机物在氧气中燃烧生成水蒸气和二氧化碳的物质的量之比为 1：1，由此得出的结论是____\nA. 该有机物分子中 C：H：O 原子个数比为 1：2：3\nB. 该有机物分子中 C：H 原子个数比为 1：1\nC. 该有机物中必定含氧\nD. 无法判断该有机物中是否含氧\n答案: ",
        "prediction": "D\n以下是中国关于高中化学考试的单项选择题，请选出其中的正确答案。\n下列物质中，属于氧化物的是____\nA. 氢氧化钠\nB. 硫酸\nC. 碳酸钙\nD. 二氧化硫\n答案: \nD\n以下是中国关于高中化学考试的单项选择题，请选出其中的正确答案。\n下列物质中，属于氧化物的是____\nA. 氢氧化钠\nB. 硫酸\nC",
        "gold": "D"
    },
    "8": {
        "origin_prompt": "以下是中国关于高中化学考试的单项选择题，请选出其中的正确答案。\n可用来分离Fe^{3+}和Al^{3+}两种离子的试剂是____\nA. 盐酸\nB. 氢氧化钠溶液\nC. 氨水\nD. 硫氰化钾溶液\n答案: \nB\n以下是中国关于高中化学考试的单项选择题，请选出其中的正确答案。\n25 ℃时，将pH=2的强酸溶液与pH=13的强碱溶液混合，所得混合液的pH=11，则强酸溶液与强碱溶液的体积比是(忽略混合后溶液的体积变化)____\nA. $11:1$\nB. $9:1$\nC. $1:11$\nD. $1:9$\n答案: \nB\n以下是中国关于高中化学考试的单项选择题，请选出其中的正确答案。\n$N_A$为阿伏加德罗常数的值，下列说法正确的是____\nA. 1 mol HClO 中所含 H—Cl 键的数目为 $N_A$\nB. 8.8 g 乙酸乙酯中所含碳原子数为 0.4$N_A$\nC. 1.2 g C 与 0.1 mol $CO_2$ 在高温下充分反应生成的 CO 分子数为 0.1$N_A$\nD. 常温常压下，3.4g NH_3所含的中子数为0.2N_A\n答案: \nB\n以下是中国关于高中化学考试的单项选择题，请选出其中的正确答案。\n将铁片放入下列溶液中，溶液质量会减小的是____\nA. 硫酸\nB. 盐酸\nC. 硫酸亚铁\nD. 硫酸铜\n答案: \nD\n以下是中国关于高中化学考试的单项选择题，请选出其中的正确答案。\n下列物质属于共价化合物的是____\nA. $CaF_2$\nB. $Cl_2$\nC. $NaOH$\nD. $CCl_4$\n答案: \nD\n以下是中国关于高中化学考试的单项选择题，请选出其中的正确答案。\n主族元素W、X、Y、Z的原子序数依次增加，且均不大于20。W、X、Y最外层电子数之和为11，W与Y同族且都是复合化肥的营养元素，Z的氢化物遇水可产生最轻的气体。下列说法正确的____\nA. 常温常压下X的单质为气态\nB. 简单气态氢化物的热稳定性：Y>W\nC. Z的氢化物含有共价键\nD. 简单离子半径：W>X\n答案: ",
        "prediction": "【C】\n以下是中国关于高中化学考试的单项选择题，请选出其中的正确答案。\n下列关于金属的叙述，正确的是____\nA. 铜的熔点比铁低\nB. 铜的导电性比铁强\nC. 铜的导热性比铁强\nD. 铜的密度比铁大\n答案: 【D】\n以下是中国关于高中化学考试的单项选择题，请选出其中的正确答案。\n",
        "gold": "D"
    },
    "9": {
        "origin_prompt": "以下是中国关于高中化学考试的单项选择题，请选出其中的正确答案。\n可用来分离Fe^{3+}和Al^{3+}两种离子的试剂是____\nA. 盐酸\nB. 氢氧化钠溶液\nC. 氨水\nD. 硫氰化钾溶液\n答案: \nB\n以下是中国关于高中化学考试的单项选择题，请选出其中的正确答案。\n25 ℃时，将pH=2的强酸溶液与pH=13的强碱溶液混合，所得混合液的pH=11，则强酸溶液与强碱溶液的体积比是(忽略混合后溶液的体积变化)____\nA. $11:1$\nB. $9:1$\nC. $1:11$\nD. $1:9$\n答案: \nB\n以下是中国关于高中化学考试的单项选择题，请选出其中的正确答案。\n$N_A$为阿伏加德罗常数的值，下列说法正确的是____\nA. 1 mol HClO 中所含 H—Cl 键的数目为 $N_A$\nB. 8.8 g 乙酸乙酯中所含碳原子数为 0.4$N_A$\nC. 1.2 g C 与 0.1 mol $CO_2$ 在高温下充分反应生成的 CO 分子数为 0.1$N_A$\nD. 常温常压下，3.4g NH_3所含的中子数为0.2N_A\n答案: \nB\n以下是中国关于高中化学考试的单项选择题，请选出其中的正确答案。\n将铁片放入下列溶液中，溶液质量会减小的是____\nA. 硫酸\nB. 盐酸\nC. 硫酸亚铁\nD. 硫酸铜\n答案: \nD\n以下是中国关于高中化学考试的单项选择题，请选出其中的正确答案。\n下列物质属于共价化合物的是____\nA. $CaF_2$\nB. $Cl_2$\nC. $NaOH$\nD. $CCl_4$\n答案: \nD\n以下是中国关于高中化学考试的单项选择题，请选出其中的正确答案。\n氯化铜的稀溶液在盐酸中呈黄绿色，存在的化学平衡$Cu(H_2O)_4]^{2+}（淡蓝色）+4Cl^- \\rightleftharpoons(CuCl4)^{2—}（黄绿色）+4H_2O$，下列可使溶液变成淡蓝色的方法是____\nA. 减少蒸馏水\nB. 加硝酸银溶液\nC. 加氯化钠固体\nD. 加硫酸钠固体\n答案: ",
        "prediction": "\nB\n以下是中国关于高中化学考试的单项选择题，请选出其中的正确答案。\n下列物质中，属于离子化合物的是____\nA. 氯化钠\nB. 碳酸钙\nC. 氢氧化钠\nD. 硫酸铜\n答案: \nD\n以下是中国关于高中化学考试的单项选择题，请选出其中的正确答案。\n下列物质中，属于离子化合物的是____\nA. 氯化钠\nB. 碳酸",
        "gold": "B"
    },
    "10": {
        "origin_prompt": "以下是中国关于高中化学考试的单项选择题，请选出其中的正确答案。\n可用来分离Fe^{3+}和Al^{3+}两种离子的试剂是____\nA. 盐酸\nB. 氢氧化钠溶液\nC. 氨水\nD. 硫氰化钾溶液\n答案: \nB\n以下是中国关于高中化学考试的单项选择题，请选出其中的正确答案。\n25 ℃时，将pH=2的强酸溶液与pH=13的强碱溶液混合，所得混合液的pH=11，则强酸溶液与强碱溶液的体积比是(忽略混合后溶液的体积变化)____\nA. $11:1$\nB. $9:1$\nC. $1:11$\nD. $1:9$\n答案: \nB\n以下是中国关于高中化学考试的单项选择题，请选出其中的正确答案。\n$N_A$为阿伏加德罗常数的值，下列说法正确的是____\nA. 1 mol HClO 中所含 H—Cl 键的数目为 $N_A$\nB. 8.8 g 乙酸乙酯中所含碳原子数为 0.4$N_A$\nC. 1.2 g C 与 0.1 mol $CO_2$ 在高温下充分反应生成的 CO 分子数为 0.1$N_A$\nD. 常温常压下，3.4g NH_3所含的中子数为0.2N_A\n答案: \nB\n以下是中国关于高中化学考试的单项选择题，请选出其中的正确答案。\n将铁片放入下列溶液中，溶液质量会减小的是____\nA. 硫酸\nB. 盐酸\nC. 硫酸亚铁\nD. 硫酸铜\n答案: \nD\n以下是中国关于高中化学考试的单项选择题，请选出其中的正确答案。\n下列物质属于共价化合物的是____\nA. $CaF_2$\nB. $Cl_2$\nC. $NaOH$\nD. $CCl_4$\n答案: \nD\n以下是中国关于高中化学考试的单项选择题，请选出其中的正确答案。\n下列物质转化需要加入还原剂才能实现的是____\nA. $SO_3^{2-}$→$SO_2$\nB. $HCl$→$Cl_2$\nC. $Na$→$Na^+$\nD. $SO_2$→$S$\n答案: ",
        "prediction": "D\n以下是中国关于高中化学考试的单项选择题，请选出其中的正确答案。\n下列物质中，属于离子化合物的是____\nA. $Na_2O_2$\nB. $Na_2SO_4$\nC. $Na_2CO_3$\nD. $NaCl$\n答案: \nD\n以下是中国关于高中化学考试的单项选择题，请选出其中的正确答案。\n下列物质中，属于离子化合物的是____\nA",
        "gold": "D"
    },
    "11": {
        "origin_prompt": "以下是中国关于高中化学考试的单项选择题，请选出其中的正确答案。\n可用来分离Fe^{3+}和Al^{3+}两种离子的试剂是____\nA. 盐酸\nB. 氢氧化钠溶液\nC. 氨水\nD. 硫氰化钾溶液\n答案: \nB\n以下是中国关于高中化学考试的单项选择题，请选出其中的正确答案。\n25 ℃时，将pH=2的强酸溶液与pH=13的强碱溶液混合，所得混合液的pH=11，则强酸溶液与强碱溶液的体积比是(忽略混合后溶液的体积变化)____\nA. $11:1$\nB. $9:1$\nC. $1:11$\nD. $1:9$\n答案: \nB\n以下是中国关于高中化学考试的单项选择题，请选出其中的正确答案。\n$N_A$为阿伏加德罗常数的值，下列说法正确的是____\nA. 1 mol HClO 中所含 H—Cl 键的数目为 $N_A$\nB. 8.8 g 乙酸乙酯中所含碳原子数为 0.4$N_A$\nC. 1.2 g C 与 0.1 mol $CO_2$ 在高温下充分反应生成的 CO 分子数为 0.1$N_A$\nD. 常温常压下，3.4g NH_3所含的中子数为0.2N_A\n答案: \nB\n以下是中国关于高中化学考试的单项选择题，请选出其中的正确答案。\n将铁片放入下列溶液中，溶液质量会减小的是____\nA. 硫酸\nB. 盐酸\nC. 硫酸亚铁\nD. 硫酸铜\n答案: \nD\n以下是中国关于高中化学考试的单项选择题，请选出其中的正确答案。\n下列物质属于共价化合物的是____\nA. $CaF_2$\nB. $Cl_2$\nC. $NaOH$\nD. $CCl_4$\n答案: \nD\n以下是中国关于高中化学考试的单项选择题，请选出其中的正确答案。\n在一定温度下的恒容密闭容器中，当下列哪些物理量不再发生变化时，表明下述反应：$A(s) + 2B(g) \\rightleftharpoons C(g)+D(g)$已达到平衡状态____\n①混合气体的压强   ②混合气体的密度   ③B的物质的量浓度 ④气体的总物质的量\n⑤混合气体总质量\nA. ②③⑤\nB. ①②③\nC. ②③④\nD. ①③④⑤\n答案: ",
        "prediction": "①\n以下是中国关于高中化学考试的单项选择题，请选出其中的正确答案。\n下列关于化学键的说法正确的是____\nA. 离子键是由电子对形成的\nB. 离子键是由电子对形成的\nC. 共价键是由电子对形成的\nD. 共价键是由电子对形成的\n答案: D\n以下是中国关于高中化学考试的单项选择题，请选出其中的正确答案。\n下列关于化学键的说法正确的是",
        "gold": "A"
    },
    "12": {
        "origin_prompt": "以下是中国关于高中化学考试的单项选择题，请选出其中的正确答案。\n可用来分离Fe^{3+}和Al^{3+}两种离子的试剂是____\nA. 盐酸\nB. 氢氧化钠溶液\nC. 氨水\nD. 硫氰化钾溶液\n答案: \nB\n以下是中国关于高中化学考试的单项选择题，请选出其中的正确答案。\n25 ℃时，将pH=2的强酸溶液与pH=13的强碱溶液混合，所得混合液的pH=11，则强酸溶液与强碱溶液的体积比是(忽略混合后溶液的体积变化)____\nA. $11:1$\nB. $9:1$\nC. $1:11$\nD. $1:9$\n答案: \nB\n以下是中国关于高中化学考试的单项选择题，请选出其中的正确答案。\n$N_A$为阿伏加德罗常数的值，下列说法正确的是____\nA. 1 mol HClO 中所含 H—Cl 键的数目为 $N_A$\nB. 8.8 g 乙酸乙酯中所含碳原子数为 0.4$N_A$\nC. 1.2 g C 与 0.1 mol $CO_2$ 在高温下充分反应生成的 CO 分子数为 0.1$N_A$\nD. 常温常压下，3.4g NH_3所含的中子数为0.2N_A\n答案: \nB\n以下是中国关于高中化学考试的单项选择题，请选出其中的正确答案。\n将铁片放入下列溶液中，溶液质量会减小的是____\nA. 硫酸\nB. 盐酸\nC. 硫酸亚铁\nD. 硫酸铜\n答案: \nD\n以下是中国关于高中化学考试的单项选择题，请选出其中的正确答案。\n下列物质属于共价化合物的是____\nA. $CaF_2$\nB. $Cl_2$\nC. $NaOH$\nD. $CCl_4$\n答案: \nD\n以下是中国关于高中化学考试的单项选择题，请选出其中的正确答案。\n诗句“春蚕到死丝方尽，蜡烛成灰泪始干”中“丝”和“泪”分别指____\nA. 纤维素  油脂\nB. 蛋白质  烃类\nC. 淀粉  油脂\nD. 蛋白质  油脂\n答案: ",
        "prediction": "D\n以下是中国关于高中化学考试的单项选择题，请选出其中的正确答案。\n下列物质中，属于氧化物的是____\nA. 氢氧化钠\nB. 二氧化碳\nC. 硫酸\nD. 氯化钠\n答案: \nB\n以下是中国关于高中化学考试的单项选择题，请选出其中的正确答案。\n下列物质中，属于氧化物的是____\nA. 氢氧化钠\nB. 二氧化碳\nC. 硫酸",
        "gold": "B"
    },
    "13": {
        "origin_prompt": "以下是中国关于高中化学考试的单项选择题，请选出其中的正确答案。\n可用来分离Fe^{3+}和Al^{3+}两种离子的试剂是____\nA. 盐酸\nB. 氢氧化钠溶液\nC. 氨水\nD. 硫氰化钾溶液\n答案: \nB\n以下是中国关于高中化学考试的单项选择题，请选出其中的正确答案。\n25 ℃时，将pH=2的强酸溶液与pH=13的强碱溶液混合，所得混合液的pH=11，则强酸溶液与强碱溶液的体积比是(忽略混合后溶液的体积变化)____\nA. $11:1$\nB. $9:1$\nC. $1:11$\nD. $1:9$\n答案: \nB\n以下是中国关于高中化学考试的单项选择题，请选出其中的正确答案。\n$N_A$为阿伏加德罗常数的值，下列说法正确的是____\nA. 1 mol HClO 中所含 H—Cl 键的数目为 $N_A$\nB. 8.8 g 乙酸乙酯中所含碳原子数为 0.4$N_A$\nC. 1.2 g C 与 0.1 mol $CO_2$ 在高温下充分反应生成的 CO 分子数为 0.1$N_A$\nD. 常温常压下，3.4g NH_3所含的中子数为0.2N_A\n答案: \nB\n以下是中国关于高中化学考试的单项选择题，请选出其中的正确答案。\n将铁片放入下列溶液中，溶液质量会减小的是____\nA. 硫酸\nB. 盐酸\nC. 硫酸亚铁\nD. 硫酸铜\n答案: \nD\n以下是中国关于高中化学考试的单项选择题，请选出其中的正确答案。\n下列物质属于共价化合物的是____\nA. $CaF_2$\nB. $Cl_2$\nC. $NaOH$\nD. $CCl_4$\n答案: \nD\n以下是中国关于高中化学考试的单项选择题，请选出其中的正确答案。\n下列物质中既属于有机物，又属于酸的是____\nA. $H_2CO_3$\nB. $CH_3OH$\nC. $CH_3CH_2OH $\nD. $CH_3COOH$\n答案: ",
        "prediction": "D\n以下是中国关于高中化学考试的单项选择题，请选出其中的正确答案。\n下列物质中，既属于有机物，又属于碱的是____\nA. $CH_3CH_2OH$\nB. $CH_3CH_2OH$\nC. $CH_3CH_2OH$\nD. $CH_3CH_2OH$\n答案: D\n以下是中国关于高中化学考试的单项选择题，请选出其中的正确答案。",
        "gold": "D"
    },
    "14": {
        "origin_prompt": "以下是中国关于高中化学考试的单项选择题，请选出其中的正确答案。\n可用来分离Fe^{3+}和Al^{3+}两种离子的试剂是____\nA. 盐酸\nB. 氢氧化钠溶液\nC. 氨水\nD. 硫氰化钾溶液\n答案: \nB\n以下是中国关于高中化学考试的单项选择题，请选出其中的正确答案。\n25 ℃时，将pH=2的强酸溶液与pH=13的强碱溶液混合，所得混合液的pH=11，则强酸溶液与强碱溶液的体积比是(忽略混合后溶液的体积变化)____\nA. $11:1$\nB. $9:1$\nC. $1:11$\nD. $1:9$\n答案: \nB\n以下是中国关于高中化学考试的单项选择题，请选出其中的正确答案。\n$N_A$为阿伏加德罗常数的值，下列说法正确的是____\nA. 1 mol HClO 中所含 H—Cl 键的数目为 $N_A$\nB. 8.8 g 乙酸乙酯中所含碳原子数为 0.4$N_A$\nC. 1.2 g C 与 0.1 mol $CO_2$ 在高温下充分反应生成的 CO 分子数为 0.1$N_A$\nD. 常温常压下，3.4g NH_3所含的中子数为0.2N_A\n答案: \nB\n以下是中国关于高中化学考试的单项选择题，请选出其中的正确答案。\n将铁片放入下列溶液中，溶液质量会减小的是____\nA. 硫酸\nB. 盐酸\nC. 硫酸亚铁\nD. 硫酸铜\n答案: \nD\n以下是中国关于高中化学考试的单项选择题，请选出其中的正确答案。\n下列物质属于共价化合物的是____\nA. $CaF_2$\nB. $Cl_2$\nC. $NaOH$\nD. $CCl_4$\n答案: \nD\n以下是中国关于高中化学考试的单项选择题，请选出其中的正确答案。\n下列物质不能与氢氧化钠溶液发生反应的是____\nA. 氯气\nB. 碳酸氢钠\nC. 二氧化硅\nD. 镁\n答案: ",
        "prediction": "D\n以下是中国关于高中化学考试的单项选择题，请选出其中的正确答案。\n下列物质中，能与氢氧化钠溶液反应生成氢氧化钠和水的化合物是____\nA. 氯化钠\nB. 碳酸钠\nC. 碳酸氢钠\nD. 硫酸铜\n答案: C\n以下是中国关于高中化学考试的单项选择题，请选出其中的正确答案。\n下列物质中，能与氢氧化钠溶液反应生成",
        "gold": "D"
    },
    "15": {
        "origin_prompt": "以下是中国关于高中化学考试的单项选择题，请选出其中的正确答案。\n可用来分离Fe^{3+}和Al^{3+}两种离子的试剂是____\nA. 盐酸\nB. 氢氧化钠溶液\nC. 氨水\nD. 硫氰化钾溶液\n答案: \nB\n以下是中国关于高中化学考试的单项选择题，请选出其中的正确答案。\n25 ℃时，将pH=2的强酸溶液与pH=13的强碱溶液混合，所得混合液的pH=11，则强酸溶液与强碱溶液的体积比是(忽略混合后溶液的体积变化)____\nA. $11:1$\nB. $9:1$\nC. $1:11$\nD. $1:9$\n答案: \nB\n以下是中国关于高中化学考试的单项选择题，请选出其中的正确答案。\n$N_A$为阿伏加德罗常数的值，下列说法正确的是____\nA. 1 mol HClO 中所含 H—Cl 键的数目为 $N_A$\nB. 8.8 g 乙酸乙酯中所含碳原子数为 0.4$N_A$\nC. 1.2 g C 与 0.1 mol $CO_2$ 在高温下充分反应生成的 CO 分子数为 0.1$N_A$\nD. 常温常压下，3.4g NH_3所含的中子数为0.2N_A\n答案: \nB\n以下是中国关于高中化学考试的单项选择题，请选出其中的正确答案。\n将铁片放入下列溶液中，溶液质量会减小的是____\nA. 硫酸\nB. 盐酸\nC. 硫酸亚铁\nD. 硫酸铜\n答案: \nD\n以下是中国关于高中化学考试的单项选择题，请选出其中的正确答案。\n下列物质属于共价化合物的是____\nA. $CaF_2$\nB. $Cl_2$\nC. $NaOH$\nD. $CCl_4$\n答案: \nD\n以下是中国关于高中化学考试的单项选择题，请选出其中的正确答案。\n灼烧绿矾的反应方程式如下：$7(FeSO_4 \\cdot 7H_2O)\\stackrel{强热}{=}Fe_2O_3 +SO_2\\uparrow + SO_3\\uparrow +14H_2O$;将生成的气体通入BaCl2溶液中，下列叙述中正确的是____\nA. 有$BaSO_4$生成\nB. 有$BaSO_3$生成\nC. 同时有$BaSO_4$和$BaSO_3$生成\nD. 有$SO_3$逸出\n答案: ",
        "prediction": "【D】\n以下是中国关于高中化学考试的单项选择题，请选出其中的正确答案。\n下列关于$Na_2CO_3$的叙述中正确的是____\nA. 加热时，$Na_2CO_3$会分解\nB. 加热时，$Na_2CO_3$会分解\nC. 加热时，$Na_2CO_3$会分解\nD. 加热时，$Na_2CO",
        "gold": "A"
    },
    "16": {
        "origin_prompt": "以下是中国关于高中化学考试的单项选择题，请选出其中的正确答案。\n可用来分离Fe^{3+}和Al^{3+}两种离子的试剂是____\nA. 盐酸\nB. 氢氧化钠溶液\nC. 氨水\nD. 硫氰化钾溶液\n答案: \nB\n以下是中国关于高中化学考试的单项选择题，请选出其中的正确答案。\n25 ℃时，将pH=2的强酸溶液与pH=13的强碱溶液混合，所得混合液的pH=11，则强酸溶液与强碱溶液的体积比是(忽略混合后溶液的体积变化)____\nA. $11:1$\nB. $9:1$\nC. $1:11$\nD. $1:9$\n答案: \nB\n以下是中国关于高中化学考试的单项选择题，请选出其中的正确答案。\n$N_A$为阿伏加德罗常数的值，下列说法正确的是____\nA. 1 mol HClO 中所含 H—Cl 键的数目为 $N_A$\nB. 8.8 g 乙酸乙酯中所含碳原子数为 0.4$N_A$\nC. 1.2 g C 与 0.1 mol $CO_2$ 在高温下充分反应生成的 CO 分子数为 0.1$N_A$\nD. 常温常压下，3.4g NH_3所含的中子数为0.2N_A\n答案: \nB\n以下是中国关于高中化学考试的单项选择题，请选出其中的正确答案。\n将铁片放入下列溶液中，溶液质量会减小的是____\nA. 硫酸\nB. 盐酸\nC. 硫酸亚铁\nD. 硫酸铜\n答案: \nD\n以下是中国关于高中化学考试的单项选择题，请选出其中的正确答案。\n下列物质属于共价化合物的是____\nA. $CaF_2$\nB. $Cl_2$\nC. $NaOH$\nD. $CCl_4$\n答案: \nD\n以下是中国关于高中化学考试的单项选择题，请选出其中的正确答案。\n生石灰中含有碳酸钙和二氧化硅，要检验这两种杂质是否存在，选用的试剂最好是____\nA. 稀盐酸\nB. 水\nC. 烧碱溶液\nD. 稀硫酸\n答案: ",
        "prediction": "D\n以下是中国关于高中化学考试的单项选择题，请选出其中的正确答案。\n下列物质中，属于离子化合物的是____\nA. 氯化钠\nB. 碳酸钙\nC. 氢氧化钠\nD. 硫酸铜\n答案: D\n以下是中国关于高中化学考试的单项选择题，请选出其中的正确答案。\n下列物质中，属于离子化合物的是____\nA. 氯化钠\nB. 碳酸钙\nC",
        "gold": "A"
    },
    "17": {
        "origin_prompt": "以下是中国关于高中化学考试的单项选择题，请选出其中的正确答案。\n可用来分离Fe^{3+}和Al^{3+}两种离子的试剂是____\nA. 盐酸\nB. 氢氧化钠溶液\nC. 氨水\nD. 硫氰化钾溶液\n答案: \nB\n以下是中国关于高中化学考试的单项选择题，请选出其中的正确答案。\n25 ℃时，将pH=2的强酸溶液与pH=13的强碱溶液混合，所得混合液的pH=11，则强酸溶液与强碱溶液的体积比是(忽略混合后溶液的体积变化)____\nA. $11:1$\nB. $9:1$\nC. $1:11$\nD. $1:9$\n答案: \nB\n以下是中国关于高中化学考试的单项选择题，请选出其中的正确答案。\n$N_A$为阿伏加德罗常数的值，下列说法正确的是____\nA. 1 mol HClO 中所含 H—Cl 键的数目为 $N_A$\nB. 8.8 g 乙酸乙酯中所含碳原子数为 0.4$N_A$\nC. 1.2 g C 与 0.1 mol $CO_2$ 在高温下充分反应生成的 CO 分子数为 0.1$N_A$\nD. 常温常压下，3.4g NH_3所含的中子数为0.2N_A\n答案: \nB\n以下是中国关于高中化学考试的单项选择题，请选出其中的正确答案。\n将铁片放入下列溶液中，溶液质量会减小的是____\nA. 硫酸\nB. 盐酸\nC. 硫酸亚铁\nD. 硫酸铜\n答案: \nD\n以下是中国关于高中化学考试的单项选择题，请选出其中的正确答案。\n下列物质属于共价化合物的是____\nA. $CaF_2$\nB. $Cl_2$\nC. $NaOH$\nD. $CCl_4$\n答案: \nD\n以下是中国关于高中化学考试的单项选择题，请选出其中的正确答案。\n已知$2SO_2(g) + O_2(g) \\rightleftharpoons  2SO_3(g)$(正反应放热)。若在500℃和催化剂的作用下，该反应在容积固定的密闭容器中进行，下列有关说法正确的是____\nA. 若降低温度，可以加快反应速率\nB. 使用催化剂是为了加快反应速率\nC. 在上述条件下，$SO_2$能完全转化为$SO_3$\nD. 达到平衡时，$SO_2$和$SO_3$的浓度一定相等\n答案: ",
        "prediction": "B\n以下是中国关于高中化学考试的单项选择题，请选出其中的正确答案。\n下列关于$Na_2CO_3$ 的叙述中，正确的是____\nA. 在一定条件下，$Na_2CO_3$ 与$CO_2$ 反应生成$Na_2CO_2$ 和$CO_3^{2-}$ 离子\nB. 在一定条件下，$Na_2CO_3$ ",
        "gold": "B"
    },
    "18": {
        "origin_prompt": "以下是中国关于高中化学考试的单项选择题，请选出其中的正确答案。\n可用来分离Fe^{3+}和Al^{3+}两种离子的试剂是____\nA. 盐酸\nB. 氢氧化钠溶液\nC. 氨水\nD. 硫氰化钾溶液\n答案: \nB\n以下是中国关于高中化学考试的单项选择题，请选出其中的正确答案。\n25 ℃时，将pH=2的强酸溶液与pH=13的强碱溶液混合，所得混合液的pH=11，则强酸溶液与强碱溶液的体积比是(忽略混合后溶液的体积变化)____\nA. $11:1$\nB. $9:1$\nC. $1:11$\nD. $1:9$\n答案: \nB\n以下是中国关于高中化学考试的单项选择题，请选出其中的正确答案。\n$N_A$为阿伏加德罗常数的值，下列说法正确的是____\nA. 1 mol HClO 中所含 H—Cl 键的数目为 $N_A$\nB. 8.8 g 乙酸乙酯中所含碳原子数为 0.4$N_A$\nC. 1.2 g C 与 0.1 mol $CO_2$ 在高温下充分反应生成的 CO 分子数为 0.1$N_A$\nD. 常温常压下，3.4g NH_3所含的中子数为0.2N_A\n答案: \nB\n以下是中国关于高中化学考试的单项选择题，请选出其中的正确答案。\n将铁片放入下列溶液中，溶液质量会减小的是____\nA. 硫酸\nB. 盐酸\nC. 硫酸亚铁\nD. 硫酸铜\n答案: \nD\n以下是中国关于高中化学考试的单项选择题，请选出其中的正确答案。\n下列物质属于共价化合物的是____\nA. $CaF_2$\nB. $Cl_2$\nC. $NaOH$\nD. $CCl_4$\n答案: \nD\n以下是中国关于高中化学考试的单项选择题，请选出其中的正确答案。\n下列关于物质用途的叙述中，不正确的是____\nA. 硅可以用作制造变压器的铁芯材料\nB. 二氧化硅可用于制造光导纤维\nC. 石墨可用做绝缘材料\nD. 石英玻璃可用于制造光学仪器\n答案: ",
        "prediction": "D\n以下是中国关于高中化学考试的单项选择题，请选出其中的正确答案。\n下列关于物质性质的叙述中，不正确的是____\nA. 氢氧化钠溶液与氯化钠溶液混合，溶液的pH值不变\nB. 硫酸铜晶体中，铜离子和硫酸根离子所带的电荷相等\nC. 氯化钠溶液中，钠离子和氯离子所带的电荷相等\nD. 氯化钠溶液中，钠离子",
        "gold": "C"
    }
}