{
    "0": {
        "origin_prompt": "以下是中国关于高等数学考试的单项选择题，请选出其中的正确答案。\n求极限：$\\lim_{x\\rightarrow0}\\frac{\\tan\\left(\\tan x\\right)-\\sin\\left(\\sin x\\right)}{\\tan x-\\sin x}=$____\nA. -1\nB. 0\nC. 2\nD. $\\frac{1}{2}$\n答案: \nC\n以下是中国关于高等数学考试的单项选择题，请选出其中的正确答案。\n求极限：$\\lim_{n\\rightarrow\\infty}\\left(1-\\frac{1}{1+2}\\right)\\left(1-\\frac{1}{1+2+3}\\right)\\cdots\\left(1-\\frac{1}{1+2+\\cdots+n}\\right)=$____\nA. $\\frac{2}{3}$\nB. $\\frac{1}{2}$\nC. $\\frac{5}{6}$\nD. $\\frac{1}{3}$\n答案: \nD\n以下是中国关于高等数学考试的单项选择题，请选出其中的正确答案。\n求$xy=\\ln y$在$P=\\left(\\frac{1}{\\mathrm{e}},\\mathrm{e}\\right)$点的曲率半径____\nA. $\\mathrm{e}^2$\nB. $2\\mathrm{e}^3$\nC. $3\\mathrm{e}^3$\nD. $\\mathrm{e}^3$\n答案: \nD\n以下是中国关于高等数学考试的单项选择题，请选出其中的正确答案。\n求不定积分：$I=\\int{x\\ln\\left(1+x^2\\right)\\mathrm{arc}\\tan x}\\mathrm{d}x$____\nA. $\\frac{\\left( x^2+1 \\right) \\ln \\left( 1+x^2 \\right) \\mathrm{arc}\\tan x+3x-\\left( x^2+3 \\right) \\mathrm{arc}\\tan x-x\\ln \\left( 1+x^2 \\right)}{2}+C$\nB. $\\frac{\\left( x^2+2 \\right) \\ln \\left( 2+x^2 \\right) \\mathrm{arc}\\tan x+3x-\\left( x^2+3 \\right) \\mathrm{arc}\\tan x-x\\ln \\left( 1+x^2 \\right)}{2}+C$\nC. $\\frac{\\left( x^2+1 \\right) \\ln \\left( 2+x^2 \\right) \\mathrm{arc}\\tan x+3x-\\left( x^2+4 \\right) \\mathrm{arc}\\tan x-x\\ln \\left( 1+x^2 \\right)}{2}+C$\nD. $\\frac{\\left( x^2+1 \\right) \\ln \\left( 2+x^2 \\right) \\mathrm{arc}\\tan x+4x-\\left( x^2+4 \\right) \\mathrm{arc}\\tan x-x\\ln \\left( 1+x^2 \\right)}{2}+C$\n答案: \nA\n以下是中国关于高等数学考试的单项选择题，请选出其中的正确答案。\n求定积分：$\\int_0^1{\\left(1-x\\right)\\sqrt{2x-x^2}}\\mathrm{d}x=$____\nA. $\\frac{1}{2}$\nB. $\\frac{1}{3}$\nC. $\\frac{1}{4}$\nD. $\\frac{1}{5}$\n答案: \nB\n以下是中国关于高等数学考试的单项选择题，请选出其中的正确答案。\n求极限：$\\lim_{x\\rightarrow0}\\frac{\\int_{x^2}^x{\\frac{\\sin\\left(xt\\right)}{t}}\\mathrm{d}t}{x^2}=$____\nA. $\\frac{5}{6}$\nB. 1\nC. $\\frac{7}{6}$\nD. $\\frac{4}{3}$\n答案: ",
        "prediction": "不正确\n以下是中国关于高等数学考试的单项选择题，请选出其中的正确答案。\n求不定积分：$I=\\int{x\\ln\\left(1+x^2\\right)\\mathrm{arc}\\tan x}\\mathrm{d}x$____\nA. $\\frac{\\left( x^2+1 \\right) \\ln \\left( 1+x^2 \\right) \\mathrm{arc}\\tan x+3x-\\",
        "gold": "B"
    },
    "1": {
        "origin_prompt": "以下是中国关于高等数学考试的单项选择题，请选出其中的正确答案。\n求极限：$\\lim_{x\\rightarrow0}\\frac{\\tan\\left(\\tan x\\right)-\\sin\\left(\\sin x\\right)}{\\tan x-\\sin x}=$____\nA. -1\nB. 0\nC. 2\nD. $\\frac{1}{2}$\n答案: \nC\n以下是中国关于高等数学考试的单项选择题，请选出其中的正确答案。\n求极限：$\\lim_{n\\rightarrow\\infty}\\left(1-\\frac{1}{1+2}\\right)\\left(1-\\frac{1}{1+2+3}\\right)\\cdots\\left(1-\\frac{1}{1+2+\\cdots+n}\\right)=$____\nA. $\\frac{2}{3}$\nB. $\\frac{1}{2}$\nC. $\\frac{5}{6}$\nD. $\\frac{1}{3}$\n答案: \nD\n以下是中国关于高等数学考试的单项选择题，请选出其中的正确答案。\n求$xy=\\ln y$在$P=\\left(\\frac{1}{\\mathrm{e}},\\mathrm{e}\\right)$点的曲率半径____\nA. $\\mathrm{e}^2$\nB. $2\\mathrm{e}^3$\nC. $3\\mathrm{e}^3$\nD. $\\mathrm{e}^3$\n答案: \nD\n以下是中国关于高等数学考试的单项选择题，请选出其中的正确答案。\n求不定积分：$I=\\int{x\\ln\\left(1+x^2\\right)\\mathrm{arc}\\tan x}\\mathrm{d}x$____\nA. $\\frac{\\left( x^2+1 \\right) \\ln \\left( 1+x^2 \\right) \\mathrm{arc}\\tan x+3x-\\left( x^2+3 \\right) \\mathrm{arc}\\tan x-x\\ln \\left( 1+x^2 \\right)}{2}+C$\nB. $\\frac{\\left( x^2+2 \\right) \\ln \\left( 2+x^2 \\right) \\mathrm{arc}\\tan x+3x-\\left( x^2+3 \\right) \\mathrm{arc}\\tan x-x\\ln \\left( 1+x^2 \\right)}{2}+C$\nC. $\\frac{\\left( x^2+1 \\right) \\ln \\left( 2+x^2 \\right) \\mathrm{arc}\\tan x+3x-\\left( x^2+4 \\right) \\mathrm{arc}\\tan x-x\\ln \\left( 1+x^2 \\right)}{2}+C$\nD. $\\frac{\\left( x^2+1 \\right) \\ln \\left( 2+x^2 \\right) \\mathrm{arc}\\tan x+4x-\\left( x^2+4 \\right) \\mathrm{arc}\\tan x-x\\ln \\left( 1+x^2 \\right)}{2}+C$\n答案: \nA\n以下是中国关于高等数学考试的单项选择题，请选出其中的正确答案。\n求定积分：$\\int_0^1{\\left(1-x\\right)\\sqrt{2x-x^2}}\\mathrm{d}x=$____\nA. $\\frac{1}{2}$\nB. $\\frac{1}{3}$\nC. $\\frac{1}{4}$\nD. $\\frac{1}{5}$\n答案: \nB\n以下是中国关于高等数学考试的单项选择题，请选出其中的正确答案。\n设$n$为正整数，求极限：$\\lim_{x\\rightarrow+\\infty}\\left[\\frac{x^n}{\\left(x-1\\right)\\left(x-2\\right)\\cdots\\left(x-n\\right)}\\right]^x=$____\nA. $e^{\\frac{(n-1)(n+1)}{2}}$\nB. $e^{\\frac{(n-1)n}{2}}$\nC. $e^{\\frac{n(n+1)}{2}}$\nD. $e^{\\frac{n^{2}}{2}}$\n答案: ",
        "prediction": "\nC\n以下是中国关于高等数学考试的单项选择题，请选出其中的正确答案。\n设$n$为正整数，求极限：$\\lim_{x\\rightarrow+\\infty}\\left[\\frac{x^n}{\\left(x-1\\right)\\left(x-2\\right)\\cdots\\left(x-n\\right)}\\right]^x=$____\nA. $e^{\\frac{(n-1)(n+1)}{2",
        "gold": "C"
    },
    "2": {
        "origin_prompt": "以下是中国关于高等数学考试的单项选择题，请选出其中的正确答案。\n求极限：$\\lim_{x\\rightarrow0}\\frac{\\tan\\left(\\tan x\\right)-\\sin\\left(\\sin x\\right)}{\\tan x-\\sin x}=$____\nA. -1\nB. 0\nC. 2\nD. $\\frac{1}{2}$\n答案: \nC\n以下是中国关于高等数学考试的单项选择题，请选出其中的正确答案。\n求极限：$\\lim_{n\\rightarrow\\infty}\\left(1-\\frac{1}{1+2}\\right)\\left(1-\\frac{1}{1+2+3}\\right)\\cdots\\left(1-\\frac{1}{1+2+\\cdots+n}\\right)=$____\nA. $\\frac{2}{3}$\nB. $\\frac{1}{2}$\nC. $\\frac{5}{6}$\nD. $\\frac{1}{3}$\n答案: \nD\n以下是中国关于高等数学考试的单项选择题，请选出其中的正确答案。\n求$xy=\\ln y$在$P=\\left(\\frac{1}{\\mathrm{e}},\\mathrm{e}\\right)$点的曲率半径____\nA. $\\mathrm{e}^2$\nB. $2\\mathrm{e}^3$\nC. $3\\mathrm{e}^3$\nD. $\\mathrm{e}^3$\n答案: \nD\n以下是中国关于高等数学考试的单项选择题，请选出其中的正确答案。\n求不定积分：$I=\\int{x\\ln\\left(1+x^2\\right)\\mathrm{arc}\\tan x}\\mathrm{d}x$____\nA. $\\frac{\\left( x^2+1 \\right) \\ln \\left( 1+x^2 \\right) \\mathrm{arc}\\tan x+3x-\\left( x^2+3 \\right) \\mathrm{arc}\\tan x-x\\ln \\left( 1+x^2 \\right)}{2}+C$\nB. $\\frac{\\left( x^2+2 \\right) \\ln \\left( 2+x^2 \\right) \\mathrm{arc}\\tan x+3x-\\left( x^2+3 \\right) \\mathrm{arc}\\tan x-x\\ln \\left( 1+x^2 \\right)}{2}+C$\nC. $\\frac{\\left( x^2+1 \\right) \\ln \\left( 2+x^2 \\right) \\mathrm{arc}\\tan x+3x-\\left( x^2+4 \\right) \\mathrm{arc}\\tan x-x\\ln \\left( 1+x^2 \\right)}{2}+C$\nD. $\\frac{\\left( x^2+1 \\right) \\ln \\left( 2+x^2 \\right) \\mathrm{arc}\\tan x+4x-\\left( x^2+4 \\right) \\mathrm{arc}\\tan x-x\\ln \\left( 1+x^2 \\right)}{2}+C$\n答案: \nA\n以下是中国关于高等数学考试的单项选择题，请选出其中的正确答案。\n求定积分：$\\int_0^1{\\left(1-x\\right)\\sqrt{2x-x^2}}\\mathrm{d}x=$____\nA. $\\frac{1}{2}$\nB. $\\frac{1}{3}$\nC. $\\frac{1}{4}$\nD. $\\frac{1}{5}$\n答案: \nB\n以下是中国关于高等数学考试的单项选择题，请选出其中的正确答案。\n设平面区域$D$由直线$y=\\frac{1}{2}x-\\frac{1}{2\\sqrt{5}}$、$y=2x-\\frac{2}{\\sqrt{5}}$和$y=x$围成，函数$z=3xy+3$在$D$上的最大值和最小值分别是M和m，则____\nA. $M=6,m=3$\nB. $M=\\dfrac{27}{5},m=3$\nC. $M=\\dfrac{18}{5},m=3$\nD. $M={\\frac{27}{5}},m={\\frac{117}{40}}$\n答案: ",
        "prediction": "不正确\n以下是中国关于高等数学考试的单项选择题，请选出其中的正确答案。\n设函数$f(x)=\\sin x+\\cos x$，则$f(x)$在$x=0$处的导数是______\nA. $2$\nB. $2\\sqrt{2}$\nC. $2\\sqrt{2}$\nD. $2\\sqrt{2}$\n答案: \nD\n以下是中国关于高等数学考试的单项选择题，请",
        "gold": "D"
    },
    "3": {
        "origin_prompt": "以下是中国关于高等数学考试的单项选择题，请选出其中的正确答案。\n求极限：$\\lim_{x\\rightarrow0}\\frac{\\tan\\left(\\tan x\\right)-\\sin\\left(\\sin x\\right)}{\\tan x-\\sin x}=$____\nA. -1\nB. 0\nC. 2\nD. $\\frac{1}{2}$\n答案: \nC\n以下是中国关于高等数学考试的单项选择题，请选出其中的正确答案。\n求极限：$\\lim_{n\\rightarrow\\infty}\\left(1-\\frac{1}{1+2}\\right)\\left(1-\\frac{1}{1+2+3}\\right)\\cdots\\left(1-\\frac{1}{1+2+\\cdots+n}\\right)=$____\nA. $\\frac{2}{3}$\nB. $\\frac{1}{2}$\nC. $\\frac{5}{6}$\nD. $\\frac{1}{3}$\n答案: \nD\n以下是中国关于高等数学考试的单项选择题，请选出其中的正确答案。\n求$xy=\\ln y$在$P=\\left(\\frac{1}{\\mathrm{e}},\\mathrm{e}\\right)$点的曲率半径____\nA. $\\mathrm{e}^2$\nB. $2\\mathrm{e}^3$\nC. $3\\mathrm{e}^3$\nD. $\\mathrm{e}^3$\n答案: \nD\n以下是中国关于高等数学考试的单项选择题，请选出其中的正确答案。\n求不定积分：$I=\\int{x\\ln\\left(1+x^2\\right)\\mathrm{arc}\\tan x}\\mathrm{d}x$____\nA. $\\frac{\\left( x^2+1 \\right) \\ln \\left( 1+x^2 \\right) \\mathrm{arc}\\tan x+3x-\\left( x^2+3 \\right) \\mathrm{arc}\\tan x-x\\ln \\left( 1+x^2 \\right)}{2}+C$\nB. $\\frac{\\left( x^2+2 \\right) \\ln \\left( 2+x^2 \\right) \\mathrm{arc}\\tan x+3x-\\left( x^2+3 \\right) \\mathrm{arc}\\tan x-x\\ln \\left( 1+x^2 \\right)}{2}+C$\nC. $\\frac{\\left( x^2+1 \\right) \\ln \\left( 2+x^2 \\right) \\mathrm{arc}\\tan x+3x-\\left( x^2+4 \\right) \\mathrm{arc}\\tan x-x\\ln \\left( 1+x^2 \\right)}{2}+C$\nD. $\\frac{\\left( x^2+1 \\right) \\ln \\left( 2+x^2 \\right) \\mathrm{arc}\\tan x+4x-\\left( x^2+4 \\right) \\mathrm{arc}\\tan x-x\\ln \\left( 1+x^2 \\right)}{2}+C$\n答案: \nA\n以下是中国关于高等数学考试的单项选择题，请选出其中的正确答案。\n求定积分：$\\int_0^1{\\left(1-x\\right)\\sqrt{2x-x^2}}\\mathrm{d}x=$____\nA. $\\frac{1}{2}$\nB. $\\frac{1}{3}$\nC. $\\frac{1}{4}$\nD. $\\frac{1}{5}$\n答案: \nB\n以下是中国关于高等数学考试的单项选择题，请选出其中的正确答案。\n设函数$f\\left(x\\right)$连续，且$f\\left(x\\right)>0$，求积分：$int_0^1{\\ln f\\left(x+t\\right)}\\mathrm{d}t=$____\nA. $\\int_0^x{\\ln \\frac{f\\left( t+2 \\right)}{f\\left( t \\right)}}\\mathrm{d}t+\\int_0^1{\\ln f\\left( t \\right)}\\mathrm{d}t$\nB. $\\int_0^1{\\ln \\frac{f\\left( t+2 \\right)}{f\\left( t \\right)}}\\mathrm{d}t+\\int_0^1{\\ln f\\left( t \\right)}\\mathrm{d}t$\nC. $\\int_0^2x{\\ln \\frac{f\\left( t+1 \\right)}{f\\left( t \\right)}}\\mathrm{d}t+\\int_0^1{\\ln f\\left( t \\right)}\\mathrm{d}t$\nD. $\\int_0^x{\\ln \\frac{f\\left( t+2 \\right)}{f\\left( t \\right)}}\\mathrm{d}t+\\int_0^1{\\ln f\\left( t \\right)}\\mathrm{d}t$\n答案: ",
        "prediction": "\nC\n以下是中国关于高等数学考试的单项选择题，请选出其中的正确答案。\n设函数$f\\left(x\\right)$在区间$\\left[0,1\\right]$上连续，且$f\\left(x\\right)>0$，求积分：$int_0^1{\\ln f\\left(x+t\\right)}\\mathrm{d}t=$____\nA. $\\int_0^x{\\ln \\frac{f",
        "gold": "A"
    },
    "4": {
        "origin_prompt": "以下是中国关于高等数学考试的单项选择题，请选出其中的正确答案。\n求极限：$\\lim_{x\\rightarrow0}\\frac{\\tan\\left(\\tan x\\right)-\\sin\\left(\\sin x\\right)}{\\tan x-\\sin x}=$____\nA. -1\nB. 0\nC. 2\nD. $\\frac{1}{2}$\n答案: \nC\n以下是中国关于高等数学考试的单项选择题，请选出其中的正确答案。\n求极限：$\\lim_{n\\rightarrow\\infty}\\left(1-\\frac{1}{1+2}\\right)\\left(1-\\frac{1}{1+2+3}\\right)\\cdots\\left(1-\\frac{1}{1+2+\\cdots+n}\\right)=$____\nA. $\\frac{2}{3}$\nB. $\\frac{1}{2}$\nC. $\\frac{5}{6}$\nD. $\\frac{1}{3}$\n答案: \nD\n以下是中国关于高等数学考试的单项选择题，请选出其中的正确答案。\n求$xy=\\ln y$在$P=\\left(\\frac{1}{\\mathrm{e}},\\mathrm{e}\\right)$点的曲率半径____\nA. $\\mathrm{e}^2$\nB. $2\\mathrm{e}^3$\nC. $3\\mathrm{e}^3$\nD. $\\mathrm{e}^3$\n答案: \nD\n以下是中国关于高等数学考试的单项选择题，请选出其中的正确答案。\n求不定积分：$I=\\int{x\\ln\\left(1+x^2\\right)\\mathrm{arc}\\tan x}\\mathrm{d}x$____\nA. $\\frac{\\left( x^2+1 \\right) \\ln \\left( 1+x^2 \\right) \\mathrm{arc}\\tan x+3x-\\left( x^2+3 \\right) \\mathrm{arc}\\tan x-x\\ln \\left( 1+x^2 \\right)}{2}+C$\nB. $\\frac{\\left( x^2+2 \\right) \\ln \\left( 2+x^2 \\right) \\mathrm{arc}\\tan x+3x-\\left( x^2+3 \\right) \\mathrm{arc}\\tan x-x\\ln \\left( 1+x^2 \\right)}{2}+C$\nC. $\\frac{\\left( x^2+1 \\right) \\ln \\left( 2+x^2 \\right) \\mathrm{arc}\\tan x+3x-\\left( x^2+4 \\right) \\mathrm{arc}\\tan x-x\\ln \\left( 1+x^2 \\right)}{2}+C$\nD. $\\frac{\\left( x^2+1 \\right) \\ln \\left( 2+x^2 \\right) \\mathrm{arc}\\tan x+4x-\\left( x^2+4 \\right) \\mathrm{arc}\\tan x-x\\ln \\left( 1+x^2 \\right)}{2}+C$\n答案: \nA\n以下是中国关于高等数学考试的单项选择题，请选出其中的正确答案。\n求定积分：$\\int_0^1{\\left(1-x\\right)\\sqrt{2x-x^2}}\\mathrm{d}x=$____\nA. $\\frac{1}{2}$\nB. $\\frac{1}{3}$\nC. $\\frac{1}{4}$\nD. $\\frac{1}{5}$\n答案: \nB\n以下是中国关于高等数学考试的单项选择题，请选出其中的正确答案。\n设有界区域$\\Omega$由平面$2x+y+2z=2$与三个坐标平面围成，$\\Sigma$为整个表面的外侧；\\\\计算曲面积分：$I=\\iint_{\\Sigma}{\\left(x^2+1\\right)\\mathrm{d}y\\mathrm{d}z-2y\\mathrm{d}z\\mathrm{d}x+3z\\mathrm{d}x\\mathrm{d}y}=$____\nA. $\\frac{1}{2}$\nB. 1\nC. $\\frac{3}{2}$\nD. $\\frac{5}{2}$\n答案: ",
        "prediction": "不正确\n以下是中国关于高等数学考试的单项选择题，请选出其中的正确答案。\n设函数$f\\left(x\\right)=\\frac{1}{x}$，$g\\left(x\\right)=\\frac{1}{x^2}$，则$h\\left(x\\right)=\\frac{1}{x^3}$的导数$h'\\left(x\\right)$是______\nA. $-\\frac{1}{x^2}$\n",
        "gold": "A"
    },
    "5": {
        "origin_prompt": "以下是中国关于高等数学考试的单项选择题，请选出其中的正确答案。\n求极限：$\\lim_{x\\rightarrow0}\\frac{\\tan\\left(\\tan x\\right)-\\sin\\left(\\sin x\\right)}{\\tan x-\\sin x}=$____\nA. -1\nB. 0\nC. 2\nD. $\\frac{1}{2}$\n答案: \nC\n以下是中国关于高等数学考试的单项选择题，请选出其中的正确答案。\n求极限：$\\lim_{n\\rightarrow\\infty}\\left(1-\\frac{1}{1+2}\\right)\\left(1-\\frac{1}{1+2+3}\\right)\\cdots\\left(1-\\frac{1}{1+2+\\cdots+n}\\right)=$____\nA. $\\frac{2}{3}$\nB. $\\frac{1}{2}$\nC. $\\frac{5}{6}$\nD. $\\frac{1}{3}$\n答案: \nD\n以下是中国关于高等数学考试的单项选择题，请选出其中的正确答案。\n求$xy=\\ln y$在$P=\\left(\\frac{1}{\\mathrm{e}},\\mathrm{e}\\right)$点的曲率半径____\nA. $\\mathrm{e}^2$\nB. $2\\mathrm{e}^3$\nC. $3\\mathrm{e}^3$\nD. $\\mathrm{e}^3$\n答案: \nD\n以下是中国关于高等数学考试的单项选择题，请选出其中的正确答案。\n求不定积分：$I=\\int{x\\ln\\left(1+x^2\\right)\\mathrm{arc}\\tan x}\\mathrm{d}x$____\nA. $\\frac{\\left( x^2+1 \\right) \\ln \\left( 1+x^2 \\right) \\mathrm{arc}\\tan x+3x-\\left( x^2+3 \\right) \\mathrm{arc}\\tan x-x\\ln \\left( 1+x^2 \\right)}{2}+C$\nB. $\\frac{\\left( x^2+2 \\right) \\ln \\left( 2+x^2 \\right) \\mathrm{arc}\\tan x+3x-\\left( x^2+3 \\right) \\mathrm{arc}\\tan x-x\\ln \\left( 1+x^2 \\right)}{2}+C$\nC. $\\frac{\\left( x^2+1 \\right) \\ln \\left( 2+x^2 \\right) \\mathrm{arc}\\tan x+3x-\\left( x^2+4 \\right) \\mathrm{arc}\\tan x-x\\ln \\left( 1+x^2 \\right)}{2}+C$\nD. $\\frac{\\left( x^2+1 \\right) \\ln \\left( 2+x^2 \\right) \\mathrm{arc}\\tan x+4x-\\left( x^2+4 \\right) \\mathrm{arc}\\tan x-x\\ln \\left( 1+x^2 \\right)}{2}+C$\n答案: \nA\n以下是中国关于高等数学考试的单项选择题，请选出其中的正确答案。\n求定积分：$\\int_0^1{\\left(1-x\\right)\\sqrt{2x-x^2}}\\mathrm{d}x=$____\nA. $\\frac{1}{2}$\nB. $\\frac{1}{3}$\nC. $\\frac{1}{4}$\nD. $\\frac{1}{5}$\n答案: \nB\n以下是中国关于高等数学考试的单项选择题，请选出其中的正确答案。\n已知$\\int_0^{+\\infty}{\\frac{\\sin x}{x}\\mathrm{d}x=\\frac{\\pi}{2}}$，则$\\int_0^{+\\infty}{\\int_0^{+\\infty}{\\frac{\\sin x\\sin\\left(x+y\\right)}{x\\left(x+y\\right)}}}\\mathrm{d}x\\mathrm{d}y$=____\nA. $\\frac{\\pi ^2}{12}$\nB. $\\frac{\\pi ^2}{8}$\nC. $\\frac{\\pi ^2}{4}$\nD. $\\frac{\\pi ^2}{2}$\n答案: ",
        "prediction": "\nC\n以下是中国关于高等数学考试的单项选择题，请选出其中的正确答案。\n已知函数$f\\left(x\\right)=\\frac{1}{x}$，求$\\int_{0}^{1}{\\frac{1}{x}\\mathrm{d}x}$=$\\int_{0}^{1}{\\frac{1}{x}\\mathrm{d}x}$=$\\frac{\\pi}{2}$，则$\\int_{0}",
        "gold": "B"
    },
    "6": {
        "origin_prompt": "以下是中国关于高等数学考试的单项选择题，请选出其中的正确答案。\n求极限：$\\lim_{x\\rightarrow0}\\frac{\\tan\\left(\\tan x\\right)-\\sin\\left(\\sin x\\right)}{\\tan x-\\sin x}=$____\nA. -1\nB. 0\nC. 2\nD. $\\frac{1}{2}$\n答案: \nC\n以下是中国关于高等数学考试的单项选择题，请选出其中的正确答案。\n求极限：$\\lim_{n\\rightarrow\\infty}\\left(1-\\frac{1}{1+2}\\right)\\left(1-\\frac{1}{1+2+3}\\right)\\cdots\\left(1-\\frac{1}{1+2+\\cdots+n}\\right)=$____\nA. $\\frac{2}{3}$\nB. $\\frac{1}{2}$\nC. $\\frac{5}{6}$\nD. $\\frac{1}{3}$\n答案: \nD\n以下是中国关于高等数学考试的单项选择题，请选出其中的正确答案。\n求$xy=\\ln y$在$P=\\left(\\frac{1}{\\mathrm{e}},\\mathrm{e}\\right)$点的曲率半径____\nA. $\\mathrm{e}^2$\nB. $2\\mathrm{e}^3$\nC. $3\\mathrm{e}^3$\nD. $\\mathrm{e}^3$\n答案: \nD\n以下是中国关于高等数学考试的单项选择题，请选出其中的正确答案。\n求不定积分：$I=\\int{x\\ln\\left(1+x^2\\right)\\mathrm{arc}\\tan x}\\mathrm{d}x$____\nA. $\\frac{\\left( x^2+1 \\right) \\ln \\left( 1+x^2 \\right) \\mathrm{arc}\\tan x+3x-\\left( x^2+3 \\right) \\mathrm{arc}\\tan x-x\\ln \\left( 1+x^2 \\right)}{2}+C$\nB. $\\frac{\\left( x^2+2 \\right) \\ln \\left( 2+x^2 \\right) \\mathrm{arc}\\tan x+3x-\\left( x^2+3 \\right) \\mathrm{arc}\\tan x-x\\ln \\left( 1+x^2 \\right)}{2}+C$\nC. $\\frac{\\left( x^2+1 \\right) \\ln \\left( 2+x^2 \\right) \\mathrm{arc}\\tan x+3x-\\left( x^2+4 \\right) \\mathrm{arc}\\tan x-x\\ln \\left( 1+x^2 \\right)}{2}+C$\nD. $\\frac{\\left( x^2+1 \\right) \\ln \\left( 2+x^2 \\right) \\mathrm{arc}\\tan x+4x-\\left( x^2+4 \\right) \\mathrm{arc}\\tan x-x\\ln \\left( 1+x^2 \\right)}{2}+C$\n答案: \nA\n以下是中国关于高等数学考试的单项选择题，请选出其中的正确答案。\n求定积分：$\\int_0^1{\\left(1-x\\right)\\sqrt{2x-x^2}}\\mathrm{d}x=$____\nA. $\\frac{1}{2}$\nB. $\\frac{1}{3}$\nC. $\\frac{1}{4}$\nD. $\\frac{1}{5}$\n答案: \nB\n以下是中国关于高等数学考试的单项选择题，请选出其中的正确答案。\n设曲线$C=\\left\\{(x,y,z):x={\\sqrt{3}}\\cos(t),y={\\sqrt{3}}\\sin(t),z={\\frac{2}{3}}t^{\\frac{3}{2}},0\\leq t\\leq5\\right\\}$，则曲线积分$\\int_C(x^2+y^2)\\mathrm{d}s=$____\nA. $\\frac{3}{4}\\left(16\\sqrt{2}-3\\sqrt{3}\\right)$\nB. $2\\bigl(16\\sqrt{2}-3\\sqrt{3}\\bigr)$\nC. $\\frac{9}{4}\\left(16\\sqrt{2}-3\\sqrt{3}\\right)$\nD. $\\frac{3}{2}\\left(16\\sqrt{2}-3\\sqrt{3}\\right)$\n答案: ",
        "prediction": "\nC\n以下是中国关于高等数学考试的单项选择题，请选出其中的正确答案。\n设函数$f\\left(x\\right)=\\frac{1}{x}$，则$f\\left(x\\right)$在$x=1$处的切线方程为$y-\\frac{1}{2}=1\\times \\left( x-1 \\right)$，则$f\\left(x\\right)$在$x=1$处的切线斜率是",
        "gold": "B"
    },
    "7": {
        "origin_prompt": "以下是中国关于高等数学考试的单项选择题，请选出其中的正确答案。\n求极限：$\\lim_{x\\rightarrow0}\\frac{\\tan\\left(\\tan x\\right)-\\sin\\left(\\sin x\\right)}{\\tan x-\\sin x}=$____\nA. -1\nB. 0\nC. 2\nD. $\\frac{1}{2}$\n答案: \nC\n以下是中国关于高等数学考试的单项选择题，请选出其中的正确答案。\n求极限：$\\lim_{n\\rightarrow\\infty}\\left(1-\\frac{1}{1+2}\\right)\\left(1-\\frac{1}{1+2+3}\\right)\\cdots\\left(1-\\frac{1}{1+2+\\cdots+n}\\right)=$____\nA. $\\frac{2}{3}$\nB. $\\frac{1}{2}$\nC. $\\frac{5}{6}$\nD. $\\frac{1}{3}$\n答案: \nD\n以下是中国关于高等数学考试的单项选择题，请选出其中的正确答案。\n求$xy=\\ln y$在$P=\\left(\\frac{1}{\\mathrm{e}},\\mathrm{e}\\right)$点的曲率半径____\nA. $\\mathrm{e}^2$\nB. $2\\mathrm{e}^3$\nC. $3\\mathrm{e}^3$\nD. $\\mathrm{e}^3$\n答案: \nD\n以下是中国关于高等数学考试的单项选择题，请选出其中的正确答案。\n求不定积分：$I=\\int{x\\ln\\left(1+x^2\\right)\\mathrm{arc}\\tan x}\\mathrm{d}x$____\nA. $\\frac{\\left( x^2+1 \\right) \\ln \\left( 1+x^2 \\right) \\mathrm{arc}\\tan x+3x-\\left( x^2+3 \\right) \\mathrm{arc}\\tan x-x\\ln \\left( 1+x^2 \\right)}{2}+C$\nB. $\\frac{\\left( x^2+2 \\right) \\ln \\left( 2+x^2 \\right) \\mathrm{arc}\\tan x+3x-\\left( x^2+3 \\right) \\mathrm{arc}\\tan x-x\\ln \\left( 1+x^2 \\right)}{2}+C$\nC. $\\frac{\\left( x^2+1 \\right) \\ln \\left( 2+x^2 \\right) \\mathrm{arc}\\tan x+3x-\\left( x^2+4 \\right) \\mathrm{arc}\\tan x-x\\ln \\left( 1+x^2 \\right)}{2}+C$\nD. $\\frac{\\left( x^2+1 \\right) \\ln \\left( 2+x^2 \\right) \\mathrm{arc}\\tan x+4x-\\left( x^2+4 \\right) \\mathrm{arc}\\tan x-x\\ln \\left( 1+x^2 \\right)}{2}+C$\n答案: \nA\n以下是中国关于高等数学考试的单项选择题，请选出其中的正确答案。\n求定积分：$\\int_0^1{\\left(1-x\\right)\\sqrt{2x-x^2}}\\mathrm{d}x=$____\nA. $\\frac{1}{2}$\nB. $\\frac{1}{3}$\nC. $\\frac{1}{4}$\nD. $\\frac{1}{5}$\n答案: \nB\n以下是中国关于高等数学考试的单项选择题，请选出其中的正确答案。\n计算二重积分:$\\iint_D{x\\mathrm{d}x\\mathrm{d}y}=$.其中$D$为由直线$y=-x+2,x$轴以及曲线$y=\\sqrt{2x-x^2}$所围成的平面区域.____\nA. $\\frac{\\pi}{4}+\\frac{1}{3}$\nB. $\\frac{\\pi}{2}+\\frac{1}{3}$\nC. $\\frac{\\pi}{2}+\\frac{1}{4}$\nD. $\\frac{\\pi}{2}+\\frac{2}{3}$\n答案: ",
        "prediction": "不正确\n以下是中国关于高等数学考试的单项选择题，请选出其中的正确答案。\n计算二重积分:$\\iint_D{x\\mathrm{d}x\\mathrm{d}y}=$.其中$D$为由直线$y=-x+2,x$轴以及曲线$y=\\sqrt{2x-x^2}$所围成的平面区域.____\nA. $\\frac{\\pi}{4}+\\frac{1}{3}$\n",
        "gold": "A"
    },
    "8": {
        "origin_prompt": "以下是中国关于高等数学考试的单项选择题，请选出其中的正确答案。\n求极限：$\\lim_{x\\rightarrow0}\\frac{\\tan\\left(\\tan x\\right)-\\sin\\left(\\sin x\\right)}{\\tan x-\\sin x}=$____\nA. -1\nB. 0\nC. 2\nD. $\\frac{1}{2}$\n答案: \nC\n以下是中国关于高等数学考试的单项选择题，请选出其中的正确答案。\n求极限：$\\lim_{n\\rightarrow\\infty}\\left(1-\\frac{1}{1+2}\\right)\\left(1-\\frac{1}{1+2+3}\\right)\\cdots\\left(1-\\frac{1}{1+2+\\cdots+n}\\right)=$____\nA. $\\frac{2}{3}$\nB. $\\frac{1}{2}$\nC. $\\frac{5}{6}$\nD. $\\frac{1}{3}$\n答案: \nD\n以下是中国关于高等数学考试的单项选择题，请选出其中的正确答案。\n求$xy=\\ln y$在$P=\\left(\\frac{1}{\\mathrm{e}},\\mathrm{e}\\right)$点的曲率半径____\nA. $\\mathrm{e}^2$\nB. $2\\mathrm{e}^3$\nC. $3\\mathrm{e}^3$\nD. $\\mathrm{e}^3$\n答案: \nD\n以下是中国关于高等数学考试的单项选择题，请选出其中的正确答案。\n求不定积分：$I=\\int{x\\ln\\left(1+x^2\\right)\\mathrm{arc}\\tan x}\\mathrm{d}x$____\nA. $\\frac{\\left( x^2+1 \\right) \\ln \\left( 1+x^2 \\right) \\mathrm{arc}\\tan x+3x-\\left( x^2+3 \\right) \\mathrm{arc}\\tan x-x\\ln \\left( 1+x^2 \\right)}{2}+C$\nB. $\\frac{\\left( x^2+2 \\right) \\ln \\left( 2+x^2 \\right) \\mathrm{arc}\\tan x+3x-\\left( x^2+3 \\right) \\mathrm{arc}\\tan x-x\\ln \\left( 1+x^2 \\right)}{2}+C$\nC. $\\frac{\\left( x^2+1 \\right) \\ln \\left( 2+x^2 \\right) \\mathrm{arc}\\tan x+3x-\\left( x^2+4 \\right) \\mathrm{arc}\\tan x-x\\ln \\left( 1+x^2 \\right)}{2}+C$\nD. $\\frac{\\left( x^2+1 \\right) \\ln \\left( 2+x^2 \\right) \\mathrm{arc}\\tan x+4x-\\left( x^2+4 \\right) \\mathrm{arc}\\tan x-x\\ln \\left( 1+x^2 \\right)}{2}+C$\n答案: \nA\n以下是中国关于高等数学考试的单项选择题，请选出其中的正确答案。\n求定积分：$\\int_0^1{\\left(1-x\\right)\\sqrt{2x-x^2}}\\mathrm{d}x=$____\nA. $\\frac{1}{2}$\nB. $\\frac{1}{3}$\nC. $\\frac{1}{4}$\nD. $\\frac{1}{5}$\n答案: \nB\n以下是中国关于高等数学考试的单项选择题，请选出其中的正确答案。\n求极限：$L=\\lim_{n\\rightarrow\\infty}\\sqrt{n}\\left(1-\\sum_{k=1}^n{\\frac{1}{n+\\sqrt{k}}}\\right)$=____\nA. $\\frac{1}{3}$\nB. $\\frac{2}{3}$\nC. 1\nD. $\\frac{4}{3}$\n答案: ",
        "prediction": "不正确\n以下是中国关于高等数学考试的单项选择题，请选出其中的正确答案。\n求不定积分：$I=\\int{x\\ln\\left(1+x^2\\right)\\mathrm{arc}\\tan x}\\mathrm{d}x$____\nA. $\\frac{\\left( x^2+1 \\right) \\ln \\left( 1+x^2 \\right) \\mathrm{arc}\\tan x+3x-\\",
        "gold": "B"
    },
    "9": {
        "origin_prompt": "以下是中国关于高等数学考试的单项选择题，请选出其中的正确答案。\n求极限：$\\lim_{x\\rightarrow0}\\frac{\\tan\\left(\\tan x\\right)-\\sin\\left(\\sin x\\right)}{\\tan x-\\sin x}=$____\nA. -1\nB. 0\nC. 2\nD. $\\frac{1}{2}$\n答案: \nC\n以下是中国关于高等数学考试的单项选择题，请选出其中的正确答案。\n求极限：$\\lim_{n\\rightarrow\\infty}\\left(1-\\frac{1}{1+2}\\right)\\left(1-\\frac{1}{1+2+3}\\right)\\cdots\\left(1-\\frac{1}{1+2+\\cdots+n}\\right)=$____\nA. $\\frac{2}{3}$\nB. $\\frac{1}{2}$\nC. $\\frac{5}{6}$\nD. $\\frac{1}{3}$\n答案: \nD\n以下是中国关于高等数学考试的单项选择题，请选出其中的正确答案。\n求$xy=\\ln y$在$P=\\left(\\frac{1}{\\mathrm{e}},\\mathrm{e}\\right)$点的曲率半径____\nA. $\\mathrm{e}^2$\nB. $2\\mathrm{e}^3$\nC. $3\\mathrm{e}^3$\nD. $\\mathrm{e}^3$\n答案: \nD\n以下是中国关于高等数学考试的单项选择题，请选出其中的正确答案。\n求不定积分：$I=\\int{x\\ln\\left(1+x^2\\right)\\mathrm{arc}\\tan x}\\mathrm{d}x$____\nA. $\\frac{\\left( x^2+1 \\right) \\ln \\left( 1+x^2 \\right) \\mathrm{arc}\\tan x+3x-\\left( x^2+3 \\right) \\mathrm{arc}\\tan x-x\\ln \\left( 1+x^2 \\right)}{2}+C$\nB. $\\frac{\\left( x^2+2 \\right) \\ln \\left( 2+x^2 \\right) \\mathrm{arc}\\tan x+3x-\\left( x^2+3 \\right) \\mathrm{arc}\\tan x-x\\ln \\left( 1+x^2 \\right)}{2}+C$\nC. $\\frac{\\left( x^2+1 \\right) \\ln \\left( 2+x^2 \\right) \\mathrm{arc}\\tan x+3x-\\left( x^2+4 \\right) \\mathrm{arc}\\tan x-x\\ln \\left( 1+x^2 \\right)}{2}+C$\nD. $\\frac{\\left( x^2+1 \\right) \\ln \\left( 2+x^2 \\right) \\mathrm{arc}\\tan x+4x-\\left( x^2+4 \\right) \\mathrm{arc}\\tan x-x\\ln \\left( 1+x^2 \\right)}{2}+C$\n答案: \nA\n以下是中国关于高等数学考试的单项选择题，请选出其中的正确答案。\n求定积分：$\\int_0^1{\\left(1-x\\right)\\sqrt{2x-x^2}}\\mathrm{d}x=$____\nA. $\\frac{1}{2}$\nB. $\\frac{1}{3}$\nC. $\\frac{1}{4}$\nD. $\\frac{1}{5}$\n答案: \nB\n以下是中国关于高等数学考试的单项选择题，请选出其中的正确答案。\n$x=1$是函数$f\\left(x\\right)=\\frac{bx^2+x+1}{ax+1}$的可去间断点，求$a,b$的值？____\nA. $a=-1,b=-2$\nB. $a=-2,b=-1$\nC. $a=-2,b=-2$\nD. $a=-1,b=0$\n答案: ",
        "prediction": "不正确\n以下是中国关于高等数学考试的单项选择题，请选出其中的正确答案。\n$x=1$是函数$f\\left(x\\right)=\\frac{bx^2+x+1}{ax+1}$的可去间断点，求$a,b$的值？____\nA. $a=-1,b=-2$\nB. $a=-2,b=-1$\nC. $a=-2,b=-2$\nD. $a=-1,b=0",
        "gold": "A"
    },
    "10": {
        "origin_prompt": "以下是中国关于高等数学考试的单项选择题，请选出其中的正确答案。\n求极限：$\\lim_{x\\rightarrow0}\\frac{\\tan\\left(\\tan x\\right)-\\sin\\left(\\sin x\\right)}{\\tan x-\\sin x}=$____\nA. -1\nB. 0\nC. 2\nD. $\\frac{1}{2}$\n答案: \nC\n以下是中国关于高等数学考试的单项选择题，请选出其中的正确答案。\n求极限：$\\lim_{n\\rightarrow\\infty}\\left(1-\\frac{1}{1+2}\\right)\\left(1-\\frac{1}{1+2+3}\\right)\\cdots\\left(1-\\frac{1}{1+2+\\cdots+n}\\right)=$____\nA. $\\frac{2}{3}$\nB. $\\frac{1}{2}$\nC. $\\frac{5}{6}$\nD. $\\frac{1}{3}$\n答案: \nD\n以下是中国关于高等数学考试的单项选择题，请选出其中的正确答案。\n求$xy=\\ln y$在$P=\\left(\\frac{1}{\\mathrm{e}},\\mathrm{e}\\right)$点的曲率半径____\nA. $\\mathrm{e}^2$\nB. $2\\mathrm{e}^3$\nC. $3\\mathrm{e}^3$\nD. $\\mathrm{e}^3$\n答案: \nD\n以下是中国关于高等数学考试的单项选择题，请选出其中的正确答案。\n求不定积分：$I=\\int{x\\ln\\left(1+x^2\\right)\\mathrm{arc}\\tan x}\\mathrm{d}x$____\nA. $\\frac{\\left( x^2+1 \\right) \\ln \\left( 1+x^2 \\right) \\mathrm{arc}\\tan x+3x-\\left( x^2+3 \\right) \\mathrm{arc}\\tan x-x\\ln \\left( 1+x^2 \\right)}{2}+C$\nB. $\\frac{\\left( x^2+2 \\right) \\ln \\left( 2+x^2 \\right) \\mathrm{arc}\\tan x+3x-\\left( x^2+3 \\right) \\mathrm{arc}\\tan x-x\\ln \\left( 1+x^2 \\right)}{2}+C$\nC. $\\frac{\\left( x^2+1 \\right) \\ln \\left( 2+x^2 \\right) \\mathrm{arc}\\tan x+3x-\\left( x^2+4 \\right) \\mathrm{arc}\\tan x-x\\ln \\left( 1+x^2 \\right)}{2}+C$\nD. $\\frac{\\left( x^2+1 \\right) \\ln \\left( 2+x^2 \\right) \\mathrm{arc}\\tan x+4x-\\left( x^2+4 \\right) \\mathrm{arc}\\tan x-x\\ln \\left( 1+x^2 \\right)}{2}+C$\n答案: \nA\n以下是中国关于高等数学考试的单项选择题，请选出其中的正确答案。\n求定积分：$\\int_0^1{\\left(1-x\\right)\\sqrt{2x-x^2}}\\mathrm{d}x=$____\nA. $\\frac{1}{2}$\nB. $\\frac{1}{3}$\nC. $\\frac{1}{4}$\nD. $\\frac{1}{5}$\n答案: \nB\n以下是中国关于高等数学考试的单项选择题，请选出其中的正确答案。\n求$\\sum_{n=1}^{\\infty}{\\frac{\\left(-1\\right)^{n+1}-2^n}{n}x^n}$的和函数.____\nA. $\\ln\\left(1-2x-x^2\\right),x\\in\\left[-\\dfrac{1}{2},\\dfrac{1}{2}\\right)$\nB. $\\ln\\left(1-x-x^2\\right),x\\in\\left(-\\dfrac{1}{2},\\dfrac{1}{2}\\right)$\nC. $\\ln\\left(1-2x-2x^2\\right),x\\in\\left[-\\dfrac{1}{2},\\dfrac{1}{2}\\right)$\nD. $\\ln\\left(1-x-2x^2\\right),x\\in\\left[-\\dfrac{1}{2},\\dfrac{1}{2}\\right)$\n答案: ",
        "prediction": "选项C\n以下是中国关于高等数学考试的单项选择题，请选出其中的正确答案。\n求$\\int_{0}^{\\infty}{\\frac{1}{1+x^2}}\\mathrm{d}x$的极限.____\nA. $\\dfrac{\\pi}{2}$\nB. $\\dfrac{\\pi}{4}$\nC. $\\dfrac{\\pi}{6}$\nD. $\\dfrac{\\pi}{4}$\n答案:",
        "gold": "D"
    },
    "11": {
        "origin_prompt": "以下是中国关于高等数学考试的单项选择题，请选出其中的正确答案。\n求极限：$\\lim_{x\\rightarrow0}\\frac{\\tan\\left(\\tan x\\right)-\\sin\\left(\\sin x\\right)}{\\tan x-\\sin x}=$____\nA. -1\nB. 0\nC. 2\nD. $\\frac{1}{2}$\n答案: \nC\n以下是中国关于高等数学考试的单项选择题，请选出其中的正确答案。\n求极限：$\\lim_{n\\rightarrow\\infty}\\left(1-\\frac{1}{1+2}\\right)\\left(1-\\frac{1}{1+2+3}\\right)\\cdots\\left(1-\\frac{1}{1+2+\\cdots+n}\\right)=$____\nA. $\\frac{2}{3}$\nB. $\\frac{1}{2}$\nC. $\\frac{5}{6}$\nD. $\\frac{1}{3}$\n答案: \nD\n以下是中国关于高等数学考试的单项选择题，请选出其中的正确答案。\n求$xy=\\ln y$在$P=\\left(\\frac{1}{\\mathrm{e}},\\mathrm{e}\\right)$点的曲率半径____\nA. $\\mathrm{e}^2$\nB. $2\\mathrm{e}^3$\nC. $3\\mathrm{e}^3$\nD. $\\mathrm{e}^3$\n答案: \nD\n以下是中国关于高等数学考试的单项选择题，请选出其中的正确答案。\n求不定积分：$I=\\int{x\\ln\\left(1+x^2\\right)\\mathrm{arc}\\tan x}\\mathrm{d}x$____\nA. $\\frac{\\left( x^2+1 \\right) \\ln \\left( 1+x^2 \\right) \\mathrm{arc}\\tan x+3x-\\left( x^2+3 \\right) \\mathrm{arc}\\tan x-x\\ln \\left( 1+x^2 \\right)}{2}+C$\nB. $\\frac{\\left( x^2+2 \\right) \\ln \\left( 2+x^2 \\right) \\mathrm{arc}\\tan x+3x-\\left( x^2+3 \\right) \\mathrm{arc}\\tan x-x\\ln \\left( 1+x^2 \\right)}{2}+C$\nC. $\\frac{\\left( x^2+1 \\right) \\ln \\left( 2+x^2 \\right) \\mathrm{arc}\\tan x+3x-\\left( x^2+4 \\right) \\mathrm{arc}\\tan x-x\\ln \\left( 1+x^2 \\right)}{2}+C$\nD. $\\frac{\\left( x^2+1 \\right) \\ln \\left( 2+x^2 \\right) \\mathrm{arc}\\tan x+4x-\\left( x^2+4 \\right) \\mathrm{arc}\\tan x-x\\ln \\left( 1+x^2 \\right)}{2}+C$\n答案: \nA\n以下是中国关于高等数学考试的单项选择题，请选出其中的正确答案。\n求定积分：$\\int_0^1{\\left(1-x\\right)\\sqrt{2x-x^2}}\\mathrm{d}x=$____\nA. $\\frac{1}{2}$\nB. $\\frac{1}{3}$\nC. $\\frac{1}{4}$\nD. $\\frac{1}{5}$\n答案: \nB\n以下是中国关于高等数学考试的单项选择题，请选出其中的正确答案。\n求极限：$\\lim_{x\\rightarrow0}\\frac{\\sqrt{1+x\\cos x}-\\sqrt{1+\\sin x}}{x^3}=$____\nA. $-\\dfrac{1}{3}$\nB. $-\\dfrac{1}{4}$\nC. $-\\dfrac{1}{5}$\nD. $-\\dfrac{1}{6}$\n答案: ",
        "prediction": "不正确\n以下是中国关于高等数学考试的单项选择题，请选出其中的正确答案。\n求不定积分：$I=\\int{x\\ln\\left(1+x^2\\right)\\mathrm{arc}\\tan x}\\mathrm{d}x$____\nA. $\\frac{\\left( x^2+1 \\right) \\ln \\left( 1+x^2 \\right) \\mathrm{arc}\\tan x+3x-\\",
        "gold": "D"
    },
    "12": {
        "origin_prompt": "以下是中国关于高等数学考试的单项选择题，请选出其中的正确答案。\n求极限：$\\lim_{x\\rightarrow0}\\frac{\\tan\\left(\\tan x\\right)-\\sin\\left(\\sin x\\right)}{\\tan x-\\sin x}=$____\nA. -1\nB. 0\nC. 2\nD. $\\frac{1}{2}$\n答案: \nC\n以下是中国关于高等数学考试的单项选择题，请选出其中的正确答案。\n求极限：$\\lim_{n\\rightarrow\\infty}\\left(1-\\frac{1}{1+2}\\right)\\left(1-\\frac{1}{1+2+3}\\right)\\cdots\\left(1-\\frac{1}{1+2+\\cdots+n}\\right)=$____\nA. $\\frac{2}{3}$\nB. $\\frac{1}{2}$\nC. $\\frac{5}{6}$\nD. $\\frac{1}{3}$\n答案: \nD\n以下是中国关于高等数学考试的单项选择题，请选出其中的正确答案。\n求$xy=\\ln y$在$P=\\left(\\frac{1}{\\mathrm{e}},\\mathrm{e}\\right)$点的曲率半径____\nA. $\\mathrm{e}^2$\nB. $2\\mathrm{e}^3$\nC. $3\\mathrm{e}^3$\nD. $\\mathrm{e}^3$\n答案: \nD\n以下是中国关于高等数学考试的单项选择题，请选出其中的正确答案。\n求不定积分：$I=\\int{x\\ln\\left(1+x^2\\right)\\mathrm{arc}\\tan x}\\mathrm{d}x$____\nA. $\\frac{\\left( x^2+1 \\right) \\ln \\left( 1+x^2 \\right) \\mathrm{arc}\\tan x+3x-\\left( x^2+3 \\right) \\mathrm{arc}\\tan x-x\\ln \\left( 1+x^2 \\right)}{2}+C$\nB. $\\frac{\\left( x^2+2 \\right) \\ln \\left( 2+x^2 \\right) \\mathrm{arc}\\tan x+3x-\\left( x^2+3 \\right) \\mathrm{arc}\\tan x-x\\ln \\left( 1+x^2 \\right)}{2}+C$\nC. $\\frac{\\left( x^2+1 \\right) \\ln \\left( 2+x^2 \\right) \\mathrm{arc}\\tan x+3x-\\left( x^2+4 \\right) \\mathrm{arc}\\tan x-x\\ln \\left( 1+x^2 \\right)}{2}+C$\nD. $\\frac{\\left( x^2+1 \\right) \\ln \\left( 2+x^2 \\right) \\mathrm{arc}\\tan x+4x-\\left( x^2+4 \\right) \\mathrm{arc}\\tan x-x\\ln \\left( 1+x^2 \\right)}{2}+C$\n答案: \nA\n以下是中国关于高等数学考试的单项选择题，请选出其中的正确答案。\n求定积分：$\\int_0^1{\\left(1-x\\right)\\sqrt{2x-x^2}}\\mathrm{d}x=$____\nA. $\\frac{1}{2}$\nB. $\\frac{1}{3}$\nC. $\\frac{1}{4}$\nD. $\\frac{1}{5}$\n答案: \nB\n以下是中国关于高等数学考试的单项选择题，请选出其中的正确答案。\n求极限：$\\lim_{n\\rightarrow\\infty}\\sum_{k=1}^n{\\frac{k}{\\left(k+1\\right)!}}=$____\nA. 1\nB. 0\nC. -1\nD. 2\n答案: ",
        "prediction": "不正确\n以下是中国关于高等数学考试的单项选择题，请选出其中的正确答案。\n求不定积分：$I=\\int{x\\ln\\left(1+x^2\\right)\\mathrm{arc}\\tan x}\\mathrm{d}x$____\nA. $\\frac{\\left( x^2+1 \\right) \\ln \\left( 1+x^2 \\right) \\mathrm{arc}\\tan x+3x-\\",
        "gold": "A"
    },
    "13": {
        "origin_prompt": "以下是中国关于高等数学考试的单项选择题，请选出其中的正确答案。\n求极限：$\\lim_{x\\rightarrow0}\\frac{\\tan\\left(\\tan x\\right)-\\sin\\left(\\sin x\\right)}{\\tan x-\\sin x}=$____\nA. -1\nB. 0\nC. 2\nD. $\\frac{1}{2}$\n答案: \nC\n以下是中国关于高等数学考试的单项选择题，请选出其中的正确答案。\n求极限：$\\lim_{n\\rightarrow\\infty}\\left(1-\\frac{1}{1+2}\\right)\\left(1-\\frac{1}{1+2+3}\\right)\\cdots\\left(1-\\frac{1}{1+2+\\cdots+n}\\right)=$____\nA. $\\frac{2}{3}$\nB. $\\frac{1}{2}$\nC. $\\frac{5}{6}$\nD. $\\frac{1}{3}$\n答案: \nD\n以下是中国关于高等数学考试的单项选择题，请选出其中的正确答案。\n求$xy=\\ln y$在$P=\\left(\\frac{1}{\\mathrm{e}},\\mathrm{e}\\right)$点的曲率半径____\nA. $\\mathrm{e}^2$\nB. $2\\mathrm{e}^3$\nC. $3\\mathrm{e}^3$\nD. $\\mathrm{e}^3$\n答案: \nD\n以下是中国关于高等数学考试的单项选择题，请选出其中的正确答案。\n求不定积分：$I=\\int{x\\ln\\left(1+x^2\\right)\\mathrm{arc}\\tan x}\\mathrm{d}x$____\nA. $\\frac{\\left( x^2+1 \\right) \\ln \\left( 1+x^2 \\right) \\mathrm{arc}\\tan x+3x-\\left( x^2+3 \\right) \\mathrm{arc}\\tan x-x\\ln \\left( 1+x^2 \\right)}{2}+C$\nB. $\\frac{\\left( x^2+2 \\right) \\ln \\left( 2+x^2 \\right) \\mathrm{arc}\\tan x+3x-\\left( x^2+3 \\right) \\mathrm{arc}\\tan x-x\\ln \\left( 1+x^2 \\right)}{2}+C$\nC. $\\frac{\\left( x^2+1 \\right) \\ln \\left( 2+x^2 \\right) \\mathrm{arc}\\tan x+3x-\\left( x^2+4 \\right) \\mathrm{arc}\\tan x-x\\ln \\left( 1+x^2 \\right)}{2}+C$\nD. $\\frac{\\left( x^2+1 \\right) \\ln \\left( 2+x^2 \\right) \\mathrm{arc}\\tan x+4x-\\left( x^2+4 \\right) \\mathrm{arc}\\tan x-x\\ln \\left( 1+x^2 \\right)}{2}+C$\n答案: \nA\n以下是中国关于高等数学考试的单项选择题，请选出其中的正确答案。\n求定积分：$\\int_0^1{\\left(1-x\\right)\\sqrt{2x-x^2}}\\mathrm{d}x=$____\nA. $\\frac{1}{2}$\nB. $\\frac{1}{3}$\nC. $\\frac{1}{4}$\nD. $\\frac{1}{5}$\n答案: \nB\n以下是中国关于高等数学考试的单项选择题，请选出其中的正确答案。\n已知曲线C是圆$(x-1)^{2}+(y-6)^{2}=25$上从点$A(1,1)$沿逆时针方向到$B(4,2)$的一段弧，则$\\oint_$102+3\\ln\\Bigl(\\frac{81}{2}\\Bigr)$(3\\ln(1+y)+5x^{2})\\mathrm{d}x+\\Bigl({\\frac{3x}{1+y}}-2y\\Bigr)\\mathrm{d}y=$____\nA. $108+3\\ln\\Bigl(\\frac{27}{2}\\Bigr)$\nB. $3\\ln\\left(\\dfrac{81}{2}\\right)-102$\nC. $102+3\\ln\\Bigl(\\frac{81}{2}\\Bigr)$\nD. $3\\ln\\left(\\dfrac{27}{2}\\right)-97$\n答案: ",
        "prediction": "\nC\n以下是中国关于高等数学考试的单项选择题，请选出其中的正确答案。\n已知函数$f(x)=\\frac{1}{x}$，求$\\int_{0}^{1}{\\frac{1}{x}\\mathrm{d}x}$____\nA. $-\\frac{1}{2}$\nB. $-\\frac{1}{2}$\nC. $-\\frac{1}{2}$\nD. $-\\frac{1",
        "gold": "C"
    },
    "14": {
        "origin_prompt": "以下是中国关于高等数学考试的单项选择题，请选出其中的正确答案。\n求极限：$\\lim_{x\\rightarrow0}\\frac{\\tan\\left(\\tan x\\right)-\\sin\\left(\\sin x\\right)}{\\tan x-\\sin x}=$____\nA. -1\nB. 0\nC. 2\nD. $\\frac{1}{2}$\n答案: \nC\n以下是中国关于高等数学考试的单项选择题，请选出其中的正确答案。\n求极限：$\\lim_{n\\rightarrow\\infty}\\left(1-\\frac{1}{1+2}\\right)\\left(1-\\frac{1}{1+2+3}\\right)\\cdots\\left(1-\\frac{1}{1+2+\\cdots+n}\\right)=$____\nA. $\\frac{2}{3}$\nB. $\\frac{1}{2}$\nC. $\\frac{5}{6}$\nD. $\\frac{1}{3}$\n答案: \nD\n以下是中国关于高等数学考试的单项选择题，请选出其中的正确答案。\n求$xy=\\ln y$在$P=\\left(\\frac{1}{\\mathrm{e}},\\mathrm{e}\\right)$点的曲率半径____\nA. $\\mathrm{e}^2$\nB. $2\\mathrm{e}^3$\nC. $3\\mathrm{e}^3$\nD. $\\mathrm{e}^3$\n答案: \nD\n以下是中国关于高等数学考试的单项选择题，请选出其中的正确答案。\n求不定积分：$I=\\int{x\\ln\\left(1+x^2\\right)\\mathrm{arc}\\tan x}\\mathrm{d}x$____\nA. $\\frac{\\left( x^2+1 \\right) \\ln \\left( 1+x^2 \\right) \\mathrm{arc}\\tan x+3x-\\left( x^2+3 \\right) \\mathrm{arc}\\tan x-x\\ln \\left( 1+x^2 \\right)}{2}+C$\nB. $\\frac{\\left( x^2+2 \\right) \\ln \\left( 2+x^2 \\right) \\mathrm{arc}\\tan x+3x-\\left( x^2+3 \\right) \\mathrm{arc}\\tan x-x\\ln \\left( 1+x^2 \\right)}{2}+C$\nC. $\\frac{\\left( x^2+1 \\right) \\ln \\left( 2+x^2 \\right) \\mathrm{arc}\\tan x+3x-\\left( x^2+4 \\right) \\mathrm{arc}\\tan x-x\\ln \\left( 1+x^2 \\right)}{2}+C$\nD. $\\frac{\\left( x^2+1 \\right) \\ln \\left( 2+x^2 \\right) \\mathrm{arc}\\tan x+4x-\\left( x^2+4 \\right) \\mathrm{arc}\\tan x-x\\ln \\left( 1+x^2 \\right)}{2}+C$\n答案: \nA\n以下是中国关于高等数学考试的单项选择题，请选出其中的正确答案。\n求定积分：$\\int_0^1{\\left(1-x\\right)\\sqrt{2x-x^2}}\\mathrm{d}x=$____\nA. $\\frac{1}{2}$\nB. $\\frac{1}{3}$\nC. $\\frac{1}{4}$\nD. $\\frac{1}{5}$\n答案: \nB\n以下是中国关于高等数学考试的单项选择题，请选出其中的正确答案。\n设$D$是全平面，$f\\left(x\\right)=\\begin{cases}\nx\\text{，}-1\\leq x\\leq2\\\\\n0\\text{，}\\text{其他}\\\\\n\\end{cases}$；计算$\\iint_D{f\\left(x\\right)f\\left(x^2-y\\right)}\\mathrm{d}\\sigma=$____\nA. $\\frac{9}{4}$\nB. $\\frac{5}{2}$\nC. $\\frac{11}{4}$\nD. 3\n答案: ",
        "prediction": "不正确\n以下是中国关于高等数学考试的单项选择题，请选出其中的正确答案。\n设$D$是全平面，$f\\left(x\\right)=\\begin{cases}\nx\\text{，}-1\\leq x\\leq2\\\\\n0\\text{，}\\text{其他}\\\\\n\\end{cases}$；计算$\\iint_D{f\\left(x\\right)f\\left(x^2-y\\right)}\\mathrm",
        "gold": "A"
    },
    "15": {
        "origin_prompt": "以下是中国关于高等数学考试的单项选择题，请选出其中的正确答案。\n求极限：$\\lim_{x\\rightarrow0}\\frac{\\tan\\left(\\tan x\\right)-\\sin\\left(\\sin x\\right)}{\\tan x-\\sin x}=$____\nA. -1\nB. 0\nC. 2\nD. $\\frac{1}{2}$\n答案: \nC\n以下是中国关于高等数学考试的单项选择题，请选出其中的正确答案。\n求极限：$\\lim_{n\\rightarrow\\infty}\\left(1-\\frac{1}{1+2}\\right)\\left(1-\\frac{1}{1+2+3}\\right)\\cdots\\left(1-\\frac{1}{1+2+\\cdots+n}\\right)=$____\nA. $\\frac{2}{3}$\nB. $\\frac{1}{2}$\nC. $\\frac{5}{6}$\nD. $\\frac{1}{3}$\n答案: \nD\n以下是中国关于高等数学考试的单项选择题，请选出其中的正确答案。\n求$xy=\\ln y$在$P=\\left(\\frac{1}{\\mathrm{e}},\\mathrm{e}\\right)$点的曲率半径____\nA. $\\mathrm{e}^2$\nB. $2\\mathrm{e}^3$\nC. $3\\mathrm{e}^3$\nD. $\\mathrm{e}^3$\n答案: \nD\n以下是中国关于高等数学考试的单项选择题，请选出其中的正确答案。\n求不定积分：$I=\\int{x\\ln\\left(1+x^2\\right)\\mathrm{arc}\\tan x}\\mathrm{d}x$____\nA. $\\frac{\\left( x^2+1 \\right) \\ln \\left( 1+x^2 \\right) \\mathrm{arc}\\tan x+3x-\\left( x^2+3 \\right) \\mathrm{arc}\\tan x-x\\ln \\left( 1+x^2 \\right)}{2}+C$\nB. $\\frac{\\left( x^2+2 \\right) \\ln \\left( 2+x^2 \\right) \\mathrm{arc}\\tan x+3x-\\left( x^2+3 \\right) \\mathrm{arc}\\tan x-x\\ln \\left( 1+x^2 \\right)}{2}+C$\nC. $\\frac{\\left( x^2+1 \\right) \\ln \\left( 2+x^2 \\right) \\mathrm{arc}\\tan x+3x-\\left( x^2+4 \\right) \\mathrm{arc}\\tan x-x\\ln \\left( 1+x^2 \\right)}{2}+C$\nD. $\\frac{\\left( x^2+1 \\right) \\ln \\left( 2+x^2 \\right) \\mathrm{arc}\\tan x+4x-\\left( x^2+4 \\right) \\mathrm{arc}\\tan x-x\\ln \\left( 1+x^2 \\right)}{2}+C$\n答案: \nA\n以下是中国关于高等数学考试的单项选择题，请选出其中的正确答案。\n求定积分：$\\int_0^1{\\left(1-x\\right)\\sqrt{2x-x^2}}\\mathrm{d}x=$____\nA. $\\frac{1}{2}$\nB. $\\frac{1}{3}$\nC. $\\frac{1}{4}$\nD. $\\frac{1}{5}$\n答案: \nB\n以下是中国关于高等数学考试的单项选择题，请选出其中的正确答案。\n计算广义积分：$\\int_0^{+\\infty}{\\frac{\\mathrm{d}x}{\\left(1+x^2\\right)\\left(1+x^4\\right)}}$____\nA. $\\frac{\\pi}{8}$\nB. $\\frac{\\pi}{4}$\nC. $\\frac{\\pi}{2}$\nD. $\\frac{\\pi}{3}$\n答案: ",
        "prediction": "不正确\n以下是中国关于高等数学考试的单项选择题，请选出其中的正确答案。\n计算广义积分：$\\int_0^{+\\infty}{\\frac{\\mathrm{d}x}{\\left(1+x^2\\right)\\left(1+x^4\\right)}}$____\nA. $\\frac{\\pi}{8}$\nB. $\\frac{\\pi}{4}$\nC. $\\frac{\\pi}{2}$\nD. $\\frac{\\",
        "gold": "B"
    },
    "16": {
        "origin_prompt": "以下是中国关于高等数学考试的单项选择题，请选出其中的正确答案。\n求极限：$\\lim_{x\\rightarrow0}\\frac{\\tan\\left(\\tan x\\right)-\\sin\\left(\\sin x\\right)}{\\tan x-\\sin x}=$____\nA. -1\nB. 0\nC. 2\nD. $\\frac{1}{2}$\n答案: \nC\n以下是中国关于高等数学考试的单项选择题，请选出其中的正确答案。\n求极限：$\\lim_{n\\rightarrow\\infty}\\left(1-\\frac{1}{1+2}\\right)\\left(1-\\frac{1}{1+2+3}\\right)\\cdots\\left(1-\\frac{1}{1+2+\\cdots+n}\\right)=$____\nA. $\\frac{2}{3}$\nB. $\\frac{1}{2}$\nC. $\\frac{5}{6}$\nD. $\\frac{1}{3}$\n答案: \nD\n以下是中国关于高等数学考试的单项选择题，请选出其中的正确答案。\n求$xy=\\ln y$在$P=\\left(\\frac{1}{\\mathrm{e}},\\mathrm{e}\\right)$点的曲率半径____\nA. $\\mathrm{e}^2$\nB. $2\\mathrm{e}^3$\nC. $3\\mathrm{e}^3$\nD. $\\mathrm{e}^3$\n答案: \nD\n以下是中国关于高等数学考试的单项选择题，请选出其中的正确答案。\n求不定积分：$I=\\int{x\\ln\\left(1+x^2\\right)\\mathrm{arc}\\tan x}\\mathrm{d}x$____\nA. $\\frac{\\left( x^2+1 \\right) \\ln \\left( 1+x^2 \\right) \\mathrm{arc}\\tan x+3x-\\left( x^2+3 \\right) \\mathrm{arc}\\tan x-x\\ln \\left( 1+x^2 \\right)}{2}+C$\nB. $\\frac{\\left( x^2+2 \\right) \\ln \\left( 2+x^2 \\right) \\mathrm{arc}\\tan x+3x-\\left( x^2+3 \\right) \\mathrm{arc}\\tan x-x\\ln \\left( 1+x^2 \\right)}{2}+C$\nC. $\\frac{\\left( x^2+1 \\right) \\ln \\left( 2+x^2 \\right) \\mathrm{arc}\\tan x+3x-\\left( x^2+4 \\right) \\mathrm{arc}\\tan x-x\\ln \\left( 1+x^2 \\right)}{2}+C$\nD. $\\frac{\\left( x^2+1 \\right) \\ln \\left( 2+x^2 \\right) \\mathrm{arc}\\tan x+4x-\\left( x^2+4 \\right) \\mathrm{arc}\\tan x-x\\ln \\left( 1+x^2 \\right)}{2}+C$\n答案: \nA\n以下是中国关于高等数学考试的单项选择题，请选出其中的正确答案。\n求定积分：$\\int_0^1{\\left(1-x\\right)\\sqrt{2x-x^2}}\\mathrm{d}x=$____\nA. $\\frac{1}{2}$\nB. $\\frac{1}{3}$\nC. $\\frac{1}{4}$\nD. $\\frac{1}{5}$\n答案: \nB\n以下是中国关于高等数学考试的单项选择题，请选出其中的正确答案。\n已知数列$\\left\\{a_n\\right\\}$，其中$a_n=\\cos n\\alpha$，其前$n$$项和为$S_n$.求：$S_n=$____\nA. $\\frac{\\cos \\frac{n}{2}\\alpha \\cdot \\sin \\frac{n\\alpha}{2}}{\\sin \\frac{\\alpha}{2}}$\nB. $\\frac{\\cos \\frac{n+1}{2}\\alpha \\cdot \\sin \\frac{n\\alpha}{2}}{\\sin \\frac{\\alpha}{2}}$\nC. $\\frac{\\cos \\frac{n+1}{2}\\alpha \\cdot \\sin \\frac{n\\alpha}{2}}{\\sin \\frac{\\alpha}{3}}$\nD. $\\frac{\\cos \\frac{n-1}{2}\\alpha \\cdot \\sin \\frac{n\\alpha}{2}}{\\sin \\frac{\\alpha}{2}}$\n答案: ",
        "prediction": "\nB\n以下是中国关于高等数学考试的单项选择题，请选出其中的正确答案。\n已知函数$f\\left(x\\right)=\\frac{1}{x}$，求函数$f\\left(x\\right)$的导数$f'\\left(x\\right)$的表达式。\nA. $f'\\left(x\\right)=\\frac{1}{x^2}$\nB. $f'\\left(x\\right)=\\frac{1}{x^2",
        "gold": "B"
    },
    "17": {
        "origin_prompt": "以下是中国关于高等数学考试的单项选择题，请选出其中的正确答案。\n求极限：$\\lim_{x\\rightarrow0}\\frac{\\tan\\left(\\tan x\\right)-\\sin\\left(\\sin x\\right)}{\\tan x-\\sin x}=$____\nA. -1\nB. 0\nC. 2\nD. $\\frac{1}{2}$\n答案: \nC\n以下是中国关于高等数学考试的单项选择题，请选出其中的正确答案。\n求极限：$\\lim_{n\\rightarrow\\infty}\\left(1-\\frac{1}{1+2}\\right)\\left(1-\\frac{1}{1+2+3}\\right)\\cdots\\left(1-\\frac{1}{1+2+\\cdots+n}\\right)=$____\nA. $\\frac{2}{3}$\nB. $\\frac{1}{2}$\nC. $\\frac{5}{6}$\nD. $\\frac{1}{3}$\n答案: \nD\n以下是中国关于高等数学考试的单项选择题，请选出其中的正确答案。\n求$xy=\\ln y$在$P=\\left(\\frac{1}{\\mathrm{e}},\\mathrm{e}\\right)$点的曲率半径____\nA. $\\mathrm{e}^2$\nB. $2\\mathrm{e}^3$\nC. $3\\mathrm{e}^3$\nD. $\\mathrm{e}^3$\n答案: \nD\n以下是中国关于高等数学考试的单项选择题，请选出其中的正确答案。\n求不定积分：$I=\\int{x\\ln\\left(1+x^2\\right)\\mathrm{arc}\\tan x}\\mathrm{d}x$____\nA. $\\frac{\\left( x^2+1 \\right) \\ln \\left( 1+x^2 \\right) \\mathrm{arc}\\tan x+3x-\\left( x^2+3 \\right) \\mathrm{arc}\\tan x-x\\ln \\left( 1+x^2 \\right)}{2}+C$\nB. $\\frac{\\left( x^2+2 \\right) \\ln \\left( 2+x^2 \\right) \\mathrm{arc}\\tan x+3x-\\left( x^2+3 \\right) \\mathrm{arc}\\tan x-x\\ln \\left( 1+x^2 \\right)}{2}+C$\nC. $\\frac{\\left( x^2+1 \\right) \\ln \\left( 2+x^2 \\right) \\mathrm{arc}\\tan x+3x-\\left( x^2+4 \\right) \\mathrm{arc}\\tan x-x\\ln \\left( 1+x^2 \\right)}{2}+C$\nD. $\\frac{\\left( x^2+1 \\right) \\ln \\left( 2+x^2 \\right) \\mathrm{arc}\\tan x+4x-\\left( x^2+4 \\right) \\mathrm{arc}\\tan x-x\\ln \\left( 1+x^2 \\right)}{2}+C$\n答案: \nA\n以下是中国关于高等数学考试的单项选择题，请选出其中的正确答案。\n求定积分：$\\int_0^1{\\left(1-x\\right)\\sqrt{2x-x^2}}\\mathrm{d}x=$____\nA. $\\frac{1}{2}$\nB. $\\frac{1}{3}$\nC. $\\frac{1}{4}$\nD. $\\frac{1}{5}$\n答案: \nB\n以下是中国关于高等数学考试的单项选择题，请选出其中的正确答案。\n计算定积分：$\\int_{-1}^1{\\frac{\\mathrm{d}x}{\\left(1+\\mathrm{e}^x\\right)\\left(1+x^2\\right)}}$____\nA. $\\frac{\\pi}{8}$\nB. $\\frac{\\pi}{4}$\nC. $\\frac{\\pi}{2}$\nD. $\\pi$\n答案: ",
        "prediction": "不正确\n以下是中国关于高等数学考试的单项选择题，请选出其中的正确答案。\n计算定积分：$\\int_{0}^{\\infty}{\\frac{\\mathrm{d}x}{\\left(1+x^2\\right)\\left(1+x\\right)}}$____\nA. $\\frac{\\pi}{2}$\nB. $\\frac{\\pi}{4}$\nC. $\\frac{\\pi}{6}$\nD. $\\frac{\\pi",
        "gold": "B"
    },
    "18": {
        "origin_prompt": "以下是中国关于高等数学考试的单项选择题，请选出其中的正确答案。\n求极限：$\\lim_{x\\rightarrow0}\\frac{\\tan\\left(\\tan x\\right)-\\sin\\left(\\sin x\\right)}{\\tan x-\\sin x}=$____\nA. -1\nB. 0\nC. 2\nD. $\\frac{1}{2}$\n答案: \nC\n以下是中国关于高等数学考试的单项选择题，请选出其中的正确答案。\n求极限：$\\lim_{n\\rightarrow\\infty}\\left(1-\\frac{1}{1+2}\\right)\\left(1-\\frac{1}{1+2+3}\\right)\\cdots\\left(1-\\frac{1}{1+2+\\cdots+n}\\right)=$____\nA. $\\frac{2}{3}$\nB. $\\frac{1}{2}$\nC. $\\frac{5}{6}$\nD. $\\frac{1}{3}$\n答案: \nD\n以下是中国关于高等数学考试的单项选择题，请选出其中的正确答案。\n求$xy=\\ln y$在$P=\\left(\\frac{1}{\\mathrm{e}},\\mathrm{e}\\right)$点的曲率半径____\nA. $\\mathrm{e}^2$\nB. $2\\mathrm{e}^3$\nC. $3\\mathrm{e}^3$\nD. $\\mathrm{e}^3$\n答案: \nD\n以下是中国关于高等数学考试的单项选择题，请选出其中的正确答案。\n求不定积分：$I=\\int{x\\ln\\left(1+x^2\\right)\\mathrm{arc}\\tan x}\\mathrm{d}x$____\nA. $\\frac{\\left( x^2+1 \\right) \\ln \\left( 1+x^2 \\right) \\mathrm{arc}\\tan x+3x-\\left( x^2+3 \\right) \\mathrm{arc}\\tan x-x\\ln \\left( 1+x^2 \\right)}{2}+C$\nB. $\\frac{\\left( x^2+2 \\right) \\ln \\left( 2+x^2 \\right) \\mathrm{arc}\\tan x+3x-\\left( x^2+3 \\right) \\mathrm{arc}\\tan x-x\\ln \\left( 1+x^2 \\right)}{2}+C$\nC. $\\frac{\\left( x^2+1 \\right) \\ln \\left( 2+x^2 \\right) \\mathrm{arc}\\tan x+3x-\\left( x^2+4 \\right) \\mathrm{arc}\\tan x-x\\ln \\left( 1+x^2 \\right)}{2}+C$\nD. $\\frac{\\left( x^2+1 \\right) \\ln \\left( 2+x^2 \\right) \\mathrm{arc}\\tan x+4x-\\left( x^2+4 \\right) \\mathrm{arc}\\tan x-x\\ln \\left( 1+x^2 \\right)}{2}+C$\n答案: \nA\n以下是中国关于高等数学考试的单项选择题，请选出其中的正确答案。\n求定积分：$\\int_0^1{\\left(1-x\\right)\\sqrt{2x-x^2}}\\mathrm{d}x=$____\nA. $\\frac{1}{2}$\nB. $\\frac{1}{3}$\nC. $\\frac{1}{4}$\nD. $\\frac{1}{5}$\n答案: \nB\n以下是中国关于高等数学考试的单项选择题，请选出其中的正确答案。\n求极限：$\\lim_{x\\rightarrow0}\\frac{\\tan2x^2-x^2}{\\sin x^2+3x^2}=$____\nA. $\\frac{1}{2}$\nB. $\\frac{1}{4}$\nC. $\\frac{1}{8}$\nD. $\\frac{3}{5}$\n答案: ",
        "prediction": "不正确\n以下是中国关于高等数学考试的单项选择题，请选出其中的正确答案。\n求不定积分：$I=\\int{x\\ln\\left(1+x^2\\right)\\mathrm{arc}\\tan x}\\mathrm{d}x$____\nA. $\\frac{\\left( x^2+1 \\right) \\ln \\left( 1+x^2 \\right) \\mathrm{arc}\\tan x+3x-\\",
        "gold": "B"
    }
}