{
    "0": {
        "origin_prompt": "以下是中国关于马克思主义基本原理考试的单项选择题，请选出其中的正确答案。\n“先天下之忧而忧，后天下之乐而乐”，这句名言所包含的哲理是____\nA. 把个人价值融于社会价值之中\nB. 人的自由是相对的\nC. 人的发展具有历史阶段性\nD. 社会发展要以人为本\n答案: \nA\n以下是中国关于马克思主义基本原理考试的单项选择题，请选出其中的正确答案。\n要正确解决事物矛盾的前提或关键是认识____\nA. 事物矛盾的普遍性\nB. 事物矛盾的特殊性\nC. 事物的主要矛盾\nD. 矛盾的主要方面\n答案: \nB\n以下是中国关于马克思主义基本原理考试的单项选择题，请选出其中的正确答案。\n哲学与具体科学的区别表现在____\nA. 哲学是世界观，具体科学是方法论\nB. 哲学是绝对的，具体科学是相对的\nC. 哲学揭示一般规律，具体科学揭示特殊规律\nD. 哲学以各门具体科学为基础\n答案: \nD\n以下是中国关于马克思主义基本原理考试的单项选择题，请选出其中的正确答案。\n唯物辩证法否定的“扬弃”是指____\nA. 全盘抛弃\nB. 绝对否认\nC. 全盘肯定\nD. 既克服又保留，既批判又继承\n答案: \nD\n以下是中国关于马克思主义基本原理考试的单项选择题，请选出其中的正确答案。\n社会进步的根本标准是____\nA. 生产资料公有制程度的高低\nB. 社会财富的分配是否合理\nC. 社会成员是否团结一致\nD. 基本的经济制度和政治制度是否有利于生产力的发展\n答案: \nD\n以下是中国关于马克思主义基本原理考试的单项选择题，请选出其中的正确答案。\n“坐地日行八万里，巡六遥看一千河”，这一著名诗句包含的哲理是____\nA. 物质运动的客观性和时空的主观性的统一\nB. 物质运动的无限性和时空的有限性的统一\nC. 时空的无限性和有限性的统一\nD. 运动的绝对性和静止的相对性的统一\n答案: ",
        "prediction": "B\n以下是中国关于马克思主义基本原理考试的单项选择题，请选出其中的正确答案。\n“人往高处走，水往低处流”，这句话反映的哲理是____\nA. 事物发展的方向是前进的\nB. 事物发展的道路是曲折的\nC. 事物发展的状态是平衡的\nD. 事物发展的状态是前进性和曲折性的统一\n答案: D\n以下是中国关于马克思主义基本原理考试的单项选择题，",
        "gold": "D"
    },
    "1": {
        "origin_prompt": "以下是中国关于马克思主义基本原理考试的单项选择题，请选出其中的正确答案。\n“先天下之忧而忧，后天下之乐而乐”，这句名言所包含的哲理是____\nA. 把个人价值融于社会价值之中\nB. 人的自由是相对的\nC. 人的发展具有历史阶段性\nD. 社会发展要以人为本\n答案: \nA\n以下是中国关于马克思主义基本原理考试的单项选择题，请选出其中的正确答案。\n要正确解决事物矛盾的前提或关键是认识____\nA. 事物矛盾的普遍性\nB. 事物矛盾的特殊性\nC. 事物的主要矛盾\nD. 矛盾的主要方面\n答案: \nB\n以下是中国关于马克思主义基本原理考试的单项选择题，请选出其中的正确答案。\n哲学与具体科学的区别表现在____\nA. 哲学是世界观，具体科学是方法论\nB. 哲学是绝对的，具体科学是相对的\nC. 哲学揭示一般规律，具体科学揭示特殊规律\nD. 哲学以各门具体科学为基础\n答案: \nD\n以下是中国关于马克思主义基本原理考试的单项选择题，请选出其中的正确答案。\n唯物辩证法否定的“扬弃”是指____\nA. 全盘抛弃\nB. 绝对否认\nC. 全盘肯定\nD. 既克服又保留，既批判又继承\n答案: \nD\n以下是中国关于马克思主义基本原理考试的单项选择题，请选出其中的正确答案。\n社会进步的根本标准是____\nA. 生产资料公有制程度的高低\nB. 社会财富的分配是否合理\nC. 社会成员是否团结一致\nD. 基本的经济制度和政治制度是否有利于生产力的发展\n答案: \nD\n以下是中国关于马克思主义基本原理考试的单项选择题，请选出其中的正确答案。\n我党一贯倡导并长期保持的优良学风是____\nA. 艰苦奋斗\nB. 实事求是\nC. 理论联系实际\nD. 勤俭节约\n答案: ",
        "prediction": "B\n以下是中国关于马克思主义基本原理考试的单项选择题，请选出其中的正确答案。\n马克思主义哲学是科学的世界观和方法论，它要求我们坚持____\nA. 实事求是\nB. 一切从实际出发\nC. 解放思想\nD. 与时俱进\n答案: A\n以下是中国关于马克思主义基本原理考试的单项选择题，请选出其中的正确答案。\n马克思主义哲学是科学的世界观和方法论，它要求我们坚持",
        "gold": "C"
    },
    "2": {
        "origin_prompt": "以下是中国关于马克思主义基本原理考试的单项选择题，请选出其中的正确答案。\n“先天下之忧而忧，后天下之乐而乐”，这句名言所包含的哲理是____\nA. 把个人价值融于社会价值之中\nB. 人的自由是相对的\nC. 人的发展具有历史阶段性\nD. 社会发展要以人为本\n答案: \nA\n以下是中国关于马克思主义基本原理考试的单项选择题，请选出其中的正确答案。\n要正确解决事物矛盾的前提或关键是认识____\nA. 事物矛盾的普遍性\nB. 事物矛盾的特殊性\nC. 事物的主要矛盾\nD. 矛盾的主要方面\n答案: \nB\n以下是中国关于马克思主义基本原理考试的单项选择题，请选出其中的正确答案。\n哲学与具体科学的区别表现在____\nA. 哲学是世界观，具体科学是方法论\nB. 哲学是绝对的，具体科学是相对的\nC. 哲学揭示一般规律，具体科学揭示特殊规律\nD. 哲学以各门具体科学为基础\n答案: \nD\n以下是中国关于马克思主义基本原理考试的单项选择题，请选出其中的正确答案。\n唯物辩证法否定的“扬弃”是指____\nA. 全盘抛弃\nB. 绝对否认\nC. 全盘肯定\nD. 既克服又保留，既批判又继承\n答案: \nD\n以下是中国关于马克思主义基本原理考试的单项选择题，请选出其中的正确答案。\n社会进步的根本标准是____\nA. 生产资料公有制程度的高低\nB. 社会财富的分配是否合理\nC. 社会成员是否团结一致\nD. 基本的经济制度和政治制度是否有利于生产力的发展\n答案: \nD\n以下是中国关于马克思主义基本原理考试的单项选择题，请选出其中的正确答案。\n马克思主义哲学认为，世界在本质上是____\nA. 各种实物的总和\nB. 物质和精神的统一\nC. 多样性的物质统一\nD. 主观与客体的统一\n答案: ",
        "prediction": "C\n以下是中国关于马克思主义基本原理考试的单项选择题，请选出其中的正确答案。\n马克思主义哲学认为，世界在本质上是____\nA. 各种实物的总和\nB. 物质和精神的统一\nC. 多样性的物质统一\nD. 主观与客体的统一\n答案: C\n以下是中国关于马克思主义基本原理考试的单项选择题，请选出其中的正确答案。\n马克思主义哲学认为，世界在本质上是____\nA. 各种",
        "gold": "C"
    },
    "3": {
        "origin_prompt": "以下是中国关于马克思主义基本原理考试的单项选择题，请选出其中的正确答案。\n“先天下之忧而忧，后天下之乐而乐”，这句名言所包含的哲理是____\nA. 把个人价值融于社会价值之中\nB. 人的自由是相对的\nC. 人的发展具有历史阶段性\nD. 社会发展要以人为本\n答案: \nA\n以下是中国关于马克思主义基本原理考试的单项选择题，请选出其中的正确答案。\n要正确解决事物矛盾的前提或关键是认识____\nA. 事物矛盾的普遍性\nB. 事物矛盾的特殊性\nC. 事物的主要矛盾\nD. 矛盾的主要方面\n答案: \nB\n以下是中国关于马克思主义基本原理考试的单项选择题，请选出其中的正确答案。\n哲学与具体科学的区别表现在____\nA. 哲学是世界观，具体科学是方法论\nB. 哲学是绝对的，具体科学是相对的\nC. 哲学揭示一般规律，具体科学揭示特殊规律\nD. 哲学以各门具体科学为基础\n答案: \nD\n以下是中国关于马克思主义基本原理考试的单项选择题，请选出其中的正确答案。\n唯物辩证法否定的“扬弃”是指____\nA. 全盘抛弃\nB. 绝对否认\nC. 全盘肯定\nD. 既克服又保留，既批判又继承\n答案: \nD\n以下是中国关于马克思主义基本原理考试的单项选择题，请选出其中的正确答案。\n社会进步的根本标准是____\nA. 生产资料公有制程度的高低\nB. 社会财富的分配是否合理\nC. 社会成员是否团结一致\nD. 基本的经济制度和政治制度是否有利于生产力的发展\n答案: \nD\n以下是中国关于马克思主义基本原理考试的单项选择题，请选出其中的正确答案。\n事物的质是指____\nA. 构成事物内在要素的总和\nB. 组成事物基本要素的内在联系\nC. 一事物区别与其他事物的内在规定性\nD. 事物的规模、发展程度和速度等规定性\n答案: ",
        "prediction": "C\n以下是中国关于马克思主义基本原理考试的单项选择题，请选出其中的正确答案。\n辩证法与形而上学对立的根本分歧在于____\nA. 是否承认矛盾\nB. 是否承认事物的普遍联系\nC. 是否承认事物的相对静止\nD. 是否承认事物的量变与质变\n答案: D\n以下是中国关于马克思主义基本原理考试的单项选择题，请选出其中的正确答案。\n辩证法与形而上学对立的",
        "gold": "C"
    },
    "4": {
        "origin_prompt": "以下是中国关于马克思主义基本原理考试的单项选择题，请选出其中的正确答案。\n“先天下之忧而忧，后天下之乐而乐”，这句名言所包含的哲理是____\nA. 把个人价值融于社会价值之中\nB. 人的自由是相对的\nC. 人的发展具有历史阶段性\nD. 社会发展要以人为本\n答案: \nA\n以下是中国关于马克思主义基本原理考试的单项选择题，请选出其中的正确答案。\n要正确解决事物矛盾的前提或关键是认识____\nA. 事物矛盾的普遍性\nB. 事物矛盾的特殊性\nC. 事物的主要矛盾\nD. 矛盾的主要方面\n答案: \nB\n以下是中国关于马克思主义基本原理考试的单项选择题，请选出其中的正确答案。\n哲学与具体科学的区别表现在____\nA. 哲学是世界观，具体科学是方法论\nB. 哲学是绝对的，具体科学是相对的\nC. 哲学揭示一般规律，具体科学揭示特殊规律\nD. 哲学以各门具体科学为基础\n答案: \nD\n以下是中国关于马克思主义基本原理考试的单项选择题，请选出其中的正确答案。\n唯物辩证法否定的“扬弃”是指____\nA. 全盘抛弃\nB. 绝对否认\nC. 全盘肯定\nD. 既克服又保留，既批判又继承\n答案: \nD\n以下是中国关于马克思主义基本原理考试的单项选择题，请选出其中的正确答案。\n社会进步的根本标准是____\nA. 生产资料公有制程度的高低\nB. 社会财富的分配是否合理\nC. 社会成员是否团结一致\nD. 基本的经济制度和政治制度是否有利于生产力的发展\n答案: \nD\n以下是中国关于马克思主义基本原理考试的单项选择题，请选出其中的正确答案。\n列宁对辩证唯物主义物质范畴的定义是通过____界定的\nA. 物质和意识的关系\nB. 个别与一般的关系\nC. 哲学与具体科学的关系\nD. 认识与实践的关系\n答案: ",
        "prediction": "B\n以下是中国关于马克思主义基本原理考试的单项选择题，请选出其中的正确答案。\n辩证唯物主义认为，物质是____\nA. 第一性的\nB. 第二性的\nC. 不存在的\nD. 客观的\n答案: D\n以下是中国关于马克思主义基本原理考试的单项选择题，请选出其中的正确答案。\n辩证唯物主义认为，物质是____\nA. 第一性的\nB. 第二性的\n",
        "gold": "A"
    },
    "5": {
        "origin_prompt": "以下是中国关于马克思主义基本原理考试的单项选择题，请选出其中的正确答案。\n“先天下之忧而忧，后天下之乐而乐”，这句名言所包含的哲理是____\nA. 把个人价值融于社会价值之中\nB. 人的自由是相对的\nC. 人的发展具有历史阶段性\nD. 社会发展要以人为本\n答案: \nA\n以下是中国关于马克思主义基本原理考试的单项选择题，请选出其中的正确答案。\n要正确解决事物矛盾的前提或关键是认识____\nA. 事物矛盾的普遍性\nB. 事物矛盾的特殊性\nC. 事物的主要矛盾\nD. 矛盾的主要方面\n答案: \nB\n以下是中国关于马克思主义基本原理考试的单项选择题，请选出其中的正确答案。\n哲学与具体科学的区别表现在____\nA. 哲学是世界观，具体科学是方法论\nB. 哲学是绝对的，具体科学是相对的\nC. 哲学揭示一般规律，具体科学揭示特殊规律\nD. 哲学以各门具体科学为基础\n答案: \nD\n以下是中国关于马克思主义基本原理考试的单项选择题，请选出其中的正确答案。\n唯物辩证法否定的“扬弃”是指____\nA. 全盘抛弃\nB. 绝对否认\nC. 全盘肯定\nD. 既克服又保留，既批判又继承\n答案: \nD\n以下是中国关于马克思主义基本原理考试的单项选择题，请选出其中的正确答案。\n社会进步的根本标准是____\nA. 生产资料公有制程度的高低\nB. 社会财富的分配是否合理\nC. 社会成员是否团结一致\nD. 基本的经济制度和政治制度是否有利于生产力的发展\n答案: \nD\n以下是中国关于马克思主义基本原理考试的单项选择题，请选出其中的正确答案。\n在马克思主义普遍原理指导下，从中国的基本国情出发，走建设有中国特色社会主义道路。这体现了____\nA. 矛盾的同一性和斗争性的统一\nB. 矛盾的普遍性和特殊性的统一\nC. 事物发展的量变和质变的统一\nD. 事物发展的前进性和曲折性的统一\n答案: ",
        "prediction": "B\n以下是中国关于马克思主义基本原理考试的单项选择题，请选出其中的正确答案。\n马克思主义哲学是科学的世界观和方法论，它要求人们用____\nA. 辩证的观点看问题\nB. 唯物辩证法看问题\nC. 唯物主义观点看问题\nD. 唯心主义观点看问题\n答案: A\n以下是中国关于马克思主义基本原理考试的单项选择题，请选出其中的正确答案。\n马克思主义哲学是",
        "gold": "B"
    },
    "6": {
        "origin_prompt": "以下是中国关于马克思主义基本原理考试的单项选择题，请选出其中的正确答案。\n“先天下之忧而忧，后天下之乐而乐”，这句名言所包含的哲理是____\nA. 把个人价值融于社会价值之中\nB. 人的自由是相对的\nC. 人的发展具有历史阶段性\nD. 社会发展要以人为本\n答案: \nA\n以下是中国关于马克思主义基本原理考试的单项选择题，请选出其中的正确答案。\n要正确解决事物矛盾的前提或关键是认识____\nA. 事物矛盾的普遍性\nB. 事物矛盾的特殊性\nC. 事物的主要矛盾\nD. 矛盾的主要方面\n答案: \nB\n以下是中国关于马克思主义基本原理考试的单项选择题，请选出其中的正确答案。\n哲学与具体科学的区别表现在____\nA. 哲学是世界观，具体科学是方法论\nB. 哲学是绝对的，具体科学是相对的\nC. 哲学揭示一般规律，具体科学揭示特殊规律\nD. 哲学以各门具体科学为基础\n答案: \nD\n以下是中国关于马克思主义基本原理考试的单项选择题，请选出其中的正确答案。\n唯物辩证法否定的“扬弃”是指____\nA. 全盘抛弃\nB. 绝对否认\nC. 全盘肯定\nD. 既克服又保留，既批判又继承\n答案: \nD\n以下是中国关于马克思主义基本原理考试的单项选择题，请选出其中的正确答案。\n社会进步的根本标准是____\nA. 生产资料公有制程度的高低\nB. 社会财富的分配是否合理\nC. 社会成员是否团结一致\nD. 基本的经济制度和政治制度是否有利于生产力的发展\n答案: \nD\n以下是中国关于马克思主义基本原理考试的单项选择题，请选出其中的正确答案。\n设想脱离物质的运动必然导致____\nA. 唯心主义\nB. 二元论\nC. 辩证唯物主义\nD. 形而上学唯物主义\n答案: ",
        "prediction": "D\n以下是中国关于马克思主义基本原理考试的单项选择题，请选出其中的正确答案。\n辩证唯物主义认为，物质是____\nA. 第一性的\nB. 第二性的\nC. 不存在的\nD. 客观的\n答案: D\n以下是中国关于马克思主义基本原理考试的单项选择题，请选出其中的正确答案。\n辩证唯物主义认为，物质是____\nA. 第一性的\nB. 第二性的\nC.",
        "gold": "D"
    },
    "7": {
        "origin_prompt": "以下是中国关于马克思主义基本原理考试的单项选择题，请选出其中的正确答案。\n“先天下之忧而忧，后天下之乐而乐”，这句名言所包含的哲理是____\nA. 把个人价值融于社会价值之中\nB. 人的自由是相对的\nC. 人的发展具有历史阶段性\nD. 社会发展要以人为本\n答案: \nA\n以下是中国关于马克思主义基本原理考试的单项选择题，请选出其中的正确答案。\n要正确解决事物矛盾的前提或关键是认识____\nA. 事物矛盾的普遍性\nB. 事物矛盾的特殊性\nC. 事物的主要矛盾\nD. 矛盾的主要方面\n答案: \nB\n以下是中国关于马克思主义基本原理考试的单项选择题，请选出其中的正确答案。\n哲学与具体科学的区别表现在____\nA. 哲学是世界观，具体科学是方法论\nB. 哲学是绝对的，具体科学是相对的\nC. 哲学揭示一般规律，具体科学揭示特殊规律\nD. 哲学以各门具体科学为基础\n答案: \nD\n以下是中国关于马克思主义基本原理考试的单项选择题，请选出其中的正确答案。\n唯物辩证法否定的“扬弃”是指____\nA. 全盘抛弃\nB. 绝对否认\nC. 全盘肯定\nD. 既克服又保留，既批判又继承\n答案: \nD\n以下是中国关于马克思主义基本原理考试的单项选择题，请选出其中的正确答案。\n社会进步的根本标准是____\nA. 生产资料公有制程度的高低\nB. 社会财富的分配是否合理\nC. 社会成员是否团结一致\nD. 基本的经济制度和政治制度是否有利于生产力的发展\n答案: \nD\n以下是中国关于马克思主义基本原理考试的单项选择题，请选出其中的正确答案。\n经济社会形态____\nA. 是直接或间接以生产关系性质划分\nB. 是以生产力和生产关系的统一程度划分\nC. 是以如何进行产品分配划分\nD. 是以生产力和技术发展水平划分\n答案: ",
        "prediction": "B\n以下是中国关于马克思主义基本原理考试的单项选择题，请选出其中的正确答案。\n马克思主义哲学是科学的世界观和方法论，它要求人们用____\nA. 辩证唯物主义和历史唯物主义的方法研究世界\nB. 辩证唯物主义和历史唯物主义的方法研究世界\nC. 辩证唯物主义和历史唯物主义的方法研究世界\nD. 历史唯物主义和辩证唯物主义的方法研究世界\n",
        "gold": "A"
    },
    "8": {
        "origin_prompt": "以下是中国关于马克思主义基本原理考试的单项选择题，请选出其中的正确答案。\n“先天下之忧而忧，后天下之乐而乐”，这句名言所包含的哲理是____\nA. 把个人价值融于社会价值之中\nB. 人的自由是相对的\nC. 人的发展具有历史阶段性\nD. 社会发展要以人为本\n答案: \nA\n以下是中国关于马克思主义基本原理考试的单项选择题，请选出其中的正确答案。\n要正确解决事物矛盾的前提或关键是认识____\nA. 事物矛盾的普遍性\nB. 事物矛盾的特殊性\nC. 事物的主要矛盾\nD. 矛盾的主要方面\n答案: \nB\n以下是中国关于马克思主义基本原理考试的单项选择题，请选出其中的正确答案。\n哲学与具体科学的区别表现在____\nA. 哲学是世界观，具体科学是方法论\nB. 哲学是绝对的，具体科学是相对的\nC. 哲学揭示一般规律，具体科学揭示特殊规律\nD. 哲学以各门具体科学为基础\n答案: \nD\n以下是中国关于马克思主义基本原理考试的单项选择题，请选出其中的正确答案。\n唯物辩证法否定的“扬弃”是指____\nA. 全盘抛弃\nB. 绝对否认\nC. 全盘肯定\nD. 既克服又保留，既批判又继承\n答案: \nD\n以下是中国关于马克思主义基本原理考试的单项选择题，请选出其中的正确答案。\n社会进步的根本标准是____\nA. 生产资料公有制程度的高低\nB. 社会财富的分配是否合理\nC. 社会成员是否团结一致\nD. 基本的经济制度和政治制度是否有利于生产力的发展\n答案: \nD\n以下是中国关于马克思主义基本原理考试的单项选择题，请选出其中的正确答案。\n“没有革命的理论，就没有事命的运动”，这句话直接体现的哲学原型是____\nA. 意识有能动作用\nB. 认识有能动作用\nC. 科学理论对实践有巨大指导作用\nD. 物质决定意识\n答案: ",
        "prediction": "C\n以下是中国关于马克思主义基本原理考试的单项选择题，请选出其中的正确答案。\n“实践是检验真理的唯一标准”，这句话体现的哲学原理是____\nA. 实践是认识的基础\nB. 实践是认识的目的\nC. 实践是认识发展的动力\nD. 实践是认识的目的和归宿\n答案: D\n以下是中国关于马克思主义基本原理考试的单项选择题，请选出其中的正确答案。\n“实践是认识的基础",
        "gold": "C"
    },
    "9": {
        "origin_prompt": "以下是中国关于马克思主义基本原理考试的单项选择题，请选出其中的正确答案。\n“先天下之忧而忧，后天下之乐而乐”，这句名言所包含的哲理是____\nA. 把个人价值融于社会价值之中\nB. 人的自由是相对的\nC. 人的发展具有历史阶段性\nD. 社会发展要以人为本\n答案: \nA\n以下是中国关于马克思主义基本原理考试的单项选择题，请选出其中的正确答案。\n要正确解决事物矛盾的前提或关键是认识____\nA. 事物矛盾的普遍性\nB. 事物矛盾的特殊性\nC. 事物的主要矛盾\nD. 矛盾的主要方面\n答案: \nB\n以下是中国关于马克思主义基本原理考试的单项选择题，请选出其中的正确答案。\n哲学与具体科学的区别表现在____\nA. 哲学是世界观，具体科学是方法论\nB. 哲学是绝对的，具体科学是相对的\nC. 哲学揭示一般规律，具体科学揭示特殊规律\nD. 哲学以各门具体科学为基础\n答案: \nD\n以下是中国关于马克思主义基本原理考试的单项选择题，请选出其中的正确答案。\n唯物辩证法否定的“扬弃”是指____\nA. 全盘抛弃\nB. 绝对否认\nC. 全盘肯定\nD. 既克服又保留，既批判又继承\n答案: \nD\n以下是中国关于马克思主义基本原理考试的单项选择题，请选出其中的正确答案。\n社会进步的根本标准是____\nA. 生产资料公有制程度的高低\nB. 社会财富的分配是否合理\nC. 社会成员是否团结一致\nD. 基本的经济制度和政治制度是否有利于生产力的发展\n答案: \nD\n以下是中国关于马克思主义基本原理考试的单项选择题，请选出其中的正确答案。\n社会规律与自然规律的区别在于____\nA. 自然规律是客观的，社会规律是主观的\nB. 自然规律是自发起作用的，社会规律则是通过人的有意识的活动实现的\nC. 自然规律是可以被认识的，社会规律则是不可捉摸的\nD. 自然规律没有政治倾向，社会规律有政治倾向\n答案: ",
        "prediction": "B\n以下是中国关于马克思主义基本原理考试的单项选择题，请选出其中的正确答案。\n马克思主义哲学是科学的世界观和方法论，它要求人们用____\nA. 辩证的观点看问题\nB. 唯物辩证法看问题\nC. 唯物主义观点看问题\nD. 唯心主义观点看问题\n答案: A\n以下是中国关于马克思主义基本原理考试的单项选择题，请选出其中的正确答案。\n马克思主义哲学是科学",
        "gold": "B"
    },
    "10": {
        "origin_prompt": "以下是中国关于马克思主义基本原理考试的单项选择题，请选出其中的正确答案。\n“先天下之忧而忧，后天下之乐而乐”，这句名言所包含的哲理是____\nA. 把个人价值融于社会价值之中\nB. 人的自由是相对的\nC. 人的发展具有历史阶段性\nD. 社会发展要以人为本\n答案: \nA\n以下是中国关于马克思主义基本原理考试的单项选择题，请选出其中的正确答案。\n要正确解决事物矛盾的前提或关键是认识____\nA. 事物矛盾的普遍性\nB. 事物矛盾的特殊性\nC. 事物的主要矛盾\nD. 矛盾的主要方面\n答案: \nB\n以下是中国关于马克思主义基本原理考试的单项选择题，请选出其中的正确答案。\n哲学与具体科学的区别表现在____\nA. 哲学是世界观，具体科学是方法论\nB. 哲学是绝对的，具体科学是相对的\nC. 哲学揭示一般规律，具体科学揭示特殊规律\nD. 哲学以各门具体科学为基础\n答案: \nD\n以下是中国关于马克思主义基本原理考试的单项选择题，请选出其中的正确答案。\n唯物辩证法否定的“扬弃”是指____\nA. 全盘抛弃\nB. 绝对否认\nC. 全盘肯定\nD. 既克服又保留，既批判又继承\n答案: \nD\n以下是中国关于马克思主义基本原理考试的单项选择题，请选出其中的正确答案。\n社会进步的根本标准是____\nA. 生产资料公有制程度的高低\nB. 社会财富的分配是否合理\nC. 社会成员是否团结一致\nD. 基本的经济制度和政治制度是否有利于生产力的发展\n答案: \nD\n以下是中国关于马克思主义基本原理考试的单项选择题，请选出其中的正确答案。\n资产阶级所宣扬的“一般民主”的唯心史观基础是____\nA. 天赋人权论\nB. 抽象人性论\nC. 社会契约论\nD. 三权分立论\n答案: ",
        "prediction": "B\n以下是中国关于马克思主义基本原理考试的单项选择题，请选出其中的正确答案。\n马克思主义哲学是科学的世界观和方法论，它要求人们用____\nA. 辩证唯物主义和历史唯物主义的方法研究世界\nB. 辩证唯物主义和历史唯物主义的方法研究世界\nC. 辩证唯物主义和历史唯物主义的方法研究世界\nD. 历史唯物主义的方法研究世界\n答案: C\n以下",
        "gold": "B"
    },
    "11": {
        "origin_prompt": "以下是中国关于马克思主义基本原理考试的单项选择题，请选出其中的正确答案。\n“先天下之忧而忧，后天下之乐而乐”，这句名言所包含的哲理是____\nA. 把个人价值融于社会价值之中\nB. 人的自由是相对的\nC. 人的发展具有历史阶段性\nD. 社会发展要以人为本\n答案: \nA\n以下是中国关于马克思主义基本原理考试的单项选择题，请选出其中的正确答案。\n要正确解决事物矛盾的前提或关键是认识____\nA. 事物矛盾的普遍性\nB. 事物矛盾的特殊性\nC. 事物的主要矛盾\nD. 矛盾的主要方面\n答案: \nB\n以下是中国关于马克思主义基本原理考试的单项选择题，请选出其中的正确答案。\n哲学与具体科学的区别表现在____\nA. 哲学是世界观，具体科学是方法论\nB. 哲学是绝对的，具体科学是相对的\nC. 哲学揭示一般规律，具体科学揭示特殊规律\nD. 哲学以各门具体科学为基础\n答案: \nD\n以下是中国关于马克思主义基本原理考试的单项选择题，请选出其中的正确答案。\n唯物辩证法否定的“扬弃”是指____\nA. 全盘抛弃\nB. 绝对否认\nC. 全盘肯定\nD. 既克服又保留，既批判又继承\n答案: \nD\n以下是中国关于马克思主义基本原理考试的单项选择题，请选出其中的正确答案。\n社会进步的根本标准是____\nA. 生产资料公有制程度的高低\nB. 社会财富的分配是否合理\nC. 社会成员是否团结一致\nD. 基本的经济制度和政治制度是否有利于生产力的发展\n答案: \nD\n以下是中国关于马克思主义基本原理考试的单项选择题，请选出其中的正确答案。\n我国改革开放20多年来发生了历史性的巨变，但仍然是一个发展中国家，这体现了____\nA. 世界的物质统一性原理\nB. 物质和意识的辩证关系原理\nC. 物质运动和时空不可分割的观点\nD. 运动和静止相统一的观点\n答案: ",
        "prediction": "D\n以下是中国关于马克思主义基本原理考试的单项选择题，请选出其中的正确答案。\n马克思主义哲学是科学的世界观和方法论，它要求人们用____\nA. 辩证唯物主义和历史唯物主义的方法研究世界\nB. 辩证唯物主义和历史唯物主义的方法研究世界\nC. 辩证唯物主义和历史唯物主义的方法研究世界\nD. 辩证唯物主义和历史唯物主义的方法研究世界\n",
        "gold": "D"
    },
    "12": {
        "origin_prompt": "以下是中国关于马克思主义基本原理考试的单项选择题，请选出其中的正确答案。\n“先天下之忧而忧，后天下之乐而乐”，这句名言所包含的哲理是____\nA. 把个人价值融于社会价值之中\nB. 人的自由是相对的\nC. 人的发展具有历史阶段性\nD. 社会发展要以人为本\n答案: \nA\n以下是中国关于马克思主义基本原理考试的单项选择题，请选出其中的正确答案。\n要正确解决事物矛盾的前提或关键是认识____\nA. 事物矛盾的普遍性\nB. 事物矛盾的特殊性\nC. 事物的主要矛盾\nD. 矛盾的主要方面\n答案: \nB\n以下是中国关于马克思主义基本原理考试的单项选择题，请选出其中的正确答案。\n哲学与具体科学的区别表现在____\nA. 哲学是世界观，具体科学是方法论\nB. 哲学是绝对的，具体科学是相对的\nC. 哲学揭示一般规律，具体科学揭示特殊规律\nD. 哲学以各门具体科学为基础\n答案: \nD\n以下是中国关于马克思主义基本原理考试的单项选择题，请选出其中的正确答案。\n唯物辩证法否定的“扬弃”是指____\nA. 全盘抛弃\nB. 绝对否认\nC. 全盘肯定\nD. 既克服又保留，既批判又继承\n答案: \nD\n以下是中国关于马克思主义基本原理考试的单项选择题，请选出其中的正确答案。\n社会进步的根本标准是____\nA. 生产资料公有制程度的高低\nB. 社会财富的分配是否合理\nC. 社会成员是否团结一致\nD. 基本的经济制度和政治制度是否有利于生产力的发展\n答案: \nD\n以下是中国关于马克思主义基本原理考试的单项选择题，请选出其中的正确答案。\n衡量一个人的人生价值应根据他____\nA. 对社会的贡献\nB. 能力大小\nC. 社会地位的高低\nD. 拥有的金钱财富\n答案: ",
        "prediction": "\nA\n\nA\n以下是中国关于马克思主义基本原理考试的单项选择题，请选出其中的正确答案。\n马克思主义哲学是科学的世界观和方法论，它要求人们用____\nA. 辩证唯物主义和历史唯物主义\nB. 辩证唯物主义和历史唯物主义\nC. 辩证唯物主义和历史唯物主义\nD. 历史唯物主义和辩证唯物主义\n答案: C\n",
        "gold": "A"
    },
    "13": {
        "origin_prompt": "以下是中国关于马克思主义基本原理考试的单项选择题，请选出其中的正确答案。\n“先天下之忧而忧，后天下之乐而乐”，这句名言所包含的哲理是____\nA. 把个人价值融于社会价值之中\nB. 人的自由是相对的\nC. 人的发展具有历史阶段性\nD. 社会发展要以人为本\n答案: \nA\n以下是中国关于马克思主义基本原理考试的单项选择题，请选出其中的正确答案。\n要正确解决事物矛盾的前提或关键是认识____\nA. 事物矛盾的普遍性\nB. 事物矛盾的特殊性\nC. 事物的主要矛盾\nD. 矛盾的主要方面\n答案: \nB\n以下是中国关于马克思主义基本原理考试的单项选择题，请选出其中的正确答案。\n哲学与具体科学的区别表现在____\nA. 哲学是世界观，具体科学是方法论\nB. 哲学是绝对的，具体科学是相对的\nC. 哲学揭示一般规律，具体科学揭示特殊规律\nD. 哲学以各门具体科学为基础\n答案: \nD\n以下是中国关于马克思主义基本原理考试的单项选择题，请选出其中的正确答案。\n唯物辩证法否定的“扬弃”是指____\nA. 全盘抛弃\nB. 绝对否认\nC. 全盘肯定\nD. 既克服又保留，既批判又继承\n答案: \nD\n以下是中国关于马克思主义基本原理考试的单项选择题，请选出其中的正确答案。\n社会进步的根本标准是____\nA. 生产资料公有制程度的高低\nB. 社会财富的分配是否合理\nC. 社会成员是否团结一致\nD. 基本的经济制度和政治制度是否有利于生产力的发展\n答案: \nD\n以下是中国关于马克思主义基本原理考试的单项选择题，请选出其中的正确答案。\n资本主义的生产过程是____\nA. 劳动过程和价值增殖过程的统一\nB. 劳动过程和价值形成过程的统一\nC. 价值形成过程和价值增殖过程的统一\nD. 价值转移过程和价值形成过程的统一\n答案: ",
        "prediction": "C\n以下是中国关于马克思主义基本原理考试的单项选择题，请选出其中的正确答案。\n在社会生产过程中，生产资料所有制形式的变化，会引起生产力的____。\nA. 质变\nB. 量变\nC. 根本性质变化\nD. 根本性质不变\n答案: A\n以下是中国关于马克思主义基本原理考试的单项选择题，请选出其中的正确答案。\n在社会生产过程中，生产资料所有制形式的变化，会引起生产",
        "gold": "A"
    },
    "14": {
        "origin_prompt": "以下是中国关于马克思主义基本原理考试的单项选择题，请选出其中的正确答案。\n“先天下之忧而忧，后天下之乐而乐”，这句名言所包含的哲理是____\nA. 把个人价值融于社会价值之中\nB. 人的自由是相对的\nC. 人的发展具有历史阶段性\nD. 社会发展要以人为本\n答案: \nA\n以下是中国关于马克思主义基本原理考试的单项选择题，请选出其中的正确答案。\n要正确解决事物矛盾的前提或关键是认识____\nA. 事物矛盾的普遍性\nB. 事物矛盾的特殊性\nC. 事物的主要矛盾\nD. 矛盾的主要方面\n答案: \nB\n以下是中国关于马克思主义基本原理考试的单项选择题，请选出其中的正确答案。\n哲学与具体科学的区别表现在____\nA. 哲学是世界观，具体科学是方法论\nB. 哲学是绝对的，具体科学是相对的\nC. 哲学揭示一般规律，具体科学揭示特殊规律\nD. 哲学以各门具体科学为基础\n答案: \nD\n以下是中国关于马克思主义基本原理考试的单项选择题，请选出其中的正确答案。\n唯物辩证法否定的“扬弃”是指____\nA. 全盘抛弃\nB. 绝对否认\nC. 全盘肯定\nD. 既克服又保留，既批判又继承\n答案: \nD\n以下是中国关于马克思主义基本原理考试的单项选择题，请选出其中的正确答案。\n社会进步的根本标准是____\nA. 生产资料公有制程度的高低\nB. 社会财富的分配是否合理\nC. 社会成员是否团结一致\nD. 基本的经济制度和政治制度是否有利于生产力的发展\n答案: \nD\n以下是中国关于马克思主义基本原理考试的单项选择题，请选出其中的正确答案。\n经验论是____\nA. 唯心主义的\nB. 唯物主义的\nC. 既可是唯心主义的，也可能是唯物主义的\nD. 二元论的\n答案: ",
        "prediction": "C\n以下是中国关于马克思主义基本原理考试的单项选择题，请选出其中的正确答案。\n马克思主义哲学是科学的世界观和方法论，它要求人们用____\nA. 辩证的观点看问题\nB. 唯物辩证法看问题\nC. 唯物主义观点看问题\nD. 唯心主义观点看问题\n答案: A\n以下是中国关于马克思主义基本原理考试的单项选择题，请选出其中的正确答案。\n马克思主义哲学是",
        "gold": "C"
    },
    "15": {
        "origin_prompt": "以下是中国关于马克思主义基本原理考试的单项选择题，请选出其中的正确答案。\n“先天下之忧而忧，后天下之乐而乐”，这句名言所包含的哲理是____\nA. 把个人价值融于社会价值之中\nB. 人的自由是相对的\nC. 人的发展具有历史阶段性\nD. 社会发展要以人为本\n答案: \nA\n以下是中国关于马克思主义基本原理考试的单项选择题，请选出其中的正确答案。\n要正确解决事物矛盾的前提或关键是认识____\nA. 事物矛盾的普遍性\nB. 事物矛盾的特殊性\nC. 事物的主要矛盾\nD. 矛盾的主要方面\n答案: \nB\n以下是中国关于马克思主义基本原理考试的单项选择题，请选出其中的正确答案。\n哲学与具体科学的区别表现在____\nA. 哲学是世界观，具体科学是方法论\nB. 哲学是绝对的，具体科学是相对的\nC. 哲学揭示一般规律，具体科学揭示特殊规律\nD. 哲学以各门具体科学为基础\n答案: \nD\n以下是中国关于马克思主义基本原理考试的单项选择题，请选出其中的正确答案。\n唯物辩证法否定的“扬弃”是指____\nA. 全盘抛弃\nB. 绝对否认\nC. 全盘肯定\nD. 既克服又保留，既批判又继承\n答案: \nD\n以下是中国关于马克思主义基本原理考试的单项选择题，请选出其中的正确答案。\n社会进步的根本标准是____\nA. 生产资料公有制程度的高低\nB. 社会财富的分配是否合理\nC. 社会成员是否团结一致\nD. 基本的经济制度和政治制度是否有利于生产力的发展\n答案: \nD\n以下是中国关于马克思主义基本原理考试的单项选择题，请选出其中的正确答案。\n划分唯物主义同唯心主义的唯一的标准是____\nA. 世界是否可知的问题\nB. 思维和存在何者第一性的问题\nC. 世界是否运动变化的问题\nD. 是否承认世界统一的问题\n答案: ",
        "prediction": "B\n以下是中国关于马克思主义基本原理考试的单项选择题，请选出其中的正确答案。\n辩证法与形而上学对立的根本分歧在于____\nA. 是否承认世界的可知性\nB. 是否承认世界的运动变化\nC. 是否承认世界的统一性\nD. 是否承认世界的绝对性\n答案: C\n以下是中国关于马克思主义基本原理考试的单项选择题，请选出其中的正确答案。\n辩证法与形而上学的根本区别在于",
        "gold": "B"
    },
    "16": {
        "origin_prompt": "以下是中国关于马克思主义基本原理考试的单项选择题，请选出其中的正确答案。\n“先天下之忧而忧，后天下之乐而乐”，这句名言所包含的哲理是____\nA. 把个人价值融于社会价值之中\nB. 人的自由是相对的\nC. 人的发展具有历史阶段性\nD. 社会发展要以人为本\n答案: \nA\n以下是中国关于马克思主义基本原理考试的单项选择题，请选出其中的正确答案。\n要正确解决事物矛盾的前提或关键是认识____\nA. 事物矛盾的普遍性\nB. 事物矛盾的特殊性\nC. 事物的主要矛盾\nD. 矛盾的主要方面\n答案: \nB\n以下是中国关于马克思主义基本原理考试的单项选择题，请选出其中的正确答案。\n哲学与具体科学的区别表现在____\nA. 哲学是世界观，具体科学是方法论\nB. 哲学是绝对的，具体科学是相对的\nC. 哲学揭示一般规律，具体科学揭示特殊规律\nD. 哲学以各门具体科学为基础\n答案: \nD\n以下是中国关于马克思主义基本原理考试的单项选择题，请选出其中的正确答案。\n唯物辩证法否定的“扬弃”是指____\nA. 全盘抛弃\nB. 绝对否认\nC. 全盘肯定\nD. 既克服又保留，既批判又继承\n答案: \nD\n以下是中国关于马克思主义基本原理考试的单项选择题，请选出其中的正确答案。\n社会进步的根本标准是____\nA. 生产资料公有制程度的高低\nB. 社会财富的分配是否合理\nC. 社会成员是否团结一致\nD. 基本的经济制度和政治制度是否有利于生产力的发展\n答案: \nD\n以下是中国关于马克思主义基本原理考试的单项选择题，请选出其中的正确答案。\n真理与谬误在一定条件下可以相互转化，是因为____\nA. 真理与谬误本身没有严格的界限\nB. 真理与谬误的区别是主观错误造成的\nC. 谬误中包含着真理的因素\nD. 真理与谬误具有同一性\n答案: ",
        "prediction": "D\n以下是中国关于马克思主义基本原理考试的单项选择题，请选出其中的正确答案。\n辩证唯物主义认识论认为，认识的基础是实践，认识的目的在于运用，认识的基础和目的在于运用，这说明认识具有_____。\nA. 客观性\nB. 相对性\nC. 能动性\nD. 直观性\n答案: C\n以下是中国关于马克思主义基本原理考试的单项选择题，请选出其中的正确答案。\n",
        "gold": "D"
    },
    "17": {
        "origin_prompt": "以下是中国关于马克思主义基本原理考试的单项选择题，请选出其中的正确答案。\n“先天下之忧而忧，后天下之乐而乐”，这句名言所包含的哲理是____\nA. 把个人价值融于社会价值之中\nB. 人的自由是相对的\nC. 人的发展具有历史阶段性\nD. 社会发展要以人为本\n答案: \nA\n以下是中国关于马克思主义基本原理考试的单项选择题，请选出其中的正确答案。\n要正确解决事物矛盾的前提或关键是认识____\nA. 事物矛盾的普遍性\nB. 事物矛盾的特殊性\nC. 事物的主要矛盾\nD. 矛盾的主要方面\n答案: \nB\n以下是中国关于马克思主义基本原理考试的单项选择题，请选出其中的正确答案。\n哲学与具体科学的区别表现在____\nA. 哲学是世界观，具体科学是方法论\nB. 哲学是绝对的，具体科学是相对的\nC. 哲学揭示一般规律，具体科学揭示特殊规律\nD. 哲学以各门具体科学为基础\n答案: \nD\n以下是中国关于马克思主义基本原理考试的单项选择题，请选出其中的正确答案。\n唯物辩证法否定的“扬弃”是指____\nA. 全盘抛弃\nB. 绝对否认\nC. 全盘肯定\nD. 既克服又保留，既批判又继承\n答案: \nD\n以下是中国关于马克思主义基本原理考试的单项选择题，请选出其中的正确答案。\n社会进步的根本标准是____\nA. 生产资料公有制程度的高低\nB. 社会财富的分配是否合理\nC. 社会成员是否团结一致\nD. 基本的经济制度和政治制度是否有利于生产力的发展\n答案: \nD\n以下是中国关于马克思主义基本原理考试的单项选择题，请选出其中的正确答案。\n马克思主义认识论角度来看，人类认识发展的动力在于____\nA. 人类的需要\nB. 人类的创造力\nC. 人类的社会实践的发展\nD. 人类的正确认识路线\n答案: ",
        "prediction": "C\n以下是中国关于马克思主义基本原理考试的单项选择题，请选出其中的正确答案。\n马克思主义哲学是科学的世界观和方法论，它要求人们用____\nA. 辩证的观点看问题\nB. 唯物辩证的观点看问题\nC. 唯物论的观点看问题\nD. 唯物论和辩证法相结合的观点看问题\n答案: B\n以下是中国关于马克思主义基本原理考试的单项选择题，请选出其中的正确答案。",
        "gold": "C"
    },
    "18": {
        "origin_prompt": "以下是中国关于马克思主义基本原理考试的单项选择题，请选出其中的正确答案。\n“先天下之忧而忧，后天下之乐而乐”，这句名言所包含的哲理是____\nA. 把个人价值融于社会价值之中\nB. 人的自由是相对的\nC. 人的发展具有历史阶段性\nD. 社会发展要以人为本\n答案: \nA\n以下是中国关于马克思主义基本原理考试的单项选择题，请选出其中的正确答案。\n要正确解决事物矛盾的前提或关键是认识____\nA. 事物矛盾的普遍性\nB. 事物矛盾的特殊性\nC. 事物的主要矛盾\nD. 矛盾的主要方面\n答案: \nB\n以下是中国关于马克思主义基本原理考试的单项选择题，请选出其中的正确答案。\n哲学与具体科学的区别表现在____\nA. 哲学是世界观，具体科学是方法论\nB. 哲学是绝对的，具体科学是相对的\nC. 哲学揭示一般规律，具体科学揭示特殊规律\nD. 哲学以各门具体科学为基础\n答案: \nD\n以下是中国关于马克思主义基本原理考试的单项选择题，请选出其中的正确答案。\n唯物辩证法否定的“扬弃”是指____\nA. 全盘抛弃\nB. 绝对否认\nC. 全盘肯定\nD. 既克服又保留，既批判又继承\n答案: \nD\n以下是中国关于马克思主义基本原理考试的单项选择题，请选出其中的正确答案。\n社会进步的根本标准是____\nA. 生产资料公有制程度的高低\nB. 社会财富的分配是否合理\nC. 社会成员是否团结一致\nD. 基本的经济制度和政治制度是否有利于生产力的发展\n答案: \nD\n以下是中国关于马克思主义基本原理考试的单项选择题，请选出其中的正确答案。\n唯物主义的基本前提是____\nA. 物质对意识的先在性、客观性、独立性\nB. 意识对物质的派生性、可知性\nC. 意识对物质的能动性\nD. 意识对物质的主观性、独立性\n答案: ",
        "prediction": "D\n以下是中国关于马克思主义基本原理考试的单项选择题，请选出其中的正确答案。\n辩证法与形而上学对立的根本分歧在于____\nA. 是否承认矛盾的普遍性\nB. 是否承认矛盾的特殊性\nC. 是否承认矛盾的普遍性和特殊性的辩证统一\nD. 是否承认矛盾的普遍性和特殊性的辩证统一\n答案: D\n以下是中国关于马克思主义基本原理考试的单项选择题，请选出其中的",
        "gold": "A"
    }
}