{
    "0": {
        "origin_prompt": "以下是中国关于初中数学考试的单项选择题，请选出其中的正确答案。\n若点A（ $x_1$，-3 ），B（ $x_2$，-2 ），C（ $x_3$，1）在反比例函数 $y=-\\dfrac{k^{2}+1}{x}$的图象上，则$x_1$ ，$x_2$ ，$x_3$ 的大小关系是为____\nA. $x_{1}<x_{2}<x_{3}$\nB. $x_{3}<x_{1}<x_{2}$\nC. $x_{2}<x_{1}<x_{3}$\nD. $x_{3}<x_{2}<x_{1}$\n答案: \nB\n以下是中国关于初中数学考试的单项选择题，请选出其中的正确答案。\n已知点P（-1，4）在反比例函数$y=\\frac{k}{x}$ (k≠0)的图象上，则k的值是____\nA. $-\\frac{1}{4}$\nB. $\\frac{1}{4}$\nC. $4$\nD. $-4$\n答案: \nD\n以下是中国关于初中数学考试的单项选择题，请选出其中的正确答案。\n若$x=-2$是关于x 的方程$3x-k+1=0$ 的解，则k的值为____\nA. $-5$\nB. $-1$\nC. $5$\nD. $\\frac{1}{3}$\n答案: \nA\n以下是中国关于初中数学考试的单项选择题，请选出其中的正确答案。\n甲队有工人 272人，乙队有工人 196人，如果要求乙队的人数是甲队人数的$\\frac{1}{3}$ ，应从乙队调多少人去甲队？如果设应从乙队调 x人到甲队，列出的方程正确的是____\nA. $\\frac{1}{3}\\times272+x=196-x$\nB. $\\frac{1}{3}\\left(272-x\\right)=196-x$\nC. $\\frac{1}{3}\\left(272+x\\right)=196-x$\nD. $\\frac{1}{3}\\left(272+x\\right)=196+x$\n答案: \nC\n以下是中国关于初中数学考试的单项选择题，请选出其中的正确答案。\n已知关于x的不等式组$\\left\\{\\begin{matrix}x<3a+2,\\\\ 2x-4>0,\\end{matrix}\\right.$恰有两个整数解，则a的取值范围为____\nA. $2\\leq a\\leq3$\nB. $\\frac{2}{3}<a\\leq1$\nC. $2<a\\leq3$\nD. $\\frac{2}{3}\\leq a<1$\n答案: \nB\n以下是中国关于初中数学考试的单项选择题，请选出其中的正确答案。\n当$x=-3$ 时，下列分式无意义的是____\nA. $\\frac{x-3}{x}$\nB. $\\frac{x+3}{x}$\nC. $\\frac{x}{x-3}$\nD. $\\frac{x}{x+3}$\n答案: ",
        "prediction": "D\nA\n以下是中国关于初中数学考试的单项选择题，请选出其中的正确答案。\n若$x=2$ 是关于x 的方程$3x-k+1=0$ 的解，则k的值为____\nA. $-5$\nB. $-1$\nC. $5$\nD. $\\frac{1}{3}$\n答案: D\nA\n以下是中国关于初中数学考试的单项选择题，",
        "gold": "D"
    },
    "1": {
        "origin_prompt": "以下是中国关于初中数学考试的单项选择题，请选出其中的正确答案。\n若点A（ $x_1$，-3 ），B（ $x_2$，-2 ），C（ $x_3$，1）在反比例函数 $y=-\\dfrac{k^{2}+1}{x}$的图象上，则$x_1$ ，$x_2$ ，$x_3$ 的大小关系是为____\nA. $x_{1}<x_{2}<x_{3}$\nB. $x_{3}<x_{1}<x_{2}$\nC. $x_{2}<x_{1}<x_{3}$\nD. $x_{3}<x_{2}<x_{1}$\n答案: \nB\n以下是中国关于初中数学考试的单项选择题，请选出其中的正确答案。\n已知点P（-1，4）在反比例函数$y=\\frac{k}{x}$ (k≠0)的图象上，则k的值是____\nA. $-\\frac{1}{4}$\nB. $\\frac{1}{4}$\nC. $4$\nD. $-4$\n答案: \nD\n以下是中国关于初中数学考试的单项选择题，请选出其中的正确答案。\n若$x=-2$是关于x 的方程$3x-k+1=0$ 的解，则k的值为____\nA. $-5$\nB. $-1$\nC. $5$\nD. $\\frac{1}{3}$\n答案: \nA\n以下是中国关于初中数学考试的单项选择题，请选出其中的正确答案。\n甲队有工人 272人，乙队有工人 196人，如果要求乙队的人数是甲队人数的$\\frac{1}{3}$ ，应从乙队调多少人去甲队？如果设应从乙队调 x人到甲队，列出的方程正确的是____\nA. $\\frac{1}{3}\\times272+x=196-x$\nB. $\\frac{1}{3}\\left(272-x\\right)=196-x$\nC. $\\frac{1}{3}\\left(272+x\\right)=196-x$\nD. $\\frac{1}{3}\\left(272+x\\right)=196+x$\n答案: \nC\n以下是中国关于初中数学考试的单项选择题，请选出其中的正确答案。\n已知关于x的不等式组$\\left\\{\\begin{matrix}x<3a+2,\\\\ 2x-4>0,\\end{matrix}\\right.$恰有两个整数解，则a的取值范围为____\nA. $2\\leq a\\leq3$\nB. $\\frac{2}{3}<a\\leq1$\nC. $2<a\\leq3$\nD. $\\frac{2}{3}\\leq a<1$\n答案: \nB\n以下是中国关于初中数学考试的单项选择题，请选出其中的正确答案。\n如果 $x=3$是关于 x的$2x+m=7$方程 的解，那么 $m$的值为____\nA. -1\nB. 2\nC. 1\nD. -2\n答案: ",
        "prediction": "D\nA\n以下是中国关于初中数学考试的单项选择题，请选出其中的正确答案。\n已知函数 $f(x)=\\frac{1}{x}$，若 $f(x)$ 在区间 $(-1,1)$ 上连续，且 $f(-1)=f(1)=0$，则 $f(x)$ 在区间 $(-1,1)$ 上的最大值是____\nA. $0$\nB. $1$\nC",
        "gold": "C"
    },
    "2": {
        "origin_prompt": "以下是中国关于初中数学考试的单项选择题，请选出其中的正确答案。\n若点A（ $x_1$，-3 ），B（ $x_2$，-2 ），C（ $x_3$，1）在反比例函数 $y=-\\dfrac{k^{2}+1}{x}$的图象上，则$x_1$ ，$x_2$ ，$x_3$ 的大小关系是为____\nA. $x_{1}<x_{2}<x_{3}$\nB. $x_{3}<x_{1}<x_{2}$\nC. $x_{2}<x_{1}<x_{3}$\nD. $x_{3}<x_{2}<x_{1}$\n答案: \nB\n以下是中国关于初中数学考试的单项选择题，请选出其中的正确答案。\n已知点P（-1，4）在反比例函数$y=\\frac{k}{x}$ (k≠0)的图象上，则k的值是____\nA. $-\\frac{1}{4}$\nB. $\\frac{1}{4}$\nC. $4$\nD. $-4$\n答案: \nD\n以下是中国关于初中数学考试的单项选择题，请选出其中的正确答案。\n若$x=-2$是关于x 的方程$3x-k+1=0$ 的解，则k的值为____\nA. $-5$\nB. $-1$\nC. $5$\nD. $\\frac{1}{3}$\n答案: \nA\n以下是中国关于初中数学考试的单项选择题，请选出其中的正确答案。\n甲队有工人 272人，乙队有工人 196人，如果要求乙队的人数是甲队人数的$\\frac{1}{3}$ ，应从乙队调多少人去甲队？如果设应从乙队调 x人到甲队，列出的方程正确的是____\nA. $\\frac{1}{3}\\times272+x=196-x$\nB. $\\frac{1}{3}\\left(272-x\\right)=196-x$\nC. $\\frac{1}{3}\\left(272+x\\right)=196-x$\nD. $\\frac{1}{3}\\left(272+x\\right)=196+x$\n答案: \nC\n以下是中国关于初中数学考试的单项选择题，请选出其中的正确答案。\n已知关于x的不等式组$\\left\\{\\begin{matrix}x<3a+2,\\\\ 2x-4>0,\\end{matrix}\\right.$恰有两个整数解，则a的取值范围为____\nA. $2\\leq a\\leq3$\nB. $\\frac{2}{3}<a\\leq1$\nC. $2<a\\leq3$\nD. $\\frac{2}{3}\\leq a<1$\n答案: \nB\n以下是中国关于初中数学考试的单项选择题，请选出其中的正确答案。\n⊙O是一个正n边形的外接圆，若⊙O的半径与这个正n边形的边长相等，则n的值为____\nA. 3\nB. 4\nC. 5\nD. 6\n答案: ",
        "prediction": "D\n根据题意，正n边形的外接圆半径与边长相等，则n=360÷n=360÷n，n=6，所以答案为D。\n以下是中国关于初中数学考试的单项选择题，请选出其中的正确答案。\n已知函数$y=\\frac{1}{x}$在区间$\\left(0,+\\infty \\right)$上的图象是抛物线，且$y=\\frac{1}{x}$在$\\",
        "gold": "D"
    },
    "3": {
        "origin_prompt": "以下是中国关于初中数学考试的单项选择题，请选出其中的正确答案。\n若点A（ $x_1$，-3 ），B（ $x_2$，-2 ），C（ $x_3$，1）在反比例函数 $y=-\\dfrac{k^{2}+1}{x}$的图象上，则$x_1$ ，$x_2$ ，$x_3$ 的大小关系是为____\nA. $x_{1}<x_{2}<x_{3}$\nB. $x_{3}<x_{1}<x_{2}$\nC. $x_{2}<x_{1}<x_{3}$\nD. $x_{3}<x_{2}<x_{1}$\n答案: \nB\n以下是中国关于初中数学考试的单项选择题，请选出其中的正确答案。\n已知点P（-1，4）在反比例函数$y=\\frac{k}{x}$ (k≠0)的图象上，则k的值是____\nA. $-\\frac{1}{4}$\nB. $\\frac{1}{4}$\nC. $4$\nD. $-4$\n答案: \nD\n以下是中国关于初中数学考试的单项选择题，请选出其中的正确答案。\n若$x=-2$是关于x 的方程$3x-k+1=0$ 的解，则k的值为____\nA. $-5$\nB. $-1$\nC. $5$\nD. $\\frac{1}{3}$\n答案: \nA\n以下是中国关于初中数学考试的单项选择题，请选出其中的正确答案。\n甲队有工人 272人，乙队有工人 196人，如果要求乙队的人数是甲队人数的$\\frac{1}{3}$ ，应从乙队调多少人去甲队？如果设应从乙队调 x人到甲队，列出的方程正确的是____\nA. $\\frac{1}{3}\\times272+x=196-x$\nB. $\\frac{1}{3}\\left(272-x\\right)=196-x$\nC. $\\frac{1}{3}\\left(272+x\\right)=196-x$\nD. $\\frac{1}{3}\\left(272+x\\right)=196+x$\n答案: \nC\n以下是中国关于初中数学考试的单项选择题，请选出其中的正确答案。\n已知关于x的不等式组$\\left\\{\\begin{matrix}x<3a+2,\\\\ 2x-4>0,\\end{matrix}\\right.$恰有两个整数解，则a的取值范围为____\nA. $2\\leq a\\leq3$\nB. $\\frac{2}{3}<a\\leq1$\nC. $2<a\\leq3$\nD. $\\frac{2}{3}\\leq a<1$\n答案: \nB\n以下是中国关于初中数学考试的单项选择题，请选出其中的正确答案。\n下列等式变形错误的是 ____\nA. 若$a=b$,则$3a-1=3b-1$\nB. 若$a=b$,则$a c^{2}=b c^{2}$\nC. 若$\\frac{a}{c^{2}}=\\frac{b}{c^{2}}$,则$a =b $\nD. 若$a c^{2}=b c^{2}$,则$a=b$\n答案: ",
        "prediction": "不正确\nA\n以下是中国关于初中数学考试的单项选择题，请选出其中的正确答案。\n已知函数$y=\\frac{1}{x}$在区间$\\left(0,+\\infty \\right)$上的图象是双曲线，且$a=1$，则$c$的取值范围是____\nA. $1\\leq c <2$\nB. $2\\leq c <3$\nC. $2\\leq c",
        "gold": "D"
    },
    "4": {
        "origin_prompt": "以下是中国关于初中数学考试的单项选择题，请选出其中的正确答案。\n若点A（ $x_1$，-3 ），B（ $x_2$，-2 ），C（ $x_3$，1）在反比例函数 $y=-\\dfrac{k^{2}+1}{x}$的图象上，则$x_1$ ，$x_2$ ，$x_3$ 的大小关系是为____\nA. $x_{1}<x_{2}<x_{3}$\nB. $x_{3}<x_{1}<x_{2}$\nC. $x_{2}<x_{1}<x_{3}$\nD. $x_{3}<x_{2}<x_{1}$\n答案: \nB\n以下是中国关于初中数学考试的单项选择题，请选出其中的正确答案。\n已知点P（-1，4）在反比例函数$y=\\frac{k}{x}$ (k≠0)的图象上，则k的值是____\nA. $-\\frac{1}{4}$\nB. $\\frac{1}{4}$\nC. $4$\nD. $-4$\n答案: \nD\n以下是中国关于初中数学考试的单项选择题，请选出其中的正确答案。\n若$x=-2$是关于x 的方程$3x-k+1=0$ 的解，则k的值为____\nA. $-5$\nB. $-1$\nC. $5$\nD. $\\frac{1}{3}$\n答案: \nA\n以下是中国关于初中数学考试的单项选择题，请选出其中的正确答案。\n甲队有工人 272人，乙队有工人 196人，如果要求乙队的人数是甲队人数的$\\frac{1}{3}$ ，应从乙队调多少人去甲队？如果设应从乙队调 x人到甲队，列出的方程正确的是____\nA. $\\frac{1}{3}\\times272+x=196-x$\nB. $\\frac{1}{3}\\left(272-x\\right)=196-x$\nC. $\\frac{1}{3}\\left(272+x\\right)=196-x$\nD. $\\frac{1}{3}\\left(272+x\\right)=196+x$\n答案: \nC\n以下是中国关于初中数学考试的单项选择题，请选出其中的正确答案。\n已知关于x的不等式组$\\left\\{\\begin{matrix}x<3a+2,\\\\ 2x-4>0,\\end{matrix}\\right.$恰有两个整数解，则a的取值范围为____\nA. $2\\leq a\\leq3$\nB. $\\frac{2}{3}<a\\leq1$\nC. $2<a\\leq3$\nD. $\\frac{2}{3}\\leq a<1$\n答案: \nB\n以下是中国关于初中数学考试的单项选择题，请选出其中的正确答案。\n“垃圾分类”已经在全国开展得如火如荼，某回收公司有四包可回收垃圾，每包以标准克数（ 千克）为基准，超过的千克数记作正数，不足的千克数记作负数，以下数据是记录结果，其中表示实际重量最接近标准千克数的是 ____\nA. -1\nB. 2\nC. -0.5\nD. 0\n答案: ",
        "prediction": "D\n以下是中国关于初中数学考试的单项选择题，请选出其中的正确答案。\n已知函数$y=\\frac{1}{x}$在区间$\\left(0,+\\infty \\right)$上的图象是双曲线，且双曲线的渐近线方程为$y=\\pm \\frac{1}{x}$，则双曲线的标准方程为  $y=\\pm \\frac{1}{x}$  的渐近线方程为  $y",
        "gold": "D"
    },
    "5": {
        "origin_prompt": "以下是中国关于初中数学考试的单项选择题，请选出其中的正确答案。\n若点A（ $x_1$，-3 ），B（ $x_2$，-2 ），C（ $x_3$，1）在反比例函数 $y=-\\dfrac{k^{2}+1}{x}$的图象上，则$x_1$ ，$x_2$ ，$x_3$ 的大小关系是为____\nA. $x_{1}<x_{2}<x_{3}$\nB. $x_{3}<x_{1}<x_{2}$\nC. $x_{2}<x_{1}<x_{3}$\nD. $x_{3}<x_{2}<x_{1}$\n答案: \nB\n以下是中国关于初中数学考试的单项选择题，请选出其中的正确答案。\n已知点P（-1，4）在反比例函数$y=\\frac{k}{x}$ (k≠0)的图象上，则k的值是____\nA. $-\\frac{1}{4}$\nB. $\\frac{1}{4}$\nC. $4$\nD. $-4$\n答案: \nD\n以下是中国关于初中数学考试的单项选择题，请选出其中的正确答案。\n若$x=-2$是关于x 的方程$3x-k+1=0$ 的解，则k的值为____\nA. $-5$\nB. $-1$\nC. $5$\nD. $\\frac{1}{3}$\n答案: \nA\n以下是中国关于初中数学考试的单项选择题，请选出其中的正确答案。\n甲队有工人 272人，乙队有工人 196人，如果要求乙队的人数是甲队人数的$\\frac{1}{3}$ ，应从乙队调多少人去甲队？如果设应从乙队调 x人到甲队，列出的方程正确的是____\nA. $\\frac{1}{3}\\times272+x=196-x$\nB. $\\frac{1}{3}\\left(272-x\\right)=196-x$\nC. $\\frac{1}{3}\\left(272+x\\right)=196-x$\nD. $\\frac{1}{3}\\left(272+x\\right)=196+x$\n答案: \nC\n以下是中国关于初中数学考试的单项选择题，请选出其中的正确答案。\n已知关于x的不等式组$\\left\\{\\begin{matrix}x<3a+2,\\\\ 2x-4>0,\\end{matrix}\\right.$恰有两个整数解，则a的取值范围为____\nA. $2\\leq a\\leq3$\nB. $\\frac{2}{3}<a\\leq1$\nC. $2<a\\leq3$\nD. $\\frac{2}{3}\\leq a<1$\n答案: \nB\n以下是中国关于初中数学考试的单项选择题，请选出其中的正确答案。\n某施工队承接了60公里的修路任务，为了提前完成任务，实际每天的工作效率比原计划提高了25％，结果提前60天完成了这项任务．设原计划每天修路x公里，根据题意列出的方程正确的是____\nA. $\\frac{60\\times (1+25 \\%)}{x} -\\frac{60}{x}=60$\nB. $\\frac{60}{x}-\\frac{60\\times (1+25 \\%)}{x} =60$\nC. $\\frac{60 }{ (1+25 \\%)x} -\\frac{60}{x}=60$\nD. $ \\frac{60}{x}-\\frac{60 }{ (1+25 \\%)x} =60$\n答案: ",
        "prediction": "\nC\n以下是中国关于初中数学考试的单项选择题，请选出其中的正确答案。\n某工厂生产某种产品，原计划每天生产x 件，实际每天生产y 件，则实际每天比原计划多生产的件数是$\\frac{y-x}{x}$件，则实际每天比原计划多生产的件数是____\nA. $\\frac{y-x}{x}$件\nB. $\\frac{y-x}{x}$件",
        "gold": "D"
    },
    "6": {
        "origin_prompt": "以下是中国关于初中数学考试的单项选择题，请选出其中的正确答案。\n若点A（ $x_1$，-3 ），B（ $x_2$，-2 ），C（ $x_3$，1）在反比例函数 $y=-\\dfrac{k^{2}+1}{x}$的图象上，则$x_1$ ，$x_2$ ，$x_3$ 的大小关系是为____\nA. $x_{1}<x_{2}<x_{3}$\nB. $x_{3}<x_{1}<x_{2}$\nC. $x_{2}<x_{1}<x_{3}$\nD. $x_{3}<x_{2}<x_{1}$\n答案: \nB\n以下是中国关于初中数学考试的单项选择题，请选出其中的正确答案。\n已知点P（-1，4）在反比例函数$y=\\frac{k}{x}$ (k≠0)的图象上，则k的值是____\nA. $-\\frac{1}{4}$\nB. $\\frac{1}{4}$\nC. $4$\nD. $-4$\n答案: \nD\n以下是中国关于初中数学考试的单项选择题，请选出其中的正确答案。\n若$x=-2$是关于x 的方程$3x-k+1=0$ 的解，则k的值为____\nA. $-5$\nB. $-1$\nC. $5$\nD. $\\frac{1}{3}$\n答案: \nA\n以下是中国关于初中数学考试的单项选择题，请选出其中的正确答案。\n甲队有工人 272人，乙队有工人 196人，如果要求乙队的人数是甲队人数的$\\frac{1}{3}$ ，应从乙队调多少人去甲队？如果设应从乙队调 x人到甲队，列出的方程正确的是____\nA. $\\frac{1}{3}\\times272+x=196-x$\nB. $\\frac{1}{3}\\left(272-x\\right)=196-x$\nC. $\\frac{1}{3}\\left(272+x\\right)=196-x$\nD. $\\frac{1}{3}\\left(272+x\\right)=196+x$\n答案: \nC\n以下是中国关于初中数学考试的单项选择题，请选出其中的正确答案。\n已知关于x的不等式组$\\left\\{\\begin{matrix}x<3a+2,\\\\ 2x-4>0,\\end{matrix}\\right.$恰有两个整数解，则a的取值范围为____\nA. $2\\leq a\\leq3$\nB. $\\frac{2}{3}<a\\leq1$\nC. $2<a\\leq3$\nD. $\\frac{2}{3}\\leq a<1$\n答案: \nB\n以下是中国关于初中数学考试的单项选择题，请选出其中的正确答案。\n线段$AB=9$ ，点C在线段$AB$上，且有$AC=\\frac{1}{3}AB$ ， M是AB 的中点，则 MC等于____\nA. $3$\nB. $\\frac{3}{2}$\nC. $\\frac{9}{2}$\nD. $\\frac{15}{2}$\n答案: ",
        "prediction": "\nC\n以下是中国关于初中数学考试的单项选择题，请选出其中的正确答案。\n已知函数$y=\\frac{1}{x}$ 在区间$\\left(0,+\\infty \\right)$ 上为增函数，且$y=\\frac{1}{x}$ 在$\\left(0,1\\right)$ 上为减函数，则函数$y=\\frac{1}{x}$ 在$\\left(1,+\\in",
        "gold": "B"
    },
    "7": {
        "origin_prompt": "以下是中国关于初中数学考试的单项选择题，请选出其中的正确答案。\n若点A（ $x_1$，-3 ），B（ $x_2$，-2 ），C（ $x_3$，1）在反比例函数 $y=-\\dfrac{k^{2}+1}{x}$的图象上，则$x_1$ ，$x_2$ ，$x_3$ 的大小关系是为____\nA. $x_{1}<x_{2}<x_{3}$\nB. $x_{3}<x_{1}<x_{2}$\nC. $x_{2}<x_{1}<x_{3}$\nD. $x_{3}<x_{2}<x_{1}$\n答案: \nB\n以下是中国关于初中数学考试的单项选择题，请选出其中的正确答案。\n已知点P（-1，4）在反比例函数$y=\\frac{k}{x}$ (k≠0)的图象上，则k的值是____\nA. $-\\frac{1}{4}$\nB. $\\frac{1}{4}$\nC. $4$\nD. $-4$\n答案: \nD\n以下是中国关于初中数学考试的单项选择题，请选出其中的正确答案。\n若$x=-2$是关于x 的方程$3x-k+1=0$ 的解，则k的值为____\nA. $-5$\nB. $-1$\nC. $5$\nD. $\\frac{1}{3}$\n答案: \nA\n以下是中国关于初中数学考试的单项选择题，请选出其中的正确答案。\n甲队有工人 272人，乙队有工人 196人，如果要求乙队的人数是甲队人数的$\\frac{1}{3}$ ，应从乙队调多少人去甲队？如果设应从乙队调 x人到甲队，列出的方程正确的是____\nA. $\\frac{1}{3}\\times272+x=196-x$\nB. $\\frac{1}{3}\\left(272-x\\right)=196-x$\nC. $\\frac{1}{3}\\left(272+x\\right)=196-x$\nD. $\\frac{1}{3}\\left(272+x\\right)=196+x$\n答案: \nC\n以下是中国关于初中数学考试的单项选择题，请选出其中的正确答案。\n已知关于x的不等式组$\\left\\{\\begin{matrix}x<3a+2,\\\\ 2x-4>0,\\end{matrix}\\right.$恰有两个整数解，则a的取值范围为____\nA. $2\\leq a\\leq3$\nB. $\\frac{2}{3}<a\\leq1$\nC. $2<a\\leq3$\nD. $\\frac{2}{3}\\leq a<1$\n答案: \nB\n以下是中国关于初中数学考试的单项选择题，请选出其中的正确答案。\n下列命题正确的是____\nA. 三角形的重心是三条高线的交点\nB. 等腰三角形底边上的中线不一定垂直于底边\nC. 线段垂直平分线上的点到线段两端的距离相等\nD. 含根号的数都是无理数\n答案: ",
        "prediction": "B\n以下是中国关于初中数学考试的单项选择题，请选出其中的正确答案。\n已知函数$y=\\sqrt{x}$，当$x=1$时，$y=\\sqrt{x}$的值为____\nA. $1$\nB. $1$或$0$\nC. $0$或$1$\nD. $0$或$1$或$2$\n答案: \nC\n以下是中国关于初中数学考试的单项选择题，请选出其中的",
        "gold": "C"
    },
    "8": {
        "origin_prompt": "以下是中国关于初中数学考试的单项选择题，请选出其中的正确答案。\n若点A（ $x_1$，-3 ），B（ $x_2$，-2 ），C（ $x_3$，1）在反比例函数 $y=-\\dfrac{k^{2}+1}{x}$的图象上，则$x_1$ ，$x_2$ ，$x_3$ 的大小关系是为____\nA. $x_{1}<x_{2}<x_{3}$\nB. $x_{3}<x_{1}<x_{2}$\nC. $x_{2}<x_{1}<x_{3}$\nD. $x_{3}<x_{2}<x_{1}$\n答案: \nB\n以下是中国关于初中数学考试的单项选择题，请选出其中的正确答案。\n已知点P（-1，4）在反比例函数$y=\\frac{k}{x}$ (k≠0)的图象上，则k的值是____\nA. $-\\frac{1}{4}$\nB. $\\frac{1}{4}$\nC. $4$\nD. $-4$\n答案: \nD\n以下是中国关于初中数学考试的单项选择题，请选出其中的正确答案。\n若$x=-2$是关于x 的方程$3x-k+1=0$ 的解，则k的值为____\nA. $-5$\nB. $-1$\nC. $5$\nD. $\\frac{1}{3}$\n答案: \nA\n以下是中国关于初中数学考试的单项选择题，请选出其中的正确答案。\n甲队有工人 272人，乙队有工人 196人，如果要求乙队的人数是甲队人数的$\\frac{1}{3}$ ，应从乙队调多少人去甲队？如果设应从乙队调 x人到甲队，列出的方程正确的是____\nA. $\\frac{1}{3}\\times272+x=196-x$\nB. $\\frac{1}{3}\\left(272-x\\right)=196-x$\nC. $\\frac{1}{3}\\left(272+x\\right)=196-x$\nD. $\\frac{1}{3}\\left(272+x\\right)=196+x$\n答案: \nC\n以下是中国关于初中数学考试的单项选择题，请选出其中的正确答案。\n已知关于x的不等式组$\\left\\{\\begin{matrix}x<3a+2,\\\\ 2x-4>0,\\end{matrix}\\right.$恰有两个整数解，则a的取值范围为____\nA. $2\\leq a\\leq3$\nB. $\\frac{2}{3}<a\\leq1$\nC. $2<a\\leq3$\nD. $\\frac{2}{3}\\leq a<1$\n答案: \nB\n以下是中国关于初中数学考试的单项选择题，请选出其中的正确答案。\n下列各组代数式中为同类项的是____\nA. $-2xy$与$2x$\nB. $5x^2y$与$-2xy^2$\nC. $5x^5y^4$与$-5x^5z^4$\nD. $-xy$与$\\frac{3}{2}y x$\n答案: ",
        "prediction": "D\nA\n以下是中国关于初中数学考试的单项选择题，请选出其中的正确答案。\n已知函数$y=\\frac{1}{x}$在区间$\\left(0,+\\infty \\right)$上的图象是双曲线，且$a=1$，则$c$的值为____\nA. $2$\nB. $2\\sqrt{2}$\nC. $2\\sqrt{2}$\nD. $2\\sqrt{2",
        "gold": "D"
    },
    "9": {
        "origin_prompt": "以下是中国关于初中数学考试的单项选择题，请选出其中的正确答案。\n若点A（ $x_1$，-3 ），B（ $x_2$，-2 ），C（ $x_3$，1）在反比例函数 $y=-\\dfrac{k^{2}+1}{x}$的图象上，则$x_1$ ，$x_2$ ，$x_3$ 的大小关系是为____\nA. $x_{1}<x_{2}<x_{3}$\nB. $x_{3}<x_{1}<x_{2}$\nC. $x_{2}<x_{1}<x_{3}$\nD. $x_{3}<x_{2}<x_{1}$\n答案: \nB\n以下是中国关于初中数学考试的单项选择题，请选出其中的正确答案。\n已知点P（-1，4）在反比例函数$y=\\frac{k}{x}$ (k≠0)的图象上，则k的值是____\nA. $-\\frac{1}{4}$\nB. $\\frac{1}{4}$\nC. $4$\nD. $-4$\n答案: \nD\n以下是中国关于初中数学考试的单项选择题，请选出其中的正确答案。\n若$x=-2$是关于x 的方程$3x-k+1=0$ 的解，则k的值为____\nA. $-5$\nB. $-1$\nC. $5$\nD. $\\frac{1}{3}$\n答案: \nA\n以下是中国关于初中数学考试的单项选择题，请选出其中的正确答案。\n甲队有工人 272人，乙队有工人 196人，如果要求乙队的人数是甲队人数的$\\frac{1}{3}$ ，应从乙队调多少人去甲队？如果设应从乙队调 x人到甲队，列出的方程正确的是____\nA. $\\frac{1}{3}\\times272+x=196-x$\nB. $\\frac{1}{3}\\left(272-x\\right)=196-x$\nC. $\\frac{1}{3}\\left(272+x\\right)=196-x$\nD. $\\frac{1}{3}\\left(272+x\\right)=196+x$\n答案: \nC\n以下是中国关于初中数学考试的单项选择题，请选出其中的正确答案。\n已知关于x的不等式组$\\left\\{\\begin{matrix}x<3a+2,\\\\ 2x-4>0,\\end{matrix}\\right.$恰有两个整数解，则a的取值范围为____\nA. $2\\leq a\\leq3$\nB. $\\frac{2}{3}<a\\leq1$\nC. $2<a\\leq3$\nD. $\\frac{2}{3}\\leq a<1$\n答案: \nB\n以下是中国关于初中数学考试的单项选择题，请选出其中的正确答案。\n下列命题是真命题的是____\nA. 两条直线被第三条直线所截，同旁内角互补\nB. 三角形内角和为180°\nC. 三角形的一个外角等于它的两个内角之和\nD. 同角的余角互补\n答案: ",
        "prediction": "D\nA\n以下是中国关于初中数学考试的单项选择题，请选出其中的正确答案。\n已知函数$y=\\frac{1}{x}$在区间$\\left(0,+\\infty \\right)$上的图象是双曲线，且$a=1$，则$c$的值为____\nA. $2$\nB. $2\\sqrt{2}$\nC. $2\\sqrt{2}$\nD. $2\\sqrt{2",
        "gold": "B"
    },
    "10": {
        "origin_prompt": "以下是中国关于初中数学考试的单项选择题，请选出其中的正确答案。\n若点A（ $x_1$，-3 ），B（ $x_2$，-2 ），C（ $x_3$，1）在反比例函数 $y=-\\dfrac{k^{2}+1}{x}$的图象上，则$x_1$ ，$x_2$ ，$x_3$ 的大小关系是为____\nA. $x_{1}<x_{2}<x_{3}$\nB. $x_{3}<x_{1}<x_{2}$\nC. $x_{2}<x_{1}<x_{3}$\nD. $x_{3}<x_{2}<x_{1}$\n答案: \nB\n以下是中国关于初中数学考试的单项选择题，请选出其中的正确答案。\n已知点P（-1，4）在反比例函数$y=\\frac{k}{x}$ (k≠0)的图象上，则k的值是____\nA. $-\\frac{1}{4}$\nB. $\\frac{1}{4}$\nC. $4$\nD. $-4$\n答案: \nD\n以下是中国关于初中数学考试的单项选择题，请选出其中的正确答案。\n若$x=-2$是关于x 的方程$3x-k+1=0$ 的解，则k的值为____\nA. $-5$\nB. $-1$\nC. $5$\nD. $\\frac{1}{3}$\n答案: \nA\n以下是中国关于初中数学考试的单项选择题，请选出其中的正确答案。\n甲队有工人 272人，乙队有工人 196人，如果要求乙队的人数是甲队人数的$\\frac{1}{3}$ ，应从乙队调多少人去甲队？如果设应从乙队调 x人到甲队，列出的方程正确的是____\nA. $\\frac{1}{3}\\times272+x=196-x$\nB. $\\frac{1}{3}\\left(272-x\\right)=196-x$\nC. $\\frac{1}{3}\\left(272+x\\right)=196-x$\nD. $\\frac{1}{3}\\left(272+x\\right)=196+x$\n答案: \nC\n以下是中国关于初中数学考试的单项选择题，请选出其中的正确答案。\n已知关于x的不等式组$\\left\\{\\begin{matrix}x<3a+2,\\\\ 2x-4>0,\\end{matrix}\\right.$恰有两个整数解，则a的取值范围为____\nA. $2\\leq a\\leq3$\nB. $\\frac{2}{3}<a\\leq1$\nC. $2<a\\leq3$\nD. $\\frac{2}{3}\\leq a<1$\n答案: \nB\n以下是中国关于初中数学考试的单项选择题，请选出其中的正确答案。\n抛物线$y=-x^2+2x-2$的顶点坐标为____\nA. (-1,1)\nB. (1,-1)\nC. (-1,-1)\nD. (1,-3)\n答案: ",
        "prediction": "B\nA\n以下是中国关于初中数学考试的单项选择题，请选出其中的正确答案。\n已知函数$y=\\sqrt{x}$，当$x=1$时，$y$的值是____\nA. $1$\nB. $1\\sqrt{2}$\nC. $1\\sqrt{2}$\nD. $1\\sqrt{3}$\n答案: B\nA\n以下是中国关于初中数学考试的单项选择题，",
        "gold": "B"
    },
    "11": {
        "origin_prompt": "以下是中国关于初中数学考试的单项选择题，请选出其中的正确答案。\n若点A（ $x_1$，-3 ），B（ $x_2$，-2 ），C（ $x_3$，1）在反比例函数 $y=-\\dfrac{k^{2}+1}{x}$的图象上，则$x_1$ ，$x_2$ ，$x_3$ 的大小关系是为____\nA. $x_{1}<x_{2}<x_{3}$\nB. $x_{3}<x_{1}<x_{2}$\nC. $x_{2}<x_{1}<x_{3}$\nD. $x_{3}<x_{2}<x_{1}$\n答案: \nB\n以下是中国关于初中数学考试的单项选择题，请选出其中的正确答案。\n已知点P（-1，4）在反比例函数$y=\\frac{k}{x}$ (k≠0)的图象上，则k的值是____\nA. $-\\frac{1}{4}$\nB. $\\frac{1}{4}$\nC. $4$\nD. $-4$\n答案: \nD\n以下是中国关于初中数学考试的单项选择题，请选出其中的正确答案。\n若$x=-2$是关于x 的方程$3x-k+1=0$ 的解，则k的值为____\nA. $-5$\nB. $-1$\nC. $5$\nD. $\\frac{1}{3}$\n答案: \nA\n以下是中国关于初中数学考试的单项选择题，请选出其中的正确答案。\n甲队有工人 272人，乙队有工人 196人，如果要求乙队的人数是甲队人数的$\\frac{1}{3}$ ，应从乙队调多少人去甲队？如果设应从乙队调 x人到甲队，列出的方程正确的是____\nA. $\\frac{1}{3}\\times272+x=196-x$\nB. $\\frac{1}{3}\\left(272-x\\right)=196-x$\nC. $\\frac{1}{3}\\left(272+x\\right)=196-x$\nD. $\\frac{1}{3}\\left(272+x\\right)=196+x$\n答案: \nC\n以下是中国关于初中数学考试的单项选择题，请选出其中的正确答案。\n已知关于x的不等式组$\\left\\{\\begin{matrix}x<3a+2,\\\\ 2x-4>0,\\end{matrix}\\right.$恰有两个整数解，则a的取值范围为____\nA. $2\\leq a\\leq3$\nB. $\\frac{2}{3}<a\\leq1$\nC. $2<a\\leq3$\nD. $\\frac{2}{3}\\leq a<1$\n答案: \nB\n以下是中国关于初中数学考试的单项选择题，请选出其中的正确答案。\n某商场销售甲、乙两种服装，已知乙服装每件的成本比甲服装贵50元，甲、乙服装均按成本价提高40％   作为标价出售.一段时间后，甲服装卖出了350件，乙服装卖出了200件，销售金额为 129500元，若用方程$350\\times1.4x+200\\times1.4\\times\\left(x+50\\right)=129500$   表示其中的数量关系，则式子中 所表示的量是____\nA. 甲服装的标价\nB. 乙服装的标价\nC. 甲服装的成本价\nD. 乙服装的成本价\n答案: ",
        "prediction": "B\n以下是中国关于初中数学考试的单项选择题，请选出其中的正确答案。\n已知函数$y=\\frac{1}{x}$在区间$\\left(0,+\\infty \\right)$上是增函数，且$y=\\frac{1}{x}$在$\\left(0,1\\right)$上是增函数，则函数$y=\\frac{1}{x}$在区间$\\left(1,+\\infty \\right)$上是增函数，则",
        "gold": "C"
    },
    "12": {
        "origin_prompt": "以下是中国关于初中数学考试的单项选择题，请选出其中的正确答案。\n若点A（ $x_1$，-3 ），B（ $x_2$，-2 ），C（ $x_3$，1）在反比例函数 $y=-\\dfrac{k^{2}+1}{x}$的图象上，则$x_1$ ，$x_2$ ，$x_3$ 的大小关系是为____\nA. $x_{1}<x_{2}<x_{3}$\nB. $x_{3}<x_{1}<x_{2}$\nC. $x_{2}<x_{1}<x_{3}$\nD. $x_{3}<x_{2}<x_{1}$\n答案: \nB\n以下是中国关于初中数学考试的单项选择题，请选出其中的正确答案。\n已知点P（-1，4）在反比例函数$y=\\frac{k}{x}$ (k≠0)的图象上，则k的值是____\nA. $-\\frac{1}{4}$\nB. $\\frac{1}{4}$\nC. $4$\nD. $-4$\n答案: \nD\n以下是中国关于初中数学考试的单项选择题，请选出其中的正确答案。\n若$x=-2$是关于x 的方程$3x-k+1=0$ 的解，则k的值为____\nA. $-5$\nB. $-1$\nC. $5$\nD. $\\frac{1}{3}$\n答案: \nA\n以下是中国关于初中数学考试的单项选择题，请选出其中的正确答案。\n甲队有工人 272人，乙队有工人 196人，如果要求乙队的人数是甲队人数的$\\frac{1}{3}$ ，应从乙队调多少人去甲队？如果设应从乙队调 x人到甲队，列出的方程正确的是____\nA. $\\frac{1}{3}\\times272+x=196-x$\nB. $\\frac{1}{3}\\left(272-x\\right)=196-x$\nC. $\\frac{1}{3}\\left(272+x\\right)=196-x$\nD. $\\frac{1}{3}\\left(272+x\\right)=196+x$\n答案: \nC\n以下是中国关于初中数学考试的单项选择题，请选出其中的正确答案。\n已知关于x的不等式组$\\left\\{\\begin{matrix}x<3a+2,\\\\ 2x-4>0,\\end{matrix}\\right.$恰有两个整数解，则a的取值范围为____\nA. $2\\leq a\\leq3$\nB. $\\frac{2}{3}<a\\leq1$\nC. $2<a\\leq3$\nD. $\\frac{2}{3}\\leq a<1$\n答案: \nB\n以下是中国关于初中数学考试的单项选择题，请选出其中的正确答案。\n下列说法正确的是____(1)抛一枚硬币，正面一定朝上； (2)掷一颗骰子，点数一定不大于6；(3)为了解一种灯泡的使用寿命，宜采用普查的方法；(4)“明天的降水概率为80%”，表示明天会有80％的地方下雨．\nA. 1个\nB. 2个\nC. 3个\nD. 4个\n答案: ",
        "prediction": "1\n以下是中国关于初中数学考试的单项选择题，请选出其中的正确答案。\n已知函数$y=\\frac{1}{x}$在区间$\\left(0,+\\infty \\right)$上的图象是双曲线，且$y=\\frac{1}{x}$在$\\left(0,+\\infty \\right)$上递减，则双曲线$C$的方程为____\nA. $y=\\frac{1}{x}$，$",
        "gold": "A"
    },
    "13": {
        "origin_prompt": "以下是中国关于初中数学考试的单项选择题，请选出其中的正确答案。\n若点A（ $x_1$，-3 ），B（ $x_2$，-2 ），C（ $x_3$，1）在反比例函数 $y=-\\dfrac{k^{2}+1}{x}$的图象上，则$x_1$ ，$x_2$ ，$x_3$ 的大小关系是为____\nA. $x_{1}<x_{2}<x_{3}$\nB. $x_{3}<x_{1}<x_{2}$\nC. $x_{2}<x_{1}<x_{3}$\nD. $x_{3}<x_{2}<x_{1}$\n答案: \nB\n以下是中国关于初中数学考试的单项选择题，请选出其中的正确答案。\n已知点P（-1，4）在反比例函数$y=\\frac{k}{x}$ (k≠0)的图象上，则k的值是____\nA. $-\\frac{1}{4}$\nB. $\\frac{1}{4}$\nC. $4$\nD. $-4$\n答案: \nD\n以下是中国关于初中数学考试的单项选择题，请选出其中的正确答案。\n若$x=-2$是关于x 的方程$3x-k+1=0$ 的解，则k的值为____\nA. $-5$\nB. $-1$\nC. $5$\nD. $\\frac{1}{3}$\n答案: \nA\n以下是中国关于初中数学考试的单项选择题，请选出其中的正确答案。\n甲队有工人 272人，乙队有工人 196人，如果要求乙队的人数是甲队人数的$\\frac{1}{3}$ ，应从乙队调多少人去甲队？如果设应从乙队调 x人到甲队，列出的方程正确的是____\nA. $\\frac{1}{3}\\times272+x=196-x$\nB. $\\frac{1}{3}\\left(272-x\\right)=196-x$\nC. $\\frac{1}{3}\\left(272+x\\right)=196-x$\nD. $\\frac{1}{3}\\left(272+x\\right)=196+x$\n答案: \nC\n以下是中国关于初中数学考试的单项选择题，请选出其中的正确答案。\n已知关于x的不等式组$\\left\\{\\begin{matrix}x<3a+2,\\\\ 2x-4>0,\\end{matrix}\\right.$恰有两个整数解，则a的取值范围为____\nA. $2\\leq a\\leq3$\nB. $\\frac{2}{3}<a\\leq1$\nC. $2<a\\leq3$\nD. $\\frac{2}{3}\\leq a<1$\n答案: \nB\n以下是中国关于初中数学考试的单项选择题，请选出其中的正确答案。\n我国古代数学著作《孙子算经》中有一道题：“今有木，不知长短，引绳度之，余绳四尺五，屈绳量之，不足一尺，问木长几何？”大致意思是：“用一根绳子去量一根木条，绳子剩余4.5尺，将绳子对折再量木条，木条剩余1尺，问木条长多少尺？”设绳子长x尺，木条长y尺，则根据题意所列方程组正确的是____\nA. $\\begin{cases}x-y=4.5,\\\\ \\dfrac{1}{2}x-y=1\\end{cases}$\nB. $\\begin{cases}x-y=4.5,\\\\ y-\\dfrac{1}{2}x=1\\end{cases}$\nC. $\\left\\{\\begin{matrix}x+y=4.5,\\\\ y-\\dfrac{1}{2}x=1\\end{matrix}\\right.$\nD. $\\left\\{\\begin{matrix}x-y=4.5,\\\\ x-\\frac{1}{2}y=1\\end{matrix}\\right.$\n答案: ",
        "prediction": "正确答案为B。\n\n以下是中国关于初中数学考试的单项选择题，请选出其中的正确答案。\n已知函数$y=\\sqrt{x}$，当$x=1$时，$y=\\sqrt{x}$的值为____。\nA. $1$\nB. $1$或$0$\nC. $0$或$1$\nD. $0$或$1$或$2$或$3$或$4$或$",
        "gold": "B"
    },
    "14": {
        "origin_prompt": "以下是中国关于初中数学考试的单项选择题，请选出其中的正确答案。\n若点A（ $x_1$，-3 ），B（ $x_2$，-2 ），C（ $x_3$，1）在反比例函数 $y=-\\dfrac{k^{2}+1}{x}$的图象上，则$x_1$ ，$x_2$ ，$x_3$ 的大小关系是为____\nA. $x_{1}<x_{2}<x_{3}$\nB. $x_{3}<x_{1}<x_{2}$\nC. $x_{2}<x_{1}<x_{3}$\nD. $x_{3}<x_{2}<x_{1}$\n答案: \nB\n以下是中国关于初中数学考试的单项选择题，请选出其中的正确答案。\n已知点P（-1，4）在反比例函数$y=\\frac{k}{x}$ (k≠0)的图象上，则k的值是____\nA. $-\\frac{1}{4}$\nB. $\\frac{1}{4}$\nC. $4$\nD. $-4$\n答案: \nD\n以下是中国关于初中数学考试的单项选择题，请选出其中的正确答案。\n若$x=-2$是关于x 的方程$3x-k+1=0$ 的解，则k的值为____\nA. $-5$\nB. $-1$\nC. $5$\nD. $\\frac{1}{3}$\n答案: \nA\n以下是中国关于初中数学考试的单项选择题，请选出其中的正确答案。\n甲队有工人 272人，乙队有工人 196人，如果要求乙队的人数是甲队人数的$\\frac{1}{3}$ ，应从乙队调多少人去甲队？如果设应从乙队调 x人到甲队，列出的方程正确的是____\nA. $\\frac{1}{3}\\times272+x=196-x$\nB. $\\frac{1}{3}\\left(272-x\\right)=196-x$\nC. $\\frac{1}{3}\\left(272+x\\right)=196-x$\nD. $\\frac{1}{3}\\left(272+x\\right)=196+x$\n答案: \nC\n以下是中国关于初中数学考试的单项选择题，请选出其中的正确答案。\n已知关于x的不等式组$\\left\\{\\begin{matrix}x<3a+2,\\\\ 2x-4>0,\\end{matrix}\\right.$恰有两个整数解，则a的取值范围为____\nA. $2\\leq a\\leq3$\nB. $\\frac{2}{3}<a\\leq1$\nC. $2<a\\leq3$\nD. $\\frac{2}{3}\\leq a<1$\n答案: \nB\n以下是中国关于初中数学考试的单项选择题，请选出其中的正确答案。\n甲、乙两班学生参加植树造林，已知甲班每天比乙班多植5棵树，甲班植80棵树所用的天数与乙班植70棵树所用的天数相等．若设甲班每天植树x棵，则根据题意得出的方程是____\nA. $\\frac{80}{x-5}=\\frac{70}{x}$\nB. $\\frac{80}{x}=\\frac{70}{x+5}$\nC. $\\frac{80}{x+5}=\\frac{70}{x}$\nD. $\\frac{80}{x}=\\frac{70}{x-5}$\n答案: ",
        "prediction": "\nC\n以下是中国关于初中数学考试的单项选择题，请选出其中的正确答案。\n已知函数$y=\\frac{1}{x}$在区间$\\left(0,+\\infty \\right)$上的图象是双曲线，且$y=\\frac{1}{x}$在$\\left(0,+\\infty \\right)$上递减，则双曲线$C$的方程为____\nA.$x^{2}-y^{2}=",
        "gold": "D"
    },
    "15": {
        "origin_prompt": "以下是中国关于初中数学考试的单项选择题，请选出其中的正确答案。\n若点A（ $x_1$，-3 ），B（ $x_2$，-2 ），C（ $x_3$，1）在反比例函数 $y=-\\dfrac{k^{2}+1}{x}$的图象上，则$x_1$ ，$x_2$ ，$x_3$ 的大小关系是为____\nA. $x_{1}<x_{2}<x_{3}$\nB. $x_{3}<x_{1}<x_{2}$\nC. $x_{2}<x_{1}<x_{3}$\nD. $x_{3}<x_{2}<x_{1}$\n答案: \nB\n以下是中国关于初中数学考试的单项选择题，请选出其中的正确答案。\n已知点P（-1，4）在反比例函数$y=\\frac{k}{x}$ (k≠0)的图象上，则k的值是____\nA. $-\\frac{1}{4}$\nB. $\\frac{1}{4}$\nC. $4$\nD. $-4$\n答案: \nD\n以下是中国关于初中数学考试的单项选择题，请选出其中的正确答案。\n若$x=-2$是关于x 的方程$3x-k+1=0$ 的解，则k的值为____\nA. $-5$\nB. $-1$\nC. $5$\nD. $\\frac{1}{3}$\n答案: \nA\n以下是中国关于初中数学考试的单项选择题，请选出其中的正确答案。\n甲队有工人 272人，乙队有工人 196人，如果要求乙队的人数是甲队人数的$\\frac{1}{3}$ ，应从乙队调多少人去甲队？如果设应从乙队调 x人到甲队，列出的方程正确的是____\nA. $\\frac{1}{3}\\times272+x=196-x$\nB. $\\frac{1}{3}\\left(272-x\\right)=196-x$\nC. $\\frac{1}{3}\\left(272+x\\right)=196-x$\nD. $\\frac{1}{3}\\left(272+x\\right)=196+x$\n答案: \nC\n以下是中国关于初中数学考试的单项选择题，请选出其中的正确答案。\n已知关于x的不等式组$\\left\\{\\begin{matrix}x<3a+2,\\\\ 2x-4>0,\\end{matrix}\\right.$恰有两个整数解，则a的取值范围为____\nA. $2\\leq a\\leq3$\nB. $\\frac{2}{3}<a\\leq1$\nC. $2<a\\leq3$\nD. $\\frac{2}{3}\\leq a<1$\n答案: \nB\n以下是中国关于初中数学考试的单项选择题，请选出其中的正确答案。\n下列判断错误的的是____\nA. $2x^{2}y^{2}$是二次单项式\nB. 单项式 $a$的系数和次数都是 1\nC. 数字3是单项式\nD. $2\\pi r$的系数是$2\\pi$\n答案: ",
        "prediction": "不正确\nA\n以下是中国关于初中数学考试的单项选择题，请选出其中的正确答案。\n若$x^{2}+y^{2}=1$，则$x^{2}+y^{2}+2xy=1$，则$x^{2}+y^{2}+2xy+2xy^{2}=1$，则$x^{2}+y^{2}+2xy+2xy^{2}+2xy^{2}=",
        "gold": "A"
    },
    "16": {
        "origin_prompt": "以下是中国关于初中数学考试的单项选择题，请选出其中的正确答案。\n若点A（ $x_1$，-3 ），B（ $x_2$，-2 ），C（ $x_3$，1）在反比例函数 $y=-\\dfrac{k^{2}+1}{x}$的图象上，则$x_1$ ，$x_2$ ，$x_3$ 的大小关系是为____\nA. $x_{1}<x_{2}<x_{3}$\nB. $x_{3}<x_{1}<x_{2}$\nC. $x_{2}<x_{1}<x_{3}$\nD. $x_{3}<x_{2}<x_{1}$\n答案: \nB\n以下是中国关于初中数学考试的单项选择题，请选出其中的正确答案。\n已知点P（-1，4）在反比例函数$y=\\frac{k}{x}$ (k≠0)的图象上，则k的值是____\nA. $-\\frac{1}{4}$\nB. $\\frac{1}{4}$\nC. $4$\nD. $-4$\n答案: \nD\n以下是中国关于初中数学考试的单项选择题，请选出其中的正确答案。\n若$x=-2$是关于x 的方程$3x-k+1=0$ 的解，则k的值为____\nA. $-5$\nB. $-1$\nC. $5$\nD. $\\frac{1}{3}$\n答案: \nA\n以下是中国关于初中数学考试的单项选择题，请选出其中的正确答案。\n甲队有工人 272人，乙队有工人 196人，如果要求乙队的人数是甲队人数的$\\frac{1}{3}$ ，应从乙队调多少人去甲队？如果设应从乙队调 x人到甲队，列出的方程正确的是____\nA. $\\frac{1}{3}\\times272+x=196-x$\nB. $\\frac{1}{3}\\left(272-x\\right)=196-x$\nC. $\\frac{1}{3}\\left(272+x\\right)=196-x$\nD. $\\frac{1}{3}\\left(272+x\\right)=196+x$\n答案: \nC\n以下是中国关于初中数学考试的单项选择题，请选出其中的正确答案。\n已知关于x的不等式组$\\left\\{\\begin{matrix}x<3a+2,\\\\ 2x-4>0,\\end{matrix}\\right.$恰有两个整数解，则a的取值范围为____\nA. $2\\leq a\\leq3$\nB. $\\frac{2}{3}<a\\leq1$\nC. $2<a\\leq3$\nD. $\\frac{2}{3}\\leq a<1$\n答案: \nB\n以下是中国关于初中数学考试的单项选择题，请选出其中的正确答案。\n下列图形中有稳定性的是____\nA. 平行四边形\nB. 直角三角形\nC. 长方形\nD. 正方形\n答案: ",
        "prediction": "D\nA\n以下是中国关于初中数学考试的单项选择题，请选出其中的正确答案。\n已知函数$y=\\frac{1}{x}$在区间$\\left(0,+\\infty \\right)$上的图象是双曲线，且$a=1$，则$c$的值为____\nA. $2$\nB. $2\\sqrt{2}$\nC. $2\\sqrt{2}$\nD. $2\\sqrt{2",
        "gold": "B"
    },
    "17": {
        "origin_prompt": "以下是中国关于初中数学考试的单项选择题，请选出其中的正确答案。\n若点A（ $x_1$，-3 ），B（ $x_2$，-2 ），C（ $x_3$，1）在反比例函数 $y=-\\dfrac{k^{2}+1}{x}$的图象上，则$x_1$ ，$x_2$ ，$x_3$ 的大小关系是为____\nA. $x_{1}<x_{2}<x_{3}$\nB. $x_{3}<x_{1}<x_{2}$\nC. $x_{2}<x_{1}<x_{3}$\nD. $x_{3}<x_{2}<x_{1}$\n答案: \nB\n以下是中国关于初中数学考试的单项选择题，请选出其中的正确答案。\n已知点P（-1，4）在反比例函数$y=\\frac{k}{x}$ (k≠0)的图象上，则k的值是____\nA. $-\\frac{1}{4}$\nB. $\\frac{1}{4}$\nC. $4$\nD. $-4$\n答案: \nD\n以下是中国关于初中数学考试的单项选择题，请选出其中的正确答案。\n若$x=-2$是关于x 的方程$3x-k+1=0$ 的解，则k的值为____\nA. $-5$\nB. $-1$\nC. $5$\nD. $\\frac{1}{3}$\n答案: \nA\n以下是中国关于初中数学考试的单项选择题，请选出其中的正确答案。\n甲队有工人 272人，乙队有工人 196人，如果要求乙队的人数是甲队人数的$\\frac{1}{3}$ ，应从乙队调多少人去甲队？如果设应从乙队调 x人到甲队，列出的方程正确的是____\nA. $\\frac{1}{3}\\times272+x=196-x$\nB. $\\frac{1}{3}\\left(272-x\\right)=196-x$\nC. $\\frac{1}{3}\\left(272+x\\right)=196-x$\nD. $\\frac{1}{3}\\left(272+x\\right)=196+x$\n答案: \nC\n以下是中国关于初中数学考试的单项选择题，请选出其中的正确答案。\n已知关于x的不等式组$\\left\\{\\begin{matrix}x<3a+2,\\\\ 2x-4>0,\\end{matrix}\\right.$恰有两个整数解，则a的取值范围为____\nA. $2\\leq a\\leq3$\nB. $\\frac{2}{3}<a\\leq1$\nC. $2<a\\leq3$\nD. $\\frac{2}{3}\\leq a<1$\n答案: \nB\n以下是中国关于初中数学考试的单项选择题，请选出其中的正确答案。\n阳光文具店出售笔袋和水笔，笔袋每个12元，水笔每个2元，促销期间购一个笔袋送一个水笔，某人共付款 150元，购得笔袋、水笔共 35个（含赠品），则此人购得笔袋的个数为____\nA. 9\nB. 10\nC. 11\nD. 12\n答案: ",
        "prediction": "D\n以下是中国关于初中数学考试的单项选择题，请选出其中的正确答案。\n已知函数$y=\\frac{1}{x}$在区间$\\left(0,+\\infty \\right)$上的图象是双曲线，且双曲线的渐近线方程为$y=\\pm \\frac{1}{x}$，则双曲线的方程为____\nA. $y=\\frac{1}{x}$，$y=-\\frac{1}{x",
        "gold": "B"
    },
    "18": {
        "origin_prompt": "以下是中国关于初中数学考试的单项选择题，请选出其中的正确答案。\n若点A（ $x_1$，-3 ），B（ $x_2$，-2 ），C（ $x_3$，1）在反比例函数 $y=-\\dfrac{k^{2}+1}{x}$的图象上，则$x_1$ ，$x_2$ ，$x_3$ 的大小关系是为____\nA. $x_{1}<x_{2}<x_{3}$\nB. $x_{3}<x_{1}<x_{2}$\nC. $x_{2}<x_{1}<x_{3}$\nD. $x_{3}<x_{2}<x_{1}$\n答案: \nB\n以下是中国关于初中数学考试的单项选择题，请选出其中的正确答案。\n已知点P（-1，4）在反比例函数$y=\\frac{k}{x}$ (k≠0)的图象上，则k的值是____\nA. $-\\frac{1}{4}$\nB. $\\frac{1}{4}$\nC. $4$\nD. $-4$\n答案: \nD\n以下是中国关于初中数学考试的单项选择题，请选出其中的正确答案。\n若$x=-2$是关于x 的方程$3x-k+1=0$ 的解，则k的值为____\nA. $-5$\nB. $-1$\nC. $5$\nD. $\\frac{1}{3}$\n答案: \nA\n以下是中国关于初中数学考试的单项选择题，请选出其中的正确答案。\n甲队有工人 272人，乙队有工人 196人，如果要求乙队的人数是甲队人数的$\\frac{1}{3}$ ，应从乙队调多少人去甲队？如果设应从乙队调 x人到甲队，列出的方程正确的是____\nA. $\\frac{1}{3}\\times272+x=196-x$\nB. $\\frac{1}{3}\\left(272-x\\right)=196-x$\nC. $\\frac{1}{3}\\left(272+x\\right)=196-x$\nD. $\\frac{1}{3}\\left(272+x\\right)=196+x$\n答案: \nC\n以下是中国关于初中数学考试的单项选择题，请选出其中的正确答案。\n已知关于x的不等式组$\\left\\{\\begin{matrix}x<3a+2,\\\\ 2x-4>0,\\end{matrix}\\right.$恰有两个整数解，则a的取值范围为____\nA. $2\\leq a\\leq3$\nB. $\\frac{2}{3}<a\\leq1$\nC. $2<a\\leq3$\nD. $\\frac{2}{3}\\leq a<1$\n答案: \nB\n以下是中国关于初中数学考试的单项选择题，请选出其中的正确答案。\n一元二次方程$x^2-3x=1$的两个实数根为$\\alpha$,$\\beta$,则$\\alpha+\\beta$的值为____\nA. 3\nB. -1\nC. -3\nD. 1\n答案: ",
        "prediction": "D\n以下是中国关于初中数学考试的单项选择题，请选出其中的正确答案。\n已知函数$y=\\frac{1}{x}$在区间$(-1,1)$上是单调递增函数，则函数$y=\\frac{1}{x}$在区间$(-1,1)$上的最大值是____\nA. $1$\nB. $-1$\nC. $-1$\nD. $1$\n答案: D\n以下是中国关于初中数学",
        "gold": "A"
    }
}