{
    "0": {
        "origin_prompt": "以下是中国关于高中物理考试的单项选择题，请选出其中的正确答案。\n一个物体放在斜面上保持静止，该物体共受几个力的作用____\nA. 4个\nB. 3个\nC. 2个\nD. 1个\n答案: \nB\n以下是中国关于高中物理考试的单项选择题，请选出其中的正确答案。\nA、B 两物体的动量之比为 2:1，动能的大小之比为 1:3，则它们的质量之比为____\nA. $2:1$\nB. $1:3$\nC. $2:3$\nD. $12:1$\n答案: \nD\n以下是中国关于高中物理考试的单项选择题，请选出其中的正确答案。\n下列说法正确的是____\nA. 原子核发生一次β衰变，该原子外层就失去一个电子\nB. 金属产生光电效应时，入射光的频率越高，光电子的最大初动能越大\nC. 核裂变与核聚变都伴有质量亏损，亏损的质量转化成能量\nD. 一群氢原子从定态n=4向基态跃迁，最多可以释放3条光谱\n答案: \nB\n以下是中国关于高中物理考试的单项选择题，请选出其中的正确答案。\n物体做匀速圆周运动时，下列说法正确的是____\nA. 物体必须受到恒力的作用\nB. 物体所受合力必定为0\nC. 物体所受合力的大小可能变化\nD. 物体所受合力的大小不变，方向不断改变\n答案: \nD\n以下是中国关于高中物理考试的单项选择题，请选出其中的正确答案。\n以下哪些运动的加速度一定是恒量____\nA. 匀速圆周运动\nB. 平抛运动\nC. 汽车加速过程\nD. 简谐运动\n答案: \nB\n以下是中国关于高中物理考试的单项选择题，请选出其中的正确答案。\n在物理学的重大发现中科学家们创造出了许多物理学研究方法，如理想实验法、控制变量法 、极限思想法、微元法和建立物理模型法等。以下关于所用物理学研究方法的叙述正确的是____\nA. 在物体本身的大小和形状对研究的问题影响非常小时，物体可简化为一个具有质量的点，这种方法叫极限思想法\nB. 根据功率的定义式，当时间间隔非常小时，就可以用这一间隔内的平均功率表示间隔内某一时刻的瞬时功率，这应用了控制变量法\nC. 如果一个力的作用效果与另外两个力的作用效果相同，这个力就是那两个力的合力。这里采用了理想实验法\nD. 在推导弹簧弹力做功的表达式时，把整个做功过程划分成很多小段，每一小段近似看作恒力做功，然后把各小段弹力所做的功相加，这里采用了微元法\n答案: ",
        "prediction": "\nD\n以下是中国关于高中物理考试的单项选择题，请选出其中的正确答案。\n一个物体在水平面上做匀速直线运动，当物体受到一个向右的力时，物体将做_____运动。\nA. 加速运动\nB. 减速运动\nC. 静止\nD. 匀速直线运动\n答案: \nA\n以下是中国关于高中物理考试的单项选择题，请选出其中的正确答案。\n一个物体",
        "gold": "D"
    },
    "1": {
        "origin_prompt": "以下是中国关于高中物理考试的单项选择题，请选出其中的正确答案。\n一个物体放在斜面上保持静止，该物体共受几个力的作用____\nA. 4个\nB. 3个\nC. 2个\nD. 1个\n答案: \nB\n以下是中国关于高中物理考试的单项选择题，请选出其中的正确答案。\nA、B 两物体的动量之比为 2:1，动能的大小之比为 1:3，则它们的质量之比为____\nA. $2:1$\nB. $1:3$\nC. $2:3$\nD. $12:1$\n答案: \nD\n以下是中国关于高中物理考试的单项选择题，请选出其中的正确答案。\n下列说法正确的是____\nA. 原子核发生一次β衰变，该原子外层就失去一个电子\nB. 金属产生光电效应时，入射光的频率越高，光电子的最大初动能越大\nC. 核裂变与核聚变都伴有质量亏损，亏损的质量转化成能量\nD. 一群氢原子从定态n=4向基态跃迁，最多可以释放3条光谱\n答案: \nB\n以下是中国关于高中物理考试的单项选择题，请选出其中的正确答案。\n物体做匀速圆周运动时，下列说法正确的是____\nA. 物体必须受到恒力的作用\nB. 物体所受合力必定为0\nC. 物体所受合力的大小可能变化\nD. 物体所受合力的大小不变，方向不断改变\n答案: \nD\n以下是中国关于高中物理考试的单项选择题，请选出其中的正确答案。\n以下哪些运动的加速度一定是恒量____\nA. 匀速圆周运动\nB. 平抛运动\nC. 汽车加速过程\nD. 简谐运动\n答案: \nB\n以下是中国关于高中物理考试的单项选择题，请选出其中的正确答案。\n原子的核式结构学说,是卢瑟福根据以下哪个实验或现象提出来的____\nA. 光电效应实验\nB. 氢原子光谱实验\nC. $\\alpha$粒子散射实验\nD. 天然放射现象\n答案: ",
        "prediction": "C\n以下是中国关于高中物理考试的单项选择题，请选出其中的正确答案。\n下列关于牛顿第一定律的描述，正确的是____\nA. 物体在静止时，它所受的合外力为0\nB. 物体在运动时，它所受的合外力为0\nC. 物体在静止时，它所受的合外力不为0\nD. 物体在运动时，它所受的合外",
        "gold": "C"
    },
    "2": {
        "origin_prompt": "以下是中国关于高中物理考试的单项选择题，请选出其中的正确答案。\n一个物体放在斜面上保持静止，该物体共受几个力的作用____\nA. 4个\nB. 3个\nC. 2个\nD. 1个\n答案: \nB\n以下是中国关于高中物理考试的单项选择题，请选出其中的正确答案。\nA、B 两物体的动量之比为 2:1，动能的大小之比为 1:3，则它们的质量之比为____\nA. $2:1$\nB. $1:3$\nC. $2:3$\nD. $12:1$\n答案: \nD\n以下是中国关于高中物理考试的单项选择题，请选出其中的正确答案。\n下列说法正确的是____\nA. 原子核发生一次β衰变，该原子外层就失去一个电子\nB. 金属产生光电效应时，入射光的频率越高，光电子的最大初动能越大\nC. 核裂变与核聚变都伴有质量亏损，亏损的质量转化成能量\nD. 一群氢原子从定态n=4向基态跃迁，最多可以释放3条光谱\n答案: \nB\n以下是中国关于高中物理考试的单项选择题，请选出其中的正确答案。\n物体做匀速圆周运动时，下列说法正确的是____\nA. 物体必须受到恒力的作用\nB. 物体所受合力必定为0\nC. 物体所受合力的大小可能变化\nD. 物体所受合力的大小不变，方向不断改变\n答案: \nD\n以下是中国关于高中物理考试的单项选择题，请选出其中的正确答案。\n以下哪些运动的加速度一定是恒量____\nA. 匀速圆周运动\nB. 平抛运动\nC. 汽车加速过程\nD. 简谐运动\n答案: \nB\n以下是中国关于高中物理考试的单项选择题，请选出其中的正确答案。\n小船在静水中的速度是4m/s，一条河宽120m，河水流速为5m/s，下列说法正确的是____\nA. 小船在河中运动的最大速度是9m/s\nB. 小船渡河的最短时间是24s\nC. 小船能到达河的正对岸\nD. 小船渡河的最小位移是200m\n答案: ",
        "prediction": "C\n以下是中国关于高中物理考试的单项选择题，请选出其中的正确答案。\n下列关于匀变速直线运动的说法中，正确的是____\nA. 物体做匀加速直线运动时，加速度的方向与速度方向相同\nB. 物体做匀减速直线运动时，加速度的方向与速度方向相反\nC. 物体做匀加速直线运动时，加速度的方向与速度方向相同\nD. 物体做匀减速直线运动时，",
        "gold": "A"
    },
    "3": {
        "origin_prompt": "以下是中国关于高中物理考试的单项选择题，请选出其中的正确答案。\n一个物体放在斜面上保持静止，该物体共受几个力的作用____\nA. 4个\nB. 3个\nC. 2个\nD. 1个\n答案: \nB\n以下是中国关于高中物理考试的单项选择题，请选出其中的正确答案。\nA、B 两物体的动量之比为 2:1，动能的大小之比为 1:3，则它们的质量之比为____\nA. $2:1$\nB. $1:3$\nC. $2:3$\nD. $12:1$\n答案: \nD\n以下是中国关于高中物理考试的单项选择题，请选出其中的正确答案。\n下列说法正确的是____\nA. 原子核发生一次β衰变，该原子外层就失去一个电子\nB. 金属产生光电效应时，入射光的频率越高，光电子的最大初动能越大\nC. 核裂变与核聚变都伴有质量亏损，亏损的质量转化成能量\nD. 一群氢原子从定态n=4向基态跃迁，最多可以释放3条光谱\n答案: \nB\n以下是中国关于高中物理考试的单项选择题，请选出其中的正确答案。\n物体做匀速圆周运动时，下列说法正确的是____\nA. 物体必须受到恒力的作用\nB. 物体所受合力必定为0\nC. 物体所受合力的大小可能变化\nD. 物体所受合力的大小不变，方向不断改变\n答案: \nD\n以下是中国关于高中物理考试的单项选择题，请选出其中的正确答案。\n以下哪些运动的加速度一定是恒量____\nA. 匀速圆周运动\nB. 平抛运动\nC. 汽车加速过程\nD. 简谐运动\n答案: \nB\n以下是中国关于高中物理考试的单项选择题，请选出其中的正确答案。\n“神舟六号”飞船从发射至返回的各阶段中，机械能守恒的是____\nA. 加速升空阶段\nB. 在圆轨道绕地球运行阶段\nC. 进入大气层减速阶段\nD. 降落伞张开后下降阶段\n答案: ",
        "prediction": "B\n以下是中国关于高中物理考试的单项选择题，请选出其中的正确答案。\n下列关于“热力学第一定律”的说法中，正确的是____\nA. 热力学第一定律是热力学第二定律的推论\nB. 热力学第一定律是热力学第二定律的逆定理\nC. 热力学第一定律是热力学第二定律的逆定理\nD. 热力学第一定律是热力学第二定律的逆定理\n答案:",
        "gold": "B"
    },
    "4": {
        "origin_prompt": "以下是中国关于高中物理考试的单项选择题，请选出其中的正确答案。\n一个物体放在斜面上保持静止，该物体共受几个力的作用____\nA. 4个\nB. 3个\nC. 2个\nD. 1个\n答案: \nB\n以下是中国关于高中物理考试的单项选择题，请选出其中的正确答案。\nA、B 两物体的动量之比为 2:1，动能的大小之比为 1:3，则它们的质量之比为____\nA. $2:1$\nB. $1:3$\nC. $2:3$\nD. $12:1$\n答案: \nD\n以下是中国关于高中物理考试的单项选择题，请选出其中的正确答案。\n下列说法正确的是____\nA. 原子核发生一次β衰变，该原子外层就失去一个电子\nB. 金属产生光电效应时，入射光的频率越高，光电子的最大初动能越大\nC. 核裂变与核聚变都伴有质量亏损，亏损的质量转化成能量\nD. 一群氢原子从定态n=4向基态跃迁，最多可以释放3条光谱\n答案: \nB\n以下是中国关于高中物理考试的单项选择题，请选出其中的正确答案。\n物体做匀速圆周运动时，下列说法正确的是____\nA. 物体必须受到恒力的作用\nB. 物体所受合力必定为0\nC. 物体所受合力的大小可能变化\nD. 物体所受合力的大小不变，方向不断改变\n答案: \nD\n以下是中国关于高中物理考试的单项选择题，请选出其中的正确答案。\n以下哪些运动的加速度一定是恒量____\nA. 匀速圆周运动\nB. 平抛运动\nC. 汽车加速过程\nD. 简谐运动\n答案: \nB\n以下是中国关于高中物理考试的单项选择题，请选出其中的正确答案。\n站在地面上，先将两腿弯曲，再用力蹬地，就能跳离地面，人能跳起离开地面的原因是:____\nA. 人除了受到地面的弹力外，还受到一个向上的力\nB. 地面对人的支持力大于人受到的重力\nC. 地面对人的支持力大于人对地面的压力\nD. 人对地面的压力和地面对人的支持力是一对平衡力\n答案: ",
        "prediction": "D\n以下是中国关于高中物理考试的单项选择题，请选出其中的正确答案。\n物体在竖直方向上受到两个力的作用，这两个力的合力是____\nA. 0\nB. 重力\nC. 重力与一个分力\nD. 重力与一个分力\n答案: D\n以下是中国关于高中物理考试的单项选择题，请选出其中的正确答案。\n物体在竖直方向上受到两个力的作用，这两个力的合力是",
        "gold": "B"
    },
    "5": {
        "origin_prompt": "以下是中国关于高中物理考试的单项选择题，请选出其中的正确答案。\n一个物体放在斜面上保持静止，该物体共受几个力的作用____\nA. 4个\nB. 3个\nC. 2个\nD. 1个\n答案: \nB\n以下是中国关于高中物理考试的单项选择题，请选出其中的正确答案。\nA、B 两物体的动量之比为 2:1，动能的大小之比为 1:3，则它们的质量之比为____\nA. $2:1$\nB. $1:3$\nC. $2:3$\nD. $12:1$\n答案: \nD\n以下是中国关于高中物理考试的单项选择题，请选出其中的正确答案。\n下列说法正确的是____\nA. 原子核发生一次β衰变，该原子外层就失去一个电子\nB. 金属产生光电效应时，入射光的频率越高，光电子的最大初动能越大\nC. 核裂变与核聚变都伴有质量亏损，亏损的质量转化成能量\nD. 一群氢原子从定态n=4向基态跃迁，最多可以释放3条光谱\n答案: \nB\n以下是中国关于高中物理考试的单项选择题，请选出其中的正确答案。\n物体做匀速圆周运动时，下列说法正确的是____\nA. 物体必须受到恒力的作用\nB. 物体所受合力必定为0\nC. 物体所受合力的大小可能变化\nD. 物体所受合力的大小不变，方向不断改变\n答案: \nD\n以下是中国关于高中物理考试的单项选择题，请选出其中的正确答案。\n以下哪些运动的加速度一定是恒量____\nA. 匀速圆周运动\nB. 平抛运动\nC. 汽车加速过程\nD. 简谐运动\n答案: \nB\n以下是中国关于高中物理考试的单项选择题，请选出其中的正确答案。\n当你从商店买回一只标有“220V，100W”字样的白炽灯后，直接用多用电表测量白炽灯的电阻值，关于测量结果，以下说法正确的选项是____\nA. 测量值等于$484\\Omega$\nB. 测量值小于$484\\Omega$\nC. 测量值大于$484\\Omega$\nD. 无法判断测量值与$484\\Omega$之间的大小关系\n答案: ",
        "prediction": "D\n以下是中国关于高中物理考试的单项选择题，请选出其中的正确答案。\n下列关于匀变速直线运动的说法中，正确的是____\nA. 匀变速直线运动中，加速度的大小与速度的大小无关\nB. 匀变速直线运动中，加速度的大小与速度的大小成正比\nC. 匀变速直线运动中，加速度的大小与速度的大小无关\nD. 匀变速直线运动中，加速度的大小与速度的大小成正",
        "gold": "B"
    },
    "6": {
        "origin_prompt": "以下是中国关于高中物理考试的单项选择题，请选出其中的正确答案。\n一个物体放在斜面上保持静止，该物体共受几个力的作用____\nA. 4个\nB. 3个\nC. 2个\nD. 1个\n答案: \nB\n以下是中国关于高中物理考试的单项选择题，请选出其中的正确答案。\nA、B 两物体的动量之比为 2:1，动能的大小之比为 1:3，则它们的质量之比为____\nA. $2:1$\nB. $1:3$\nC. $2:3$\nD. $12:1$\n答案: \nD\n以下是中国关于高中物理考试的单项选择题，请选出其中的正确答案。\n下列说法正确的是____\nA. 原子核发生一次β衰变，该原子外层就失去一个电子\nB. 金属产生光电效应时，入射光的频率越高，光电子的最大初动能越大\nC. 核裂变与核聚变都伴有质量亏损，亏损的质量转化成能量\nD. 一群氢原子从定态n=4向基态跃迁，最多可以释放3条光谱\n答案: \nB\n以下是中国关于高中物理考试的单项选择题，请选出其中的正确答案。\n物体做匀速圆周运动时，下列说法正确的是____\nA. 物体必须受到恒力的作用\nB. 物体所受合力必定为0\nC. 物体所受合力的大小可能变化\nD. 物体所受合力的大小不变，方向不断改变\n答案: \nD\n以下是中国关于高中物理考试的单项选择题，请选出其中的正确答案。\n以下哪些运动的加速度一定是恒量____\nA. 匀速圆周运动\nB. 平抛运动\nC. 汽车加速过程\nD. 简谐运动\n答案: \nB\n以下是中国关于高中物理考试的单项选择题，请选出其中的正确答案。\n一只电炉的电阻丝和一台电动机线圈电阻相同，将它们并联接入电路，当电动机正常工作时，通过电动机的电流与通过电炉的电流的关系为____\nA. 电动机的电流大于电炉的电流\nB. 电动机的电流等于电炉的电流\nC. 电动机的电流小于电炉的电流\nD. 无法判断\n答案: ",
        "prediction": "B\n以下是中国关于高中物理考试的单项选择题，请选出其中的正确答案。\n一个物体在水平面上做匀速直线运动，当物体受到一个向右的力时，它的加速度为____\nA. 0\nB. 正\nC. 负\nD. 无法确定\n答案: C\n以下是中国关于高中物理考试的单项选择题，请选出其中的正确答案。\n一个物体在水平面上做匀速直线运动，当物体",
        "gold": "C"
    },
    "7": {
        "origin_prompt": "以下是中国关于高中物理考试的单项选择题，请选出其中的正确答案。\n一个物体放在斜面上保持静止，该物体共受几个力的作用____\nA. 4个\nB. 3个\nC. 2个\nD. 1个\n答案: \nB\n以下是中国关于高中物理考试的单项选择题，请选出其中的正确答案。\nA、B 两物体的动量之比为 2:1，动能的大小之比为 1:3，则它们的质量之比为____\nA. $2:1$\nB. $1:3$\nC. $2:3$\nD. $12:1$\n答案: \nD\n以下是中国关于高中物理考试的单项选择题，请选出其中的正确答案。\n下列说法正确的是____\nA. 原子核发生一次β衰变，该原子外层就失去一个电子\nB. 金属产生光电效应时，入射光的频率越高，光电子的最大初动能越大\nC. 核裂变与核聚变都伴有质量亏损，亏损的质量转化成能量\nD. 一群氢原子从定态n=4向基态跃迁，最多可以释放3条光谱\n答案: \nB\n以下是中国关于高中物理考试的单项选择题，请选出其中的正确答案。\n物体做匀速圆周运动时，下列说法正确的是____\nA. 物体必须受到恒力的作用\nB. 物体所受合力必定为0\nC. 物体所受合力的大小可能变化\nD. 物体所受合力的大小不变，方向不断改变\n答案: \nD\n以下是中国关于高中物理考试的单项选择题，请选出其中的正确答案。\n以下哪些运动的加速度一定是恒量____\nA. 匀速圆周运动\nB. 平抛运动\nC. 汽车加速过程\nD. 简谐运动\n答案: \nB\n以下是中国关于高中物理考试的单项选择题，请选出其中的正确答案。\n下列有关物理学史的内容，说法正确的是____\nA. 开普勒阐述了行星的运动定律，并提出了万有引力定律\nB. 牛顿提出了万有引力定律，并通过实验精确测量了引力常量G的数值\nC. 法拉第提出一种观点，认为在电荷的周围存在由它产生的电场\nD. 库仑通过实验测定了元电荷$e$的数值约为$1.6\\times10^{-19}\\text{C}$\n答案: ",
        "prediction": "\nD\n以下是中国关于高中物理考试的单项选择题，请选出其中的正确答案。\n下列关于牛顿第二定律的叙述，正确的是____\nA. 加速度与物体所受的合外力成正比\nB. 加速度与物体所受的合外力成反比\nC. 加速度与物体所受的合外力成正比，与质量成反比\nD. 加速度与物体所受的",
        "gold": "C"
    },
    "8": {
        "origin_prompt": "以下是中国关于高中物理考试的单项选择题，请选出其中的正确答案。\n一个物体放在斜面上保持静止，该物体共受几个力的作用____\nA. 4个\nB. 3个\nC. 2个\nD. 1个\n答案: \nB\n以下是中国关于高中物理考试的单项选择题，请选出其中的正确答案。\nA、B 两物体的动量之比为 2:1，动能的大小之比为 1:3，则它们的质量之比为____\nA. $2:1$\nB. $1:3$\nC. $2:3$\nD. $12:1$\n答案: \nD\n以下是中国关于高中物理考试的单项选择题，请选出其中的正确答案。\n下列说法正确的是____\nA. 原子核发生一次β衰变，该原子外层就失去一个电子\nB. 金属产生光电效应时，入射光的频率越高，光电子的最大初动能越大\nC. 核裂变与核聚变都伴有质量亏损，亏损的质量转化成能量\nD. 一群氢原子从定态n=4向基态跃迁，最多可以释放3条光谱\n答案: \nB\n以下是中国关于高中物理考试的单项选择题，请选出其中的正确答案。\n物体做匀速圆周运动时，下列说法正确的是____\nA. 物体必须受到恒力的作用\nB. 物体所受合力必定为0\nC. 物体所受合力的大小可能变化\nD. 物体所受合力的大小不变，方向不断改变\n答案: \nD\n以下是中国关于高中物理考试的单项选择题，请选出其中的正确答案。\n以下哪些运动的加速度一定是恒量____\nA. 匀速圆周运动\nB. 平抛运动\nC. 汽车加速过程\nD. 简谐运动\n答案: \nB\n以下是中国关于高中物理考试的单项选择题，请选出其中的正确答案。\n物体在合外力F作用下，产生加速度a，下面说法中正确的是____\nA. 在匀减速直线运动中，a与F反向\nB. 只有在匀加速直线运动中，a才与F同向\nC. 不论在什么运动中，a与F的方向总是一致的\nD. 以上说法都不对\n答案: ",
        "prediction": "D\n以下是中国关于高中物理考试的单项选择题，请选出其中的正确答案。\n物体在合外力F作用下，产生加速度a，下列说法中正确的是____\nA. 在匀加速直线运动中，a与F反向\nB. 在匀加速直线运动中，a与F同向\nC. 在匀减速直线运动中，a与F反向\nD. 在匀减速直线运动中，a与F同",
        "gold": "C"
    },
    "9": {
        "origin_prompt": "以下是中国关于高中物理考试的单项选择题，请选出其中的正确答案。\n一个物体放在斜面上保持静止，该物体共受几个力的作用____\nA. 4个\nB. 3个\nC. 2个\nD. 1个\n答案: \nB\n以下是中国关于高中物理考试的单项选择题，请选出其中的正确答案。\nA、B 两物体的动量之比为 2:1，动能的大小之比为 1:3，则它们的质量之比为____\nA. $2:1$\nB. $1:3$\nC. $2:3$\nD. $12:1$\n答案: \nD\n以下是中国关于高中物理考试的单项选择题，请选出其中的正确答案。\n下列说法正确的是____\nA. 原子核发生一次β衰变，该原子外层就失去一个电子\nB. 金属产生光电效应时，入射光的频率越高，光电子的最大初动能越大\nC. 核裂变与核聚变都伴有质量亏损，亏损的质量转化成能量\nD. 一群氢原子从定态n=4向基态跃迁，最多可以释放3条光谱\n答案: \nB\n以下是中国关于高中物理考试的单项选择题，请选出其中的正确答案。\n物体做匀速圆周运动时，下列说法正确的是____\nA. 物体必须受到恒力的作用\nB. 物体所受合力必定为0\nC. 物体所受合力的大小可能变化\nD. 物体所受合力的大小不变，方向不断改变\n答案: \nD\n以下是中国关于高中物理考试的单项选择题，请选出其中的正确答案。\n以下哪些运动的加速度一定是恒量____\nA. 匀速圆周运动\nB. 平抛运动\nC. 汽车加速过程\nD. 简谐运动\n答案: \nB\n以下是中国关于高中物理考试的单项选择题，请选出其中的正确答案。\n某同学身高1.8m，在运动会上他参加跳高比赛中，起跳后身体横着越过了1.8m高度的横杆，据此我们可估算出他起跳时竖直向上的速度大约为（取g=$10m/s^2$）____\nA. 2m/s\nB. 4m/s\nC. 6m/s\nD. 8m/s\n答案: ",
        "prediction": "D\n以下是中国关于高中物理考试的单项选择题，请选出其中的正确答案。\n一个物体在竖直方向上受到两个大小相等、方向相反的力的作用，这两个力是_____。\nA. 重力\nB. 摩擦力\nC. 电场力\nD. 磁场力\n答案: A\n以下是中国关于高中物理考试的单项选择题，请选出其中的正确答案。\n一个物体在竖直方向上受到两个大小",
        "gold": "B"
    },
    "10": {
        "origin_prompt": "以下是中国关于高中物理考试的单项选择题，请选出其中的正确答案。\n一个物体放在斜面上保持静止，该物体共受几个力的作用____\nA. 4个\nB. 3个\nC. 2个\nD. 1个\n答案: \nB\n以下是中国关于高中物理考试的单项选择题，请选出其中的正确答案。\nA、B 两物体的动量之比为 2:1，动能的大小之比为 1:3，则它们的质量之比为____\nA. $2:1$\nB. $1:3$\nC. $2:3$\nD. $12:1$\n答案: \nD\n以下是中国关于高中物理考试的单项选择题，请选出其中的正确答案。\n下列说法正确的是____\nA. 原子核发生一次β衰变，该原子外层就失去一个电子\nB. 金属产生光电效应时，入射光的频率越高，光电子的最大初动能越大\nC. 核裂变与核聚变都伴有质量亏损，亏损的质量转化成能量\nD. 一群氢原子从定态n=4向基态跃迁，最多可以释放3条光谱\n答案: \nB\n以下是中国关于高中物理考试的单项选择题，请选出其中的正确答案。\n物体做匀速圆周运动时，下列说法正确的是____\nA. 物体必须受到恒力的作用\nB. 物体所受合力必定为0\nC. 物体所受合力的大小可能变化\nD. 物体所受合力的大小不变，方向不断改变\n答案: \nD\n以下是中国关于高中物理考试的单项选择题，请选出其中的正确答案。\n以下哪些运动的加速度一定是恒量____\nA. 匀速圆周运动\nB. 平抛运动\nC. 汽车加速过程\nD. 简谐运动\n答案: \nB\n以下是中国关于高中物理考试的单项选择题，请选出其中的正确答案。\n一个质量为2kg的物体同时受到两个力的作用，这两个力的大小分别为2N和6N，当两个力的方向发生变化时，物体的加速度大小不可能为____\nA. $1m/s^{2}$\nB. $2m/s^{2}$\nC. $3m/s^{2}$\nD. $4m/s^{2}$\n答案: ",
        "prediction": "D\n以下是中国关于高中物理考试的单项选择题，请选出其中的正确答案。\n一个物体在竖直方向上受到两个力的作用，这两个力的合力大小为10N，方向与竖直方向成30°角，则这两个力的合力大小为____N。\nA. 10N\nB. 20N\nC. 30N\nD. 40N\n答案: D\n以下是中国关于高中物理考试的单项选择题，请选出其中的",
        "gold": "A"
    },
    "11": {
        "origin_prompt": "以下是中国关于高中物理考试的单项选择题，请选出其中的正确答案。\n一个物体放在斜面上保持静止，该物体共受几个力的作用____\nA. 4个\nB. 3个\nC. 2个\nD. 1个\n答案: \nB\n以下是中国关于高中物理考试的单项选择题，请选出其中的正确答案。\nA、B 两物体的动量之比为 2:1，动能的大小之比为 1:3，则它们的质量之比为____\nA. $2:1$\nB. $1:3$\nC. $2:3$\nD. $12:1$\n答案: \nD\n以下是中国关于高中物理考试的单项选择题，请选出其中的正确答案。\n下列说法正确的是____\nA. 原子核发生一次β衰变，该原子外层就失去一个电子\nB. 金属产生光电效应时，入射光的频率越高，光电子的最大初动能越大\nC. 核裂变与核聚变都伴有质量亏损，亏损的质量转化成能量\nD. 一群氢原子从定态n=4向基态跃迁，最多可以释放3条光谱\n答案: \nB\n以下是中国关于高中物理考试的单项选择题，请选出其中的正确答案。\n物体做匀速圆周运动时，下列说法正确的是____\nA. 物体必须受到恒力的作用\nB. 物体所受合力必定为0\nC. 物体所受合力的大小可能变化\nD. 物体所受合力的大小不变，方向不断改变\n答案: \nD\n以下是中国关于高中物理考试的单项选择题，请选出其中的正确答案。\n以下哪些运动的加速度一定是恒量____\nA. 匀速圆周运动\nB. 平抛运动\nC. 汽车加速过程\nD. 简谐运动\n答案: \nB\n以下是中国关于高中物理考试的单项选择题，请选出其中的正确答案。\n人类在探索自然规律的进程中总结了许多科学方法，如分析归纳法、演绎法、等效替代法、控制变量法、理想实验法等．在下列研究中，运用理想实验法进行研究的是____\nA. 爱因斯坦提出光子假说\nB. 麦克斯韦提出电磁场理论\nC. 卢瑟福提出原子的核式结构模型\nD. 伽利略得出力不是维持物体运动原因的结论\n答案: ",
        "prediction": "D\n以下是中国关于高中物理考试的单项选择题，请选出其中的正确答案。\n下列关于牛顿第一定律的叙述，正确的是____\nA. 牛顿第一定律是经典力学的基本定律\nB. 牛顿第一定律描述的是物体静止或匀速直线运动状态的惯性\nC. 牛顿第一定律描述的是物体不受外力时的运动状态\nD. 牛顿第一定律描述的是物体不受外力时的运动状态\n",
        "gold": "D"
    },
    "12": {
        "origin_prompt": "以下是中国关于高中物理考试的单项选择题，请选出其中的正确答案。\n一个物体放在斜面上保持静止，该物体共受几个力的作用____\nA. 4个\nB. 3个\nC. 2个\nD. 1个\n答案: \nB\n以下是中国关于高中物理考试的单项选择题，请选出其中的正确答案。\nA、B 两物体的动量之比为 2:1，动能的大小之比为 1:3，则它们的质量之比为____\nA. $2:1$\nB. $1:3$\nC. $2:3$\nD. $12:1$\n答案: \nD\n以下是中国关于高中物理考试的单项选择题，请选出其中的正确答案。\n下列说法正确的是____\nA. 原子核发生一次β衰变，该原子外层就失去一个电子\nB. 金属产生光电效应时，入射光的频率越高，光电子的最大初动能越大\nC. 核裂变与核聚变都伴有质量亏损，亏损的质量转化成能量\nD. 一群氢原子从定态n=4向基态跃迁，最多可以释放3条光谱\n答案: \nB\n以下是中国关于高中物理考试的单项选择题，请选出其中的正确答案。\n物体做匀速圆周运动时，下列说法正确的是____\nA. 物体必须受到恒力的作用\nB. 物体所受合力必定为0\nC. 物体所受合力的大小可能变化\nD. 物体所受合力的大小不变，方向不断改变\n答案: \nD\n以下是中国关于高中物理考试的单项选择题，请选出其中的正确答案。\n以下哪些运动的加速度一定是恒量____\nA. 匀速圆周运动\nB. 平抛运动\nC. 汽车加速过程\nD. 简谐运动\n答案: \nB\n以下是中国关于高中物理考试的单项选择题，请选出其中的正确答案。\n质量为m的滑块沿高为h，长为l的粗糙斜面匀速下滑，在滑块从斜面顶端滑至低端的过程中____\nA. 重力对滑块所做的功为$mgh$\nB. 滑块克服摩擦所做的功为$mgl$\nC. 滑块的机械能保持不变\nD. 滑块的重力势能增加了$mgh$\n答案: ",
        "prediction": "D\n以下是中国关于高中物理考试的单项选择题，请选出其中的正确答案。\n物体在水平面上做匀速直线运动，当物体受到一个向右的力时，物体将做_____运动。\nA. 加速运动\nB. 减速运动\nC. 静止\nD. 匀速直线运动\n答案: A\n以下是中国关于高中物理考试的单项选择题，请选出其中的正确答案。\n物体在水平面上做匀速",
        "gold": "A"
    },
    "13": {
        "origin_prompt": "以下是中国关于高中物理考试的单项选择题，请选出其中的正确答案。\n一个物体放在斜面上保持静止，该物体共受几个力的作用____\nA. 4个\nB. 3个\nC. 2个\nD. 1个\n答案: \nB\n以下是中国关于高中物理考试的单项选择题，请选出其中的正确答案。\nA、B 两物体的动量之比为 2:1，动能的大小之比为 1:3，则它们的质量之比为____\nA. $2:1$\nB. $1:3$\nC. $2:3$\nD. $12:1$\n答案: \nD\n以下是中国关于高中物理考试的单项选择题，请选出其中的正确答案。\n下列说法正确的是____\nA. 原子核发生一次β衰变，该原子外层就失去一个电子\nB. 金属产生光电效应时，入射光的频率越高，光电子的最大初动能越大\nC. 核裂变与核聚变都伴有质量亏损，亏损的质量转化成能量\nD. 一群氢原子从定态n=4向基态跃迁，最多可以释放3条光谱\n答案: \nB\n以下是中国关于高中物理考试的单项选择题，请选出其中的正确答案。\n物体做匀速圆周运动时，下列说法正确的是____\nA. 物体必须受到恒力的作用\nB. 物体所受合力必定为0\nC. 物体所受合力的大小可能变化\nD. 物体所受合力的大小不变，方向不断改变\n答案: \nD\n以下是中国关于高中物理考试的单项选择题，请选出其中的正确答案。\n以下哪些运动的加速度一定是恒量____\nA. 匀速圆周运动\nB. 平抛运动\nC. 汽车加速过程\nD. 简谐运动\n答案: \nB\n以下是中国关于高中物理考试的单项选择题，请选出其中的正确答案。\n北京时间2022年3月5日14时01分，我国在西昌卫星发射中心使用长征二号丙运载火箭，采用“一箭多星”技术，成功将银河航天02批卫星（6颗）及其搭载的1颗商业遥感卫星发射升空。遥感卫星进入距地表约500km的近地轨道做匀速圆周运动。已知引力常量为G，地球半径为R，地球表面重力加速度为g。下列说法正确的是____\nA. 该遥感卫星的轨道属于地球同步轨道\nB. 根据题目已知条件，可以估算该遥感卫星的线速度大小\nC. 根据已知条件可以计算该遥感卫星所受万有引力大小\nD. 该遥感卫星在轨道上的角速度比月球绕地球的角速度小\n答案: ",
        "prediction": "B\n以下是中国关于高中物理考试的单项选择题，请选出其中的正确答案。\n下列关于“匀速圆周运动”的说法中，正确的是____\nA. 匀速圆周运动是曲线运动\nB. 匀速圆周运动是向心运动\nC. 匀速圆周运动是匀速直线运动\nD. 匀速圆周运动是匀速直线运动\n答案: B\n以下是中国关于高中物理考试的单项",
        "gold": "B"
    },
    "14": {
        "origin_prompt": "以下是中国关于高中物理考试的单项选择题，请选出其中的正确答案。\n一个物体放在斜面上保持静止，该物体共受几个力的作用____\nA. 4个\nB. 3个\nC. 2个\nD. 1个\n答案: \nB\n以下是中国关于高中物理考试的单项选择题，请选出其中的正确答案。\nA、B 两物体的动量之比为 2:1，动能的大小之比为 1:3，则它们的质量之比为____\nA. $2:1$\nB. $1:3$\nC. $2:3$\nD. $12:1$\n答案: \nD\n以下是中国关于高中物理考试的单项选择题，请选出其中的正确答案。\n下列说法正确的是____\nA. 原子核发生一次β衰变，该原子外层就失去一个电子\nB. 金属产生光电效应时，入射光的频率越高，光电子的最大初动能越大\nC. 核裂变与核聚变都伴有质量亏损，亏损的质量转化成能量\nD. 一群氢原子从定态n=4向基态跃迁，最多可以释放3条光谱\n答案: \nB\n以下是中国关于高中物理考试的单项选择题，请选出其中的正确答案。\n物体做匀速圆周运动时，下列说法正确的是____\nA. 物体必须受到恒力的作用\nB. 物体所受合力必定为0\nC. 物体所受合力的大小可能变化\nD. 物体所受合力的大小不变，方向不断改变\n答案: \nD\n以下是中国关于高中物理考试的单项选择题，请选出其中的正确答案。\n以下哪些运动的加速度一定是恒量____\nA. 匀速圆周运动\nB. 平抛运动\nC. 汽车加速过程\nD. 简谐运动\n答案: \nB\n以下是中国关于高中物理考试的单项选择题，请选出其中的正确答案。\n两列振动方向相同、振幅分别为A1和A2的相干简谐横波相遇。下列说法正确的是____\nA. 波峰与波谷相遇处质点的振幅为$|A_1-A_2|$\nB. 波峰与波峰相遇处质点离开平衡位置的位移始终为$A_{1}+A_{2}$\nC. 波峰与波谷相遇处质点的位移总是小于波峰与波峰相遇处质点的位移\nD. 波峰与波峰相遇处质点的振幅一定小于波峰与波谷相遇处质点的振幅\n答案: ",
        "prediction": "D\n以下是中国关于高中物理考试的单项选择题，请选出其中的正确答案。\n下列关于简谐运动的描述，正确的是____\nA. 简谐运动的加速度与位移成正比\nB. 简谐运动的加速度与位移成反比\nC. 简谐运动的加速度与位移成正比，但方向与位移无关\nD. 简谐运动的加速度与位移成正比，且方向与位移成正比\n答案: \nC",
        "gold": "A"
    },
    "15": {
        "origin_prompt": "以下是中国关于高中物理考试的单项选择题，请选出其中的正确答案。\n一个物体放在斜面上保持静止，该物体共受几个力的作用____\nA. 4个\nB. 3个\nC. 2个\nD. 1个\n答案: \nB\n以下是中国关于高中物理考试的单项选择题，请选出其中的正确答案。\nA、B 两物体的动量之比为 2:1，动能的大小之比为 1:3，则它们的质量之比为____\nA. $2:1$\nB. $1:3$\nC. $2:3$\nD. $12:1$\n答案: \nD\n以下是中国关于高中物理考试的单项选择题，请选出其中的正确答案。\n下列说法正确的是____\nA. 原子核发生一次β衰变，该原子外层就失去一个电子\nB. 金属产生光电效应时，入射光的频率越高，光电子的最大初动能越大\nC. 核裂变与核聚变都伴有质量亏损，亏损的质量转化成能量\nD. 一群氢原子从定态n=4向基态跃迁，最多可以释放3条光谱\n答案: \nB\n以下是中国关于高中物理考试的单项选择题，请选出其中的正确答案。\n物体做匀速圆周运动时，下列说法正确的是____\nA. 物体必须受到恒力的作用\nB. 物体所受合力必定为0\nC. 物体所受合力的大小可能变化\nD. 物体所受合力的大小不变，方向不断改变\n答案: \nD\n以下是中国关于高中物理考试的单项选择题，请选出其中的正确答案。\n以下哪些运动的加速度一定是恒量____\nA. 匀速圆周运动\nB. 平抛运动\nC. 汽车加速过程\nD. 简谐运动\n答案: \nB\n以下是中国关于高中物理考试的单项选择题，请选出其中的正确答案。\n三种不同样的入射光A、B、C 分别射在三种不同样的金属a，b，c 表面，均可使金属中逸出光子，三种入射光的波长$\\lambda_A > \\lambda_B > \\lambda_C$，则____\nA. 用入射光A照射金属b或c，金属b，c均可以发生光电效应现象\nB. 用入射光A与B同时照射金属c，金属c可发生光电效应现象\nC. 用入射光C照射金属a或b，金属a，b均可以发生光电效应现象\nD. 用入射光B或C照射金属a，不可使金属a发生光电效应现象\n答案: ",
        "prediction": "D\n以下是中国关于高中物理考试的单项选择题，请选出其中的正确答案。\n下列关于光的反射现象的描述中，正确的是____\nA. 平面镜成像时，平面镜所成的像与物体大小相等\nB. 平面镜成像时，平面镜所成的像与物体大小相等\nC. 平面镜成像时，平面镜所成的像与物体大小相等\nD. 平面镜成像时，平面镜所成的像",
        "gold": "C"
    },
    "16": {
        "origin_prompt": "以下是中国关于高中物理考试的单项选择题，请选出其中的正确答案。\n一个物体放在斜面上保持静止，该物体共受几个力的作用____\nA. 4个\nB. 3个\nC. 2个\nD. 1个\n答案: \nB\n以下是中国关于高中物理考试的单项选择题，请选出其中的正确答案。\nA、B 两物体的动量之比为 2:1，动能的大小之比为 1:3，则它们的质量之比为____\nA. $2:1$\nB. $1:3$\nC. $2:3$\nD. $12:1$\n答案: \nD\n以下是中国关于高中物理考试的单项选择题，请选出其中的正确答案。\n下列说法正确的是____\nA. 原子核发生一次β衰变，该原子外层就失去一个电子\nB. 金属产生光电效应时，入射光的频率越高，光电子的最大初动能越大\nC. 核裂变与核聚变都伴有质量亏损，亏损的质量转化成能量\nD. 一群氢原子从定态n=4向基态跃迁，最多可以释放3条光谱\n答案: \nB\n以下是中国关于高中物理考试的单项选择题，请选出其中的正确答案。\n物体做匀速圆周运动时，下列说法正确的是____\nA. 物体必须受到恒力的作用\nB. 物体所受合力必定为0\nC. 物体所受合力的大小可能变化\nD. 物体所受合力的大小不变，方向不断改变\n答案: \nD\n以下是中国关于高中物理考试的单项选择题，请选出其中的正确答案。\n以下哪些运动的加速度一定是恒量____\nA. 匀速圆周运动\nB. 平抛运动\nC. 汽车加速过程\nD. 简谐运动\n答案: \nB\n以下是中国关于高中物理考试的单项选择题，请选出其中的正确答案。\n提出“电场线”的科学家是____\nA. 库仑\nB. 法拉第\nC. 麦克斯韦\nD. 爱因斯坦\n答案: ",
        "prediction": "B\n以下是中国关于高中物理考试的单项选择题，请选出其中的正确答案。\n下列关于电场线的说法中，正确的是____\nA. 电场线越密的地方，电场强度越大\nB. 电场线越密的地方，电场强度越大\nC. 电场线越密的地方，电场强度越小\nD. 电场线越密的地方，电场强度越小\n答案: \nD\n以下是中国关于高中",
        "gold": "B"
    },
    "17": {
        "origin_prompt": "以下是中国关于高中物理考试的单项选择题，请选出其中的正确答案。\n一个物体放在斜面上保持静止，该物体共受几个力的作用____\nA. 4个\nB. 3个\nC. 2个\nD. 1个\n答案: \nB\n以下是中国关于高中物理考试的单项选择题，请选出其中的正确答案。\nA、B 两物体的动量之比为 2:1，动能的大小之比为 1:3，则它们的质量之比为____\nA. $2:1$\nB. $1:3$\nC. $2:3$\nD. $12:1$\n答案: \nD\n以下是中国关于高中物理考试的单项选择题，请选出其中的正确答案。\n下列说法正确的是____\nA. 原子核发生一次β衰变，该原子外层就失去一个电子\nB. 金属产生光电效应时，入射光的频率越高，光电子的最大初动能越大\nC. 核裂变与核聚变都伴有质量亏损，亏损的质量转化成能量\nD. 一群氢原子从定态n=4向基态跃迁，最多可以释放3条光谱\n答案: \nB\n以下是中国关于高中物理考试的单项选择题，请选出其中的正确答案。\n物体做匀速圆周运动时，下列说法正确的是____\nA. 物体必须受到恒力的作用\nB. 物体所受合力必定为0\nC. 物体所受合力的大小可能变化\nD. 物体所受合力的大小不变，方向不断改变\n答案: \nD\n以下是中国关于高中物理考试的单项选择题，请选出其中的正确答案。\n以下哪些运动的加速度一定是恒量____\nA. 匀速圆周运动\nB. 平抛运动\nC. 汽车加速过程\nD. 简谐运动\n答案: \nB\n以下是中国关于高中物理考试的单项选择题，请选出其中的正确答案。\n关于必然质量的气体，以下有关气体的压强、体积、温度之间关系的说法正确的选项是____\nA. 若是保持气体的体积不变，温度高升，压强减小\nB. 若是保持气体的体积不变，温度降低，压强增大\nC. 若是保持气体的温度不变，体积越小，压强越小\nD. 若是保持气体的温度不变，体积越小，压强越大\n答案: ",
        "prediction": "D\n以下是中国关于高中物理考试的单项选择题，请选出其中的正确答案。\n下列关于匀速圆周运动的说法中，正确的是____\nA. 匀速圆周运动是曲线运动\nB. 匀速圆周运动是向心加速度\nC. 匀速圆周运动是匀速直线运动\nD. 匀速圆周运动是匀速圆周运动\n答案: A\n以下是中国关于高中物理考试的单项",
        "gold": "D"
    },
    "18": {
        "origin_prompt": "以下是中国关于高中物理考试的单项选择题，请选出其中的正确答案。\n一个物体放在斜面上保持静止，该物体共受几个力的作用____\nA. 4个\nB. 3个\nC. 2个\nD. 1个\n答案: \nB\n以下是中国关于高中物理考试的单项选择题，请选出其中的正确答案。\nA、B 两物体的动量之比为 2:1，动能的大小之比为 1:3，则它们的质量之比为____\nA. $2:1$\nB. $1:3$\nC. $2:3$\nD. $12:1$\n答案: \nD\n以下是中国关于高中物理考试的单项选择题，请选出其中的正确答案。\n下列说法正确的是____\nA. 原子核发生一次β衰变，该原子外层就失去一个电子\nB. 金属产生光电效应时，入射光的频率越高，光电子的最大初动能越大\nC. 核裂变与核聚变都伴有质量亏损，亏损的质量转化成能量\nD. 一群氢原子从定态n=4向基态跃迁，最多可以释放3条光谱\n答案: \nB\n以下是中国关于高中物理考试的单项选择题，请选出其中的正确答案。\n物体做匀速圆周运动时，下列说法正确的是____\nA. 物体必须受到恒力的作用\nB. 物体所受合力必定为0\nC. 物体所受合力的大小可能变化\nD. 物体所受合力的大小不变，方向不断改变\n答案: \nD\n以下是中国关于高中物理考试的单项选择题，请选出其中的正确答案。\n以下哪些运动的加速度一定是恒量____\nA. 匀速圆周运动\nB. 平抛运动\nC. 汽车加速过程\nD. 简谐运动\n答案: \nB\n以下是中国关于高中物理考试的单项选择题，请选出其中的正确答案。\n在通常情况下固体分子间的平均距离为r0，分子间引力和斥力恰好大小相等，由此可以判定，在通常情况下____\nA. 固体收缩时，分子间距增大，分子力表现为引力\nB. 固体膨胀时，分子间距增大，分子力表现为斥力\nC. 固体收缩时，分子间距减小，分子力表现为引力\nD. 固体收缩时，分子间距减小，分子力表现为斥力\n答案: ",
        "prediction": "D\n以下是中国关于高中物理考试的单项选择题，请选出其中的正确答案。\n在匀速圆周运动中，角速度ω与周期T的关系是____\nA. ω=2π/T\nB. ω=2π/T\nC. ω=2π/T\nD. ω=2π/T\n答案: \nD\n以下是中国关于高中物理考试的单项选择题，请选出其中的正确答案。\n在匀速圆周",
        "gold": "D"
    }
}