{
    "0": {
        "origin_prompt": "以下是中国关于临床医学考试的单项选择题，请选出其中的正确答案。\n下列哪项不是急性心肌梗死患者溶栓治疗的禁忌证____\nA. 发病6小时，心电图ST段抬高＞0．2mY\nB. 有慢性严重高血压病史\nC. 可疑为主动脉夹层\nD. 近期(2～4周)有活动性内脏出血\n答案: \nA\n以下是中国关于临床医学考试的单项选择题，请选出其中的正确答案。\n结核病的细胞免疫反应中起主要作用的细胞为____\nA. B淋巴细胞\nB. 巨噬细胞\nC. T淋巴细胞\nD. 嗜酸性粒细胞\n答案: \nC\n以下是中国关于临床医学考试的单项选择题，请选出其中的正确答案。\nⅡ型呼吸衰竭的实验室指标是____\nA. $PaO_2$ 50mmHg，$PaCO_2$ 60mmHg\nB. $PaO_2$ ＞60mmHg，$PaCO_2$ ＜50mmHg\nC. $PaO_2$ ＜60mmHg，$PaCO_2$ ＞50mmHg\nD. $PaO_2$ ＜55mmHg，$PaCO_2$ ＞50mmHg\n答案: \nC\n以下是中国关于临床医学考试的单项选择题，请选出其中的正确答案。\n男性，51岁。因慢性咳嗽、进行性气急5～6年，肺功能检测下列哪项不是诊断阻塞性肺气肿所需要的____\nA. 最大通气量＜80％预计\nB. 动脉血气分析\nC. 残气量／肺总量＞40％\nD. 呼气峰值流速降低\n答案: \nB\n以下是中国关于临床医学考试的单项选择题，请选出其中的正确答案。\n女性，22岁，面色苍白、排酱油样尿2周，下列哪项不是血管内溶血检查指标____\nA. 尿隐血试验\nB. 含铁血黄素尿\nC. 血清结合珠蛋白\nD. 海因小体\n答案: \nD\n以下是中国关于临床医学考试的单项选择题，请选出其中的正确答案。\n附睾精液囊肿____\nA. 精子自附睾管溢出至周围组织形成的囊肿\nB. 睾丸网或输出小管扩张形成囊肿，囊肿液中可见精子或精子碎片\nC. 囊肿为质硬的圆形包块\nD. 囊肿与周围组织界限不清\n答案: ",
        "prediction": "\nA\n\nC\nD\nB\nA\nC\nD\nB\nA\nC\nD\nB\nA\nC\nD\nB\nA\nC\nD\nB\nA\nC\nD\nB\nA\nC\nD\nB\nA\nC\nD\nB\n",
        "gold": "B"
    },
    "1": {
        "origin_prompt": "以下是中国关于临床医学考试的单项选择题，请选出其中的正确答案。\n下列哪项不是急性心肌梗死患者溶栓治疗的禁忌证____\nA. 发病6小时，心电图ST段抬高＞0．2mY\nB. 有慢性严重高血压病史\nC. 可疑为主动脉夹层\nD. 近期(2～4周)有活动性内脏出血\n答案: \nA\n以下是中国关于临床医学考试的单项选择题，请选出其中的正确答案。\n结核病的细胞免疫反应中起主要作用的细胞为____\nA. B淋巴细胞\nB. 巨噬细胞\nC. T淋巴细胞\nD. 嗜酸性粒细胞\n答案: \nC\n以下是中国关于临床医学考试的单项选择题，请选出其中的正确答案。\nⅡ型呼吸衰竭的实验室指标是____\nA. $PaO_2$ 50mmHg，$PaCO_2$ 60mmHg\nB. $PaO_2$ ＞60mmHg，$PaCO_2$ ＜50mmHg\nC. $PaO_2$ ＜60mmHg，$PaCO_2$ ＞50mmHg\nD. $PaO_2$ ＜55mmHg，$PaCO_2$ ＞50mmHg\n答案: \nC\n以下是中国关于临床医学考试的单项选择题，请选出其中的正确答案。\n男性，51岁。因慢性咳嗽、进行性气急5～6年，肺功能检测下列哪项不是诊断阻塞性肺气肿所需要的____\nA. 最大通气量＜80％预计\nB. 动脉血气分析\nC. 残气量／肺总量＞40％\nD. 呼气峰值流速降低\n答案: \nB\n以下是中国关于临床医学考试的单项选择题，请选出其中的正确答案。\n女性，22岁，面色苍白、排酱油样尿2周，下列哪项不是血管内溶血检查指标____\nA. 尿隐血试验\nB. 含铁血黄素尿\nC. 血清结合珠蛋白\nD. 海因小体\n答案: \nD\n以下是中国关于临床医学考试的单项选择题，请选出其中的正确答案。\n有关非ST段抬高心肌梗死的治疗方案，以下哪项正确____\nA. 溶栓是基础治疗\nB. 低危险组不必使用药物\nC. 中危险组以阿司匹林和肝素尤其是低分子量肝素治疗为主\nD. 高危险组以介入治疗为首选\n答案: ",
        "prediction": "D\n以下是中国关于临床医学考试的单项选择题，请选出其中的正确答案。\n下列哪项不是急性心肌梗死患者溶栓治疗的禁忌证____\nA. 发病6小时，心电图ST段抬高＞0．2mY\nB. 有慢性严重高血压病史\nC. 可疑为主动脉夹层\nD. 近期(2～4周)有活动性内脏出血\n答案: \nA\n以下是中国",
        "gold": "D"
    },
    "2": {
        "origin_prompt": "以下是中国关于临床医学考试的单项选择题，请选出其中的正确答案。\n下列哪项不是急性心肌梗死患者溶栓治疗的禁忌证____\nA. 发病6小时，心电图ST段抬高＞0．2mY\nB. 有慢性严重高血压病史\nC. 可疑为主动脉夹层\nD. 近期(2～4周)有活动性内脏出血\n答案: \nA\n以下是中国关于临床医学考试的单项选择题，请选出其中的正确答案。\n结核病的细胞免疫反应中起主要作用的细胞为____\nA. B淋巴细胞\nB. 巨噬细胞\nC. T淋巴细胞\nD. 嗜酸性粒细胞\n答案: \nC\n以下是中国关于临床医学考试的单项选择题，请选出其中的正确答案。\nⅡ型呼吸衰竭的实验室指标是____\nA. $PaO_2$ 50mmHg，$PaCO_2$ 60mmHg\nB. $PaO_2$ ＞60mmHg，$PaCO_2$ ＜50mmHg\nC. $PaO_2$ ＜60mmHg，$PaCO_2$ ＞50mmHg\nD. $PaO_2$ ＜55mmHg，$PaCO_2$ ＞50mmHg\n答案: \nC\n以下是中国关于临床医学考试的单项选择题，请选出其中的正确答案。\n男性，51岁。因慢性咳嗽、进行性气急5～6年，肺功能检测下列哪项不是诊断阻塞性肺气肿所需要的____\nA. 最大通气量＜80％预计\nB. 动脉血气分析\nC. 残气量／肺总量＞40％\nD. 呼气峰值流速降低\n答案: \nB\n以下是中国关于临床医学考试的单项选择题，请选出其中的正确答案。\n女性，22岁，面色苍白、排酱油样尿2周，下列哪项不是血管内溶血检查指标____\nA. 尿隐血试验\nB. 含铁血黄素尿\nC. 血清结合珠蛋白\nD. 海因小体\n答案: \nD\n以下是中国关于临床医学考试的单项选择题，请选出其中的正确答案。\n慢性胃溃疡最常见的并发症是____\nA. 幽门狭窄\nB. 穿孔\nC. 出血\nD. 癌变\n答案: ",
        "prediction": "\nC\n以下是中国关于临床医学考试的单项选择题，请选出其中的正确答案。\n下列哪项不是急性心肌梗死患者溶栓治疗的禁忌证？\nA. 发病6小时，心电图ST段抬高＞0．2mY\nB. 有慢性严重高血压病史\nC. 可疑为主动脉夹层\nD. 近期(2～4周)有活动性内脏出血\n答案: \nA",
        "gold": "C"
    },
    "3": {
        "origin_prompt": "以下是中国关于临床医学考试的单项选择题，请选出其中的正确答案。\n下列哪项不是急性心肌梗死患者溶栓治疗的禁忌证____\nA. 发病6小时，心电图ST段抬高＞0．2mY\nB. 有慢性严重高血压病史\nC. 可疑为主动脉夹层\nD. 近期(2～4周)有活动性内脏出血\n答案: \nA\n以下是中国关于临床医学考试的单项选择题，请选出其中的正确答案。\n结核病的细胞免疫反应中起主要作用的细胞为____\nA. B淋巴细胞\nB. 巨噬细胞\nC. T淋巴细胞\nD. 嗜酸性粒细胞\n答案: \nC\n以下是中国关于临床医学考试的单项选择题，请选出其中的正确答案。\nⅡ型呼吸衰竭的实验室指标是____\nA. $PaO_2$ 50mmHg，$PaCO_2$ 60mmHg\nB. $PaO_2$ ＞60mmHg，$PaCO_2$ ＜50mmHg\nC. $PaO_2$ ＜60mmHg，$PaCO_2$ ＞50mmHg\nD. $PaO_2$ ＜55mmHg，$PaCO_2$ ＞50mmHg\n答案: \nC\n以下是中国关于临床医学考试的单项选择题，请选出其中的正确答案。\n男性，51岁。因慢性咳嗽、进行性气急5～6年，肺功能检测下列哪项不是诊断阻塞性肺气肿所需要的____\nA. 最大通气量＜80％预计\nB. 动脉血气分析\nC. 残气量／肺总量＞40％\nD. 呼气峰值流速降低\n答案: \nB\n以下是中国关于临床医学考试的单项选择题，请选出其中的正确答案。\n女性，22岁，面色苍白、排酱油样尿2周，下列哪项不是血管内溶血检查指标____\nA. 尿隐血试验\nB. 含铁血黄素尿\nC. 血清结合珠蛋白\nD. 海因小体\n答案: \nD\n以下是中国关于临床医学考试的单项选择题，请选出其中的正确答案。\n男性，65岁。昏迷10小时。血气分析：$pH$ 7．26，$PaCO_2$82mmHg，$PaO_2$ 45mmHg。下列哪项处理不适宜____\nA. 机械通气\nB. 呼吸兴奋剂\nC. 支持疗法\nD. 高浓度给氧\n答案: ",
        "prediction": "①\n以下是中国关于临床医学考试的单项选择题，请选出其中的正确答案。\n男性，40岁。因“胸痛”入院，查体：左前胸局限性压痛，无反跳痛，无叩击痛，心尖区可闻及舒张期杂音。心电图检查：窦性心动过速，心室肥大，左室功能减低。心电图诊断为_____。\nA. ",
        "gold": "D"
    },
    "4": {
        "origin_prompt": "以下是中国关于临床医学考试的单项选择题，请选出其中的正确答案。\n下列哪项不是急性心肌梗死患者溶栓治疗的禁忌证____\nA. 发病6小时，心电图ST段抬高＞0．2mY\nB. 有慢性严重高血压病史\nC. 可疑为主动脉夹层\nD. 近期(2～4周)有活动性内脏出血\n答案: \nA\n以下是中国关于临床医学考试的单项选择题，请选出其中的正确答案。\n结核病的细胞免疫反应中起主要作用的细胞为____\nA. B淋巴细胞\nB. 巨噬细胞\nC. T淋巴细胞\nD. 嗜酸性粒细胞\n答案: \nC\n以下是中国关于临床医学考试的单项选择题，请选出其中的正确答案。\nⅡ型呼吸衰竭的实验室指标是____\nA. $PaO_2$ 50mmHg，$PaCO_2$ 60mmHg\nB. $PaO_2$ ＞60mmHg，$PaCO_2$ ＜50mmHg\nC. $PaO_2$ ＜60mmHg，$PaCO_2$ ＞50mmHg\nD. $PaO_2$ ＜55mmHg，$PaCO_2$ ＞50mmHg\n答案: \nC\n以下是中国关于临床医学考试的单项选择题，请选出其中的正确答案。\n男性，51岁。因慢性咳嗽、进行性气急5～6年，肺功能检测下列哪项不是诊断阻塞性肺气肿所需要的____\nA. 最大通气量＜80％预计\nB. 动脉血气分析\nC. 残气量／肺总量＞40％\nD. 呼气峰值流速降低\n答案: \nB\n以下是中国关于临床医学考试的单项选择题，请选出其中的正确答案。\n女性，22岁，面色苍白、排酱油样尿2周，下列哪项不是血管内溶血检查指标____\nA. 尿隐血试验\nB. 含铁血黄素尿\nC. 血清结合珠蛋白\nD. 海因小体\n答案: \nD\n以下是中国关于临床医学考试的单项选择题，请选出其中的正确答案。\n与肝癌发病无关的因素是____\nA. 甲型肝炎\nB. 乙型肝炎\nC. 酒精性肝硬化\nD. 坏死后性肝硬化\n答案: ",
        "prediction": "无\n以下是中国关于临床医学考试的单项选择题，请选出其中的正确答案。\n下列哪项不是急性心肌梗死患者溶栓治疗的禁忌证？\nA. 发病6小时，心电图ST段抬高＞0．2mY\nB. 有慢性严重高血压病史\nC. 可疑为主动脉夹层\nD. 近期(2～4周)有活动性内脏出血\n答案: \nA\n",
        "gold": "A"
    },
    "5": {
        "origin_prompt": "以下是中国关于临床医学考试的单项选择题，请选出其中的正确答案。\n下列哪项不是急性心肌梗死患者溶栓治疗的禁忌证____\nA. 发病6小时，心电图ST段抬高＞0．2mY\nB. 有慢性严重高血压病史\nC. 可疑为主动脉夹层\nD. 近期(2～4周)有活动性内脏出血\n答案: \nA\n以下是中国关于临床医学考试的单项选择题，请选出其中的正确答案。\n结核病的细胞免疫反应中起主要作用的细胞为____\nA. B淋巴细胞\nB. 巨噬细胞\nC. T淋巴细胞\nD. 嗜酸性粒细胞\n答案: \nC\n以下是中国关于临床医学考试的单项选择题，请选出其中的正确答案。\nⅡ型呼吸衰竭的实验室指标是____\nA. $PaO_2$ 50mmHg，$PaCO_2$ 60mmHg\nB. $PaO_2$ ＞60mmHg，$PaCO_2$ ＜50mmHg\nC. $PaO_2$ ＜60mmHg，$PaCO_2$ ＞50mmHg\nD. $PaO_2$ ＜55mmHg，$PaCO_2$ ＞50mmHg\n答案: \nC\n以下是中国关于临床医学考试的单项选择题，请选出其中的正确答案。\n男性，51岁。因慢性咳嗽、进行性气急5～6年，肺功能检测下列哪项不是诊断阻塞性肺气肿所需要的____\nA. 最大通气量＜80％预计\nB. 动脉血气分析\nC. 残气量／肺总量＞40％\nD. 呼气峰值流速降低\n答案: \nB\n以下是中国关于临床医学考试的单项选择题，请选出其中的正确答案。\n女性，22岁，面色苍白、排酱油样尿2周，下列哪项不是血管内溶血检查指标____\nA. 尿隐血试验\nB. 含铁血黄素尿\nC. 血清结合珠蛋白\nD. 海因小体\n答案: \nD\n以下是中国关于临床医学考试的单项选择题，请选出其中的正确答案。\n某患者，5月前曾进行链激酶治疗心肌梗死，现出现大面积肺血栓栓塞症，应该如何治疗____\nA. 继续使用链激酶溶栓\nB. 用尿激酶溶栓\nC. 严禁用任何的溶栓药\nD. 立刻使用负荷量的华法林\n答案: ",
        "prediction": "C\n以下是中国关于临床医学考试的单项选择题，请选出其中的正确答案。\n下列哪项不是急性心肌梗死患者溶栓治疗的禁忌证____\nA. 发病6小时，心电图ST段抬高＞0．2mY\nB. 有慢性严重高血压病史\nC. 可疑为主动脉夹层\nD. 近期(2～4周)有活动性内脏出血\n答案: \nD\n以下",
        "gold": "B"
    },
    "6": {
        "origin_prompt": "以下是中国关于临床医学考试的单项选择题，请选出其中的正确答案。\n下列哪项不是急性心肌梗死患者溶栓治疗的禁忌证____\nA. 发病6小时，心电图ST段抬高＞0．2mY\nB. 有慢性严重高血压病史\nC. 可疑为主动脉夹层\nD. 近期(2～4周)有活动性内脏出血\n答案: \nA\n以下是中国关于临床医学考试的单项选择题，请选出其中的正确答案。\n结核病的细胞免疫反应中起主要作用的细胞为____\nA. B淋巴细胞\nB. 巨噬细胞\nC. T淋巴细胞\nD. 嗜酸性粒细胞\n答案: \nC\n以下是中国关于临床医学考试的单项选择题，请选出其中的正确答案。\nⅡ型呼吸衰竭的实验室指标是____\nA. $PaO_2$ 50mmHg，$PaCO_2$ 60mmHg\nB. $PaO_2$ ＞60mmHg，$PaCO_2$ ＜50mmHg\nC. $PaO_2$ ＜60mmHg，$PaCO_2$ ＞50mmHg\nD. $PaO_2$ ＜55mmHg，$PaCO_2$ ＞50mmHg\n答案: \nC\n以下是中国关于临床医学考试的单项选择题，请选出其中的正确答案。\n男性，51岁。因慢性咳嗽、进行性气急5～6年，肺功能检测下列哪项不是诊断阻塞性肺气肿所需要的____\nA. 最大通气量＜80％预计\nB. 动脉血气分析\nC. 残气量／肺总量＞40％\nD. 呼气峰值流速降低\n答案: \nB\n以下是中国关于临床医学考试的单项选择题，请选出其中的正确答案。\n女性，22岁，面色苍白、排酱油样尿2周，下列哪项不是血管内溶血检查指标____\nA. 尿隐血试验\nB. 含铁血黄素尿\nC. 血清结合珠蛋白\nD. 海因小体\n答案: \nD\n以下是中国关于临床医学考试的单项选择题，请选出其中的正确答案。\n不符合病毒性肺炎描述的是____\nA. 病灶可呈小叶性分布\nB. 肺泡腔内有大量渗出物\nC. 可有透明膜形成\nD. 肉眼观病变不明显\n答案: ",
        "prediction": "D\n以下是中国关于临床医学考试的单项选择题，请选出其中的正确答案。\n下列哪项不是急性心肌梗死患者溶栓治疗的禁忌证？\nA. 发病6小时，心电图ST段抬高＞0．2mY\nB. 有慢性严重高血压病史\nC. 可疑为主动脉夹层\nD. 近期(2～4周)有活动性内脏出血\n答案: \nA\n以下",
        "gold": "B"
    },
    "7": {
        "origin_prompt": "以下是中国关于临床医学考试的单项选择题，请选出其中的正确答案。\n下列哪项不是急性心肌梗死患者溶栓治疗的禁忌证____\nA. 发病6小时，心电图ST段抬高＞0．2mY\nB. 有慢性严重高血压病史\nC. 可疑为主动脉夹层\nD. 近期(2～4周)有活动性内脏出血\n答案: \nA\n以下是中国关于临床医学考试的单项选择题，请选出其中的正确答案。\n结核病的细胞免疫反应中起主要作用的细胞为____\nA. B淋巴细胞\nB. 巨噬细胞\nC. T淋巴细胞\nD. 嗜酸性粒细胞\n答案: \nC\n以下是中国关于临床医学考试的单项选择题，请选出其中的正确答案。\nⅡ型呼吸衰竭的实验室指标是____\nA. $PaO_2$ 50mmHg，$PaCO_2$ 60mmHg\nB. $PaO_2$ ＞60mmHg，$PaCO_2$ ＜50mmHg\nC. $PaO_2$ ＜60mmHg，$PaCO_2$ ＞50mmHg\nD. $PaO_2$ ＜55mmHg，$PaCO_2$ ＞50mmHg\n答案: \nC\n以下是中国关于临床医学考试的单项选择题，请选出其中的正确答案。\n男性，51岁。因慢性咳嗽、进行性气急5～6年，肺功能检测下列哪项不是诊断阻塞性肺气肿所需要的____\nA. 最大通气量＜80％预计\nB. 动脉血气分析\nC. 残气量／肺总量＞40％\nD. 呼气峰值流速降低\n答案: \nB\n以下是中国关于临床医学考试的单项选择题，请选出其中的正确答案。\n女性，22岁，面色苍白、排酱油样尿2周，下列哪项不是血管内溶血检查指标____\nA. 尿隐血试验\nB. 含铁血黄素尿\nC. 血清结合珠蛋白\nD. 海因小体\n答案: \nD\n以下是中国关于临床医学考试的单项选择题，请选出其中的正确答案。\n基底细胞癌最常见的好发部位是____\nA. 小阴唇\nB. 前庭\nC. 阴蒂\nD. 大阴唇\n答案: ",
        "prediction": "D\n以下是中国关于临床医学考试的单项选择题，请选出其中的正确答案。\n女性，35岁，因“月经不调”就诊，查体发现子宫增大，子宫颈口松弛，子宫颈管内见一血性分泌物，血性白带，子宫颈管内见一血性分泌物，血性白带，子宫颈管内见一血性分泌物，血性白带，子宫颈管内见一血性分泌物，血性",
        "gold": "D"
    },
    "8": {
        "origin_prompt": "以下是中国关于临床医学考试的单项选择题，请选出其中的正确答案。\n下列哪项不是急性心肌梗死患者溶栓治疗的禁忌证____\nA. 发病6小时，心电图ST段抬高＞0．2mY\nB. 有慢性严重高血压病史\nC. 可疑为主动脉夹层\nD. 近期(2～4周)有活动性内脏出血\n答案: \nA\n以下是中国关于临床医学考试的单项选择题，请选出其中的正确答案。\n结核病的细胞免疫反应中起主要作用的细胞为____\nA. B淋巴细胞\nB. 巨噬细胞\nC. T淋巴细胞\nD. 嗜酸性粒细胞\n答案: \nC\n以下是中国关于临床医学考试的单项选择题，请选出其中的正确答案。\nⅡ型呼吸衰竭的实验室指标是____\nA. $PaO_2$ 50mmHg，$PaCO_2$ 60mmHg\nB. $PaO_2$ ＞60mmHg，$PaCO_2$ ＜50mmHg\nC. $PaO_2$ ＜60mmHg，$PaCO_2$ ＞50mmHg\nD. $PaO_2$ ＜55mmHg，$PaCO_2$ ＞50mmHg\n答案: \nC\n以下是中国关于临床医学考试的单项选择题，请选出其中的正确答案。\n男性，51岁。因慢性咳嗽、进行性气急5～6年，肺功能检测下列哪项不是诊断阻塞性肺气肿所需要的____\nA. 最大通气量＜80％预计\nB. 动脉血气分析\nC. 残气量／肺总量＞40％\nD. 呼气峰值流速降低\n答案: \nB\n以下是中国关于临床医学考试的单项选择题，请选出其中的正确答案。\n女性，22岁，面色苍白、排酱油样尿2周，下列哪项不是血管内溶血检查指标____\nA. 尿隐血试验\nB. 含铁血黄素尿\nC. 血清结合珠蛋白\nD. 海因小体\n答案: \nD\n以下是中国关于临床医学考试的单项选择题，请选出其中的正确答案。\n急性呼吸衰竭最早出现的症状是____\nA. 发绀\nB. 呼吸困难\nC. 精神错乱\nD. 心动过速\n答案: ",
        "prediction": "\nB\n以下是中国关于临床医学考试的单项选择题，请选出其中的正确答案。\n下列哪项不是急性心肌梗死患者溶栓治疗的禁忌证？\nA. 发病6小时，心电图ST段抬高＞0．2mY\nB. 有慢性严重高血压病史\nC. 可疑为主动脉夹层\nD. 近期(2～4周)有活动性内脏出血\n答案: \nA",
        "gold": "B"
    },
    "9": {
        "origin_prompt": "以下是中国关于临床医学考试的单项选择题，请选出其中的正确答案。\n下列哪项不是急性心肌梗死患者溶栓治疗的禁忌证____\nA. 发病6小时，心电图ST段抬高＞0．2mY\nB. 有慢性严重高血压病史\nC. 可疑为主动脉夹层\nD. 近期(2～4周)有活动性内脏出血\n答案: \nA\n以下是中国关于临床医学考试的单项选择题，请选出其中的正确答案。\n结核病的细胞免疫反应中起主要作用的细胞为____\nA. B淋巴细胞\nB. 巨噬细胞\nC. T淋巴细胞\nD. 嗜酸性粒细胞\n答案: \nC\n以下是中国关于临床医学考试的单项选择题，请选出其中的正确答案。\nⅡ型呼吸衰竭的实验室指标是____\nA. $PaO_2$ 50mmHg，$PaCO_2$ 60mmHg\nB. $PaO_2$ ＞60mmHg，$PaCO_2$ ＜50mmHg\nC. $PaO_2$ ＜60mmHg，$PaCO_2$ ＞50mmHg\nD. $PaO_2$ ＜55mmHg，$PaCO_2$ ＞50mmHg\n答案: \nC\n以下是中国关于临床医学考试的单项选择题，请选出其中的正确答案。\n男性，51岁。因慢性咳嗽、进行性气急5～6年，肺功能检测下列哪项不是诊断阻塞性肺气肿所需要的____\nA. 最大通气量＜80％预计\nB. 动脉血气分析\nC. 残气量／肺总量＞40％\nD. 呼气峰值流速降低\n答案: \nB\n以下是中国关于临床医学考试的单项选择题，请选出其中的正确答案。\n女性，22岁，面色苍白、排酱油样尿2周，下列哪项不是血管内溶血检查指标____\nA. 尿隐血试验\nB. 含铁血黄素尿\nC. 血清结合珠蛋白\nD. 海因小体\n答案: \nD\n以下是中国关于临床医学考试的单项选择题，请选出其中的正确答案。\nⅡ型呼吸衰竭不能给予高浓度吸氧的原因主要是____\nA. 伴$CO_2$潴留\nB. 诱发呼吸性碱中毒\nC. 降低了颈动脉体、主动脉体的兴奋性\nD. 可引起氧中毒\n答案: ",
        "prediction": "D\n以下是中国关于临床医学考试的单项选择题，请选出其中的正确答案。\n下列哪项不是急性心肌梗死患者溶栓治疗的禁忌证？\nA. 发病6小时，心电图ST段抬高＞0．2mY\nB. 有慢性严重高血压病史\nC. 可疑为主动脉夹层\nD. 近期(2～4周)有活动性内脏出血\n答案: \nA\n以下",
        "gold": "C"
    },
    "10": {
        "origin_prompt": "以下是中国关于临床医学考试的单项选择题，请选出其中的正确答案。\n下列哪项不是急性心肌梗死患者溶栓治疗的禁忌证____\nA. 发病6小时，心电图ST段抬高＞0．2mY\nB. 有慢性严重高血压病史\nC. 可疑为主动脉夹层\nD. 近期(2～4周)有活动性内脏出血\n答案: \nA\n以下是中国关于临床医学考试的单项选择题，请选出其中的正确答案。\n结核病的细胞免疫反应中起主要作用的细胞为____\nA. B淋巴细胞\nB. 巨噬细胞\nC. T淋巴细胞\nD. 嗜酸性粒细胞\n答案: \nC\n以下是中国关于临床医学考试的单项选择题，请选出其中的正确答案。\nⅡ型呼吸衰竭的实验室指标是____\nA. $PaO_2$ 50mmHg，$PaCO_2$ 60mmHg\nB. $PaO_2$ ＞60mmHg，$PaCO_2$ ＜50mmHg\nC. $PaO_2$ ＜60mmHg，$PaCO_2$ ＞50mmHg\nD. $PaO_2$ ＜55mmHg，$PaCO_2$ ＞50mmHg\n答案: \nC\n以下是中国关于临床医学考试的单项选择题，请选出其中的正确答案。\n男性，51岁。因慢性咳嗽、进行性气急5～6年，肺功能检测下列哪项不是诊断阻塞性肺气肿所需要的____\nA. 最大通气量＜80％预计\nB. 动脉血气分析\nC. 残气量／肺总量＞40％\nD. 呼气峰值流速降低\n答案: \nB\n以下是中国关于临床医学考试的单项选择题，请选出其中的正确答案。\n女性，22岁，面色苍白、排酱油样尿2周，下列哪项不是血管内溶血检查指标____\nA. 尿隐血试验\nB. 含铁血黄素尿\nC. 血清结合珠蛋白\nD. 海因小体\n答案: \nD\n以下是中国关于临床医学考试的单项选择题，请选出其中的正确答案。\n洋地黄中毒合并低钾血症时易发生的心律失常是____\nA. 阵发性房性心动过速伴传导阻滞\nB. 房性期前收缩\nC. 房颤\nD. 室颤\n答案: ",
        "prediction": "\nD\n以下是中国关于临床医学考试的单项选择题，请选出其中的正确答案。\n下列哪项不是急性心肌梗死患者溶栓治疗的禁忌证？\nA. 发病6小时，心电图ST段抬高＞0.2mV\nB. 有慢性严重高血压病史\nC. 可疑为主动脉夹层\nD. 近期(2～4周)有活动性内脏出血\n答案: \nA",
        "gold": "A"
    },
    "11": {
        "origin_prompt": "以下是中国关于临床医学考试的单项选择题，请选出其中的正确答案。\n下列哪项不是急性心肌梗死患者溶栓治疗的禁忌证____\nA. 发病6小时，心电图ST段抬高＞0．2mY\nB. 有慢性严重高血压病史\nC. 可疑为主动脉夹层\nD. 近期(2～4周)有活动性内脏出血\n答案: \nA\n以下是中国关于临床医学考试的单项选择题，请选出其中的正确答案。\n结核病的细胞免疫反应中起主要作用的细胞为____\nA. B淋巴细胞\nB. 巨噬细胞\nC. T淋巴细胞\nD. 嗜酸性粒细胞\n答案: \nC\n以下是中国关于临床医学考试的单项选择题，请选出其中的正确答案。\nⅡ型呼吸衰竭的实验室指标是____\nA. $PaO_2$ 50mmHg，$PaCO_2$ 60mmHg\nB. $PaO_2$ ＞60mmHg，$PaCO_2$ ＜50mmHg\nC. $PaO_2$ ＜60mmHg，$PaCO_2$ ＞50mmHg\nD. $PaO_2$ ＜55mmHg，$PaCO_2$ ＞50mmHg\n答案: \nC\n以下是中国关于临床医学考试的单项选择题，请选出其中的正确答案。\n男性，51岁。因慢性咳嗽、进行性气急5～6年，肺功能检测下列哪项不是诊断阻塞性肺气肿所需要的____\nA. 最大通气量＜80％预计\nB. 动脉血气分析\nC. 残气量／肺总量＞40％\nD. 呼气峰值流速降低\n答案: \nB\n以下是中国关于临床医学考试的单项选择题，请选出其中的正确答案。\n女性，22岁，面色苍白、排酱油样尿2周，下列哪项不是血管内溶血检查指标____\nA. 尿隐血试验\nB. 含铁血黄素尿\nC. 血清结合珠蛋白\nD. 海因小体\n答案: \nD\n以下是中国关于临床医学考试的单项选择题，请选出其中的正确答案。\n下列哪项不符合糖尿病酮症酸中毒的实验室检查结果____\nA. pH＜7．35\nB. 血酮体＞4．8mmol／L\nC. 血糖多＞33．3mmol／L\nD. 血白细胞计数＞10×10^9 ／L\n答案: ",
        "prediction": "①\n以下是中国关于临床医学考试的单项选择题，请选出其中的正确答案。\n下列哪项不是糖尿病酮症酸中毒的实验室检查结果____\nA. pH＜7．35\nB. 血酮体＞4．8mmol／L\nC. 血糖多＞33．3mmol／L\nD. 血白细胞计数＞10×10^9 ／L\n答案: ①\n以下是中国关于临床医学",
        "gold": "C"
    },
    "12": {
        "origin_prompt": "以下是中国关于临床医学考试的单项选择题，请选出其中的正确答案。\n下列哪项不是急性心肌梗死患者溶栓治疗的禁忌证____\nA. 发病6小时，心电图ST段抬高＞0．2mY\nB. 有慢性严重高血压病史\nC. 可疑为主动脉夹层\nD. 近期(2～4周)有活动性内脏出血\n答案: \nA\n以下是中国关于临床医学考试的单项选择题，请选出其中的正确答案。\n结核病的细胞免疫反应中起主要作用的细胞为____\nA. B淋巴细胞\nB. 巨噬细胞\nC. T淋巴细胞\nD. 嗜酸性粒细胞\n答案: \nC\n以下是中国关于临床医学考试的单项选择题，请选出其中的正确答案。\nⅡ型呼吸衰竭的实验室指标是____\nA. $PaO_2$ 50mmHg，$PaCO_2$ 60mmHg\nB. $PaO_2$ ＞60mmHg，$PaCO_2$ ＜50mmHg\nC. $PaO_2$ ＜60mmHg，$PaCO_2$ ＞50mmHg\nD. $PaO_2$ ＜55mmHg，$PaCO_2$ ＞50mmHg\n答案: \nC\n以下是中国关于临床医学考试的单项选择题，请选出其中的正确答案。\n男性，51岁。因慢性咳嗽、进行性气急5～6年，肺功能检测下列哪项不是诊断阻塞性肺气肿所需要的____\nA. 最大通气量＜80％预计\nB. 动脉血气分析\nC. 残气量／肺总量＞40％\nD. 呼气峰值流速降低\n答案: \nB\n以下是中国关于临床医学考试的单项选择题，请选出其中的正确答案。\n女性，22岁，面色苍白、排酱油样尿2周，下列哪项不是血管内溶血检查指标____\nA. 尿隐血试验\nB. 含铁血黄素尿\nC. 血清结合珠蛋白\nD. 海因小体\n答案: \nD\n以下是中国关于临床医学考试的单项选择题，请选出其中的正确答案。\n男性，70岁。慢性阻塞性肺病史20余年，神志不清5小时。体检：发绀，呼吸浅促，心率：120次／分，律齐，两肺闻及干湿啰音。血压75／45mmHg。血pH7．18，$PaCO_2$ 5mmHg，$PaO_2$ 49mmHg。此时哪项治疗措施不适宜____\nA. 呼吸机辅助通气\nB. 纠正低血压\nC. 持续低浓度吸氧\nD. 呼吸兴奋剂\n答案: ",
        "prediction": "【D】\n以下是中国关于临床医学考试的单项选择题，请选出其中的正确答案。\n男性，40岁。因“心悸、气短、乏力”入院，体检：血压：120/80mmHg，心率：80次／分，律齐，两肺呼吸音清，未闻及干湿啰音。血气分析：$PaO_2$ 60mmHg，$PaCO_2$ 40mmH",
        "gold": "A"
    },
    "13": {
        "origin_prompt": "以下是中国关于临床医学考试的单项选择题，请选出其中的正确答案。\n下列哪项不是急性心肌梗死患者溶栓治疗的禁忌证____\nA. 发病6小时，心电图ST段抬高＞0．2mY\nB. 有慢性严重高血压病史\nC. 可疑为主动脉夹层\nD. 近期(2～4周)有活动性内脏出血\n答案: \nA\n以下是中国关于临床医学考试的单项选择题，请选出其中的正确答案。\n结核病的细胞免疫反应中起主要作用的细胞为____\nA. B淋巴细胞\nB. 巨噬细胞\nC. T淋巴细胞\nD. 嗜酸性粒细胞\n答案: \nC\n以下是中国关于临床医学考试的单项选择题，请选出其中的正确答案。\nⅡ型呼吸衰竭的实验室指标是____\nA. $PaO_2$ 50mmHg，$PaCO_2$ 60mmHg\nB. $PaO_2$ ＞60mmHg，$PaCO_2$ ＜50mmHg\nC. $PaO_2$ ＜60mmHg，$PaCO_2$ ＞50mmHg\nD. $PaO_2$ ＜55mmHg，$PaCO_2$ ＞50mmHg\n答案: \nC\n以下是中国关于临床医学考试的单项选择题，请选出其中的正确答案。\n男性，51岁。因慢性咳嗽、进行性气急5～6年，肺功能检测下列哪项不是诊断阻塞性肺气肿所需要的____\nA. 最大通气量＜80％预计\nB. 动脉血气分析\nC. 残气量／肺总量＞40％\nD. 呼气峰值流速降低\n答案: \nB\n以下是中国关于临床医学考试的单项选择题，请选出其中的正确答案。\n女性，22岁，面色苍白、排酱油样尿2周，下列哪项不是血管内溶血检查指标____\nA. 尿隐血试验\nB. 含铁血黄素尿\nC. 血清结合珠蛋白\nD. 海因小体\n答案: \nD\n以下是中国关于临床医学考试的单项选择题，请选出其中的正确答案。\n女性，29岁，因牙龈渗血伴低热1周入院，实验室检查血常规：白细胞11．3×10^9 ／L、红细胞2．6×10^12 ／L、 血红蛋白68g／L、血小板30×10^9 ／L，骨髓穿刺结果提示急性单核细胞白血病(M5)，以下哪个体征最少见____\nA. 牙龈肿胀\nB. 胸骨压痛\nC. 肝辟肿大\nD. 巩膜黄染\n答案: ",
        "prediction": "D\n以下是中国关于临床医学考试的单项选择题，请选出其中的正确答案。\n女性，35岁，因“发热、咳嗽、胸痛、呼吸困难”入院，实验室检查：血常规：白细胞10.5×10^9 ／L、红细胞2.6×10^12 ／L、血红蛋白68g／L、血小板30×10^9 ／L，心电图：窦性心动过速，",
        "gold": "D"
    },
    "14": {
        "origin_prompt": "以下是中国关于临床医学考试的单项选择题，请选出其中的正确答案。\n下列哪项不是急性心肌梗死患者溶栓治疗的禁忌证____\nA. 发病6小时，心电图ST段抬高＞0．2mY\nB. 有慢性严重高血压病史\nC. 可疑为主动脉夹层\nD. 近期(2～4周)有活动性内脏出血\n答案: \nA\n以下是中国关于临床医学考试的单项选择题，请选出其中的正确答案。\n结核病的细胞免疫反应中起主要作用的细胞为____\nA. B淋巴细胞\nB. 巨噬细胞\nC. T淋巴细胞\nD. 嗜酸性粒细胞\n答案: \nC\n以下是中国关于临床医学考试的单项选择题，请选出其中的正确答案。\nⅡ型呼吸衰竭的实验室指标是____\nA. $PaO_2$ 50mmHg，$PaCO_2$ 60mmHg\nB. $PaO_2$ ＞60mmHg，$PaCO_2$ ＜50mmHg\nC. $PaO_2$ ＜60mmHg，$PaCO_2$ ＞50mmHg\nD. $PaO_2$ ＜55mmHg，$PaCO_2$ ＞50mmHg\n答案: \nC\n以下是中国关于临床医学考试的单项选择题，请选出其中的正确答案。\n男性，51岁。因慢性咳嗽、进行性气急5～6年，肺功能检测下列哪项不是诊断阻塞性肺气肿所需要的____\nA. 最大通气量＜80％预计\nB. 动脉血气分析\nC. 残气量／肺总量＞40％\nD. 呼气峰值流速降低\n答案: \nB\n以下是中国关于临床医学考试的单项选择题，请选出其中的正确答案。\n女性，22岁，面色苍白、排酱油样尿2周，下列哪项不是血管内溶血检查指标____\nA. 尿隐血试验\nB. 含铁血黄素尿\nC. 血清结合珠蛋白\nD. 海因小体\n答案: \nD\n以下是中国关于临床医学考试的单项选择题，请选出其中的正确答案。\n早期胃癌最多见的类型是____\nA. 隆起型\nB. 表浅型\nC. 凹陷型\nD. 表浅平坦型\n答案: ",
        "prediction": "D\n以下是中国关于临床医学考试的单项选择题，请选出其中的正确答案。\n下列哪项不是胃癌的早期症状____\nA. 上腹部饱胀\nB. 上腹部隐痛\nC. 上腹部隐痛伴恶心\nD. 上腹部隐痛伴呕吐\n答案: \nD\n以下是中国关于临床医学考试的单项选择题，请选出其中的正确答案。\n下列哪项不是胃癌的早期症状____\nA",
        "gold": "C"
    },
    "15": {
        "origin_prompt": "以下是中国关于临床医学考试的单项选择题，请选出其中的正确答案。\n下列哪项不是急性心肌梗死患者溶栓治疗的禁忌证____\nA. 发病6小时，心电图ST段抬高＞0．2mY\nB. 有慢性严重高血压病史\nC. 可疑为主动脉夹层\nD. 近期(2～4周)有活动性内脏出血\n答案: \nA\n以下是中国关于临床医学考试的单项选择题，请选出其中的正确答案。\n结核病的细胞免疫反应中起主要作用的细胞为____\nA. B淋巴细胞\nB. 巨噬细胞\nC. T淋巴细胞\nD. 嗜酸性粒细胞\n答案: \nC\n以下是中国关于临床医学考试的单项选择题，请选出其中的正确答案。\nⅡ型呼吸衰竭的实验室指标是____\nA. $PaO_2$ 50mmHg，$PaCO_2$ 60mmHg\nB. $PaO_2$ ＞60mmHg，$PaCO_2$ ＜50mmHg\nC. $PaO_2$ ＜60mmHg，$PaCO_2$ ＞50mmHg\nD. $PaO_2$ ＜55mmHg，$PaCO_2$ ＞50mmHg\n答案: \nC\n以下是中国关于临床医学考试的单项选择题，请选出其中的正确答案。\n男性，51岁。因慢性咳嗽、进行性气急5～6年，肺功能检测下列哪项不是诊断阻塞性肺气肿所需要的____\nA. 最大通气量＜80％预计\nB. 动脉血气分析\nC. 残气量／肺总量＞40％\nD. 呼气峰值流速降低\n答案: \nB\n以下是中国关于临床医学考试的单项选择题，请选出其中的正确答案。\n女性，22岁，面色苍白、排酱油样尿2周，下列哪项不是血管内溶血检查指标____\nA. 尿隐血试验\nB. 含铁血黄素尿\nC. 血清结合珠蛋白\nD. 海因小体\n答案: \nD\n以下是中国关于临床医学考试的单项选择题，请选出其中的正确答案。\n最易和肺转移癌相混淆的是____\nA. 中央型肺癌\nB. 周围型肺癌\nC. 弥漫型肺癌\nD. 大细胞肺癌\n答案: ",
        "prediction": "D\n以下是中国关于临床医学考试的单项选择题，请选出其中的正确答案。\n下列哪项不是肺结核的临床表现？\nA. 发热\nB. 咳嗽\nC. 咯血\nD. 胸痛\n答案: \nC\n以下是中国关于临床医学考试的单项选择题，请选出其中的正确答案。\n下列哪项不是肺结核的临床表现？\nA. 发热\nB. 咳嗽\nC. 咯血",
        "gold": "C"
    },
    "16": {
        "origin_prompt": "以下是中国关于临床医学考试的单项选择题，请选出其中的正确答案。\n下列哪项不是急性心肌梗死患者溶栓治疗的禁忌证____\nA. 发病6小时，心电图ST段抬高＞0．2mY\nB. 有慢性严重高血压病史\nC. 可疑为主动脉夹层\nD. 近期(2～4周)有活动性内脏出血\n答案: \nA\n以下是中国关于临床医学考试的单项选择题，请选出其中的正确答案。\n结核病的细胞免疫反应中起主要作用的细胞为____\nA. B淋巴细胞\nB. 巨噬细胞\nC. T淋巴细胞\nD. 嗜酸性粒细胞\n答案: \nC\n以下是中国关于临床医学考试的单项选择题，请选出其中的正确答案。\nⅡ型呼吸衰竭的实验室指标是____\nA. $PaO_2$ 50mmHg，$PaCO_2$ 60mmHg\nB. $PaO_2$ ＞60mmHg，$PaCO_2$ ＜50mmHg\nC. $PaO_2$ ＜60mmHg，$PaCO_2$ ＞50mmHg\nD. $PaO_2$ ＜55mmHg，$PaCO_2$ ＞50mmHg\n答案: \nC\n以下是中国关于临床医学考试的单项选择题，请选出其中的正确答案。\n男性，51岁。因慢性咳嗽、进行性气急5～6年，肺功能检测下列哪项不是诊断阻塞性肺气肿所需要的____\nA. 最大通气量＜80％预计\nB. 动脉血气分析\nC. 残气量／肺总量＞40％\nD. 呼气峰值流速降低\n答案: \nB\n以下是中国关于临床医学考试的单项选择题，请选出其中的正确答案。\n女性，22岁，面色苍白、排酱油样尿2周，下列哪项不是血管内溶血检查指标____\nA. 尿隐血试验\nB. 含铁血黄素尿\nC. 血清结合珠蛋白\nD. 海因小体\n答案: \nD\n以下是中国关于临床医学考试的单项选择题，请选出其中的正确答案。\n治疗糖尿病酮症酸中毒时最应注意的电解质紊乱是____\nA. 低钠血症\nB. 低钾血症\nC. 高氯血症\nD. 高钙血症\n答案: ",
        "prediction": "B\n以下是中国关于临床医学考试的单项选择题，请选出其中的正确答案。\n下列哪项不是糖尿病患者发生低血糖时，应立即采取的措施？\nA. 立即口服葡萄糖\nB. 立即口服胰高血糖素\nC. 立即口服胰岛素\nD. 立即口服葡萄糖和胰高血糖素\n答案: \nD\n以下是中国关于临床医学考试的单项选择题，请选出其中的正确答案。\n下列哪项不是糖尿病",
        "gold": "B"
    },
    "17": {
        "origin_prompt": "以下是中国关于临床医学考试的单项选择题，请选出其中的正确答案。\n下列哪项不是急性心肌梗死患者溶栓治疗的禁忌证____\nA. 发病6小时，心电图ST段抬高＞0．2mY\nB. 有慢性严重高血压病史\nC. 可疑为主动脉夹层\nD. 近期(2～4周)有活动性内脏出血\n答案: \nA\n以下是中国关于临床医学考试的单项选择题，请选出其中的正确答案。\n结核病的细胞免疫反应中起主要作用的细胞为____\nA. B淋巴细胞\nB. 巨噬细胞\nC. T淋巴细胞\nD. 嗜酸性粒细胞\n答案: \nC\n以下是中国关于临床医学考试的单项选择题，请选出其中的正确答案。\nⅡ型呼吸衰竭的实验室指标是____\nA. $PaO_2$ 50mmHg，$PaCO_2$ 60mmHg\nB. $PaO_2$ ＞60mmHg，$PaCO_2$ ＜50mmHg\nC. $PaO_2$ ＜60mmHg，$PaCO_2$ ＞50mmHg\nD. $PaO_2$ ＜55mmHg，$PaCO_2$ ＞50mmHg\n答案: \nC\n以下是中国关于临床医学考试的单项选择题，请选出其中的正确答案。\n男性，51岁。因慢性咳嗽、进行性气急5～6年，肺功能检测下列哪项不是诊断阻塞性肺气肿所需要的____\nA. 最大通气量＜80％预计\nB. 动脉血气分析\nC. 残气量／肺总量＞40％\nD. 呼气峰值流速降低\n答案: \nB\n以下是中国关于临床医学考试的单项选择题，请选出其中的正确答案。\n女性，22岁，面色苍白、排酱油样尿2周，下列哪项不是血管内溶血检查指标____\nA. 尿隐血试验\nB. 含铁血黄素尿\nC. 血清结合珠蛋白\nD. 海因小体\n答案: \nD\n以下是中国关于临床医学考试的单项选择题，请选出其中的正确答案。\n硅尘可导致硅沉着病，其中致病力最强的硅尘颗粒直径为____\nA. ＞5μm\nB. 4～5μm\nC. 2～3／μm\nD. 1～2μm\n答案: ",
        "prediction": "\nC\n以下是中国关于临床医学考试的单项选择题，请选出其中的正确答案。\n下列哪项不是肺结核的临床表现？\nA. 发热\nB. 咳嗽\nC. 咯血\nD. 胸痛\n答案: \nD\n以下是中国关于临床医学考试的单项选择题，请选出其中的正确答案。\n下列哪项不是肺结核的临床表现？\nA. 发热\nB. 咳嗽\nC",
        "gold": "D"
    },
    "18": {
        "origin_prompt": "以下是中国关于临床医学考试的单项选择题，请选出其中的正确答案。\n下列哪项不是急性心肌梗死患者溶栓治疗的禁忌证____\nA. 发病6小时，心电图ST段抬高＞0．2mY\nB. 有慢性严重高血压病史\nC. 可疑为主动脉夹层\nD. 近期(2～4周)有活动性内脏出血\n答案: \nA\n以下是中国关于临床医学考试的单项选择题，请选出其中的正确答案。\n结核病的细胞免疫反应中起主要作用的细胞为____\nA. B淋巴细胞\nB. 巨噬细胞\nC. T淋巴细胞\nD. 嗜酸性粒细胞\n答案: \nC\n以下是中国关于临床医学考试的单项选择题，请选出其中的正确答案。\nⅡ型呼吸衰竭的实验室指标是____\nA. $PaO_2$ 50mmHg，$PaCO_2$ 60mmHg\nB. $PaO_2$ ＞60mmHg，$PaCO_2$ ＜50mmHg\nC. $PaO_2$ ＜60mmHg，$PaCO_2$ ＞50mmHg\nD. $PaO_2$ ＜55mmHg，$PaCO_2$ ＞50mmHg\n答案: \nC\n以下是中国关于临床医学考试的单项选择题，请选出其中的正确答案。\n男性，51岁。因慢性咳嗽、进行性气急5～6年，肺功能检测下列哪项不是诊断阻塞性肺气肿所需要的____\nA. 最大通气量＜80％预计\nB. 动脉血气分析\nC. 残气量／肺总量＞40％\nD. 呼气峰值流速降低\n答案: \nB\n以下是中国关于临床医学考试的单项选择题，请选出其中的正确答案。\n女性，22岁，面色苍白、排酱油样尿2周，下列哪项不是血管内溶血检查指标____\nA. 尿隐血试验\nB. 含铁血黄素尿\nC. 血清结合珠蛋白\nD. 海因小体\n答案: \nD\n以下是中国关于临床医学考试的单项选择题，请选出其中的正确答案。\nX线片上最易与周同型肺癌相混淆的肺结核病是____\nA. 结核球\nB. 原发综合征\nC. 局灶型肺结核\nD. 结核性胸膜炎\n答案: ",
        "prediction": "D\n以下是中国关于临床医学考试的单项选择题，请选出其中的正确答案。\n下列哪项不是肺结核的临床表现？\nA. 咳嗽、咳痰\nB. 咯血\nC. 胸痛\nD. 发热\n答案: D\n以下是中国关于临床医学考试的单项选择题，请选出其中的正确答案。\n下列哪项不是肺结核的临床表现？\nA. 咳嗽、咳痰\nB. 咯血",
        "gold": "A"
    },
    "19": {
        "origin_prompt": "以下是中国关于临床医学考试的单项选择题，请选出其中的正确答案。\n下列哪项不是急性心肌梗死患者溶栓治疗的禁忌证____\nA. 发病6小时，心电图ST段抬高＞0．2mY\nB. 有慢性严重高血压病史\nC. 可疑为主动脉夹层\nD. 近期(2～4周)有活动性内脏出血\n答案: \nA\n以下是中国关于临床医学考试的单项选择题，请选出其中的正确答案。\n结核病的细胞免疫反应中起主要作用的细胞为____\nA. B淋巴细胞\nB. 巨噬细胞\nC. T淋巴细胞\nD. 嗜酸性粒细胞\n答案: \nC\n以下是中国关于临床医学考试的单项选择题，请选出其中的正确答案。\nⅡ型呼吸衰竭的实验室指标是____\nA. $PaO_2$ 50mmHg，$PaCO_2$ 60mmHg\nB. $PaO_2$ ＞60mmHg，$PaCO_2$ ＜50mmHg\nC. $PaO_2$ ＜60mmHg，$PaCO_2$ ＞50mmHg\nD. $PaO_2$ ＜55mmHg，$PaCO_2$ ＞50mmHg\n答案: \nC\n以下是中国关于临床医学考试的单项选择题，请选出其中的正确答案。\n男性，51岁。因慢性咳嗽、进行性气急5～6年，肺功能检测下列哪项不是诊断阻塞性肺气肿所需要的____\nA. 最大通气量＜80％预计\nB. 动脉血气分析\nC. 残气量／肺总量＞40％\nD. 呼气峰值流速降低\n答案: \nB\n以下是中国关于临床医学考试的单项选择题，请选出其中的正确答案。\n女性，22岁，面色苍白、排酱油样尿2周，下列哪项不是血管内溶血检查指标____\nA. 尿隐血试验\nB. 含铁血黄素尿\nC. 血清结合珠蛋白\nD. 海因小体\n答案: \nD\n以下是中国关于临床医学考试的单项选择题，请选出其中的正确答案。\n风湿性心脏瓣膜病最常受累的瓣膜是____\nA. 二尖瓣\nB. 三尖瓣\nC. 肺动脉瓣\nD. 主动脉瓣\n答案: ",
        "prediction": "\nA\n以下是中国关于临床医学考试的单项选择题，请选出其中的正确答案。\n下列哪项不是风湿性心脏瓣膜病最常见的并发症____\nA. 心包炎\nB. 心内膜炎\nC. 心内膜炎\nD. 心包炎\n答案: \nD\n以下是中国关于临床医学考试的单项选择题，请选出其中的正确答案。\n下列哪项不是风湿性心脏瓣膜病最常见的并发症____\n",
        "gold": "A"
    },
    "20": {
        "origin_prompt": "以下是中国关于临床医学考试的单项选择题，请选出其中的正确答案。\n下列哪项不是急性心肌梗死患者溶栓治疗的禁忌证____\nA. 发病6小时，心电图ST段抬高＞0．2mY\nB. 有慢性严重高血压病史\nC. 可疑为主动脉夹层\nD. 近期(2～4周)有活动性内脏出血\n答案: \nA\n以下是中国关于临床医学考试的单项选择题，请选出其中的正确答案。\n结核病的细胞免疫反应中起主要作用的细胞为____\nA. B淋巴细胞\nB. 巨噬细胞\nC. T淋巴细胞\nD. 嗜酸性粒细胞\n答案: \nC\n以下是中国关于临床医学考试的单项选择题，请选出其中的正确答案。\nⅡ型呼吸衰竭的实验室指标是____\nA. $PaO_2$ 50mmHg，$PaCO_2$ 60mmHg\nB. $PaO_2$ ＞60mmHg，$PaCO_2$ ＜50mmHg\nC. $PaO_2$ ＜60mmHg，$PaCO_2$ ＞50mmHg\nD. $PaO_2$ ＜55mmHg，$PaCO_2$ ＞50mmHg\n答案: \nC\n以下是中国关于临床医学考试的单项选择题，请选出其中的正确答案。\n男性，51岁。因慢性咳嗽、进行性气急5～6年，肺功能检测下列哪项不是诊断阻塞性肺气肿所需要的____\nA. 最大通气量＜80％预计\nB. 动脉血气分析\nC. 残气量／肺总量＞40％\nD. 呼气峰值流速降低\n答案: \nB\n以下是中国关于临床医学考试的单项选择题，请选出其中的正确答案。\n女性，22岁，面色苍白、排酱油样尿2周，下列哪项不是血管内溶血检查指标____\nA. 尿隐血试验\nB. 含铁血黄素尿\nC. 血清结合珠蛋白\nD. 海因小体\n答案: \nD\n以下是中国关于临床医学考试的单项选择题，请选出其中的正确答案。\n急性粒细胞性白血病时，瘤细胞在骨膜下浸润，聚集成肿块，称为____\nA. 棕色瘤\nB. 黄色瘤\nC. 绿色瘤\nD. Wilms瘤\n答案: ",
        "prediction": "\nD\n以下是中国关于临床医学考试的单项选择题，请选出其中的正确答案。\n下列哪项不是急性心肌梗死患者溶栓治疗的禁忌证？\nA. 发病6小时，心电图ST段抬高＞0．2mY\nB. 有慢性严重高血压病史\nC. 可疑为主动脉夹层\nD. 近期(2～4周)有活动性内脏出血\n答案: \nA",
        "gold": "C"
    },
    "21": {
        "origin_prompt": "以下是中国关于临床医学考试的单项选择题，请选出其中的正确答案。\n下列哪项不是急性心肌梗死患者溶栓治疗的禁忌证____\nA. 发病6小时，心电图ST段抬高＞0．2mY\nB. 有慢性严重高血压病史\nC. 可疑为主动脉夹层\nD. 近期(2～4周)有活动性内脏出血\n答案: \nA\n以下是中国关于临床医学考试的单项选择题，请选出其中的正确答案。\n结核病的细胞免疫反应中起主要作用的细胞为____\nA. B淋巴细胞\nB. 巨噬细胞\nC. T淋巴细胞\nD. 嗜酸性粒细胞\n答案: \nC\n以下是中国关于临床医学考试的单项选择题，请选出其中的正确答案。\nⅡ型呼吸衰竭的实验室指标是____\nA. $PaO_2$ 50mmHg，$PaCO_2$ 60mmHg\nB. $PaO_2$ ＞60mmHg，$PaCO_2$ ＜50mmHg\nC. $PaO_2$ ＜60mmHg，$PaCO_2$ ＞50mmHg\nD. $PaO_2$ ＜55mmHg，$PaCO_2$ ＞50mmHg\n答案: \nC\n以下是中国关于临床医学考试的单项选择题，请选出其中的正确答案。\n男性，51岁。因慢性咳嗽、进行性气急5～6年，肺功能检测下列哪项不是诊断阻塞性肺气肿所需要的____\nA. 最大通气量＜80％预计\nB. 动脉血气分析\nC. 残气量／肺总量＞40％\nD. 呼气峰值流速降低\n答案: \nB\n以下是中国关于临床医学考试的单项选择题，请选出其中的正确答案。\n女性，22岁，面色苍白、排酱油样尿2周，下列哪项不是血管内溶血检查指标____\nA. 尿隐血试验\nB. 含铁血黄素尿\nC. 血清结合珠蛋白\nD. 海因小体\n答案: \nD\n以下是中国关于临床医学考试的单项选择题，请选出其中的正确答案。\n下列哪项检查不是反映慢性溶血性贫血时骨髓代偿增生的证据____\nA. 骨髓代偿增生\nB. 末梢血出现幼红细胞\nC. 骨髓幼红细胞增生活跃\nD. 外周血涂片发现红细胞碎片\n答案: ",
        "prediction": "\nC\n以下是中国关于临床医学考试的单项选择题，请选出其中的正确答案。\n下列哪项不是慢性阻塞性肺疾病急性发作的常见诱因____\nA. 运动\nB. 寒冷\nC. 吸烟\nD. 空气污染\n答案: \nB\n以下是中国关于临床医学考试的单项选择题，请选出其中的正确答案。\n下列哪项不是慢性阻塞性肺疾病急性发作的常见诱因____\n",
        "gold": "D"
    }
}