{
    "0": {
        "origin_prompt": "以下是中国关于近代史纲要考试的单项选择题，请选出其中的正确答案。\n1956年毛泽东发表的《论十大关系》是以毛泽东为主要代表的中国共产党人开始探索中国特色的社会主义建设道路的标志，报告概括提出了十大关系。这十大关系围绕的基本方针是____\nA. 要把国内外一切积极因素调动起来，为社会主义事业服务\nB. 向外国学习\nC. 统筹兼顾，适当安排\nD. 正确处理沿海工业和内地工业的关系\n答案: \nA\n以下是中国关于近代史纲要考试的单项选择题，请选出其中的正确答案。\n19世纪60年代后，洋务派兴办洋务事业的指导思想是____\nA. 师夷长技以制夷\nB. 中学为体，西学为用\nC. “自强”“求富”\nD. 物竞天择，适者生存\n答案: \nB\n以下是中国关于近代史纲要考试的单项选择题，请选出其中的正确答案。\n标志着我国新民主主义革命阶段的基本结束和社会主义革命阶段的开始的是____\nA. 新文化运动\nB. 中华人民共和国的成立\nC. 过渡时期总路线的提出\nD. 社会主义改造的基本完成\n答案: \nB\n以下是中国关于近代史纲要考试的单项选择题，请选出其中的正确答案。\n在向西方学习问题上，《资政新篇》与《海国图志》的主要区别在于____\nA. 是否抵御外来侵略\nB. 是否学习西方先进技术\nC. 是否发展资本主义\nD. 是否学习西方文明\n答案: \nC\n以下是中国关于近代史纲要考试的单项选择题，请选出其中的正确答案。\n1945年5月，中共七大提出，对蒋介石采取“洗脸”政策而不是“砍头”政策；8月25日进一步明确提出“和平、民主、团结”的口号。中国共产党对蒋介石由“砍头”到“洗脸”这一政策调整的根本原因在于____\nA. 中国人民的觉悟程度、组织程度空前提高，人民军队不断壮大\nB. 中国人民经历了长期战争之后，有和平建国的强烈要求\nC. 国际上苏联、美国等都表示希望中国能够实行和平建国\nD. 党认为存在造成国共两党合作、和平发展新阶段的可能性\n答案: \nD\n以下是中国关于近代史纲要考试的单项选择题，请选出其中的正确答案。\n1944年4月至1945年1月，日本发动打通中国大陆交通线的战役是____\nA. 忻口战役\nB. 淞沪战役\nC. 豫湘桂战役\nD. 枣宜会战\n答案: ",
        "prediction": "D\n以下是中国关于近代史纲要考试的单项选择题，请选出其中的正确答案。\n1949年10月1日，毛泽东在天安门城楼上宣告中华人民共和国中央人民政府成立，宣告中华人民共和国正式成立，标志着____\nA. 新民主主义革命阶段基本结束\nB. 社会主义革命阶段基本结束\nC. 新民主主义革命阶段基本结束，社会主义革命阶段基本开始\nD. 新民主主义革命阶段基本结束，社会主义革命阶段",
        "gold": "C"
    },
    "1": {
        "origin_prompt": "以下是中国关于近代史纲要考试的单项选择题，请选出其中的正确答案。\n1956年毛泽东发表的《论十大关系》是以毛泽东为主要代表的中国共产党人开始探索中国特色的社会主义建设道路的标志，报告概括提出了十大关系。这十大关系围绕的基本方针是____\nA. 要把国内外一切积极因素调动起来，为社会主义事业服务\nB. 向外国学习\nC. 统筹兼顾，适当安排\nD. 正确处理沿海工业和内地工业的关系\n答案: \nA\n以下是中国关于近代史纲要考试的单项选择题，请选出其中的正确答案。\n19世纪60年代后，洋务派兴办洋务事业的指导思想是____\nA. 师夷长技以制夷\nB. 中学为体，西学为用\nC. “自强”“求富”\nD. 物竞天择，适者生存\n答案: \nB\n以下是中国关于近代史纲要考试的单项选择题，请选出其中的正确答案。\n标志着我国新民主主义革命阶段的基本结束和社会主义革命阶段的开始的是____\nA. 新文化运动\nB. 中华人民共和国的成立\nC. 过渡时期总路线的提出\nD. 社会主义改造的基本完成\n答案: \nB\n以下是中国关于近代史纲要考试的单项选择题，请选出其中的正确答案。\n在向西方学习问题上，《资政新篇》与《海国图志》的主要区别在于____\nA. 是否抵御外来侵略\nB. 是否学习西方先进技术\nC. 是否发展资本主义\nD. 是否学习西方文明\n答案: \nC\n以下是中国关于近代史纲要考试的单项选择题，请选出其中的正确答案。\n1945年5月，中共七大提出，对蒋介石采取“洗脸”政策而不是“砍头”政策；8月25日进一步明确提出“和平、民主、团结”的口号。中国共产党对蒋介石由“砍头”到“洗脸”这一政策调整的根本原因在于____\nA. 中国人民的觉悟程度、组织程度空前提高，人民军队不断壮大\nB. 中国人民经历了长期战争之后，有和平建国的强烈要求\nC. 国际上苏联、美国等都表示希望中国能够实行和平建国\nD. 党认为存在造成国共两党合作、和平发展新阶段的可能性\n答案: \nD\n以下是中国关于近代史纲要考试的单项选择题，请选出其中的正确答案。\n大革命时期的统一战线和抗日民族统一战线____\nA. 都有共同的政治纲领\nB. 均采取党内合作方式\nC. 全具有反帝反封建性质\nD. 皆有各阶层广泛参加\n答案: ",
        "prediction": "D\n以下是中国关于近代史纲要考试的单项选择题，请选出其中的正确答案。\n1949年10月1日，毛泽东在天安门城楼上宣告中华人民共和国中央人民政府成立，宣告中华人民共和国正式成立，标志着____\nA. 新民主主义革命的胜利\nB. 新民主主义革命的胜利\nC. 新民主主义革命的胜利\nD. 新民主主义革命的胜利\n答案: D\n以下是中国关于近代史纲要",
        "gold": "A"
    },
    "2": {
        "origin_prompt": "以下是中国关于近代史纲要考试的单项选择题，请选出其中的正确答案。\n1956年毛泽东发表的《论十大关系》是以毛泽东为主要代表的中国共产党人开始探索中国特色的社会主义建设道路的标志，报告概括提出了十大关系。这十大关系围绕的基本方针是____\nA. 要把国内外一切积极因素调动起来，为社会主义事业服务\nB. 向外国学习\nC. 统筹兼顾，适当安排\nD. 正确处理沿海工业和内地工业的关系\n答案: \nA\n以下是中国关于近代史纲要考试的单项选择题，请选出其中的正确答案。\n19世纪60年代后，洋务派兴办洋务事业的指导思想是____\nA. 师夷长技以制夷\nB. 中学为体，西学为用\nC. “自强”“求富”\nD. 物竞天择，适者生存\n答案: \nB\n以下是中国关于近代史纲要考试的单项选择题，请选出其中的正确答案。\n标志着我国新民主主义革命阶段的基本结束和社会主义革命阶段的开始的是____\nA. 新文化运动\nB. 中华人民共和国的成立\nC. 过渡时期总路线的提出\nD. 社会主义改造的基本完成\n答案: \nB\n以下是中国关于近代史纲要考试的单项选择题，请选出其中的正确答案。\n在向西方学习问题上，《资政新篇》与《海国图志》的主要区别在于____\nA. 是否抵御外来侵略\nB. 是否学习西方先进技术\nC. 是否发展资本主义\nD. 是否学习西方文明\n答案: \nC\n以下是中国关于近代史纲要考试的单项选择题，请选出其中的正确答案。\n1945年5月，中共七大提出，对蒋介石采取“洗脸”政策而不是“砍头”政策；8月25日进一步明确提出“和平、民主、团结”的口号。中国共产党对蒋介石由“砍头”到“洗脸”这一政策调整的根本原因在于____\nA. 中国人民的觉悟程度、组织程度空前提高，人民军队不断壮大\nB. 中国人民经历了长期战争之后，有和平建国的强烈要求\nC. 国际上苏联、美国等都表示希望中国能够实行和平建国\nD. 党认为存在造成国共两党合作、和平发展新阶段的可能性\n答案: \nD\n以下是中国关于近代史纲要考试的单项选择题，请选出其中的正确答案。\n下列不平等条约中，赔款数额最多的是____\nA. 《南京条约》\nB. 《北京条约》\nC. 《马关条约》\nD. 《辛丑条约》\n答案: ",
        "prediction": "D\n以下是中国关于近代史纲要考试的单项选择题，请选出其中的正确答案。\n下列哪一事件标志着中国近代史的开端？\nA. 鸦片战争\nB. 洋务运动\nC. 戊戌变法\nD. 辛亥革命\n答案: A\n以下是中国关于近代史纲要考试的单项选择题，请选出其中的正确答案。\n下列哪一事件标志着中国近代史的开端？\nA. ",
        "gold": "D"
    },
    "3": {
        "origin_prompt": "以下是中国关于近代史纲要考试的单项选择题，请选出其中的正确答案。\n1956年毛泽东发表的《论十大关系》是以毛泽东为主要代表的中国共产党人开始探索中国特色的社会主义建设道路的标志，报告概括提出了十大关系。这十大关系围绕的基本方针是____\nA. 要把国内外一切积极因素调动起来，为社会主义事业服务\nB. 向外国学习\nC. 统筹兼顾，适当安排\nD. 正确处理沿海工业和内地工业的关系\n答案: \nA\n以下是中国关于近代史纲要考试的单项选择题，请选出其中的正确答案。\n19世纪60年代后，洋务派兴办洋务事业的指导思想是____\nA. 师夷长技以制夷\nB. 中学为体，西学为用\nC. “自强”“求富”\nD. 物竞天择，适者生存\n答案: \nB\n以下是中国关于近代史纲要考试的单项选择题，请选出其中的正确答案。\n标志着我国新民主主义革命阶段的基本结束和社会主义革命阶段的开始的是____\nA. 新文化运动\nB. 中华人民共和国的成立\nC. 过渡时期总路线的提出\nD. 社会主义改造的基本完成\n答案: \nB\n以下是中国关于近代史纲要考试的单项选择题，请选出其中的正确答案。\n在向西方学习问题上，《资政新篇》与《海国图志》的主要区别在于____\nA. 是否抵御外来侵略\nB. 是否学习西方先进技术\nC. 是否发展资本主义\nD. 是否学习西方文明\n答案: \nC\n以下是中国关于近代史纲要考试的单项选择题，请选出其中的正确答案。\n1945年5月，中共七大提出，对蒋介石采取“洗脸”政策而不是“砍头”政策；8月25日进一步明确提出“和平、民主、团结”的口号。中国共产党对蒋介石由“砍头”到“洗脸”这一政策调整的根本原因在于____\nA. 中国人民的觉悟程度、组织程度空前提高，人民军队不断壮大\nB. 中国人民经历了长期战争之后，有和平建国的强烈要求\nC. 国际上苏联、美国等都表示希望中国能够实行和平建国\nD. 党认为存在造成国共两党合作、和平发展新阶段的可能性\n答案: \nD\n以下是中国关于近代史纲要考试的单项选择题，请选出其中的正确答案。\n中国共产党发出“停止内战，一致抗日”的号召是在____\nA. 蒋介石对中央苏区第四次“围剿”时\nB. “何梅协定”签订后\nC. 瓦窑堡会议期间\nD. 西安事变发生后\n答案: ",
        "prediction": "D\n以下是中国关于近代史纲要考试的单项选择题，请选出其中的正确答案。\n1936年12月，中共中央政治局扩大会议通过的《中国共产党中央局章程》，明确规定：“中国共产党中央局是党领导下的中央组织机构，是党在全党范围内的领导核心。”这一章程的制定标志着中国共产党的____\nA. 正式成立\nB. 正式建立\nC. 正式建立\nD. 正式成立\n答案",
        "gold": "B"
    },
    "4": {
        "origin_prompt": "以下是中国关于近代史纲要考试的单项选择题，请选出其中的正确答案。\n1956年毛泽东发表的《论十大关系》是以毛泽东为主要代表的中国共产党人开始探索中国特色的社会主义建设道路的标志，报告概括提出了十大关系。这十大关系围绕的基本方针是____\nA. 要把国内外一切积极因素调动起来，为社会主义事业服务\nB. 向外国学习\nC. 统筹兼顾，适当安排\nD. 正确处理沿海工业和内地工业的关系\n答案: \nA\n以下是中国关于近代史纲要考试的单项选择题，请选出其中的正确答案。\n19世纪60年代后，洋务派兴办洋务事业的指导思想是____\nA. 师夷长技以制夷\nB. 中学为体，西学为用\nC. “自强”“求富”\nD. 物竞天择，适者生存\n答案: \nB\n以下是中国关于近代史纲要考试的单项选择题，请选出其中的正确答案。\n标志着我国新民主主义革命阶段的基本结束和社会主义革命阶段的开始的是____\nA. 新文化运动\nB. 中华人民共和国的成立\nC. 过渡时期总路线的提出\nD. 社会主义改造的基本完成\n答案: \nB\n以下是中国关于近代史纲要考试的单项选择题，请选出其中的正确答案。\n在向西方学习问题上，《资政新篇》与《海国图志》的主要区别在于____\nA. 是否抵御外来侵略\nB. 是否学习西方先进技术\nC. 是否发展资本主义\nD. 是否学习西方文明\n答案: \nC\n以下是中国关于近代史纲要考试的单项选择题，请选出其中的正确答案。\n1945年5月，中共七大提出，对蒋介石采取“洗脸”政策而不是“砍头”政策；8月25日进一步明确提出“和平、民主、团结”的口号。中国共产党对蒋介石由“砍头”到“洗脸”这一政策调整的根本原因在于____\nA. 中国人民的觉悟程度、组织程度空前提高，人民军队不断壮大\nB. 中国人民经历了长期战争之后，有和平建国的强烈要求\nC. 国际上苏联、美国等都表示希望中国能够实行和平建国\nD. 党认为存在造成国共两党合作、和平发展新阶段的可能性\n答案: \nD\n以下是中国关于近代史纲要考试的单项选择题，请选出其中的正确答案。\n1949年9月21日，中国人民政治协商会议第一届全体会议通过了具有临时宪法作用的是____\nA. 《中华民国临时约法》\nB. 《和平宪法》\nC. 《中国人民政治协商会议共同纲领》\nD. 《中华人民共和国宪法》\n答案: ",
        "prediction": "\nD\nC\nC\nC\nC\nC\nC\nC\nC\nC\nC\nC\nC\nC\nC\nC\nC\nC\nC\nC\nC\nC\nC\nC\nC\nC\nC\nC\nC\nC\nC\nC\nC",
        "gold": "C"
    },
    "5": {
        "origin_prompt": "以下是中国关于近代史纲要考试的单项选择题，请选出其中的正确答案。\n1956年毛泽东发表的《论十大关系》是以毛泽东为主要代表的中国共产党人开始探索中国特色的社会主义建设道路的标志，报告概括提出了十大关系。这十大关系围绕的基本方针是____\nA. 要把国内外一切积极因素调动起来，为社会主义事业服务\nB. 向外国学习\nC. 统筹兼顾，适当安排\nD. 正确处理沿海工业和内地工业的关系\n答案: \nA\n以下是中国关于近代史纲要考试的单项选择题，请选出其中的正确答案。\n19世纪60年代后，洋务派兴办洋务事业的指导思想是____\nA. 师夷长技以制夷\nB. 中学为体，西学为用\nC. “自强”“求富”\nD. 物竞天择，适者生存\n答案: \nB\n以下是中国关于近代史纲要考试的单项选择题，请选出其中的正确答案。\n标志着我国新民主主义革命阶段的基本结束和社会主义革命阶段的开始的是____\nA. 新文化运动\nB. 中华人民共和国的成立\nC. 过渡时期总路线的提出\nD. 社会主义改造的基本完成\n答案: \nB\n以下是中国关于近代史纲要考试的单项选择题，请选出其中的正确答案。\n在向西方学习问题上，《资政新篇》与《海国图志》的主要区别在于____\nA. 是否抵御外来侵略\nB. 是否学习西方先进技术\nC. 是否发展资本主义\nD. 是否学习西方文明\n答案: \nC\n以下是中国关于近代史纲要考试的单项选择题，请选出其中的正确答案。\n1945年5月，中共七大提出，对蒋介石采取“洗脸”政策而不是“砍头”政策；8月25日进一步明确提出“和平、民主、团结”的口号。中国共产党对蒋介石由“砍头”到“洗脸”这一政策调整的根本原因在于____\nA. 中国人民的觉悟程度、组织程度空前提高，人民军队不断壮大\nB. 中国人民经历了长期战争之后，有和平建国的强烈要求\nC. 国际上苏联、美国等都表示希望中国能够实行和平建国\nD. 党认为存在造成国共两党合作、和平发展新阶段的可能性\n答案: \nD\n以下是中国关于近代史纲要考试的单项选择题，请选出其中的正确答案。\n1946年1月10日，政治协商会议在重庆开幕，共产党与民主党派和无党派人士的代表密切合作，推动政协会议达成了政府组织、国民大会、和平建国纲领、宪法草案、军事问题等五项决议。这些决议及其他协议____\nA. 是蒋介石发动内战的依据\nB. 是社会主义性质的决议\nC. 有利于冲破蒋介石的独裁统治和实行民主政治，有利于和平建国\nD. 是新民主主义性质的决议\n答案: ",
        "prediction": "\nC\n以下是中国关于近代史纲要考试的单项选择题，请选出其中的正确答案。\n1949年10月1日，毛泽东在天安门城楼上宣告中华人民共和国中央人民政府成立，宣告中华人民共和国正式成立。新中国成立以后，中国共产党领导全国人民进行了社会主义改造，到1956年年底，我国基本完成了对农业、手工业和资本主义工商业的社会主义改造，实现了生产资料私有制向社会主义公有制的转变，社会主义基本制度在我国初步",
        "gold": "C"
    },
    "6": {
        "origin_prompt": "以下是中国关于近代史纲要考试的单项选择题，请选出其中的正确答案。\n1956年毛泽东发表的《论十大关系》是以毛泽东为主要代表的中国共产党人开始探索中国特色的社会主义建设道路的标志，报告概括提出了十大关系。这十大关系围绕的基本方针是____\nA. 要把国内外一切积极因素调动起来，为社会主义事业服务\nB. 向外国学习\nC. 统筹兼顾，适当安排\nD. 正确处理沿海工业和内地工业的关系\n答案: \nA\n以下是中国关于近代史纲要考试的单项选择题，请选出其中的正确答案。\n19世纪60年代后，洋务派兴办洋务事业的指导思想是____\nA. 师夷长技以制夷\nB. 中学为体，西学为用\nC. “自强”“求富”\nD. 物竞天择，适者生存\n答案: \nB\n以下是中国关于近代史纲要考试的单项选择题，请选出其中的正确答案。\n标志着我国新民主主义革命阶段的基本结束和社会主义革命阶段的开始的是____\nA. 新文化运动\nB. 中华人民共和国的成立\nC. 过渡时期总路线的提出\nD. 社会主义改造的基本完成\n答案: \nB\n以下是中国关于近代史纲要考试的单项选择题，请选出其中的正确答案。\n在向西方学习问题上，《资政新篇》与《海国图志》的主要区别在于____\nA. 是否抵御外来侵略\nB. 是否学习西方先进技术\nC. 是否发展资本主义\nD. 是否学习西方文明\n答案: \nC\n以下是中国关于近代史纲要考试的单项选择题，请选出其中的正确答案。\n1945年5月，中共七大提出，对蒋介石采取“洗脸”政策而不是“砍头”政策；8月25日进一步明确提出“和平、民主、团结”的口号。中国共产党对蒋介石由“砍头”到“洗脸”这一政策调整的根本原因在于____\nA. 中国人民的觉悟程度、组织程度空前提高，人民军队不断壮大\nB. 中国人民经历了长期战争之后，有和平建国的强烈要求\nC. 国际上苏联、美国等都表示希望中国能够实行和平建国\nD. 党认为存在造成国共两党合作、和平发展新阶段的可能性\n答案: \nD\n以下是中国关于近代史纲要考试的单项选择题，请选出其中的正确答案。\n中国共产党在实践中探索中国建设社会主义道路开始的标志是____\nA. 中华人民共和国的建立\nB. 过渡时期总路线的提出\nC. 《论十大关系》的发表\nD. 中共八大的召开\n答案: ",
        "prediction": "\nD\nB\nC\nD\nA\nB\nC\nD\nA\nB\nC\nD\nA\nB\nC\nD\nA\nB\nC\nD\nA\nB\nC\nD\nA\nB\nC\nD\nA\nB\nC\nD\nA",
        "gold": "C"
    },
    "7": {
        "origin_prompt": "以下是中国关于近代史纲要考试的单项选择题，请选出其中的正确答案。\n1956年毛泽东发表的《论十大关系》是以毛泽东为主要代表的中国共产党人开始探索中国特色的社会主义建设道路的标志，报告概括提出了十大关系。这十大关系围绕的基本方针是____\nA. 要把国内外一切积极因素调动起来，为社会主义事业服务\nB. 向外国学习\nC. 统筹兼顾，适当安排\nD. 正确处理沿海工业和内地工业的关系\n答案: \nA\n以下是中国关于近代史纲要考试的单项选择题，请选出其中的正确答案。\n19世纪60年代后，洋务派兴办洋务事业的指导思想是____\nA. 师夷长技以制夷\nB. 中学为体，西学为用\nC. “自强”“求富”\nD. 物竞天择，适者生存\n答案: \nB\n以下是中国关于近代史纲要考试的单项选择题，请选出其中的正确答案。\n标志着我国新民主主义革命阶段的基本结束和社会主义革命阶段的开始的是____\nA. 新文化运动\nB. 中华人民共和国的成立\nC. 过渡时期总路线的提出\nD. 社会主义改造的基本完成\n答案: \nB\n以下是中国关于近代史纲要考试的单项选择题，请选出其中的正确答案。\n在向西方学习问题上，《资政新篇》与《海国图志》的主要区别在于____\nA. 是否抵御外来侵略\nB. 是否学习西方先进技术\nC. 是否发展资本主义\nD. 是否学习西方文明\n答案: \nC\n以下是中国关于近代史纲要考试的单项选择题，请选出其中的正确答案。\n1945年5月，中共七大提出，对蒋介石采取“洗脸”政策而不是“砍头”政策；8月25日进一步明确提出“和平、民主、团结”的口号。中国共产党对蒋介石由“砍头”到“洗脸”这一政策调整的根本原因在于____\nA. 中国人民的觉悟程度、组织程度空前提高，人民军队不断壮大\nB. 中国人民经历了长期战争之后，有和平建国的强烈要求\nC. 国际上苏联、美国等都表示希望中国能够实行和平建国\nD. 党认为存在造成国共两党合作、和平发展新阶段的可能性\n答案: \nD\n以下是中国关于近代史纲要考试的单项选择题，请选出其中的正确答案。\n戊戌变法的阶级基础是____\nA. 农民阶级\nB. 开明地主\nC. 爱国知识分子\nD. 民族资产阶级\n答案: ",
        "prediction": "D\n以下是中国关于近代史纲要考试的单项选择题，请选出其中的正确答案。\n19世纪60年代，洋务派兴办洋务事业的指导思想是____\nA. 师夷长技以制夷\nB. 中学为体，西学为用\nC. “自强”“求富”\nD. 物竞天择，适者生存\n答案: B\n以下是中国关于近代史纲要考试的单项",
        "gold": "D"
    },
    "8": {
        "origin_prompt": "以下是中国关于近代史纲要考试的单项选择题，请选出其中的正确答案。\n1956年毛泽东发表的《论十大关系》是以毛泽东为主要代表的中国共产党人开始探索中国特色的社会主义建设道路的标志，报告概括提出了十大关系。这十大关系围绕的基本方针是____\nA. 要把国内外一切积极因素调动起来，为社会主义事业服务\nB. 向外国学习\nC. 统筹兼顾，适当安排\nD. 正确处理沿海工业和内地工业的关系\n答案: \nA\n以下是中国关于近代史纲要考试的单项选择题，请选出其中的正确答案。\n19世纪60年代后，洋务派兴办洋务事业的指导思想是____\nA. 师夷长技以制夷\nB. 中学为体，西学为用\nC. “自强”“求富”\nD. 物竞天择，适者生存\n答案: \nB\n以下是中国关于近代史纲要考试的单项选择题，请选出其中的正确答案。\n标志着我国新民主主义革命阶段的基本结束和社会主义革命阶段的开始的是____\nA. 新文化运动\nB. 中华人民共和国的成立\nC. 过渡时期总路线的提出\nD. 社会主义改造的基本完成\n答案: \nB\n以下是中国关于近代史纲要考试的单项选择题，请选出其中的正确答案。\n在向西方学习问题上，《资政新篇》与《海国图志》的主要区别在于____\nA. 是否抵御外来侵略\nB. 是否学习西方先进技术\nC. 是否发展资本主义\nD. 是否学习西方文明\n答案: \nC\n以下是中国关于近代史纲要考试的单项选择题，请选出其中的正确答案。\n1945年5月，中共七大提出，对蒋介石采取“洗脸”政策而不是“砍头”政策；8月25日进一步明确提出“和平、民主、团结”的口号。中国共产党对蒋介石由“砍头”到“洗脸”这一政策调整的根本原因在于____\nA. 中国人民的觉悟程度、组织程度空前提高，人民军队不断壮大\nB. 中国人民经历了长期战争之后，有和平建国的强烈要求\nC. 国际上苏联、美国等都表示希望中国能够实行和平建国\nD. 党认为存在造成国共两党合作、和平发展新阶段的可能性\n答案: \nD\n以下是中国关于近代史纲要考试的单项选择题，请选出其中的正确答案。\n下列关于洋务运动叙述不正确的是____\nA. 洋务运动是封建统治阶级为了维护自己的统治而进行的一场自救运动\nB. 客观上促进了资本主义的发展\nC. 口号是“自强”和 “求富”\nD. 触及到了封建统治的根基\n答案: ",
        "prediction": "D\n以下是中国关于近代史纲要考试的单项选择题，请选出其中的正确答案。\n1949年10月1日，毛泽东在天安门城楼上宣告中华人民共和国成立，宣告中华人民共和国中央人民政府成立。中华人民共和国的成立，标志着我国新民主主义革命阶段的基本结束和社会主义革命阶段的开始。这一历史事件的发生，标志着我国进入_____阶段。\nA. 社会主义初级阶段\nB. 社会主义高级阶段\nC. 社会主义初级阶段\nD.",
        "gold": "D"
    },
    "9": {
        "origin_prompt": "以下是中国关于近代史纲要考试的单项选择题，请选出其中的正确答案。\n1956年毛泽东发表的《论十大关系》是以毛泽东为主要代表的中国共产党人开始探索中国特色的社会主义建设道路的标志，报告概括提出了十大关系。这十大关系围绕的基本方针是____\nA. 要把国内外一切积极因素调动起来，为社会主义事业服务\nB. 向外国学习\nC. 统筹兼顾，适当安排\nD. 正确处理沿海工业和内地工业的关系\n答案: \nA\n以下是中国关于近代史纲要考试的单项选择题，请选出其中的正确答案。\n19世纪60年代后，洋务派兴办洋务事业的指导思想是____\nA. 师夷长技以制夷\nB. 中学为体，西学为用\nC. “自强”“求富”\nD. 物竞天择，适者生存\n答案: \nB\n以下是中国关于近代史纲要考试的单项选择题，请选出其中的正确答案。\n标志着我国新民主主义革命阶段的基本结束和社会主义革命阶段的开始的是____\nA. 新文化运动\nB. 中华人民共和国的成立\nC. 过渡时期总路线的提出\nD. 社会主义改造的基本完成\n答案: \nB\n以下是中国关于近代史纲要考试的单项选择题，请选出其中的正确答案。\n在向西方学习问题上，《资政新篇》与《海国图志》的主要区别在于____\nA. 是否抵御外来侵略\nB. 是否学习西方先进技术\nC. 是否发展资本主义\nD. 是否学习西方文明\n答案: \nC\n以下是中国关于近代史纲要考试的单项选择题，请选出其中的正确答案。\n1945年5月，中共七大提出，对蒋介石采取“洗脸”政策而不是“砍头”政策；8月25日进一步明确提出“和平、民主、团结”的口号。中国共产党对蒋介石由“砍头”到“洗脸”这一政策调整的根本原因在于____\nA. 中国人民的觉悟程度、组织程度空前提高，人民军队不断壮大\nB. 中国人民经历了长期战争之后，有和平建国的强烈要求\nC. 国际上苏联、美国等都表示希望中国能够实行和平建国\nD. 党认为存在造成国共两党合作、和平发展新阶段的可能性\n答案: \nD\n以下是中国关于近代史纲要考试的单项选择题，请选出其中的正确答案。\n我国的改革从经济体制改革着手，经济体制的改革首先在____\nA. 思想解放上取得突破\nB. 对外开放上取得进展\nC. 城市经济体制改革取得突破性进展\nD. 农村取得突破性进展\n答案: ",
        "prediction": "C\n以下是中国关于近代史纲要考试的单项选择题，请选出其中的正确答案。\n1949年10月1日，毛泽东在天安门城楼上宣告中华人民共和国中央人民政府成立，宣告中华人民共和国正式成立，宣告中国共产党领导的人民革命取得胜利。这一历史事件标志着____\nA. 新民主主义革命的胜利\nB. 社会主义革命的胜利\nC. 新民主主义革命的胜利\nD. 社会主义革命的胜利\n答案: C\n",
        "gold": "D"
    },
    "10": {
        "origin_prompt": "以下是中国关于近代史纲要考试的单项选择题，请选出其中的正确答案。\n1956年毛泽东发表的《论十大关系》是以毛泽东为主要代表的中国共产党人开始探索中国特色的社会主义建设道路的标志，报告概括提出了十大关系。这十大关系围绕的基本方针是____\nA. 要把国内外一切积极因素调动起来，为社会主义事业服务\nB. 向外国学习\nC. 统筹兼顾，适当安排\nD. 正确处理沿海工业和内地工业的关系\n答案: \nA\n以下是中国关于近代史纲要考试的单项选择题，请选出其中的正确答案。\n19世纪60年代后，洋务派兴办洋务事业的指导思想是____\nA. 师夷长技以制夷\nB. 中学为体，西学为用\nC. “自强”“求富”\nD. 物竞天择，适者生存\n答案: \nB\n以下是中国关于近代史纲要考试的单项选择题，请选出其中的正确答案。\n标志着我国新民主主义革命阶段的基本结束和社会主义革命阶段的开始的是____\nA. 新文化运动\nB. 中华人民共和国的成立\nC. 过渡时期总路线的提出\nD. 社会主义改造的基本完成\n答案: \nB\n以下是中国关于近代史纲要考试的单项选择题，请选出其中的正确答案。\n在向西方学习问题上，《资政新篇》与《海国图志》的主要区别在于____\nA. 是否抵御外来侵略\nB. 是否学习西方先进技术\nC. 是否发展资本主义\nD. 是否学习西方文明\n答案: \nC\n以下是中国关于近代史纲要考试的单项选择题，请选出其中的正确答案。\n1945年5月，中共七大提出，对蒋介石采取“洗脸”政策而不是“砍头”政策；8月25日进一步明确提出“和平、民主、团结”的口号。中国共产党对蒋介石由“砍头”到“洗脸”这一政策调整的根本原因在于____\nA. 中国人民的觉悟程度、组织程度空前提高，人民军队不断壮大\nB. 中国人民经历了长期战争之后，有和平建国的强烈要求\nC. 国际上苏联、美国等都表示希望中国能够实行和平建国\nD. 党认为存在造成国共两党合作、和平发展新阶段的可能性\n答案: \nD\n以下是中国关于近代史纲要考试的单项选择题，请选出其中的正确答案。\n党的过渡时期总路线的“一体”指的是____\nA. 国家工业化\nB. 对农业的社会主义改造\nC. 对手工业的社会主义改造\nD. 对资本主义工商业的社会主义改造\n答案: ",
        "prediction": "D\n以下是中国关于近代史纲要考试的单项选择题，请选出其中的正确答案。\n1949年10月1日，毛泽东在天安门城楼上宣告中华人民共和国中央人民政府成立，宣告中华人民共和国正式成立，宣告中国共产党领导的人民革命取得伟大胜利。这一历史事件标志着____\nA. 新民主主义革命的胜利\nB. 社会主义革命的胜利\nC. 社会主义革命的胜利\nD. 新民主主义革命的胜利\n答案: D",
        "gold": "A"
    },
    "11": {
        "origin_prompt": "以下是中国关于近代史纲要考试的单项选择题，请选出其中的正确答案。\n1956年毛泽东发表的《论十大关系》是以毛泽东为主要代表的中国共产党人开始探索中国特色的社会主义建设道路的标志，报告概括提出了十大关系。这十大关系围绕的基本方针是____\nA. 要把国内外一切积极因素调动起来，为社会主义事业服务\nB. 向外国学习\nC. 统筹兼顾，适当安排\nD. 正确处理沿海工业和内地工业的关系\n答案: \nA\n以下是中国关于近代史纲要考试的单项选择题，请选出其中的正确答案。\n19世纪60年代后，洋务派兴办洋务事业的指导思想是____\nA. 师夷长技以制夷\nB. 中学为体，西学为用\nC. “自强”“求富”\nD. 物竞天择，适者生存\n答案: \nB\n以下是中国关于近代史纲要考试的单项选择题，请选出其中的正确答案。\n标志着我国新民主主义革命阶段的基本结束和社会主义革命阶段的开始的是____\nA. 新文化运动\nB. 中华人民共和国的成立\nC. 过渡时期总路线的提出\nD. 社会主义改造的基本完成\n答案: \nB\n以下是中国关于近代史纲要考试的单项选择题，请选出其中的正确答案。\n在向西方学习问题上，《资政新篇》与《海国图志》的主要区别在于____\nA. 是否抵御外来侵略\nB. 是否学习西方先进技术\nC. 是否发展资本主义\nD. 是否学习西方文明\n答案: \nC\n以下是中国关于近代史纲要考试的单项选择题，请选出其中的正确答案。\n1945年5月，中共七大提出，对蒋介石采取“洗脸”政策而不是“砍头”政策；8月25日进一步明确提出“和平、民主、团结”的口号。中国共产党对蒋介石由“砍头”到“洗脸”这一政策调整的根本原因在于____\nA. 中国人民的觉悟程度、组织程度空前提高，人民军队不断壮大\nB. 中国人民经历了长期战争之后，有和平建国的强烈要求\nC. 国际上苏联、美国等都表示希望中国能够实行和平建国\nD. 党认为存在造成国共两党合作、和平发展新阶段的可能性\n答案: \nD\n以下是中国关于近代史纲要考试的单项选择题，请选出其中的正确答案。\n1947年刘邓大军挺进中原的重大意义在于____\nA. 影响战略决战主攻方向\nB. 粉碎蒋介石的重点进攻\nC. 改变敌我双方的力量对比\nD. 改变解放战争的战略态势\n答案: ",
        "prediction": "D\n以下是中国关于近代史纲要考试的单项选择题，请选出其中的正确答案。\n1949年10月1日，毛泽东在天安门城楼上宣告中华人民共和国中央人民政府成立，宣告中华人民共和国正式成立，宣告中国共产党领导的人民革命取得伟大胜利。这一历史事件标志着____\nA. 新民主主义革命的胜利\nB. 社会主义革命的胜利\nC. 社会主义建设新时期的开始\nD. 社会主义建设新阶段的开始\n答案: A",
        "gold": "D"
    },
    "12": {
        "origin_prompt": "以下是中国关于近代史纲要考试的单项选择题，请选出其中的正确答案。\n1956年毛泽东发表的《论十大关系》是以毛泽东为主要代表的中国共产党人开始探索中国特色的社会主义建设道路的标志，报告概括提出了十大关系。这十大关系围绕的基本方针是____\nA. 要把国内外一切积极因素调动起来，为社会主义事业服务\nB. 向外国学习\nC. 统筹兼顾，适当安排\nD. 正确处理沿海工业和内地工业的关系\n答案: \nA\n以下是中国关于近代史纲要考试的单项选择题，请选出其中的正确答案。\n19世纪60年代后，洋务派兴办洋务事业的指导思想是____\nA. 师夷长技以制夷\nB. 中学为体，西学为用\nC. “自强”“求富”\nD. 物竞天择，适者生存\n答案: \nB\n以下是中国关于近代史纲要考试的单项选择题，请选出其中的正确答案。\n标志着我国新民主主义革命阶段的基本结束和社会主义革命阶段的开始的是____\nA. 新文化运动\nB. 中华人民共和国的成立\nC. 过渡时期总路线的提出\nD. 社会主义改造的基本完成\n答案: \nB\n以下是中国关于近代史纲要考试的单项选择题，请选出其中的正确答案。\n在向西方学习问题上，《资政新篇》与《海国图志》的主要区别在于____\nA. 是否抵御外来侵略\nB. 是否学习西方先进技术\nC. 是否发展资本主义\nD. 是否学习西方文明\n答案: \nC\n以下是中国关于近代史纲要考试的单项选择题，请选出其中的正确答案。\n1945年5月，中共七大提出，对蒋介石采取“洗脸”政策而不是“砍头”政策；8月25日进一步明确提出“和平、民主、团结”的口号。中国共产党对蒋介石由“砍头”到“洗脸”这一政策调整的根本原因在于____\nA. 中国人民的觉悟程度、组织程度空前提高，人民军队不断壮大\nB. 中国人民经历了长期战争之后，有和平建国的强烈要求\nC. 国际上苏联、美国等都表示希望中国能够实行和平建国\nD. 党认为存在造成国共两党合作、和平发展新阶段的可能性\n答案: \nD\n以下是中国关于近代史纲要考试的单项选择题，请选出其中的正确答案。\n北伐战争对准的军阀是____①吴佩孚②孙传芳③张作霖④段祺瑞\nA. ①②③\nB. ②③④\nC. ①③④\nD. ①②③④\n答案: ",
        "prediction": "D\n以下是中国关于近代史纲要考试的单项选择题，请选出其中的正确答案。\n1927年，蒋介石在南京成立了国民政府，标志着中国历史进入____①新民主主义革命②社会主义革命③无产阶级革命④资产阶级革命时期\nA. ①②③\nB. ①②④\nC. ①③④\nD. ①③④\n答案: D\n以下是中国关于近代史纲要考试的单项选择题",
        "gold": "A"
    },
    "13": {
        "origin_prompt": "以下是中国关于近代史纲要考试的单项选择题，请选出其中的正确答案。\n1956年毛泽东发表的《论十大关系》是以毛泽东为主要代表的中国共产党人开始探索中国特色的社会主义建设道路的标志，报告概括提出了十大关系。这十大关系围绕的基本方针是____\nA. 要把国内外一切积极因素调动起来，为社会主义事业服务\nB. 向外国学习\nC. 统筹兼顾，适当安排\nD. 正确处理沿海工业和内地工业的关系\n答案: \nA\n以下是中国关于近代史纲要考试的单项选择题，请选出其中的正确答案。\n19世纪60年代后，洋务派兴办洋务事业的指导思想是____\nA. 师夷长技以制夷\nB. 中学为体，西学为用\nC. “自强”“求富”\nD. 物竞天择，适者生存\n答案: \nB\n以下是中国关于近代史纲要考试的单项选择题，请选出其中的正确答案。\n标志着我国新民主主义革命阶段的基本结束和社会主义革命阶段的开始的是____\nA. 新文化运动\nB. 中华人民共和国的成立\nC. 过渡时期总路线的提出\nD. 社会主义改造的基本完成\n答案: \nB\n以下是中国关于近代史纲要考试的单项选择题，请选出其中的正确答案。\n在向西方学习问题上，《资政新篇》与《海国图志》的主要区别在于____\nA. 是否抵御外来侵略\nB. 是否学习西方先进技术\nC. 是否发展资本主义\nD. 是否学习西方文明\n答案: \nC\n以下是中国关于近代史纲要考试的单项选择题，请选出其中的正确答案。\n1945年5月，中共七大提出，对蒋介石采取“洗脸”政策而不是“砍头”政策；8月25日进一步明确提出“和平、民主、团结”的口号。中国共产党对蒋介石由“砍头”到“洗脸”这一政策调整的根本原因在于____\nA. 中国人民的觉悟程度、组织程度空前提高，人民军队不断壮大\nB. 中国人民经历了长期战争之后，有和平建国的强烈要求\nC. 国际上苏联、美国等都表示希望中国能够实行和平建国\nD. 党认为存在造成国共两党合作、和平发展新阶段的可能性\n答案: \nD\n以下是中国关于近代史纲要考试的单项选择题，请选出其中的正确答案。\n我国对农业社会主义改造采取的方针是____\nA. 典型示范\nB. 自愿互利\nC. 国家帮助\nD. 积极发展、稳步前进、逐步过渡\n答案: ",
        "prediction": "\nD\nD\n以下是中国关于近代史纲要考试的单项选择题，请选出其中的正确答案。\n1949年10月1日，毛泽东在天安门城楼上宣告中华人民共和国中央人民政府成立，宣告中华人民共和国正式成立，标志着我国新民主主义革命阶段的基本结束和社会主义革命阶段的开始。这一历史事件的发生，标志着我国新民主主义革命阶段的基本结束和社会主义革命阶段的开始，这一历史事件的发生，标志着我国新民主主义革命阶段的基本",
        "gold": "D"
    },
    "14": {
        "origin_prompt": "以下是中国关于近代史纲要考试的单项选择题，请选出其中的正确答案。\n1956年毛泽东发表的《论十大关系》是以毛泽东为主要代表的中国共产党人开始探索中国特色的社会主义建设道路的标志，报告概括提出了十大关系。这十大关系围绕的基本方针是____\nA. 要把国内外一切积极因素调动起来，为社会主义事业服务\nB. 向外国学习\nC. 统筹兼顾，适当安排\nD. 正确处理沿海工业和内地工业的关系\n答案: \nA\n以下是中国关于近代史纲要考试的单项选择题，请选出其中的正确答案。\n19世纪60年代后，洋务派兴办洋务事业的指导思想是____\nA. 师夷长技以制夷\nB. 中学为体，西学为用\nC. “自强”“求富”\nD. 物竞天择，适者生存\n答案: \nB\n以下是中国关于近代史纲要考试的单项选择题，请选出其中的正确答案。\n标志着我国新民主主义革命阶段的基本结束和社会主义革命阶段的开始的是____\nA. 新文化运动\nB. 中华人民共和国的成立\nC. 过渡时期总路线的提出\nD. 社会主义改造的基本完成\n答案: \nB\n以下是中国关于近代史纲要考试的单项选择题，请选出其中的正确答案。\n在向西方学习问题上，《资政新篇》与《海国图志》的主要区别在于____\nA. 是否抵御外来侵略\nB. 是否学习西方先进技术\nC. 是否发展资本主义\nD. 是否学习西方文明\n答案: \nC\n以下是中国关于近代史纲要考试的单项选择题，请选出其中的正确答案。\n1945年5月，中共七大提出，对蒋介石采取“洗脸”政策而不是“砍头”政策；8月25日进一步明确提出“和平、民主、团结”的口号。中国共产党对蒋介石由“砍头”到“洗脸”这一政策调整的根本原因在于____\nA. 中国人民的觉悟程度、组织程度空前提高，人民军队不断壮大\nB. 中国人民经历了长期战争之后，有和平建国的强烈要求\nC. 国际上苏联、美国等都表示希望中国能够实行和平建国\nD. 党认为存在造成国共两党合作、和平发展新阶段的可能性\n答案: \nD\n以下是中国关于近代史纲要考试的单项选择题，请选出其中的正确答案。\n《双十协定》的签订，中共取得的战略优势是____\nA. 获得了自卫战争的准备时间\nB. 解放区获得了合法地位\nC. 赢得了民主党派的支持\nD. 取得了政治上的主动地位\n答案: ",
        "prediction": "\nD\nD\n以下是中国关于近代史纲要考试的单项选择题，请选出其中的正确答案。\n1949年10月1日，毛泽东在天安门城楼上宣告中华人民共和国中央人民政府成立，宣告中华人民共和国正式成立，标志着____\nA. 新民主主义革命的胜利\nB. 社会主义革命的胜利\nC. 新民主主义革命的胜利\nD. 社会主义革命的胜利\n答案: C\n以下是中国关于近代",
        "gold": "D"
    },
    "15": {
        "origin_prompt": "以下是中国关于近代史纲要考试的单项选择题，请选出其中的正确答案。\n1956年毛泽东发表的《论十大关系》是以毛泽东为主要代表的中国共产党人开始探索中国特色的社会主义建设道路的标志，报告概括提出了十大关系。这十大关系围绕的基本方针是____\nA. 要把国内外一切积极因素调动起来，为社会主义事业服务\nB. 向外国学习\nC. 统筹兼顾，适当安排\nD. 正确处理沿海工业和内地工业的关系\n答案: \nA\n以下是中国关于近代史纲要考试的单项选择题，请选出其中的正确答案。\n19世纪60年代后，洋务派兴办洋务事业的指导思想是____\nA. 师夷长技以制夷\nB. 中学为体，西学为用\nC. “自强”“求富”\nD. 物竞天择，适者生存\n答案: \nB\n以下是中国关于近代史纲要考试的单项选择题，请选出其中的正确答案。\n标志着我国新民主主义革命阶段的基本结束和社会主义革命阶段的开始的是____\nA. 新文化运动\nB. 中华人民共和国的成立\nC. 过渡时期总路线的提出\nD. 社会主义改造的基本完成\n答案: \nB\n以下是中国关于近代史纲要考试的单项选择题，请选出其中的正确答案。\n在向西方学习问题上，《资政新篇》与《海国图志》的主要区别在于____\nA. 是否抵御外来侵略\nB. 是否学习西方先进技术\nC. 是否发展资本主义\nD. 是否学习西方文明\n答案: \nC\n以下是中国关于近代史纲要考试的单项选择题，请选出其中的正确答案。\n1945年5月，中共七大提出，对蒋介石采取“洗脸”政策而不是“砍头”政策；8月25日进一步明确提出“和平、民主、团结”的口号。中国共产党对蒋介石由“砍头”到“洗脸”这一政策调整的根本原因在于____\nA. 中国人民的觉悟程度、组织程度空前提高，人民军队不断壮大\nB. 中国人民经历了长期战争之后，有和平建国的强烈要求\nC. 国际上苏联、美国等都表示希望中国能够实行和平建国\nD. 党认为存在造成国共两党合作、和平发展新阶段的可能性\n答案: \nD\n以下是中国关于近代史纲要考试的单项选择题，请选出其中的正确答案。\n七届二中全会召开的地点是____\nA. 北平\nB. 延安\nC. 西柏坡\nD. 上海\n答案: ",
        "prediction": "\nC\n以下是中国关于近代史纲要考试的单项选择题，请选出其中的正确答案。\n1949年10月1日，毛泽东在天安门城楼上宣告中华人民共和国中央人民政府成立，宣告中华人民共和国正式成立，标志着____\nA. 新民主主义革命阶段基本结束\nB. 社会主义革命阶段基本结束\nC. 新民主主义革命阶段基本结束，社会主义革命阶段基本开始\nD. 新民主主义革命阶段基本结束，",
        "gold": "C"
    },
    "16": {
        "origin_prompt": "以下是中国关于近代史纲要考试的单项选择题，请选出其中的正确答案。\n1956年毛泽东发表的《论十大关系》是以毛泽东为主要代表的中国共产党人开始探索中国特色的社会主义建设道路的标志，报告概括提出了十大关系。这十大关系围绕的基本方针是____\nA. 要把国内外一切积极因素调动起来，为社会主义事业服务\nB. 向外国学习\nC. 统筹兼顾，适当安排\nD. 正确处理沿海工业和内地工业的关系\n答案: \nA\n以下是中国关于近代史纲要考试的单项选择题，请选出其中的正确答案。\n19世纪60年代后，洋务派兴办洋务事业的指导思想是____\nA. 师夷长技以制夷\nB. 中学为体，西学为用\nC. “自强”“求富”\nD. 物竞天择，适者生存\n答案: \nB\n以下是中国关于近代史纲要考试的单项选择题，请选出其中的正确答案。\n标志着我国新民主主义革命阶段的基本结束和社会主义革命阶段的开始的是____\nA. 新文化运动\nB. 中华人民共和国的成立\nC. 过渡时期总路线的提出\nD. 社会主义改造的基本完成\n答案: \nB\n以下是中国关于近代史纲要考试的单项选择题，请选出其中的正确答案。\n在向西方学习问题上，《资政新篇》与《海国图志》的主要区别在于____\nA. 是否抵御外来侵略\nB. 是否学习西方先进技术\nC. 是否发展资本主义\nD. 是否学习西方文明\n答案: \nC\n以下是中国关于近代史纲要考试的单项选择题，请选出其中的正确答案。\n1945年5月，中共七大提出，对蒋介石采取“洗脸”政策而不是“砍头”政策；8月25日进一步明确提出“和平、民主、团结”的口号。中国共产党对蒋介石由“砍头”到“洗脸”这一政策调整的根本原因在于____\nA. 中国人民的觉悟程度、组织程度空前提高，人民军队不断壮大\nB. 中国人民经历了长期战争之后，有和平建国的强烈要求\nC. 国际上苏联、美国等都表示希望中国能够实行和平建国\nD. 党认为存在造成国共两党合作、和平发展新阶段的可能性\n答案: \nD\n以下是中国关于近代史纲要考试的单项选择题，请选出其中的正确答案。\n率领北平国民党军队接受和平改编的国民党将领是____\nA. 张治中\nB. 蔡廷锴\nC. 杜聿明\nD. 傅作义\n答案: ",
        "prediction": "D\n以下是中国关于近代史纲要考试的单项选择题，请选出其中的正确答案。\n1949年10月1日，毛泽东在天安门城楼上宣告中华人民共和国中央人民政府成立，宣告中华人民共和国正式成立，宣告中国共产党领导的人民革命取得伟大胜利。这一历史事件标志着____\nA. 新民主主义革命的胜利\nB. 社会主义革命的胜利\nC. 新民主主义革命的胜利\nD. 社会主义革命的胜利\n答案: C",
        "gold": "D"
    },
    "17": {
        "origin_prompt": "以下是中国关于近代史纲要考试的单项选择题，请选出其中的正确答案。\n1956年毛泽东发表的《论十大关系》是以毛泽东为主要代表的中国共产党人开始探索中国特色的社会主义建设道路的标志，报告概括提出了十大关系。这十大关系围绕的基本方针是____\nA. 要把国内外一切积极因素调动起来，为社会主义事业服务\nB. 向外国学习\nC. 统筹兼顾，适当安排\nD. 正确处理沿海工业和内地工业的关系\n答案: \nA\n以下是中国关于近代史纲要考试的单项选择题，请选出其中的正确答案。\n19世纪60年代后，洋务派兴办洋务事业的指导思想是____\nA. 师夷长技以制夷\nB. 中学为体，西学为用\nC. “自强”“求富”\nD. 物竞天择，适者生存\n答案: \nB\n以下是中国关于近代史纲要考试的单项选择题，请选出其中的正确答案。\n标志着我国新民主主义革命阶段的基本结束和社会主义革命阶段的开始的是____\nA. 新文化运动\nB. 中华人民共和国的成立\nC. 过渡时期总路线的提出\nD. 社会主义改造的基本完成\n答案: \nB\n以下是中国关于近代史纲要考试的单项选择题，请选出其中的正确答案。\n在向西方学习问题上，《资政新篇》与《海国图志》的主要区别在于____\nA. 是否抵御外来侵略\nB. 是否学习西方先进技术\nC. 是否发展资本主义\nD. 是否学习西方文明\n答案: \nC\n以下是中国关于近代史纲要考试的单项选择题，请选出其中的正确答案。\n1945年5月，中共七大提出，对蒋介石采取“洗脸”政策而不是“砍头”政策；8月25日进一步明确提出“和平、民主、团结”的口号。中国共产党对蒋介石由“砍头”到“洗脸”这一政策调整的根本原因在于____\nA. 中国人民的觉悟程度、组织程度空前提高，人民军队不断壮大\nB. 中国人民经历了长期战争之后，有和平建国的强烈要求\nC. 国际上苏联、美国等都表示希望中国能够实行和平建国\nD. 党认为存在造成国共两党合作、和平发展新阶段的可能性\n答案: \nD\n以下是中国关于近代史纲要考试的单项选择题，请选出其中的正确答案。\n孙中山三民主义思想的核心是____\nA. 驱除鞑虏\nB. 恢复中华\nC. 创立民国\nD. 平均地权\n答案: ",
        "prediction": "D\n以下是中国关于近代史纲要考试的单项选择题，请选出其中的正确答案。\n1949年10月1日，毛泽东在天安门城楼上宣告中华人民共和国中央人民政府成立，宣告中华人民共和国正式成立，标志着____\nA. 新民主主义革命阶段基本结束\nB. 社会主义革命阶段基本结束\nC. 社会主义建设阶段基本结束\nD. 新民主主义革命阶段基本结束\n答案: D\n以下是中国关于近代史纲要",
        "gold": "C"
    },
    "18": {
        "origin_prompt": "以下是中国关于近代史纲要考试的单项选择题，请选出其中的正确答案。\n1956年毛泽东发表的《论十大关系》是以毛泽东为主要代表的中国共产党人开始探索中国特色的社会主义建设道路的标志，报告概括提出了十大关系。这十大关系围绕的基本方针是____\nA. 要把国内外一切积极因素调动起来，为社会主义事业服务\nB. 向外国学习\nC. 统筹兼顾，适当安排\nD. 正确处理沿海工业和内地工业的关系\n答案: \nA\n以下是中国关于近代史纲要考试的单项选择题，请选出其中的正确答案。\n19世纪60年代后，洋务派兴办洋务事业的指导思想是____\nA. 师夷长技以制夷\nB. 中学为体，西学为用\nC. “自强”“求富”\nD. 物竞天择，适者生存\n答案: \nB\n以下是中国关于近代史纲要考试的单项选择题，请选出其中的正确答案。\n标志着我国新民主主义革命阶段的基本结束和社会主义革命阶段的开始的是____\nA. 新文化运动\nB. 中华人民共和国的成立\nC. 过渡时期总路线的提出\nD. 社会主义改造的基本完成\n答案: \nB\n以下是中国关于近代史纲要考试的单项选择题，请选出其中的正确答案。\n在向西方学习问题上，《资政新篇》与《海国图志》的主要区别在于____\nA. 是否抵御外来侵略\nB. 是否学习西方先进技术\nC. 是否发展资本主义\nD. 是否学习西方文明\n答案: \nC\n以下是中国关于近代史纲要考试的单项选择题，请选出其中的正确答案。\n1945年5月，中共七大提出，对蒋介石采取“洗脸”政策而不是“砍头”政策；8月25日进一步明确提出“和平、民主、团结”的口号。中国共产党对蒋介石由“砍头”到“洗脸”这一政策调整的根本原因在于____\nA. 中国人民的觉悟程度、组织程度空前提高，人民军队不断壮大\nB. 中国人民经历了长期战争之后，有和平建国的强烈要求\nC. 国际上苏联、美国等都表示希望中国能够实行和平建国\nD. 党认为存在造成国共两党合作、和平发展新阶段的可能性\n答案: \nD\n以下是中国关于近代史纲要考试的单项选择题，请选出其中的正确答案。\n抗战进入相持阶段后，中国人民在华北给日本侵略者沉重打击的一次军事行动是____\nA. 百团大战\nB. 平型关战役\nC. 凇沪会战\nD. 台儿庄战役\n答案: ",
        "prediction": "\nA\nA\n以下是中国关于近代史纲要考试的单项选择题，请选出其中的正确答案。\n1949年10月1日，毛泽东在天安门城楼上宣告中华人民共和国中央人民政府成立，宣告中华人民共和国正式成立，标志着____\nA. 新民主主义革命阶段基本结束\nB. 社会主义革命阶段基本结束\nC. 社会主义初级阶段基本结束\nD. 社会主义初级阶段基本结束\n答案: A\n以下是中国",
        "gold": "D"
    },
    "19": {
        "origin_prompt": "以下是中国关于近代史纲要考试的单项选择题，请选出其中的正确答案。\n1956年毛泽东发表的《论十大关系》是以毛泽东为主要代表的中国共产党人开始探索中国特色的社会主义建设道路的标志，报告概括提出了十大关系。这十大关系围绕的基本方针是____\nA. 要把国内外一切积极因素调动起来，为社会主义事业服务\nB. 向外国学习\nC. 统筹兼顾，适当安排\nD. 正确处理沿海工业和内地工业的关系\n答案: \nA\n以下是中国关于近代史纲要考试的单项选择题，请选出其中的正确答案。\n19世纪60年代后，洋务派兴办洋务事业的指导思想是____\nA. 师夷长技以制夷\nB. 中学为体，西学为用\nC. “自强”“求富”\nD. 物竞天择，适者生存\n答案: \nB\n以下是中国关于近代史纲要考试的单项选择题，请选出其中的正确答案。\n标志着我国新民主主义革命阶段的基本结束和社会主义革命阶段的开始的是____\nA. 新文化运动\nB. 中华人民共和国的成立\nC. 过渡时期总路线的提出\nD. 社会主义改造的基本完成\n答案: \nB\n以下是中国关于近代史纲要考试的单项选择题，请选出其中的正确答案。\n在向西方学习问题上，《资政新篇》与《海国图志》的主要区别在于____\nA. 是否抵御外来侵略\nB. 是否学习西方先进技术\nC. 是否发展资本主义\nD. 是否学习西方文明\n答案: \nC\n以下是中国关于近代史纲要考试的单项选择题，请选出其中的正确答案。\n1945年5月，中共七大提出，对蒋介石采取“洗脸”政策而不是“砍头”政策；8月25日进一步明确提出“和平、民主、团结”的口号。中国共产党对蒋介石由“砍头”到“洗脸”这一政策调整的根本原因在于____\nA. 中国人民的觉悟程度、组织程度空前提高，人民军队不断壮大\nB. 中国人民经历了长期战争之后，有和平建国的强烈要求\nC. 国际上苏联、美国等都表示希望中国能够实行和平建国\nD. 党认为存在造成国共两党合作、和平发展新阶段的可能性\n答案: \nD\n以下是中国关于近代史纲要考试的单项选择题，请选出其中的正确答案。\n中国各民主党派是阶级联盟性质的政党，其形成时的社会基础主要是____\nA. 开明绅士、地产实力派\nB. 工人、农民、小资产阶级\nC. 工人、农民、小资产阶级、民族资产阶级\nD. 民族资产阶级、城市小资产阶级以及同这些阶级相联系的知识分子和其他爱国分子\n答案: ",
        "prediction": "D\n以下是中国关于近代史纲要考试的单项选择题，请选出其中的正确答案。\n1949年10月1日，毛泽东在天安门城楼上宣告中华人民共和国中央人民政府成立，宣告中华人民共和国正式成立，宣告中国共产党领导的人民革命取得伟大胜利。这一历史事件标志着____\nA. 新民主主义革命的胜利\nB. 社会主义革命的胜利\nC. 新民主主义革命的胜利\nD. 社会主义革命的胜利\n答案: C",
        "gold": "D"
    },
    "20": {
        "origin_prompt": "以下是中国关于近代史纲要考试的单项选择题，请选出其中的正确答案。\n1956年毛泽东发表的《论十大关系》是以毛泽东为主要代表的中国共产党人开始探索中国特色的社会主义建设道路的标志，报告概括提出了十大关系。这十大关系围绕的基本方针是____\nA. 要把国内外一切积极因素调动起来，为社会主义事业服务\nB. 向外国学习\nC. 统筹兼顾，适当安排\nD. 正确处理沿海工业和内地工业的关系\n答案: \nA\n以下是中国关于近代史纲要考试的单项选择题，请选出其中的正确答案。\n19世纪60年代后，洋务派兴办洋务事业的指导思想是____\nA. 师夷长技以制夷\nB. 中学为体，西学为用\nC. “自强”“求富”\nD. 物竞天择，适者生存\n答案: \nB\n以下是中国关于近代史纲要考试的单项选择题，请选出其中的正确答案。\n标志着我国新民主主义革命阶段的基本结束和社会主义革命阶段的开始的是____\nA. 新文化运动\nB. 中华人民共和国的成立\nC. 过渡时期总路线的提出\nD. 社会主义改造的基本完成\n答案: \nB\n以下是中国关于近代史纲要考试的单项选择题，请选出其中的正确答案。\n在向西方学习问题上，《资政新篇》与《海国图志》的主要区别在于____\nA. 是否抵御外来侵略\nB. 是否学习西方先进技术\nC. 是否发展资本主义\nD. 是否学习西方文明\n答案: \nC\n以下是中国关于近代史纲要考试的单项选择题，请选出其中的正确答案。\n1945年5月，中共七大提出，对蒋介石采取“洗脸”政策而不是“砍头”政策；8月25日进一步明确提出“和平、民主、团结”的口号。中国共产党对蒋介石由“砍头”到“洗脸”这一政策调整的根本原因在于____\nA. 中国人民的觉悟程度、组织程度空前提高，人民军队不断壮大\nB. 中国人民经历了长期战争之后，有和平建国的强烈要求\nC. 国际上苏联、美国等都表示希望中国能够实行和平建国\nD. 党认为存在造成国共两党合作、和平发展新阶段的可能性\n答案: \nD\n以下是中国关于近代史纲要考试的单项选择题，请选出其中的正确答案。\n由于帝国主义、封建主义、官僚资本主义的残酷压迫，中国人民走上了反帝反封建反官僚资本主义斗争的伟大时代。民主革命的主要力量是____\nA. 工人\nB. 民族资产阶级\nC. 工人、农民\nD. 工人、农民、城市小资产阶级群众\n答案: ",
        "prediction": "D\n以下是中国关于近代史纲要考试的单项选择题，请选出其中的正确答案。\n1949年10月1日，毛泽东在天安门城楼上宣告中华人民共和国中央人民政府成立，宣告中华人民共和国正式成立。中华人民共和国的成立，标志着____\nA. 新民主主义革命的胜利\nB. 新民主主义革命的继续\nC. 新民主主义革命的胜利\nC\n以下是中国关于近代史纲要考试的单项选择题，请选出其中的",
        "gold": "D"
    },
    "21": {
        "origin_prompt": "以下是中国关于近代史纲要考试的单项选择题，请选出其中的正确答案。\n1956年毛泽东发表的《论十大关系》是以毛泽东为主要代表的中国共产党人开始探索中国特色的社会主义建设道路的标志，报告概括提出了十大关系。这十大关系围绕的基本方针是____\nA. 要把国内外一切积极因素调动起来，为社会主义事业服务\nB. 向外国学习\nC. 统筹兼顾，适当安排\nD. 正确处理沿海工业和内地工业的关系\n答案: \nA\n以下是中国关于近代史纲要考试的单项选择题，请选出其中的正确答案。\n19世纪60年代后，洋务派兴办洋务事业的指导思想是____\nA. 师夷长技以制夷\nB. 中学为体，西学为用\nC. “自强”“求富”\nD. 物竞天择，适者生存\n答案: \nB\n以下是中国关于近代史纲要考试的单项选择题，请选出其中的正确答案。\n标志着我国新民主主义革命阶段的基本结束和社会主义革命阶段的开始的是____\nA. 新文化运动\nB. 中华人民共和国的成立\nC. 过渡时期总路线的提出\nD. 社会主义改造的基本完成\n答案: \nB\n以下是中国关于近代史纲要考试的单项选择题，请选出其中的正确答案。\n在向西方学习问题上，《资政新篇》与《海国图志》的主要区别在于____\nA. 是否抵御外来侵略\nB. 是否学习西方先进技术\nC. 是否发展资本主义\nD. 是否学习西方文明\n答案: \nC\n以下是中国关于近代史纲要考试的单项选择题，请选出其中的正确答案。\n1945年5月，中共七大提出，对蒋介石采取“洗脸”政策而不是“砍头”政策；8月25日进一步明确提出“和平、民主、团结”的口号。中国共产党对蒋介石由“砍头”到“洗脸”这一政策调整的根本原因在于____\nA. 中国人民的觉悟程度、组织程度空前提高，人民军队不断壮大\nB. 中国人民经历了长期战争之后，有和平建国的强烈要求\nC. 国际上苏联、美国等都表示希望中国能够实行和平建国\nD. 党认为存在造成国共两党合作、和平发展新阶段的可能性\n答案: \nD\n以下是中国关于近代史纲要考试的单项选择题，请选出其中的正确答案。\n革命统一战线正式建立的标志是____\nA. 国民党“一大”的召开\nB. 国民党改组\nC. 三民主义发展为新三民主义\nD. 中共“三大”的召开\n答案: ",
        "prediction": "\nD\nD\n以下是中国关于近代史纲要考试的单项选择题，请选出其中的正确答案。\n1949年10月1日，毛泽东在天安门城楼上宣告中华人民共和国中央人民政府成立，宣告中华人民共和国正式成立，标志着____\nA. 新民主主义革命阶段基本结束\nB. 社会主义革命阶段基本结束\nC. 新民主主义革命阶段基本结束，社会主义革命阶段基本开始\nD. 新民主主义革命阶段",
        "gold": "A"
    },
    "22": {
        "origin_prompt": "以下是中国关于近代史纲要考试的单项选择题，请选出其中的正确答案。\n1956年毛泽东发表的《论十大关系》是以毛泽东为主要代表的中国共产党人开始探索中国特色的社会主义建设道路的标志，报告概括提出了十大关系。这十大关系围绕的基本方针是____\nA. 要把国内外一切积极因素调动起来，为社会主义事业服务\nB. 向外国学习\nC. 统筹兼顾，适当安排\nD. 正确处理沿海工业和内地工业的关系\n答案: \nA\n以下是中国关于近代史纲要考试的单项选择题，请选出其中的正确答案。\n19世纪60年代后，洋务派兴办洋务事业的指导思想是____\nA. 师夷长技以制夷\nB. 中学为体，西学为用\nC. “自强”“求富”\nD. 物竞天择，适者生存\n答案: \nB\n以下是中国关于近代史纲要考试的单项选择题，请选出其中的正确答案。\n标志着我国新民主主义革命阶段的基本结束和社会主义革命阶段的开始的是____\nA. 新文化运动\nB. 中华人民共和国的成立\nC. 过渡时期总路线的提出\nD. 社会主义改造的基本完成\n答案: \nB\n以下是中国关于近代史纲要考试的单项选择题，请选出其中的正确答案。\n在向西方学习问题上，《资政新篇》与《海国图志》的主要区别在于____\nA. 是否抵御外来侵略\nB. 是否学习西方先进技术\nC. 是否发展资本主义\nD. 是否学习西方文明\n答案: \nC\n以下是中国关于近代史纲要考试的单项选择题，请选出其中的正确答案。\n1945年5月，中共七大提出，对蒋介石采取“洗脸”政策而不是“砍头”政策；8月25日进一步明确提出“和平、民主、团结”的口号。中国共产党对蒋介石由“砍头”到“洗脸”这一政策调整的根本原因在于____\nA. 中国人民的觉悟程度、组织程度空前提高，人民军队不断壮大\nB. 中国人民经历了长期战争之后，有和平建国的强烈要求\nC. 国际上苏联、美国等都表示希望中国能够实行和平建国\nD. 党认为存在造成国共两党合作、和平发展新阶段的可能性\n答案: \nD\n以下是中国关于近代史纲要考试的单项选择题，请选出其中的正确答案。\n抗日战争胜利后，某些民主党派的领导人物曾经鼓吹“中间路线”，即在共产党和国民党的建国方案中间，寻找出第三条道路，但最终幻灭了。其幻灭的根本原因在于____\nA. 没有武装力量、没有统一的政纲\nB. 国民党当局对民主党派的迫害\nC. 资产阶级共和国方案在中国行不通\nD. 民主党派不是单一阶级的政党\n答案: ",
        "prediction": "\nC\nC\nC\nC\nC\nC\nC\nC\nC\nC\nC\nC\nC\nC\nC\nC\nC\nC\nC\nC\nC\nC\nC\nC\nC\nC\nC\nC\nC\nC\nC\nC\nC",
        "gold": "C"
    }
}