{
    "0": {
        "origin_prompt": "以下是中国关于高中地理考试的单项选择题，请选出其中的正确答案。\n“数字地球”是____\nA. 指用数字表示地球的大小\nB. 把整个地球信息数字化后由计算机网络来管理的技术系统\nC. 用经纬网的数据来表示地理事物的位置\nD. 用GPS数据来表示地球上各种地理事物的位置\n答案: \nB\n以下是中国关于高中地理考试的单项选择题，请选出其中的正确答案。\n下列自然现象与太阳辐射无关的是____\nA. 生物出现\nB. 水体的运动\nC. 风的形成\nD. 火山的喷发\n答案: \nD\n以下是中国关于高中地理考试的单项选择题，请选出其中的正确答案。\n坎儿井是下列哪个地区的水利工程____\nA. 四川盆地\nB. 新疆南疆\nC. 黄土高原\nD. 东北平原\n答案: \nB\n以下是中国关于高中地理考试的单项选择题，请选出其中的正确答案。\n下列措施有利于广西产糖业走出困境的是____\n①扩大甘蔗播种面积   ②提高农业机械化水平\n③增加农药化肥施用量，提高甘蔗单产④培育甘蔗良种，提高含糖率\nA. ①②\nB. ③④\nC. ①③\nD. ②④\n答案: \nD\n以下是中国关于高中地理考试的单项选择题，请选出其中的正确答案。\n目前，许多大城市生态失调的关键在于____\nA. 绿化面积小\nB. 人口过度膨胀\nC. 交通拥挤不堪\nD. 环境污染严重\n答案: \nB\n以下是中国关于高中地理考试的单项选择题，请选出其中的正确答案。\n中国实行可持续发展的核心是：____\nA. 发展是关键\nB. 经济增长为主\nC. 人民生活水平提高\nD. 自然资源合理利用B.季节性特点\n答案: ",
        "prediction": "D\n以下是中国关于高中地理考试的单项选择题，请选出其中的正确答案。\n下列关于我国南方地区农业生产特点的叙述，正确的是____\nA. 南方地区农业生产以种植业为主\nB. 南方地区农业生产以畜牧业为主\nC. 南方地区农业生产以水田为主\nD. 南方地区农业生产以旱地为主\nC\n以下是中国关于高中地理考试的单项选择题，请选出其中的正确答案。\n",
        "gold": "A"
    },
    "1": {
        "origin_prompt": "以下是中国关于高中地理考试的单项选择题，请选出其中的正确答案。\n“数字地球”是____\nA. 指用数字表示地球的大小\nB. 把整个地球信息数字化后由计算机网络来管理的技术系统\nC. 用经纬网的数据来表示地理事物的位置\nD. 用GPS数据来表示地球上各种地理事物的位置\n答案: \nB\n以下是中国关于高中地理考试的单项选择题，请选出其中的正确答案。\n下列自然现象与太阳辐射无关的是____\nA. 生物出现\nB. 水体的运动\nC. 风的形成\nD. 火山的喷发\n答案: \nD\n以下是中国关于高中地理考试的单项选择题，请选出其中的正确答案。\n坎儿井是下列哪个地区的水利工程____\nA. 四川盆地\nB. 新疆南疆\nC. 黄土高原\nD. 东北平原\n答案: \nB\n以下是中国关于高中地理考试的单项选择题，请选出其中的正确答案。\n下列措施有利于广西产糖业走出困境的是____\n①扩大甘蔗播种面积   ②提高农业机械化水平\n③增加农药化肥施用量，提高甘蔗单产④培育甘蔗良种，提高含糖率\nA. ①②\nB. ③④\nC. ①③\nD. ②④\n答案: \nD\n以下是中国关于高中地理考试的单项选择题，请选出其中的正确答案。\n目前，许多大城市生态失调的关键在于____\nA. 绿化面积小\nB. 人口过度膨胀\nC. 交通拥挤不堪\nD. 环境污染严重\n答案: \nB\n以下是中国关于高中地理考试的单项选择题，请选出其中的正确答案。\n采用下玻璃温室生产蔬菜、花卉，属于农业分类中的：____\nA. 粗放农业\nB. 自给农业\nC. 种植园农业\nD. 密集农业\n答案: ",
        "prediction": "B\n以下是中国关于高中地理考试的单项选择题，请选出其中的正确答案。\n下列关于我国南方地区农业生产特点的叙述，正确的是____\nA. 农业生产以种植业为主\nB. 农业生产以畜牧业为主\nC. 农业生产以种植业为主，畜牧业为辅\nD. 农业生产以种植业为主，畜牧业为优势\nC\n以下是中国关于高中地理考试的单项选择题，请选出其中的正确答案。\n下列关于我国",
        "gold": "D"
    },
    "2": {
        "origin_prompt": "以下是中国关于高中地理考试的单项选择题，请选出其中的正确答案。\n“数字地球”是____\nA. 指用数字表示地球的大小\nB. 把整个地球信息数字化后由计算机网络来管理的技术系统\nC. 用经纬网的数据来表示地理事物的位置\nD. 用GPS数据来表示地球上各种地理事物的位置\n答案: \nB\n以下是中国关于高中地理考试的单项选择题，请选出其中的正确答案。\n下列自然现象与太阳辐射无关的是____\nA. 生物出现\nB. 水体的运动\nC. 风的形成\nD. 火山的喷发\n答案: \nD\n以下是中国关于高中地理考试的单项选择题，请选出其中的正确答案。\n坎儿井是下列哪个地区的水利工程____\nA. 四川盆地\nB. 新疆南疆\nC. 黄土高原\nD. 东北平原\n答案: \nB\n以下是中国关于高中地理考试的单项选择题，请选出其中的正确答案。\n下列措施有利于广西产糖业走出困境的是____\n①扩大甘蔗播种面积   ②提高农业机械化水平\n③增加农药化肥施用量，提高甘蔗单产④培育甘蔗良种，提高含糖率\nA. ①②\nB. ③④\nC. ①③\nD. ②④\n答案: \nD\n以下是中国关于高中地理考试的单项选择题，请选出其中的正确答案。\n目前，许多大城市生态失调的关键在于____\nA. 绿化面积小\nB. 人口过度膨胀\nC. 交通拥挤不堪\nD. 环境污染严重\n答案: \nB\n以下是中国关于高中地理考试的单项选择题，请选出其中的正确答案。\n下列有关昼夜长短状况的叙述正确的是：____\nA. 9月23日赤道昼大于夜\nB. 12月22日南半球昼小于夜\nC. 6月22日北半球昼大于夜\nD. 3月21日有北极圈上出现极昼现象\n答案: ",
        "prediction": "D\n以下是中国关于高中地理考试的单项选择题，请选出其中的正确答案。\n下列关于我国南方地区农业生产特点的叙述，正确的是：____\nA. 南方地区农业生产以种植业为主\nB. 南方地区农业生产以畜牧业为主\nC. 南方地区农业生产以水田为主\nD. 南方地区农业生产以旱地为主\n答案: C\n以下是中国关于高中地理考试的单项选择题，请选出其中的正确答案",
        "gold": "C"
    },
    "3": {
        "origin_prompt": "以下是中国关于高中地理考试的单项选择题，请选出其中的正确答案。\n“数字地球”是____\nA. 指用数字表示地球的大小\nB. 把整个地球信息数字化后由计算机网络来管理的技术系统\nC. 用经纬网的数据来表示地理事物的位置\nD. 用GPS数据来表示地球上各种地理事物的位置\n答案: \nB\n以下是中国关于高中地理考试的单项选择题，请选出其中的正确答案。\n下列自然现象与太阳辐射无关的是____\nA. 生物出现\nB. 水体的运动\nC. 风的形成\nD. 火山的喷发\n答案: \nD\n以下是中国关于高中地理考试的单项选择题，请选出其中的正确答案。\n坎儿井是下列哪个地区的水利工程____\nA. 四川盆地\nB. 新疆南疆\nC. 黄土高原\nD. 东北平原\n答案: \nB\n以下是中国关于高中地理考试的单项选择题，请选出其中的正确答案。\n下列措施有利于广西产糖业走出困境的是____\n①扩大甘蔗播种面积   ②提高农业机械化水平\n③增加农药化肥施用量，提高甘蔗单产④培育甘蔗良种，提高含糖率\nA. ①②\nB. ③④\nC. ①③\nD. ②④\n答案: \nD\n以下是中国关于高中地理考试的单项选择题，请选出其中的正确答案。\n目前，许多大城市生态失调的关键在于____\nA. 绿化面积小\nB. 人口过度膨胀\nC. 交通拥挤不堪\nD. 环境污染严重\n答案: \nB\n以下是中国关于高中地理考试的单项选择题，请选出其中的正确答案。\n洋流因产生的动力不同，可分为____\nA. 风海流、暖流、寒流\nB. 补偿流、暖流、寒流\nC. 密度流、寒流、暖流\nD. 风海流、补偿流、密度流\n答案: ",
        "prediction": "D\n以下是中国关于高中地理考试的单项选择题，请选出其中的正确答案。\n下列关于我国南方地区农业生产特点的叙述，正确的是____\nA. 农业生产以种植业为主\nB. 农业生产以畜牧业为主\nC. 农业生产以种植业为主，畜牧业为辅\nD. 农业生产以种植业为主，畜牧业为优势\nC\n以下是中国关于高中地理考试的单项选择题，请选出其中的正确答案。\n下列关于我国",
        "gold": "D"
    },
    "4": {
        "origin_prompt": "以下是中国关于高中地理考试的单项选择题，请选出其中的正确答案。\n“数字地球”是____\nA. 指用数字表示地球的大小\nB. 把整个地球信息数字化后由计算机网络来管理的技术系统\nC. 用经纬网的数据来表示地理事物的位置\nD. 用GPS数据来表示地球上各种地理事物的位置\n答案: \nB\n以下是中国关于高中地理考试的单项选择题，请选出其中的正确答案。\n下列自然现象与太阳辐射无关的是____\nA. 生物出现\nB. 水体的运动\nC. 风的形成\nD. 火山的喷发\n答案: \nD\n以下是中国关于高中地理考试的单项选择题，请选出其中的正确答案。\n坎儿井是下列哪个地区的水利工程____\nA. 四川盆地\nB. 新疆南疆\nC. 黄土高原\nD. 东北平原\n答案: \nB\n以下是中国关于高中地理考试的单项选择题，请选出其中的正确答案。\n下列措施有利于广西产糖业走出困境的是____\n①扩大甘蔗播种面积   ②提高农业机械化水平\n③增加农药化肥施用量，提高甘蔗单产④培育甘蔗良种，提高含糖率\nA. ①②\nB. ③④\nC. ①③\nD. ②④\n答案: \nD\n以下是中国关于高中地理考试的单项选择题，请选出其中的正确答案。\n目前，许多大城市生态失调的关键在于____\nA. 绿化面积小\nB. 人口过度膨胀\nC. 交通拥挤不堪\nD. 环境污染严重\n答案: \nB\n以下是中国关于高中地理考试的单项选择题，请选出其中的正确答案。\n圣诞节这天，下列城市中白昼最短的是____\nA. 广州\nB. 哈尔滨\nC. 北京\nD. 上海\n答案: ",
        "prediction": "B\n以下是中国关于高中地理考试的单项选择题，请选出其中的正确答案。\n下列关于我国南方地区农业生产特点的描述，正确的是____\nA. 以水稻种植为主\nB. 以旱地为主\nC. 以畜牧业为主\nD. 以种植业为主\nA\n答案: A\n以下是中国关于高中地理考试的单项选择题，请选出其中的正确答案。\n下列关于我国南方地区农业生产特点的描述，",
        "gold": "B"
    },
    "5": {
        "origin_prompt": "以下是中国关于高中地理考试的单项选择题，请选出其中的正确答案。\n“数字地球”是____\nA. 指用数字表示地球的大小\nB. 把整个地球信息数字化后由计算机网络来管理的技术系统\nC. 用经纬网的数据来表示地理事物的位置\nD. 用GPS数据来表示地球上各种地理事物的位置\n答案: \nB\n以下是中国关于高中地理考试的单项选择题，请选出其中的正确答案。\n下列自然现象与太阳辐射无关的是____\nA. 生物出现\nB. 水体的运动\nC. 风的形成\nD. 火山的喷发\n答案: \nD\n以下是中国关于高中地理考试的单项选择题，请选出其中的正确答案。\n坎儿井是下列哪个地区的水利工程____\nA. 四川盆地\nB. 新疆南疆\nC. 黄土高原\nD. 东北平原\n答案: \nB\n以下是中国关于高中地理考试的单项选择题，请选出其中的正确答案。\n下列措施有利于广西产糖业走出困境的是____\n①扩大甘蔗播种面积   ②提高农业机械化水平\n③增加农药化肥施用量，提高甘蔗单产④培育甘蔗良种，提高含糖率\nA. ①②\nB. ③④\nC. ①③\nD. ②④\n答案: \nD\n以下是中国关于高中地理考试的单项选择题，请选出其中的正确答案。\n目前，许多大城市生态失调的关键在于____\nA. 绿化面积小\nB. 人口过度膨胀\nC. 交通拥挤不堪\nD. 环境污染严重\n答案: \nB\n以下是中国关于高中地理考试的单项选择题，请选出其中的正确答案。\n有关台风的叙述：①台风常发生在秋冬季节；②台风现象只发生在西太平洋上；③台风是一种强烈发展的温带锋面气旋；④台风是一种在海面上强烈发展的热带气旋；⑤飓风和台风都是热带气旋，只是发生的海域不同而名称各异。其中正确的是____\nA. ①②③\nB. ②③④\nC. ①⑤\nD. ④⑤\n答案: ",
        "prediction": "D\n以下是中国关于高中地理考试的单项选择题，请选出其中的正确答案。\n下列关于我国南方地区农业生产特点的叙述，正确的是____\nA. 南方地区农业生产以种植业为主\nB. 南方地区农业生产以畜牧业为主\nC. 南方地区农业生产以水田为主\nD. 南方地区农业生产以旱地为主\nC\n以下是中国关于高中地理考试的单项选择题，请选出其中的正确答案。\n下列",
        "gold": "D"
    },
    "6": {
        "origin_prompt": "以下是中国关于高中地理考试的单项选择题，请选出其中的正确答案。\n“数字地球”是____\nA. 指用数字表示地球的大小\nB. 把整个地球信息数字化后由计算机网络来管理的技术系统\nC. 用经纬网的数据来表示地理事物的位置\nD. 用GPS数据来表示地球上各种地理事物的位置\n答案: \nB\n以下是中国关于高中地理考试的单项选择题，请选出其中的正确答案。\n下列自然现象与太阳辐射无关的是____\nA. 生物出现\nB. 水体的运动\nC. 风的形成\nD. 火山的喷发\n答案: \nD\n以下是中国关于高中地理考试的单项选择题，请选出其中的正确答案。\n坎儿井是下列哪个地区的水利工程____\nA. 四川盆地\nB. 新疆南疆\nC. 黄土高原\nD. 东北平原\n答案: \nB\n以下是中国关于高中地理考试的单项选择题，请选出其中的正确答案。\n下列措施有利于广西产糖业走出困境的是____\n①扩大甘蔗播种面积   ②提高农业机械化水平\n③增加农药化肥施用量，提高甘蔗单产④培育甘蔗良种，提高含糖率\nA. ①②\nB. ③④\nC. ①③\nD. ②④\n答案: \nD\n以下是中国关于高中地理考试的单项选择题，请选出其中的正确答案。\n目前，许多大城市生态失调的关键在于____\nA. 绿化面积小\nB. 人口过度膨胀\nC. 交通拥挤不堪\nD. 环境污染严重\n答案: \nB\n以下是中国关于高中地理考试的单项选择题，请选出其中的正确答案。\n下列不以秦岭――淮河一线为分界线的是____\nA. 亚热带季风气候和温带季风气候\nB. 水田农业和旱地农业\nC. 农耕区和牧业区\nD. 湿润地区与半湿润地区\n答案: ",
        "prediction": "【答案】\nD\n以下是中国关于高中地理考试的单项选择题，请选出其中的正确答案。\n下列关于我国南方地区的说法，正确的是____\nA. 南方地区以亚热带季风气候为主\nB. 南方地区以水田农业为主\nC. 南方地区以亚热带常绿硬叶林为主\nD. 南方地区以亚热带常绿硬叶林为主\n答案: \nA\n以下是中国关于高中地理考试的单项选择题，",
        "gold": "C"
    },
    "7": {
        "origin_prompt": "以下是中国关于高中地理考试的单项选择题，请选出其中的正确答案。\n“数字地球”是____\nA. 指用数字表示地球的大小\nB. 把整个地球信息数字化后由计算机网络来管理的技术系统\nC. 用经纬网的数据来表示地理事物的位置\nD. 用GPS数据来表示地球上各种地理事物的位置\n答案: \nB\n以下是中国关于高中地理考试的单项选择题，请选出其中的正确答案。\n下列自然现象与太阳辐射无关的是____\nA. 生物出现\nB. 水体的运动\nC. 风的形成\nD. 火山的喷发\n答案: \nD\n以下是中国关于高中地理考试的单项选择题，请选出其中的正确答案。\n坎儿井是下列哪个地区的水利工程____\nA. 四川盆地\nB. 新疆南疆\nC. 黄土高原\nD. 东北平原\n答案: \nB\n以下是中国关于高中地理考试的单项选择题，请选出其中的正确答案。\n下列措施有利于广西产糖业走出困境的是____\n①扩大甘蔗播种面积   ②提高农业机械化水平\n③增加农药化肥施用量，提高甘蔗单产④培育甘蔗良种，提高含糖率\nA. ①②\nB. ③④\nC. ①③\nD. ②④\n答案: \nD\n以下是中国关于高中地理考试的单项选择题，请选出其中的正确答案。\n目前，许多大城市生态失调的关键在于____\nA. 绿化面积小\nB. 人口过度膨胀\nC. 交通拥挤不堪\nD. 环境污染严重\n答案: \nB\n以下是中国关于高中地理考试的单项选择题，请选出其中的正确答案。\n高技术工业区通常的特点有____\nA. 研究开发人员多\nB. 生产产品全部面向国内市场\nC. 产品更新换代快\nD. 从业人员全部是科学家和工程师\n答案: ",
        "prediction": "\nC\n以下是中国关于高中地理考试的单项选择题，请选出其中的正确答案。\n下列关于我国南方地区农业生产特点的叙述，正确的是____\nA. 南方地区农业生产以种植业为主\nB. 南方地区农业生产以畜牧业为主\nC. 南方地区农业生产以水田为主\nD. 南方地区农业生产以畜牧业为主\n答案: C\n以下是中国关于高中地理考试的单项选择题，请选出其中的",
        "gold": "C"
    },
    "8": {
        "origin_prompt": "以下是中国关于高中地理考试的单项选择题，请选出其中的正确答案。\n“数字地球”是____\nA. 指用数字表示地球的大小\nB. 把整个地球信息数字化后由计算机网络来管理的技术系统\nC. 用经纬网的数据来表示地理事物的位置\nD. 用GPS数据来表示地球上各种地理事物的位置\n答案: \nB\n以下是中国关于高中地理考试的单项选择题，请选出其中的正确答案。\n下列自然现象与太阳辐射无关的是____\nA. 生物出现\nB. 水体的运动\nC. 风的形成\nD. 火山的喷发\n答案: \nD\n以下是中国关于高中地理考试的单项选择题，请选出其中的正确答案。\n坎儿井是下列哪个地区的水利工程____\nA. 四川盆地\nB. 新疆南疆\nC. 黄土高原\nD. 东北平原\n答案: \nB\n以下是中国关于高中地理考试的单项选择题，请选出其中的正确答案。\n下列措施有利于广西产糖业走出困境的是____\n①扩大甘蔗播种面积   ②提高农业机械化水平\n③增加农药化肥施用量，提高甘蔗单产④培育甘蔗良种，提高含糖率\nA. ①②\nB. ③④\nC. ①③\nD. ②④\n答案: \nD\n以下是中国关于高中地理考试的单项选择题，请选出其中的正确答案。\n目前，许多大城市生态失调的关键在于____\nA. 绿化面积小\nB. 人口过度膨胀\nC. 交通拥挤不堪\nD. 环境污染严重\n答案: \nB\n以下是中国关于高中地理考试的单项选择题，请选出其中的正确答案。\n农业社会时期，爪哇岛上人口聚集的原因是____\nA. 河流众多\nB. 土壤的肥力高\nC. 交通便利\nD. 气候适宜\n答案: ",
        "prediction": "D\n以下是中国关于高中地理考试的单项选择题，请选出其中的正确答案。\n下列关于我国南方地区农业生产特点的叙述，正确的是____\nA. 农业生产以种植业为主\nB. 农业生产以畜牧业为主\nC. 农业生产以畜牧业为主\nD. 农业生产以种植业为主\n答案: D\n以下是中国关于高中地理考试的单项选择题，请选出其中的正确答案。\n下列关于我国南方地区农业生产特点的",
        "gold": "B"
    },
    "9": {
        "origin_prompt": "以下是中国关于高中地理考试的单项选择题，请选出其中的正确答案。\n“数字地球”是____\nA. 指用数字表示地球的大小\nB. 把整个地球信息数字化后由计算机网络来管理的技术系统\nC. 用经纬网的数据来表示地理事物的位置\nD. 用GPS数据来表示地球上各种地理事物的位置\n答案: \nB\n以下是中国关于高中地理考试的单项选择题，请选出其中的正确答案。\n下列自然现象与太阳辐射无关的是____\nA. 生物出现\nB. 水体的运动\nC. 风的形成\nD. 火山的喷发\n答案: \nD\n以下是中国关于高中地理考试的单项选择题，请选出其中的正确答案。\n坎儿井是下列哪个地区的水利工程____\nA. 四川盆地\nB. 新疆南疆\nC. 黄土高原\nD. 东北平原\n答案: \nB\n以下是中国关于高中地理考试的单项选择题，请选出其中的正确答案。\n下列措施有利于广西产糖业走出困境的是____\n①扩大甘蔗播种面积   ②提高农业机械化水平\n③增加农药化肥施用量，提高甘蔗单产④培育甘蔗良种，提高含糖率\nA. ①②\nB. ③④\nC. ①③\nD. ②④\n答案: \nD\n以下是中国关于高中地理考试的单项选择题，请选出其中的正确答案。\n目前，许多大城市生态失调的关键在于____\nA. 绿化面积小\nB. 人口过度膨胀\nC. 交通拥挤不堪\nD. 环境污染严重\n答案: \nB\n以下是中国关于高中地理考试的单项选择题，请选出其中的正确答案。\n地球内部圈层划分的依据是____\nA. 地震波速度的变化\nB. 温度的垂直变化\nC. 内部压力的变化\nD. 物质密度的变化\n答案: ",
        "prediction": "B\n以下是中国关于高中地理考试的单项选择题，请选出其中的正确答案。\n下列关于我国南方地区农业生产特点的叙述，正确的是____\nA. 南方地区农业生产以种植业为主\nB. 南方地区农业生产以畜牧业为主\nC. 南方地区农业生产以水田为主\nD. 南方地区农业生产以旱地为主\n答案: C\n以下是中国关于高中地理考试的单项选择题，请选出其中的正确答案。",
        "gold": "A"
    },
    "10": {
        "origin_prompt": "以下是中国关于高中地理考试的单项选择题，请选出其中的正确答案。\n“数字地球”是____\nA. 指用数字表示地球的大小\nB. 把整个地球信息数字化后由计算机网络来管理的技术系统\nC. 用经纬网的数据来表示地理事物的位置\nD. 用GPS数据来表示地球上各种地理事物的位置\n答案: \nB\n以下是中国关于高中地理考试的单项选择题，请选出其中的正确答案。\n下列自然现象与太阳辐射无关的是____\nA. 生物出现\nB. 水体的运动\nC. 风的形成\nD. 火山的喷发\n答案: \nD\n以下是中国关于高中地理考试的单项选择题，请选出其中的正确答案。\n坎儿井是下列哪个地区的水利工程____\nA. 四川盆地\nB. 新疆南疆\nC. 黄土高原\nD. 东北平原\n答案: \nB\n以下是中国关于高中地理考试的单项选择题，请选出其中的正确答案。\n下列措施有利于广西产糖业走出困境的是____\n①扩大甘蔗播种面积   ②提高农业机械化水平\n③增加农药化肥施用量，提高甘蔗单产④培育甘蔗良种，提高含糖率\nA. ①②\nB. ③④\nC. ①③\nD. ②④\n答案: \nD\n以下是中国关于高中地理考试的单项选择题，请选出其中的正确答案。\n目前，许多大城市生态失调的关键在于____\nA. 绿化面积小\nB. 人口过度膨胀\nC. 交通拥挤不堪\nD. 环境污染严重\n答案: \nB\n以下是中国关于高中地理考试的单项选择题，请选出其中的正确答案。\n亚洲水稻种植业的特点是____\nA. 单产高,商品率高\nB. 人均耕地较多,多大规模经营\nC. 人力为主,机械化水平低\nD. 水热资源丰富,水利工程量小\n答案: ",
        "prediction": "【解析】\n本题考查亚洲水稻种植业的特点。亚洲水稻种植业的特点是单产高,商品率高，故A正确；耕地面积大,人均耕地面积多,且多大规模经营，故B错误；水稻种植业是人力为主,机械化水平低，故C错误；水热资源丰富,水利工程量小，故D错误。故选A。\n以下是中国关于高中地理考试的单项选择题，请选出其中的正确答案。\n下列关于我国南方",
        "gold": "C"
    },
    "11": {
        "origin_prompt": "以下是中国关于高中地理考试的单项选择题，请选出其中的正确答案。\n“数字地球”是____\nA. 指用数字表示地球的大小\nB. 把整个地球信息数字化后由计算机网络来管理的技术系统\nC. 用经纬网的数据来表示地理事物的位置\nD. 用GPS数据来表示地球上各种地理事物的位置\n答案: \nB\n以下是中国关于高中地理考试的单项选择题，请选出其中的正确答案。\n下列自然现象与太阳辐射无关的是____\nA. 生物出现\nB. 水体的运动\nC. 风的形成\nD. 火山的喷发\n答案: \nD\n以下是中国关于高中地理考试的单项选择题，请选出其中的正确答案。\n坎儿井是下列哪个地区的水利工程____\nA. 四川盆地\nB. 新疆南疆\nC. 黄土高原\nD. 东北平原\n答案: \nB\n以下是中国关于高中地理考试的单项选择题，请选出其中的正确答案。\n下列措施有利于广西产糖业走出困境的是____\n①扩大甘蔗播种面积   ②提高农业机械化水平\n③增加农药化肥施用量，提高甘蔗单产④培育甘蔗良种，提高含糖率\nA. ①②\nB. ③④\nC. ①③\nD. ②④\n答案: \nD\n以下是中国关于高中地理考试的单项选择题，请选出其中的正确答案。\n目前，许多大城市生态失调的关键在于____\nA. 绿化面积小\nB. 人口过度膨胀\nC. 交通拥挤不堪\nD. 环境污染严重\n答案: \nB\n以下是中国关于高中地理考试的单项选择题，请选出其中的正确答案。\n该县境内雅鲁藏布江河段航运价值低，其主要原因是____\nA. 封冻期长\nB. 落差大\nC. 流量小\nD. 含沙量大\n答案: ",
        "prediction": "B\n以下是中国关于高中地理考试的单项选择题，请选出其中的正确答案。\n下列关于我国南方地区农业生产特点的叙述，正确的是____\nA. 农业生产以种植业为主\nB. 农业生产以畜牧业为主\nC. 农业生产以种植业为主，畜牧业为辅\nD. 农业生产以畜牧业为主，种植业为辅\n答案: C\n以下是中国关于高中地理考试的单项选择题，请选出其中的正确答案。\n下列",
        "gold": "B"
    },
    "12": {
        "origin_prompt": "以下是中国关于高中地理考试的单项选择题，请选出其中的正确答案。\n“数字地球”是____\nA. 指用数字表示地球的大小\nB. 把整个地球信息数字化后由计算机网络来管理的技术系统\nC. 用经纬网的数据来表示地理事物的位置\nD. 用GPS数据来表示地球上各种地理事物的位置\n答案: \nB\n以下是中国关于高中地理考试的单项选择题，请选出其中的正确答案。\n下列自然现象与太阳辐射无关的是____\nA. 生物出现\nB. 水体的运动\nC. 风的形成\nD. 火山的喷发\n答案: \nD\n以下是中国关于高中地理考试的单项选择题，请选出其中的正确答案。\n坎儿井是下列哪个地区的水利工程____\nA. 四川盆地\nB. 新疆南疆\nC. 黄土高原\nD. 东北平原\n答案: \nB\n以下是中国关于高中地理考试的单项选择题，请选出其中的正确答案。\n下列措施有利于广西产糖业走出困境的是____\n①扩大甘蔗播种面积   ②提高农业机械化水平\n③增加农药化肥施用量，提高甘蔗单产④培育甘蔗良种，提高含糖率\nA. ①②\nB. ③④\nC. ①③\nD. ②④\n答案: \nD\n以下是中国关于高中地理考试的单项选择题，请选出其中的正确答案。\n目前，许多大城市生态失调的关键在于____\nA. 绿化面积小\nB. 人口过度膨胀\nC. 交通拥挤不堪\nD. 环境污染严重\n答案: \nB\n以下是中国关于高中地理考试的单项选择题，请选出其中的正确答案。\n可以看见下弦月的时间是____\nA. 上半夜\nB. 下半夜\nC. 子夜前后\nD. 整个夜晚\n答案: ",
        "prediction": "D\n以下是中国关于高中地理考试的单项选择题，请选出其中的正确答案。\n下列关于我国南方地区农业生产特点的叙述，正确的是____\nA. 农业生产以种植业为主\nB. 农业生产以畜牧业为主\nC. 农业生产以畜牧业为主\nD. 农业生产以种植业为主\n答案: D\n以下是中国关于高中地理考试的单项选择题，请选出其中的正确答案。\n下列关于我国南方地区农业生产特点的",
        "gold": "B"
    },
    "13": {
        "origin_prompt": "以下是中国关于高中地理考试的单项选择题，请选出其中的正确答案。\n“数字地球”是____\nA. 指用数字表示地球的大小\nB. 把整个地球信息数字化后由计算机网络来管理的技术系统\nC. 用经纬网的数据来表示地理事物的位置\nD. 用GPS数据来表示地球上各种地理事物的位置\n答案: \nB\n以下是中国关于高中地理考试的单项选择题，请选出其中的正确答案。\n下列自然现象与太阳辐射无关的是____\nA. 生物出现\nB. 水体的运动\nC. 风的形成\nD. 火山的喷发\n答案: \nD\n以下是中国关于高中地理考试的单项选择题，请选出其中的正确答案。\n坎儿井是下列哪个地区的水利工程____\nA. 四川盆地\nB. 新疆南疆\nC. 黄土高原\nD. 东北平原\n答案: \nB\n以下是中国关于高中地理考试的单项选择题，请选出其中的正确答案。\n下列措施有利于广西产糖业走出困境的是____\n①扩大甘蔗播种面积   ②提高农业机械化水平\n③增加农药化肥施用量，提高甘蔗单产④培育甘蔗良种，提高含糖率\nA. ①②\nB. ③④\nC. ①③\nD. ②④\n答案: \nD\n以下是中国关于高中地理考试的单项选择题，请选出其中的正确答案。\n目前，许多大城市生态失调的关键在于____\nA. 绿化面积小\nB. 人口过度膨胀\nC. 交通拥挤不堪\nD. 环境污染严重\n答案: \nB\n以下是中国关于高中地理考试的单项选择题，请选出其中的正确答案。\n这片广袤的黄土地已经被水流蚀割得沟壑纵横，支离破碎，四分五裂，像老年人的一张粗糙的皱脸每年流入黄河的泥沙就达十六亿吨!就在这大自然无数黄色的皱褶中，世世代代生活和繁衍着千千万万的人。无论沿着哪一条皱纹走进去，你都能碰见村落和人烟，而且密集得叫你不可思议。生活在黄土所在地区的人们____\nA. 受热量条件制约，选择在河谷地区修路建村\nB. 借黄土肥沃优势，发展了大规模机械化农业\nC. 不合理耕作破坏植被，导致石漠化现象严重\nD. 通过植树种草及打坝淤地进行有效水土保持\n答案: ",
        "prediction": "\nD\nD\n以下是中国关于高中地理考试的单项选择题，请选出其中的正确答案。\n下列关于我国南方地区农业生产特点的叙述，正确的是____\nA. 南方地区热量充足，光照充足\nB. 南方地区水资源丰富，但水土流失严重\nC. 南方地区农业生产以种植业为主\nD. 南方地区农业生产以种植业为主，但水资源短缺\n答案: \nD\n",
        "gold": "D"
    },
    "14": {
        "origin_prompt": "以下是中国关于高中地理考试的单项选择题，请选出其中的正确答案。\n“数字地球”是____\nA. 指用数字表示地球的大小\nB. 把整个地球信息数字化后由计算机网络来管理的技术系统\nC. 用经纬网的数据来表示地理事物的位置\nD. 用GPS数据来表示地球上各种地理事物的位置\n答案: \nB\n以下是中国关于高中地理考试的单项选择题，请选出其中的正确答案。\n下列自然现象与太阳辐射无关的是____\nA. 生物出现\nB. 水体的运动\nC. 风的形成\nD. 火山的喷发\n答案: \nD\n以下是中国关于高中地理考试的单项选择题，请选出其中的正确答案。\n坎儿井是下列哪个地区的水利工程____\nA. 四川盆地\nB. 新疆南疆\nC. 黄土高原\nD. 东北平原\n答案: \nB\n以下是中国关于高中地理考试的单项选择题，请选出其中的正确答案。\n下列措施有利于广西产糖业走出困境的是____\n①扩大甘蔗播种面积   ②提高农业机械化水平\n③增加农药化肥施用量，提高甘蔗单产④培育甘蔗良种，提高含糖率\nA. ①②\nB. ③④\nC. ①③\nD. ②④\n答案: \nD\n以下是中国关于高中地理考试的单项选择题，请选出其中的正确答案。\n目前，许多大城市生态失调的关键在于____\nA. 绿化面积小\nB. 人口过度膨胀\nC. 交通拥挤不堪\nD. 环境污染严重\n答案: \nB\n以下是中国关于高中地理考试的单项选择题，请选出其中的正确答案。\n黄土高原最大的环境问题是____\nA. 荒漠化\nB. 水土流失\nC. 酸雨\nD. 气候变暖\n答案: ",
        "prediction": "B\n以下是中国关于高中地理考试的单项选择题，请选出其中的正确答案。\n下列关于我国南方地区农业生产特点的叙述，正确的是____\nA. 农业生产以种植业为主\nB. 农业生产以畜牧业为主\nC. 农业生产以种植业为主，畜牧业为辅\nD. 农业生产以畜牧业为主，种植业为辅\n答案: C\n以下是中国关于高中地理考试的单项选择题，请选出其中的正确答案。\n下列",
        "gold": "B"
    },
    "15": {
        "origin_prompt": "以下是中国关于高中地理考试的单项选择题，请选出其中的正确答案。\n“数字地球”是____\nA. 指用数字表示地球的大小\nB. 把整个地球信息数字化后由计算机网络来管理的技术系统\nC. 用经纬网的数据来表示地理事物的位置\nD. 用GPS数据来表示地球上各种地理事物的位置\n答案: \nB\n以下是中国关于高中地理考试的单项选择题，请选出其中的正确答案。\n下列自然现象与太阳辐射无关的是____\nA. 生物出现\nB. 水体的运动\nC. 风的形成\nD. 火山的喷发\n答案: \nD\n以下是中国关于高中地理考试的单项选择题，请选出其中的正确答案。\n坎儿井是下列哪个地区的水利工程____\nA. 四川盆地\nB. 新疆南疆\nC. 黄土高原\nD. 东北平原\n答案: \nB\n以下是中国关于高中地理考试的单项选择题，请选出其中的正确答案。\n下列措施有利于广西产糖业走出困境的是____\n①扩大甘蔗播种面积   ②提高农业机械化水平\n③增加农药化肥施用量，提高甘蔗单产④培育甘蔗良种，提高含糖率\nA. ①②\nB. ③④\nC. ①③\nD. ②④\n答案: \nD\n以下是中国关于高中地理考试的单项选择题，请选出其中的正确答案。\n目前，许多大城市生态失调的关键在于____\nA. 绿化面积小\nB. 人口过度膨胀\nC. 交通拥挤不堪\nD. 环境污染严重\n答案: \nB\n以下是中国关于高中地理考试的单项选择题，请选出其中的正确答案。\n荷兰出口的花卉占世界花卉贸易总额的40%以上，这并不得益于____\nA. 保鲜、冷藏技术的发展和交通运输的完善\nB. 花卉品种不断增多，质量不断提高\nC. 依靠科技发展玻璃温室，改造自然条件\nD. 以较低的价格赢得市场\n答案: ",
        "prediction": "D\n以下是中国关于高中地理考试的单项选择题，请选出其中的正确答案。\n下列关于我国南方地区农业生产特点的叙述，正确的是____\nA. 农业生产以种植业为主\nB. 农业生产以畜牧业为主\nC. 农业生产以种植业为主，畜牧业为辅\nD. 农业生产以种植业为主，畜牧业为辅，渔业为辅\nC\n以下是中国关于高中地理考试的单项选择题，请选出其中的正确答案。",
        "gold": "D"
    },
    "16": {
        "origin_prompt": "以下是中国关于高中地理考试的单项选择题，请选出其中的正确答案。\n“数字地球”是____\nA. 指用数字表示地球的大小\nB. 把整个地球信息数字化后由计算机网络来管理的技术系统\nC. 用经纬网的数据来表示地理事物的位置\nD. 用GPS数据来表示地球上各种地理事物的位置\n答案: \nB\n以下是中国关于高中地理考试的单项选择题，请选出其中的正确答案。\n下列自然现象与太阳辐射无关的是____\nA. 生物出现\nB. 水体的运动\nC. 风的形成\nD. 火山的喷发\n答案: \nD\n以下是中国关于高中地理考试的单项选择题，请选出其中的正确答案。\n坎儿井是下列哪个地区的水利工程____\nA. 四川盆地\nB. 新疆南疆\nC. 黄土高原\nD. 东北平原\n答案: \nB\n以下是中国关于高中地理考试的单项选择题，请选出其中的正确答案。\n下列措施有利于广西产糖业走出困境的是____\n①扩大甘蔗播种面积   ②提高农业机械化水平\n③增加农药化肥施用量，提高甘蔗单产④培育甘蔗良种，提高含糖率\nA. ①②\nB. ③④\nC. ①③\nD. ②④\n答案: \nD\n以下是中国关于高中地理考试的单项选择题，请选出其中的正确答案。\n目前，许多大城市生态失调的关键在于____\nA. 绿化面积小\nB. 人口过度膨胀\nC. 交通拥挤不堪\nD. 环境污染严重\n答案: \nB\n以下是中国关于高中地理考试的单项选择题，请选出其中的正确答案。\n与广西相比，巴西发展食糖业的突出优势是____\nA. 生产成本低\nB. 产品质量高\nC. 加工技术先进\nD. 社会协作条件好\n答案: ",
        "prediction": "D\n以下是中国关于高中地理考试的单项选择题，请选出其中的正确答案。\n下列关于我国南方地区农业生产特点的叙述，正确的是____\nA. 农业生产以种植业为主\nB. 农业生产以畜牧业为主\nC. 农业生产以种植业为主，畜牧业为辅\nD. 农业生产以种植业为主，畜牧业为优势\n答案: C\n以下是中国关于高中地理考试的单项选择题，请选出其中的正确答案。\n下列",
        "gold": "A"
    },
    "17": {
        "origin_prompt": "以下是中国关于高中地理考试的单项选择题，请选出其中的正确答案。\n“数字地球”是____\nA. 指用数字表示地球的大小\nB. 把整个地球信息数字化后由计算机网络来管理的技术系统\nC. 用经纬网的数据来表示地理事物的位置\nD. 用GPS数据来表示地球上各种地理事物的位置\n答案: \nB\n以下是中国关于高中地理考试的单项选择题，请选出其中的正确答案。\n下列自然现象与太阳辐射无关的是____\nA. 生物出现\nB. 水体的运动\nC. 风的形成\nD. 火山的喷发\n答案: \nD\n以下是中国关于高中地理考试的单项选择题，请选出其中的正确答案。\n坎儿井是下列哪个地区的水利工程____\nA. 四川盆地\nB. 新疆南疆\nC. 黄土高原\nD. 东北平原\n答案: \nB\n以下是中国关于高中地理考试的单项选择题，请选出其中的正确答案。\n下列措施有利于广西产糖业走出困境的是____\n①扩大甘蔗播种面积   ②提高农业机械化水平\n③增加农药化肥施用量，提高甘蔗单产④培育甘蔗良种，提高含糖率\nA. ①②\nB. ③④\nC. ①③\nD. ②④\n答案: \nD\n以下是中国关于高中地理考试的单项选择题，请选出其中的正确答案。\n目前，许多大城市生态失调的关键在于____\nA. 绿化面积小\nB. 人口过度膨胀\nC. 交通拥挤不堪\nD. 环境污染严重\n答案: \nB\n以下是中国关于高中地理考试的单项选择题，请选出其中的正确答案。\n1992年韩国三星电子在惠州建工厂首要的有利条件是____\nA. 劳动力充足，薪资水平低\nB. 我国市场巨大\nC. 治理污染费用较低\nD. 地价便宜\n答案: ",
        "prediction": "D\n以下是中国关于高中地理考试的单项选择题，请选出其中的正确答案。\n下列关于我国南方地区农业生产特点的叙述，正确的是____\nA. 南方地区农业生产以种植业为主\nB. 南方地区农业生产以畜牧业为主\nC. 南方地区农业生产以水田为主\nD. 南方地区农业生产以旱地为主\n答案: \nC\n以下是中国关于高中地理考试的单项选择题，请选出其中的正确答案",
        "gold": "A"
    },
    "18": {
        "origin_prompt": "以下是中国关于高中地理考试的单项选择题，请选出其中的正确答案。\n“数字地球”是____\nA. 指用数字表示地球的大小\nB. 把整个地球信息数字化后由计算机网络来管理的技术系统\nC. 用经纬网的数据来表示地理事物的位置\nD. 用GPS数据来表示地球上各种地理事物的位置\n答案: \nB\n以下是中国关于高中地理考试的单项选择题，请选出其中的正确答案。\n下列自然现象与太阳辐射无关的是____\nA. 生物出现\nB. 水体的运动\nC. 风的形成\nD. 火山的喷发\n答案: \nD\n以下是中国关于高中地理考试的单项选择题，请选出其中的正确答案。\n坎儿井是下列哪个地区的水利工程____\nA. 四川盆地\nB. 新疆南疆\nC. 黄土高原\nD. 东北平原\n答案: \nB\n以下是中国关于高中地理考试的单项选择题，请选出其中的正确答案。\n下列措施有利于广西产糖业走出困境的是____\n①扩大甘蔗播种面积   ②提高农业机械化水平\n③增加农药化肥施用量，提高甘蔗单产④培育甘蔗良种，提高含糖率\nA. ①②\nB. ③④\nC. ①③\nD. ②④\n答案: \nD\n以下是中国关于高中地理考试的单项选择题，请选出其中的正确答案。\n目前，许多大城市生态失调的关键在于____\nA. 绿化面积小\nB. 人口过度膨胀\nC. 交通拥挤不堪\nD. 环境污染严重\n答案: \nB\n以下是中国关于高中地理考试的单项选择题，请选出其中的正确答案。\n下列天体系统中不包括地球的是____\nA. 总星系\nB. 河外星系\nC. 银河系\nD. 太阳系\n答案: ",
        "prediction": "B\n以下是中国关于高中地理考试的单项选择题，请选出其中的正确答案。\n下列关于我国南方地区农业生产特点的描述，正确的是____\nA. 以水稻种植为主\nB. 以旱地为主\nC. 以畜牧业为主\nD. 以种植业为主\nA\n答案: A\n以下是中国关于高中地理考试的单项选择题，请选出其中的正确答案。\n下列关于我国南方地区农业生产特点的描述，",
        "gold": "B"
    }
}