{
    "0": {
        "origin_prompt": "以下是中国关于高中生物考试的单项选择题，请选出其中的正确答案。\n某池塘生态系统的一条食物链为：浮游植物→浮游动物→鱼→水鸟。假如水鸟只依靠吃鱼来增加体重，那么每增加体重1千克，至少该生态系统内的浮游植物的量为____\nA. 50千克\nB. 125千克\nC. 625千克\nD. 1000千克\n答案: \nB\n以下是中国关于高中生物考试的单项选择题，请选出其中的正确答案。\nE47是人工合成的，由47个核苷酸组成的单链DNA分子，它可以催化两个DNA片段之间的连接。下列有关E47的分析，错误的是____\nA. A与T的比例不一定相等\nB. 具有双螺旋结构\nC. 具有酶的功能\nD. 碱基序列决定其特异性\n答案: \nB\n以下是中国关于高中生物考试的单项选择题，请选出其中的正确答案。\n在减数分裂的第一次分裂过程中，不出现的变化是____\nA. 形成四分体\nB. 非同源染色体的自由组合\nC. 同源染色体分离\nD. 着丝点一分为二\n答案: \nD\n以下是中国关于高中生物考试的单项选择题，请选出其中的正确答案。\n如果DNA分子上某一片段是基因，则该片段____\n\t①携带遗传信息\t②上面有密码子\t③能转录产生mRNA\n\t④能进入核糖体\t⑤能运载氨基酸\t⑥能控制蛋白质的合成\nA. ①③⑤\nB. ②④⑥\nC. ①③⑥\nD. ②④⑤\n答案: \nC\n以下是中国关于高中生物考试的单项选择题，请选出其中的正确答案。\n气孔关闭会导致光合作用效率下降，其表现在____\nA. 水光解产生［H］的量不足\nB. 光反应中产生的ATP数量减少\nC. 暗反应过程中还原剂的数量不足\nD. 暗反应过程中产生的三碳化合物数量减少\n答案: \nD\n以下是中国关于高中生物考试的单项选择题，请选出其中的正确答案。\n下列叙述中最符合自由水生理功能的是:____\nA. 运输营养物质和代谢废物\nB. 与细胞内的其他物质结合\nC. 作为溶剂，使无机盐成为离子状态\nD. 细胞结构的组成成分\n答案: ",
        "prediction": "D\n以下是中国关于高中生物考试的单项选择题，请选出其中的正确答案。\n下列关于细胞内蛋白质合成的叙述，错误的是：____\nA. 基因的表达产物是蛋白质\nB. 基因的表达产物是RNA\nC. 基因的表达产物是蛋白质和RNA\nD. 基因的表达产物是蛋白质和RNA，其中RNA是mRNA、tRNA和rRNA\n答案: \nD\n以下是中国关于高中生物考试的",
        "gold": "A"
    },
    "1": {
        "origin_prompt": "以下是中国关于高中生物考试的单项选择题，请选出其中的正确答案。\n某池塘生态系统的一条食物链为：浮游植物→浮游动物→鱼→水鸟。假如水鸟只依靠吃鱼来增加体重，那么每增加体重1千克，至少该生态系统内的浮游植物的量为____\nA. 50千克\nB. 125千克\nC. 625千克\nD. 1000千克\n答案: \nB\n以下是中国关于高中生物考试的单项选择题，请选出其中的正确答案。\nE47是人工合成的，由47个核苷酸组成的单链DNA分子，它可以催化两个DNA片段之间的连接。下列有关E47的分析，错误的是____\nA. A与T的比例不一定相等\nB. 具有双螺旋结构\nC. 具有酶的功能\nD. 碱基序列决定其特异性\n答案: \nB\n以下是中国关于高中生物考试的单项选择题，请选出其中的正确答案。\n在减数分裂的第一次分裂过程中，不出现的变化是____\nA. 形成四分体\nB. 非同源染色体的自由组合\nC. 同源染色体分离\nD. 着丝点一分为二\n答案: \nD\n以下是中国关于高中生物考试的单项选择题，请选出其中的正确答案。\n如果DNA分子上某一片段是基因，则该片段____\n\t①携带遗传信息\t②上面有密码子\t③能转录产生mRNA\n\t④能进入核糖体\t⑤能运载氨基酸\t⑥能控制蛋白质的合成\nA. ①③⑤\nB. ②④⑥\nC. ①③⑥\nD. ②④⑤\n答案: \nC\n以下是中国关于高中生物考试的单项选择题，请选出其中的正确答案。\n气孔关闭会导致光合作用效率下降，其表现在____\nA. 水光解产生［H］的量不足\nB. 光反应中产生的ATP数量减少\nC. 暗反应过程中还原剂的数量不足\nD. 暗反应过程中产生的三碳化合物数量减少\n答案: \nD\n以下是中国关于高中生物考试的单项选择题，请选出其中的正确答案。\n下列有关生物膜系统的叙述中，正确的是____\nA. 细胞膜、小肠黏膜等都属于细胞的生物膜系统\nB. 所有的酶都附着在生物膜上\nC. 分泌蛋白合成和运输过程中，内质网膜面积减小，细胞膜的面积增大\nD. 生物膜的组成成分和结构都是一样的\n答案: ",
        "prediction": "\nA\nA\n以下是中国关于高中生物考试的单项选择题，请选出其中的正确答案。\n下列关于细胞器功能的叙述，错误的是____\nA. 核糖体是合成蛋白质的场所\nB. 内质网是细胞内蛋白质加工、分类和包装的场所\nC. 高尔基体是细胞内蛋白质加工、分类和包装的场所\nD. 线粒体是细胞内进行有氧呼吸的主要场所\n答案",
        "gold": "C"
    },
    "2": {
        "origin_prompt": "以下是中国关于高中生物考试的单项选择题，请选出其中的正确答案。\n某池塘生态系统的一条食物链为：浮游植物→浮游动物→鱼→水鸟。假如水鸟只依靠吃鱼来增加体重，那么每增加体重1千克，至少该生态系统内的浮游植物的量为____\nA. 50千克\nB. 125千克\nC. 625千克\nD. 1000千克\n答案: \nB\n以下是中国关于高中生物考试的单项选择题，请选出其中的正确答案。\nE47是人工合成的，由47个核苷酸组成的单链DNA分子，它可以催化两个DNA片段之间的连接。下列有关E47的分析，错误的是____\nA. A与T的比例不一定相等\nB. 具有双螺旋结构\nC. 具有酶的功能\nD. 碱基序列决定其特异性\n答案: \nB\n以下是中国关于高中生物考试的单项选择题，请选出其中的正确答案。\n在减数分裂的第一次分裂过程中，不出现的变化是____\nA. 形成四分体\nB. 非同源染色体的自由组合\nC. 同源染色体分离\nD. 着丝点一分为二\n答案: \nD\n以下是中国关于高中生物考试的单项选择题，请选出其中的正确答案。\n如果DNA分子上某一片段是基因，则该片段____\n\t①携带遗传信息\t②上面有密码子\t③能转录产生mRNA\n\t④能进入核糖体\t⑤能运载氨基酸\t⑥能控制蛋白质的合成\nA. ①③⑤\nB. ②④⑥\nC. ①③⑥\nD. ②④⑤\n答案: \nC\n以下是中国关于高中生物考试的单项选择题，请选出其中的正确答案。\n气孔关闭会导致光合作用效率下降，其表现在____\nA. 水光解产生［H］的量不足\nB. 光反应中产生的ATP数量减少\nC. 暗反应过程中还原剂的数量不足\nD. 暗反应过程中产生的三碳化合物数量减少\n答案: \nD\n以下是中国关于高中生物考试的单项选择题，请选出其中的正确答案。\nA（抗病）对a（不抗病），B（高杆）对b（矮杆），亲本为AAbb与aaBB，杂交后得到F1，对F1测交，子代中，矮杆抗病的个体的基因型为____\nA. AaBb\nB. Aabb\nC. AAbb\nD. aabb\n答案: ",
        "prediction": "D\n以下是中国关于高中生物考试的单项选择题，请选出其中的正确答案。\n在减数分裂过程中，同源染色体分离后，非同源染色体自由组合，导致基因重组，其结果是____\nA. 基因频率发生改变\nB. 染色体数目减少\nC. 基因型发生改变\nD. 基因型和表现型都发生改变\n答案: \nC\n以下是中国关于高中生物考试的单项选择题，请选出其中的正确",
        "gold": "B"
    },
    "3": {
        "origin_prompt": "以下是中国关于高中生物考试的单项选择题，请选出其中的正确答案。\n某池塘生态系统的一条食物链为：浮游植物→浮游动物→鱼→水鸟。假如水鸟只依靠吃鱼来增加体重，那么每增加体重1千克，至少该生态系统内的浮游植物的量为____\nA. 50千克\nB. 125千克\nC. 625千克\nD. 1000千克\n答案: \nB\n以下是中国关于高中生物考试的单项选择题，请选出其中的正确答案。\nE47是人工合成的，由47个核苷酸组成的单链DNA分子，它可以催化两个DNA片段之间的连接。下列有关E47的分析，错误的是____\nA. A与T的比例不一定相等\nB. 具有双螺旋结构\nC. 具有酶的功能\nD. 碱基序列决定其特异性\n答案: \nB\n以下是中国关于高中生物考试的单项选择题，请选出其中的正确答案。\n在减数分裂的第一次分裂过程中，不出现的变化是____\nA. 形成四分体\nB. 非同源染色体的自由组合\nC. 同源染色体分离\nD. 着丝点一分为二\n答案: \nD\n以下是中国关于高中生物考试的单项选择题，请选出其中的正确答案。\n如果DNA分子上某一片段是基因，则该片段____\n\t①携带遗传信息\t②上面有密码子\t③能转录产生mRNA\n\t④能进入核糖体\t⑤能运载氨基酸\t⑥能控制蛋白质的合成\nA. ①③⑤\nB. ②④⑥\nC. ①③⑥\nD. ②④⑤\n答案: \nC\n以下是中国关于高中生物考试的单项选择题，请选出其中的正确答案。\n气孔关闭会导致光合作用效率下降，其表现在____\nA. 水光解产生［H］的量不足\nB. 光反应中产生的ATP数量减少\nC. 暗反应过程中还原剂的数量不足\nD. 暗反应过程中产生的三碳化合物数量减少\n答案: \nD\n以下是中国关于高中生物考试的单项选择题，请选出其中的正确答案。\n在下列实例中，分别属于相对性状和性状分离的是____\n①羊的长角与短腿\n②水稻的非糯性和糯性\n③兔的粗毛和狗的细毛\n④高茎豌豆与矮茎豌豆杂交,后代全为高茎豌豆\n⑤开红花的牡丹与开白花的牡丹杂交,后代全开粉红花\n⑥白毛兔与白毛兔杂交后代中出现了灰毛兔\nA. ②⑥\nB. ②④\nC. ①⑤\nD. ③⑤\n答案: ",
        "prediction": "①⑤\n\n以下是中国关于高中生物考试的单项选择题，请选出其中的正确答案。\n在下列实例中，分别属于相对性状和性状分离的是____\n①羊的长角与短腿\n②水稻的非糯性和糯性\n③兔的粗毛和狗的细毛\n④高茎豌豆与矮茎豌豆杂交,后代全为高茎豌豆\n⑤开红花的牡丹与开白花的牡丹杂交,后代全开粉红花\n⑥白",
        "gold": "A"
    },
    "4": {
        "origin_prompt": "以下是中国关于高中生物考试的单项选择题，请选出其中的正确答案。\n某池塘生态系统的一条食物链为：浮游植物→浮游动物→鱼→水鸟。假如水鸟只依靠吃鱼来增加体重，那么每增加体重1千克，至少该生态系统内的浮游植物的量为____\nA. 50千克\nB. 125千克\nC. 625千克\nD. 1000千克\n答案: \nB\n以下是中国关于高中生物考试的单项选择题，请选出其中的正确答案。\nE47是人工合成的，由47个核苷酸组成的单链DNA分子，它可以催化两个DNA片段之间的连接。下列有关E47的分析，错误的是____\nA. A与T的比例不一定相等\nB. 具有双螺旋结构\nC. 具有酶的功能\nD. 碱基序列决定其特异性\n答案: \nB\n以下是中国关于高中生物考试的单项选择题，请选出其中的正确答案。\n在减数分裂的第一次分裂过程中，不出现的变化是____\nA. 形成四分体\nB. 非同源染色体的自由组合\nC. 同源染色体分离\nD. 着丝点一分为二\n答案: \nD\n以下是中国关于高中生物考试的单项选择题，请选出其中的正确答案。\n如果DNA分子上某一片段是基因，则该片段____\n\t①携带遗传信息\t②上面有密码子\t③能转录产生mRNA\n\t④能进入核糖体\t⑤能运载氨基酸\t⑥能控制蛋白质的合成\nA. ①③⑤\nB. ②④⑥\nC. ①③⑥\nD. ②④⑤\n答案: \nC\n以下是中国关于高中生物考试的单项选择题，请选出其中的正确答案。\n气孔关闭会导致光合作用效率下降，其表现在____\nA. 水光解产生［H］的量不足\nB. 光反应中产生的ATP数量减少\nC. 暗反应过程中还原剂的数量不足\nD. 暗反应过程中产生的三碳化合物数量减少\n答案: \nD\n以下是中国关于高中生物考试的单项选择题，请选出其中的正确答案。\n有关记忆细胞的叙述中，不正确的是____\nA. 受同一抗原刺激后，迅速形成大量的抗体\nB. 受同一抗原刺激后，迅速形成浆细胞\nC. 受同一抗原刺激后，迅速形成效应T细胞\nD. 是B细胞或T细胞增殖分化形成的\n答案: ",
        "prediction": "C\n以下是中国关于高中生物考试的单项选择题，请选出其中的正确答案。\n下列关于细胞分裂的叙述，错误的是____\nA. 分裂间期是细胞生长和分化的基础\nB. 分裂期包括前期、中期、后期和末期\nC. 分裂间期是细胞生长和分化的基础\nD. 分裂期包括前期、中期、后期和末期\n答案: \nD\n以下是中国关于高中生物考试的单项选择题",
        "gold": "A"
    },
    "5": {
        "origin_prompt": "以下是中国关于高中生物考试的单项选择题，请选出其中的正确答案。\n某池塘生态系统的一条食物链为：浮游植物→浮游动物→鱼→水鸟。假如水鸟只依靠吃鱼来增加体重，那么每增加体重1千克，至少该生态系统内的浮游植物的量为____\nA. 50千克\nB. 125千克\nC. 625千克\nD. 1000千克\n答案: \nB\n以下是中国关于高中生物考试的单项选择题，请选出其中的正确答案。\nE47是人工合成的，由47个核苷酸组成的单链DNA分子，它可以催化两个DNA片段之间的连接。下列有关E47的分析，错误的是____\nA. A与T的比例不一定相等\nB. 具有双螺旋结构\nC. 具有酶的功能\nD. 碱基序列决定其特异性\n答案: \nB\n以下是中国关于高中生物考试的单项选择题，请选出其中的正确答案。\n在减数分裂的第一次分裂过程中，不出现的变化是____\nA. 形成四分体\nB. 非同源染色体的自由组合\nC. 同源染色体分离\nD. 着丝点一分为二\n答案: \nD\n以下是中国关于高中生物考试的单项选择题，请选出其中的正确答案。\n如果DNA分子上某一片段是基因，则该片段____\n\t①携带遗传信息\t②上面有密码子\t③能转录产生mRNA\n\t④能进入核糖体\t⑤能运载氨基酸\t⑥能控制蛋白质的合成\nA. ①③⑤\nB. ②④⑥\nC. ①③⑥\nD. ②④⑤\n答案: \nC\n以下是中国关于高中生物考试的单项选择题，请选出其中的正确答案。\n气孔关闭会导致光合作用效率下降，其表现在____\nA. 水光解产生［H］的量不足\nB. 光反应中产生的ATP数量减少\nC. 暗反应过程中还原剂的数量不足\nD. 暗反应过程中产生的三碳化合物数量减少\n答案: \nD\n以下是中国关于高中生物考试的单项选择题，请选出其中的正确答案。\n下列关于生物育种的叙述，正确的是____\nA. 多倍体育种不能产生新物种\nB. 单倍体育种会产生定向变异\nC. 杂交育种的子代间会产生生殖隔离\nD. 诱变育种可改变种群基因频率\n答案: ",
        "prediction": "D\n以下是中国关于高中生物考试的单项选择题，请选出其中的正确答案。\n下列关于基因突变和基因重组的叙述，错误的是____\nA. 基因突变是生物进化的原始材料\nB. 基因重组是生物进化和遗传多样性的重要基础\nC. 基因突变和基因重组都是可遗传的\nD. 基因突变和基因重组都是自然选择的基础\n答案: \nD\n以下是中国关于高中生物考试的单项选择题",
        "gold": "D"
    },
    "6": {
        "origin_prompt": "以下是中国关于高中生物考试的单项选择题，请选出其中的正确答案。\n某池塘生态系统的一条食物链为：浮游植物→浮游动物→鱼→水鸟。假如水鸟只依靠吃鱼来增加体重，那么每增加体重1千克，至少该生态系统内的浮游植物的量为____\nA. 50千克\nB. 125千克\nC. 625千克\nD. 1000千克\n答案: \nB\n以下是中国关于高中生物考试的单项选择题，请选出其中的正确答案。\nE47是人工合成的，由47个核苷酸组成的单链DNA分子，它可以催化两个DNA片段之间的连接。下列有关E47的分析，错误的是____\nA. A与T的比例不一定相等\nB. 具有双螺旋结构\nC. 具有酶的功能\nD. 碱基序列决定其特异性\n答案: \nB\n以下是中国关于高中生物考试的单项选择题，请选出其中的正确答案。\n在减数分裂的第一次分裂过程中，不出现的变化是____\nA. 形成四分体\nB. 非同源染色体的自由组合\nC. 同源染色体分离\nD. 着丝点一分为二\n答案: \nD\n以下是中国关于高中生物考试的单项选择题，请选出其中的正确答案。\n如果DNA分子上某一片段是基因，则该片段____\n\t①携带遗传信息\t②上面有密码子\t③能转录产生mRNA\n\t④能进入核糖体\t⑤能运载氨基酸\t⑥能控制蛋白质的合成\nA. ①③⑤\nB. ②④⑥\nC. ①③⑥\nD. ②④⑤\n答案: \nC\n以下是中国关于高中生物考试的单项选择题，请选出其中的正确答案。\n气孔关闭会导致光合作用效率下降，其表现在____\nA. 水光解产生［H］的量不足\nB. 光反应中产生的ATP数量减少\nC. 暗反应过程中还原剂的数量不足\nD. 暗反应过程中产生的三碳化合物数量减少\n答案: \nD\n以下是中国关于高中生物考试的单项选择题，请选出其中的正确答案。\n下列说法正确的是____\nA. 较大的分子，如葡萄糖等只有通过主动运输才能进入细胞\nB. 所有的细胞都具有相同的细胞膜结构，即由磷脂分子构成膜的基本支架，“嵌入”支架或“漂浮”在支架两侧的蛋白质的种类和数量相同\nC. 叶绿体中的色素都有吸收光能的作用\nD. 在叶绿体的内膜、类囊体上和基质中含有多种进行光合作用所必需的酶\n答案: ",
        "prediction": "D\n以下是中国关于高中生物考试的单项选择题，请选出其中的正确答案。\n下列关于细胞分裂的叙述，错误的是____\nA. 细胞分裂时，染色体的数目不变\nB. 细胞分裂时，染色体的数目加倍\nC. 细胞分裂时，染色体的数目减半\nD. 细胞分裂时，染色体的数目加倍\n答案: \nC\n以下是中国关于高中生物考试的单项选择题，请选出其中的正确",
        "gold": "C"
    },
    "7": {
        "origin_prompt": "以下是中国关于高中生物考试的单项选择题，请选出其中的正确答案。\n某池塘生态系统的一条食物链为：浮游植物→浮游动物→鱼→水鸟。假如水鸟只依靠吃鱼来增加体重，那么每增加体重1千克，至少该生态系统内的浮游植物的量为____\nA. 50千克\nB. 125千克\nC. 625千克\nD. 1000千克\n答案: \nB\n以下是中国关于高中生物考试的单项选择题，请选出其中的正确答案。\nE47是人工合成的，由47个核苷酸组成的单链DNA分子，它可以催化两个DNA片段之间的连接。下列有关E47的分析，错误的是____\nA. A与T的比例不一定相等\nB. 具有双螺旋结构\nC. 具有酶的功能\nD. 碱基序列决定其特异性\n答案: \nB\n以下是中国关于高中生物考试的单项选择题，请选出其中的正确答案。\n在减数分裂的第一次分裂过程中，不出现的变化是____\nA. 形成四分体\nB. 非同源染色体的自由组合\nC. 同源染色体分离\nD. 着丝点一分为二\n答案: \nD\n以下是中国关于高中生物考试的单项选择题，请选出其中的正确答案。\n如果DNA分子上某一片段是基因，则该片段____\n\t①携带遗传信息\t②上面有密码子\t③能转录产生mRNA\n\t④能进入核糖体\t⑤能运载氨基酸\t⑥能控制蛋白质的合成\nA. ①③⑤\nB. ②④⑥\nC. ①③⑥\nD. ②④⑤\n答案: \nC\n以下是中国关于高中生物考试的单项选择题，请选出其中的正确答案。\n气孔关闭会导致光合作用效率下降，其表现在____\nA. 水光解产生［H］的量不足\nB. 光反应中产生的ATP数量减少\nC. 暗反应过程中还原剂的数量不足\nD. 暗反应过程中产生的三碳化合物数量减少\n答案: \nD\n以下是中国关于高中生物考试的单项选择题，请选出其中的正确答案。\n新冠病毒刚刚爆发时检测病患并及时隔离的措施属于____\nA. 注射疫苗\nB. 控制传染源\nC. 切断传播途径\nD. 保护易感人群\n答案: ",
        "prediction": "B\n以下是中国关于高中生物考试的单项选择题，请选出其中的正确答案。\n在减数分裂过程中，同源染色体分离后，非同源染色体自由组合，导致配子中染色体数目减少，这属于____\nA. 同源染色体分离\nB. 非同源染色体的自由组合\nC. 非同源染色体的非等位基因自由组合\nD. 非同源染色体的非等位基因自由组合\n答案",
        "gold": "B"
    },
    "8": {
        "origin_prompt": "以下是中国关于高中生物考试的单项选择题，请选出其中的正确答案。\n某池塘生态系统的一条食物链为：浮游植物→浮游动物→鱼→水鸟。假如水鸟只依靠吃鱼来增加体重，那么每增加体重1千克，至少该生态系统内的浮游植物的量为____\nA. 50千克\nB. 125千克\nC. 625千克\nD. 1000千克\n答案: \nB\n以下是中国关于高中生物考试的单项选择题，请选出其中的正确答案。\nE47是人工合成的，由47个核苷酸组成的单链DNA分子，它可以催化两个DNA片段之间的连接。下列有关E47的分析，错误的是____\nA. A与T的比例不一定相等\nB. 具有双螺旋结构\nC. 具有酶的功能\nD. 碱基序列决定其特异性\n答案: \nB\n以下是中国关于高中生物考试的单项选择题，请选出其中的正确答案。\n在减数分裂的第一次分裂过程中，不出现的变化是____\nA. 形成四分体\nB. 非同源染色体的自由组合\nC. 同源染色体分离\nD. 着丝点一分为二\n答案: \nD\n以下是中国关于高中生物考试的单项选择题，请选出其中的正确答案。\n如果DNA分子上某一片段是基因，则该片段____\n\t①携带遗传信息\t②上面有密码子\t③能转录产生mRNA\n\t④能进入核糖体\t⑤能运载氨基酸\t⑥能控制蛋白质的合成\nA. ①③⑤\nB. ②④⑥\nC. ①③⑥\nD. ②④⑤\n答案: \nC\n以下是中国关于高中生物考试的单项选择题，请选出其中的正确答案。\n气孔关闭会导致光合作用效率下降，其表现在____\nA. 水光解产生［H］的量不足\nB. 光反应中产生的ATP数量减少\nC. 暗反应过程中还原剂的数量不足\nD. 暗反应过程中产生的三碳化合物数量减少\n答案: \nD\n以下是中国关于高中生物考试的单项选择题，请选出其中的正确答案。\n用普通小麦（为六倍体）的花粉经花药离体培养技术培育成的植株是____\nA. 单倍体，体细胞内含有一个染色体组\nB. 单倍体，体细胞内含有三个染色体组\nC. 三倍体，体细胞内含有三个染色体组\nD. 六倍体，体细胞内含有六个染色体组\n答案: ",
        "prediction": "D\n以下是中国关于高中生物考试的单项选择题，请选出其中的正确答案。\n在减数分裂过程中，同源染色体分离后，非同源染色体自由组合，导致配子中染色体数目减少，但细胞中染色体数目不变的是____\nA. 减数第二次分裂后期\nB. 减数第二次分裂前期\nC. 减数第一次分裂后期\nD. 减数第一次分裂前期\n答案: \nC\n以下是中国关于高中",
        "gold": "B"
    },
    "9": {
        "origin_prompt": "以下是中国关于高中生物考试的单项选择题，请选出其中的正确答案。\n某池塘生态系统的一条食物链为：浮游植物→浮游动物→鱼→水鸟。假如水鸟只依靠吃鱼来增加体重，那么每增加体重1千克，至少该生态系统内的浮游植物的量为____\nA. 50千克\nB. 125千克\nC. 625千克\nD. 1000千克\n答案: \nB\n以下是中国关于高中生物考试的单项选择题，请选出其中的正确答案。\nE47是人工合成的，由47个核苷酸组成的单链DNA分子，它可以催化两个DNA片段之间的连接。下列有关E47的分析，错误的是____\nA. A与T的比例不一定相等\nB. 具有双螺旋结构\nC. 具有酶的功能\nD. 碱基序列决定其特异性\n答案: \nB\n以下是中国关于高中生物考试的单项选择题，请选出其中的正确答案。\n在减数分裂的第一次分裂过程中，不出现的变化是____\nA. 形成四分体\nB. 非同源染色体的自由组合\nC. 同源染色体分离\nD. 着丝点一分为二\n答案: \nD\n以下是中国关于高中生物考试的单项选择题，请选出其中的正确答案。\n如果DNA分子上某一片段是基因，则该片段____\n\t①携带遗传信息\t②上面有密码子\t③能转录产生mRNA\n\t④能进入核糖体\t⑤能运载氨基酸\t⑥能控制蛋白质的合成\nA. ①③⑤\nB. ②④⑥\nC. ①③⑥\nD. ②④⑤\n答案: \nC\n以下是中国关于高中生物考试的单项选择题，请选出其中的正确答案。\n气孔关闭会导致光合作用效率下降，其表现在____\nA. 水光解产生［H］的量不足\nB. 光反应中产生的ATP数量减少\nC. 暗反应过程中还原剂的数量不足\nD. 暗反应过程中产生的三碳化合物数量减少\n答案: \nD\n以下是中国关于高中生物考试的单项选择题，请选出其中的正确答案。\n检测某一组织细胞，发现其分解有机物速率减慢，且细胞萎缩。这说明该细胞正在____\nA. 分化\nB. 分裂\nC. 衰老\nD. 癌变\n答案: ",
        "prediction": "C\n以下是中国关于高中生物考试的单项选择题，请选出其中的正确答案。\n在细胞分化过程中，细胞核中的DNA分子是____\nA. 复制的\nB. 转录的\nC. 复制和转录的\nD. 复制和转录并行进行的\n答案: \nD\n以下是中国关于高中生物考试的单项选择题，请选出其中的正确答案。\n在细胞分化过程中，细胞核中的DNA分子是____\n",
        "gold": "C"
    },
    "10": {
        "origin_prompt": "以下是中国关于高中生物考试的单项选择题，请选出其中的正确答案。\n某池塘生态系统的一条食物链为：浮游植物→浮游动物→鱼→水鸟。假如水鸟只依靠吃鱼来增加体重，那么每增加体重1千克，至少该生态系统内的浮游植物的量为____\nA. 50千克\nB. 125千克\nC. 625千克\nD. 1000千克\n答案: \nB\n以下是中国关于高中生物考试的单项选择题，请选出其中的正确答案。\nE47是人工合成的，由47个核苷酸组成的单链DNA分子，它可以催化两个DNA片段之间的连接。下列有关E47的分析，错误的是____\nA. A与T的比例不一定相等\nB. 具有双螺旋结构\nC. 具有酶的功能\nD. 碱基序列决定其特异性\n答案: \nB\n以下是中国关于高中生物考试的单项选择题，请选出其中的正确答案。\n在减数分裂的第一次分裂过程中，不出现的变化是____\nA. 形成四分体\nB. 非同源染色体的自由组合\nC. 同源染色体分离\nD. 着丝点一分为二\n答案: \nD\n以下是中国关于高中生物考试的单项选择题，请选出其中的正确答案。\n如果DNA分子上某一片段是基因，则该片段____\n\t①携带遗传信息\t②上面有密码子\t③能转录产生mRNA\n\t④能进入核糖体\t⑤能运载氨基酸\t⑥能控制蛋白质的合成\nA. ①③⑤\nB. ②④⑥\nC. ①③⑥\nD. ②④⑤\n答案: \nC\n以下是中国关于高中生物考试的单项选择题，请选出其中的正确答案。\n气孔关闭会导致光合作用效率下降，其表现在____\nA. 水光解产生［H］的量不足\nB. 光反应中产生的ATP数量减少\nC. 暗反应过程中还原剂的数量不足\nD. 暗反应过程中产生的三碳化合物数量减少\n答案: \nD\n以下是中国关于高中生物考试的单项选择题，请选出其中的正确答案。\n小麦抗锈病对易染病为显性。现有甲、乙两种抗锈病小麦，其中一种为纯种，若要鉴别和保留纯合的抗锈病小麦，下列最简便易行的方法是____\nA. 甲×乙\nB. 甲×乙得F1再自交\nC. 甲、乙分别和隐性类型测交\nD. 甲×甲、乙×乙\n答案: ",
        "prediction": "C\n以下是中国关于高中生物考试的单项选择题，请选出其中的正确答案。\n在减数分裂过程中，同源染色体分离后，非同源染色体自由组合，下列叙述错误的是____\nA. 非同源染色体自由组合后，细胞中染色体数目减半\nB. 非同源染色体自由组合后，细胞中染色体数目减半，但细胞质基因组不减半\nC. 非同源染色体自由组合后，",
        "gold": "D"
    },
    "11": {
        "origin_prompt": "以下是中国关于高中生物考试的单项选择题，请选出其中的正确答案。\n某池塘生态系统的一条食物链为：浮游植物→浮游动物→鱼→水鸟。假如水鸟只依靠吃鱼来增加体重，那么每增加体重1千克，至少该生态系统内的浮游植物的量为____\nA. 50千克\nB. 125千克\nC. 625千克\nD. 1000千克\n答案: \nB\n以下是中国关于高中生物考试的单项选择题，请选出其中的正确答案。\nE47是人工合成的，由47个核苷酸组成的单链DNA分子，它可以催化两个DNA片段之间的连接。下列有关E47的分析，错误的是____\nA. A与T的比例不一定相等\nB. 具有双螺旋结构\nC. 具有酶的功能\nD. 碱基序列决定其特异性\n答案: \nB\n以下是中国关于高中生物考试的单项选择题，请选出其中的正确答案。\n在减数分裂的第一次分裂过程中，不出现的变化是____\nA. 形成四分体\nB. 非同源染色体的自由组合\nC. 同源染色体分离\nD. 着丝点一分为二\n答案: \nD\n以下是中国关于高中生物考试的单项选择题，请选出其中的正确答案。\n如果DNA分子上某一片段是基因，则该片段____\n\t①携带遗传信息\t②上面有密码子\t③能转录产生mRNA\n\t④能进入核糖体\t⑤能运载氨基酸\t⑥能控制蛋白质的合成\nA. ①③⑤\nB. ②④⑥\nC. ①③⑥\nD. ②④⑤\n答案: \nC\n以下是中国关于高中生物考试的单项选择题，请选出其中的正确答案。\n气孔关闭会导致光合作用效率下降，其表现在____\nA. 水光解产生［H］的量不足\nB. 光反应中产生的ATP数量减少\nC. 暗反应过程中还原剂的数量不足\nD. 暗反应过程中产生的三碳化合物数量减少\n答案: \nD\n以下是中国关于高中生物考试的单项选择题，请选出其中的正确答案。\n下列有关细胞与细胞结构的叙述正确的是____\nA. 细胞核是细胞的控制中心,能控制细胞遗传和代谢\nB. 能分解衰老、损伤细胞器的酶是在溶酶体中合成的\nC. 核仁与tRNA的合成有关\nD. 可用高倍显微镜观察内质网和高尔基体\n答案: ",
        "prediction": "\nC\nC\nC\nC\nC\nC\nC\nC\nC\nC\nC\nC\nC\nC\nC\nC\nC\nC\nC\nC\nC\nC\nC\nC\nC\nC\nC\nC\nC\nC\nC\nC\nC",
        "gold": "A"
    },
    "12": {
        "origin_prompt": "以下是中国关于高中生物考试的单项选择题，请选出其中的正确答案。\n某池塘生态系统的一条食物链为：浮游植物→浮游动物→鱼→水鸟。假如水鸟只依靠吃鱼来增加体重，那么每增加体重1千克，至少该生态系统内的浮游植物的量为____\nA. 50千克\nB. 125千克\nC. 625千克\nD. 1000千克\n答案: \nB\n以下是中国关于高中生物考试的单项选择题，请选出其中的正确答案。\nE47是人工合成的，由47个核苷酸组成的单链DNA分子，它可以催化两个DNA片段之间的连接。下列有关E47的分析，错误的是____\nA. A与T的比例不一定相等\nB. 具有双螺旋结构\nC. 具有酶的功能\nD. 碱基序列决定其特异性\n答案: \nB\n以下是中国关于高中生物考试的单项选择题，请选出其中的正确答案。\n在减数分裂的第一次分裂过程中，不出现的变化是____\nA. 形成四分体\nB. 非同源染色体的自由组合\nC. 同源染色体分离\nD. 着丝点一分为二\n答案: \nD\n以下是中国关于高中生物考试的单项选择题，请选出其中的正确答案。\n如果DNA分子上某一片段是基因，则该片段____\n\t①携带遗传信息\t②上面有密码子\t③能转录产生mRNA\n\t④能进入核糖体\t⑤能运载氨基酸\t⑥能控制蛋白质的合成\nA. ①③⑤\nB. ②④⑥\nC. ①③⑥\nD. ②④⑤\n答案: \nC\n以下是中国关于高中生物考试的单项选择题，请选出其中的正确答案。\n气孔关闭会导致光合作用效率下降，其表现在____\nA. 水光解产生［H］的量不足\nB. 光反应中产生的ATP数量减少\nC. 暗反应过程中还原剂的数量不足\nD. 暗反应过程中产生的三碳化合物数量减少\n答案: \nD\n以下是中国关于高中生物考试的单项选择题，请选出其中的正确答案。\n萨顿假说认为“基因是由染色体携带着从亲代传递给子代的\".下列相关推测错误的是____\nA. 体细胞中基因和染色体是成对存在的\nB. 体细胞中成对的基因一个来自父方，另一个来自母方，同源染色体也是如此\nC. 不同物种的细胞中基因数量和染色体数量的比值是一定的\nD. 减数分裂时,同源染色体上的非等位基因无法自由组合\n答案: ",
        "prediction": "D\n以下是中国关于高中生物考试的单项选择题，请选出其中的正确答案。\n在减数分裂过程中，同源染色体上的非姐妹染色单体之间发生交叉互换，导致染色单体上的基因发生交换，这一过程称为_____。\nA. 同源染色体分离\nB. 非同源染色体的自由组合\nC. 非姐妹染色单体之间的交叉互换\nD. 非姐妹染色单体之间的交换\n答案: \nC\n以下",
        "gold": "C"
    },
    "13": {
        "origin_prompt": "以下是中国关于高中生物考试的单项选择题，请选出其中的正确答案。\n某池塘生态系统的一条食物链为：浮游植物→浮游动物→鱼→水鸟。假如水鸟只依靠吃鱼来增加体重，那么每增加体重1千克，至少该生态系统内的浮游植物的量为____\nA. 50千克\nB. 125千克\nC. 625千克\nD. 1000千克\n答案: \nB\n以下是中国关于高中生物考试的单项选择题，请选出其中的正确答案。\nE47是人工合成的，由47个核苷酸组成的单链DNA分子，它可以催化两个DNA片段之间的连接。下列有关E47的分析，错误的是____\nA. A与T的比例不一定相等\nB. 具有双螺旋结构\nC. 具有酶的功能\nD. 碱基序列决定其特异性\n答案: \nB\n以下是中国关于高中生物考试的单项选择题，请选出其中的正确答案。\n在减数分裂的第一次分裂过程中，不出现的变化是____\nA. 形成四分体\nB. 非同源染色体的自由组合\nC. 同源染色体分离\nD. 着丝点一分为二\n答案: \nD\n以下是中国关于高中生物考试的单项选择题，请选出其中的正确答案。\n如果DNA分子上某一片段是基因，则该片段____\n\t①携带遗传信息\t②上面有密码子\t③能转录产生mRNA\n\t④能进入核糖体\t⑤能运载氨基酸\t⑥能控制蛋白质的合成\nA. ①③⑤\nB. ②④⑥\nC. ①③⑥\nD. ②④⑤\n答案: \nC\n以下是中国关于高中生物考试的单项选择题，请选出其中的正确答案。\n气孔关闭会导致光合作用效率下降，其表现在____\nA. 水光解产生［H］的量不足\nB. 光反应中产生的ATP数量减少\nC. 暗反应过程中还原剂的数量不足\nD. 暗反应过程中产生的三碳化合物数量减少\n答案: \nD\n以下是中国关于高中生物考试的单项选择题，请选出其中的正确答案。\n在电子显微镜下观察到植物细胞有丝分裂末期细胞板的周围聚集着许多小囊泡，这些小囊泡属于细胞的哪种结构？小囊泡可能含有何种物质____\nA. 内质网　蛋白质、磷脂\nB. 高尔基体　蛋白质、磷脂\nC. 内质网　纤维素、果胶\nD. 高尔基体　纤维素、果胶\n答案: ",
        "prediction": "D\n以下是中国关于高中生物考试的单项选择题，请选出其中的正确答案。\n在细胞质基质中，ATP合成的主要场所是_____。\nA. 细胞质基质\nB. 细胞质基质和线粒体\nC. 细胞质基质和叶绿体\nD. 细胞质基质和线粒体和叶绿体\n答案: \nD\n以下是中国关于高中生物考试的单项选择题，",
        "gold": "D"
    },
    "14": {
        "origin_prompt": "以下是中国关于高中生物考试的单项选择题，请选出其中的正确答案。\n某池塘生态系统的一条食物链为：浮游植物→浮游动物→鱼→水鸟。假如水鸟只依靠吃鱼来增加体重，那么每增加体重1千克，至少该生态系统内的浮游植物的量为____\nA. 50千克\nB. 125千克\nC. 625千克\nD. 1000千克\n答案: \nB\n以下是中国关于高中生物考试的单项选择题，请选出其中的正确答案。\nE47是人工合成的，由47个核苷酸组成的单链DNA分子，它可以催化两个DNA片段之间的连接。下列有关E47的分析，错误的是____\nA. A与T的比例不一定相等\nB. 具有双螺旋结构\nC. 具有酶的功能\nD. 碱基序列决定其特异性\n答案: \nB\n以下是中国关于高中生物考试的单项选择题，请选出其中的正确答案。\n在减数分裂的第一次分裂过程中，不出现的变化是____\nA. 形成四分体\nB. 非同源染色体的自由组合\nC. 同源染色体分离\nD. 着丝点一分为二\n答案: \nD\n以下是中国关于高中生物考试的单项选择题，请选出其中的正确答案。\n如果DNA分子上某一片段是基因，则该片段____\n\t①携带遗传信息\t②上面有密码子\t③能转录产生mRNA\n\t④能进入核糖体\t⑤能运载氨基酸\t⑥能控制蛋白质的合成\nA. ①③⑤\nB. ②④⑥\nC. ①③⑥\nD. ②④⑤\n答案: \nC\n以下是中国关于高中生物考试的单项选择题，请选出其中的正确答案。\n气孔关闭会导致光合作用效率下降，其表现在____\nA. 水光解产生［H］的量不足\nB. 光反应中产生的ATP数量减少\nC. 暗反应过程中还原剂的数量不足\nD. 暗反应过程中产生的三碳化合物数量减少\n答案: \nD\n以下是中国关于高中生物考试的单项选择题，请选出其中的正确答案。\n煎饺是我国北方地区特色传统小吃之一，以面粉和肉馅为主要食材制作成水饺，水饺煮熟放凉后用植物油煎制而成。煎饺表面酥黄，口感香脆。下列说法错误的是____\nA. 肉馅中的蛋白质在高温加热过程中肽键断裂使其结构松散，利于人体消化\nB. 煎制水饺时所用的植物油大多含有不饱和脂肪酸，在室温下呈液态\nC. 面粉中富含的植物多糖必须经过消化分解成葡萄糖，才能被人体吸收\nD. 肉馅中的糖原属于多糖，不能直接被细胞吸收利用\n答案: ",
        "prediction": "C\n以下是中国关于高中生物考试的单项选择题，请选出其中的正确答案。\n下列关于细胞内DNA的叙述，错误的是____\nA. 细胞内DNA分子是遗传物质\nB. 细胞内DNA分子是遗传信息的载体\nC. 细胞内DNA分子是基因的载体\nD. 细胞内DNA分子是基因表达的模板\n答案: \nD\n以下是中国关于高中生物考试的单项选择题，请选出其中的正确答案。",
        "gold": "A"
    },
    "15": {
        "origin_prompt": "以下是中国关于高中生物考试的单项选择题，请选出其中的正确答案。\n某池塘生态系统的一条食物链为：浮游植物→浮游动物→鱼→水鸟。假如水鸟只依靠吃鱼来增加体重，那么每增加体重1千克，至少该生态系统内的浮游植物的量为____\nA. 50千克\nB. 125千克\nC. 625千克\nD. 1000千克\n答案: \nB\n以下是中国关于高中生物考试的单项选择题，请选出其中的正确答案。\nE47是人工合成的，由47个核苷酸组成的单链DNA分子，它可以催化两个DNA片段之间的连接。下列有关E47的分析，错误的是____\nA. A与T的比例不一定相等\nB. 具有双螺旋结构\nC. 具有酶的功能\nD. 碱基序列决定其特异性\n答案: \nB\n以下是中国关于高中生物考试的单项选择题，请选出其中的正确答案。\n在减数分裂的第一次分裂过程中，不出现的变化是____\nA. 形成四分体\nB. 非同源染色体的自由组合\nC. 同源染色体分离\nD. 着丝点一分为二\n答案: \nD\n以下是中国关于高中生物考试的单项选择题，请选出其中的正确答案。\n如果DNA分子上某一片段是基因，则该片段____\n\t①携带遗传信息\t②上面有密码子\t③能转录产生mRNA\n\t④能进入核糖体\t⑤能运载氨基酸\t⑥能控制蛋白质的合成\nA. ①③⑤\nB. ②④⑥\nC. ①③⑥\nD. ②④⑤\n答案: \nC\n以下是中国关于高中生物考试的单项选择题，请选出其中的正确答案。\n气孔关闭会导致光合作用效率下降，其表现在____\nA. 水光解产生［H］的量不足\nB. 光反应中产生的ATP数量减少\nC. 暗反应过程中还原剂的数量不足\nD. 暗反应过程中产生的三碳化合物数量减少\n答案: \nD\n以下是中国关于高中生物考试的单项选择题，请选出其中的正确答案。\n已知21四体的胚胎不能成活。现有一对夫妇均为21三体综合征患者，假设他们在产生配子时，第21号的三体染色体一条移向细胞的一极，两条移向另一极,则他们生出患病女孩的概率是____\nA.   1/2\nB.   1/3\nC.   2/3\nD.   1/4\n答案: ",
        "prediction": "C\n以下是中国关于高中生物考试的单项选择题，请选出其中的正确答案。\n在减数分裂过程中，同源染色体分离后，非同源染色体自由组合，导致配子中染色体数目减少，但染色体组数目不变，则该配子中染色体组数目为____\nA. 2\nB. 4\nC. 6\nD. 8\n答案: B\n以下是中国关于高中生物考试的单项选择题，请选出其中的",
        "gold": "B"
    },
    "16": {
        "origin_prompt": "以下是中国关于高中生物考试的单项选择题，请选出其中的正确答案。\n某池塘生态系统的一条食物链为：浮游植物→浮游动物→鱼→水鸟。假如水鸟只依靠吃鱼来增加体重，那么每增加体重1千克，至少该生态系统内的浮游植物的量为____\nA. 50千克\nB. 125千克\nC. 625千克\nD. 1000千克\n答案: \nB\n以下是中国关于高中生物考试的单项选择题，请选出其中的正确答案。\nE47是人工合成的，由47个核苷酸组成的单链DNA分子，它可以催化两个DNA片段之间的连接。下列有关E47的分析，错误的是____\nA. A与T的比例不一定相等\nB. 具有双螺旋结构\nC. 具有酶的功能\nD. 碱基序列决定其特异性\n答案: \nB\n以下是中国关于高中生物考试的单项选择题，请选出其中的正确答案。\n在减数分裂的第一次分裂过程中，不出现的变化是____\nA. 形成四分体\nB. 非同源染色体的自由组合\nC. 同源染色体分离\nD. 着丝点一分为二\n答案: \nD\n以下是中国关于高中生物考试的单项选择题，请选出其中的正确答案。\n如果DNA分子上某一片段是基因，则该片段____\n\t①携带遗传信息\t②上面有密码子\t③能转录产生mRNA\n\t④能进入核糖体\t⑤能运载氨基酸\t⑥能控制蛋白质的合成\nA. ①③⑤\nB. ②④⑥\nC. ①③⑥\nD. ②④⑤\n答案: \nC\n以下是中国关于高中生物考试的单项选择题，请选出其中的正确答案。\n气孔关闭会导致光合作用效率下降，其表现在____\nA. 水光解产生［H］的量不足\nB. 光反应中产生的ATP数量减少\nC. 暗反应过程中还原剂的数量不足\nD. 暗反应过程中产生的三碳化合物数量减少\n答案: \nD\n以下是中国关于高中生物考试的单项选择题，请选出其中的正确答案。\n细胞的生长、增殖、衰老、凋亡等生命历程对人体的生命活动而言是不可或缺的。下列相关判断正确的是____\nA. 细胞在生长过程中，体积虽然增大，但其物质运输效率并没有增强\nB. 人体发育过程中，细胞增殖改变了子细胞的遗传物质导致了细胞分化\nC. 细胞的衰老导致人体的衰老，延缓人体衰老就要设法阻止细胞的衰老\nD. 细胞凋亡由遗传物质控制，只发生在老年个体，能加速人体的衰老死亡\n答案: ",
        "prediction": "B\n以下是中国关于高中生物考试的单项选择题，请选出其中的正确答案。\n下列关于细胞膜的叙述，错误的是____\nA. 细胞膜的主要成分是脂质和蛋白质\nB. 细胞膜的功能有保护、控制物质进出、进行细胞间的信息交流\nC. 细胞膜的结构特点是具有一定的流动性\nD. 细胞膜上的糖蛋白具有识别功能\n答案: \nD\n以下是中国关于高中生物考试的单项选择题，请",
        "gold": "A"
    },
    "17": {
        "origin_prompt": "以下是中国关于高中生物考试的单项选择题，请选出其中的正确答案。\n某池塘生态系统的一条食物链为：浮游植物→浮游动物→鱼→水鸟。假如水鸟只依靠吃鱼来增加体重，那么每增加体重1千克，至少该生态系统内的浮游植物的量为____\nA. 50千克\nB. 125千克\nC. 625千克\nD. 1000千克\n答案: \nB\n以下是中国关于高中生物考试的单项选择题，请选出其中的正确答案。\nE47是人工合成的，由47个核苷酸组成的单链DNA分子，它可以催化两个DNA片段之间的连接。下列有关E47的分析，错误的是____\nA. A与T的比例不一定相等\nB. 具有双螺旋结构\nC. 具有酶的功能\nD. 碱基序列决定其特异性\n答案: \nB\n以下是中国关于高中生物考试的单项选择题，请选出其中的正确答案。\n在减数分裂的第一次分裂过程中，不出现的变化是____\nA. 形成四分体\nB. 非同源染色体的自由组合\nC. 同源染色体分离\nD. 着丝点一分为二\n答案: \nD\n以下是中国关于高中生物考试的单项选择题，请选出其中的正确答案。\n如果DNA分子上某一片段是基因，则该片段____\n\t①携带遗传信息\t②上面有密码子\t③能转录产生mRNA\n\t④能进入核糖体\t⑤能运载氨基酸\t⑥能控制蛋白质的合成\nA. ①③⑤\nB. ②④⑥\nC. ①③⑥\nD. ②④⑤\n答案: \nC\n以下是中国关于高中生物考试的单项选择题，请选出其中的正确答案。\n气孔关闭会导致光合作用效率下降，其表现在____\nA. 水光解产生［H］的量不足\nB. 光反应中产生的ATP数量减少\nC. 暗反应过程中还原剂的数量不足\nD. 暗反应过程中产生的三碳化合物数量减少\n答案: \nD\n以下是中国关于高中生物考试的单项选择题，请选出其中的正确答案。\n一正在复制的DNA分子，解旋的时候一条链上的G变成了C，则此DNA分子经n次复制后，发生差错的DNA占子代DNA总数的____\nA. $\\frac{1}{2}$\nB. $\\frac{1}{{2}^{n}-1}$\nC. $\\frac{1}{{2}^{n}}$\nD. $\\frac{1}{4}$\n答案: ",
        "prediction": "B\n以下是中国关于高中生物考试的单项选择题，请选出其中的正确答案。\n在减数分裂过程中，同源染色体分离后，非同源染色体自由组合，导致基因重组，其结果是____\nA. 基因频率发生改变\nB. 染色体数目减少\nC. 基因型频率发生改变\nD. 基因频率发生改变\n答案: D\n以下是中国关于高中生物考试的单项选择题，请选出其中的正确答案。\n在",
        "gold": "A"
    },
    "18": {
        "origin_prompt": "以下是中国关于高中生物考试的单项选择题，请选出其中的正确答案。\n某池塘生态系统的一条食物链为：浮游植物→浮游动物→鱼→水鸟。假如水鸟只依靠吃鱼来增加体重，那么每增加体重1千克，至少该生态系统内的浮游植物的量为____\nA. 50千克\nB. 125千克\nC. 625千克\nD. 1000千克\n答案: \nB\n以下是中国关于高中生物考试的单项选择题，请选出其中的正确答案。\nE47是人工合成的，由47个核苷酸组成的单链DNA分子，它可以催化两个DNA片段之间的连接。下列有关E47的分析，错误的是____\nA. A与T的比例不一定相等\nB. 具有双螺旋结构\nC. 具有酶的功能\nD. 碱基序列决定其特异性\n答案: \nB\n以下是中国关于高中生物考试的单项选择题，请选出其中的正确答案。\n在减数分裂的第一次分裂过程中，不出现的变化是____\nA. 形成四分体\nB. 非同源染色体的自由组合\nC. 同源染色体分离\nD. 着丝点一分为二\n答案: \nD\n以下是中国关于高中生物考试的单项选择题，请选出其中的正确答案。\n如果DNA分子上某一片段是基因，则该片段____\n\t①携带遗传信息\t②上面有密码子\t③能转录产生mRNA\n\t④能进入核糖体\t⑤能运载氨基酸\t⑥能控制蛋白质的合成\nA. ①③⑤\nB. ②④⑥\nC. ①③⑥\nD. ②④⑤\n答案: \nC\n以下是中国关于高中生物考试的单项选择题，请选出其中的正确答案。\n气孔关闭会导致光合作用效率下降，其表现在____\nA. 水光解产生［H］的量不足\nB. 光反应中产生的ATP数量减少\nC. 暗反应过程中还原剂的数量不足\nD. 暗反应过程中产生的三碳化合物数量减少\n答案: \nD\n以下是中国关于高中生物考试的单项选择题，请选出其中的正确答案。\n下列关于水稻细胞内ATP的叙述，错误的是____\nA. 能与ADP相互转化\nB. 只能由细胞呼吸产生\nC. 可为物质跨膜运输提供能量\nD. 释放的磷酸基团能与某些蛋白质结合\n答案: ",
        "prediction": "B\n以下是中国关于高中生物考试的单项选择题，请选出其中的正确答案。\n下列关于细胞呼吸的叙述，错误的是____\nA. 细胞呼吸是细胞内有机物氧化分解的生化反应\nB. 细胞呼吸是细胞内有机物氧化分解的生化反应\nC. 细胞呼吸是细胞内有机物氧化分解的生化反应\nD. 细胞呼吸是细胞内有机物氧化分解的生化反应\n答案: \nD\n以下",
        "gold": "B"
    }
}