{
    "0": {
        "origin_prompt": "以下是中国关于高中历史考试的单项选择题，请选出其中的正确答案。\n北宋前期，统治者认为：\"富者田连阡陌，为国家守财尔\"，采取\"不抑兼并\"的土地政策。这导致北宋____\nA. 自然经济逐渐解体\nB. 自耕农经济发展受阻\nC. 重农抑商政策瓦解\nD. 土地所有制发生质变\n答案: \nB\n以下是中国关于高中历史考试的单项选择题，请选出其中的正确答案。\n杜鲁门称,杜鲁门主义和马歇尔计划是“一个胡桃的两半”。下列理解不正确的是____\nA. 都是美国遏制战略的组成部分\nB. 都以经济和军事援助为主要形式\nC. 都着眼于反共反苏\nD. 都为了美国的政治和经济利益\n答案: \nB\n以下是中国关于高中历史考试的单项选择题，请选出其中的正确答案。\n康熙皇帝任命曹雪芹的祖父曹寅主持江宁织造局的生产。根据当时的制度，该局产品____\nA. 全部投放市场，收入归皇室\nB. 全部供皇室使用，不投放市场\nC. 部分用于纳税，部分投放市场\nD. 部分供皇室使用，部分投放市场\n答案: \nB\n以下是中国关于高中历史考试的单项选择题，请选出其中的正确答案。\n1961年，安徽太湖90%以上的地区推行了责任田制度，具体办法是定产到田、责任到人，按劳取酬。这一措施极大地调动了农民的劳动积极性，与1960年相比，粮食产量增长了81%。对此现象认识正确的是____\nA. 安徽率先进行了经济体制改革\nB. 农村经济调整的任务基本完成\nC. 该制度属于社会主义集体经济\nD. 消除了农村工作中的左倾错误\n答案: \nC\n以下是中国关于高中历史考试的单项选择题，请选出其中的正确答案。\n近代中国最早主张“断发易服”的派别是____\nA. 洋务派\nB. 顽固派\nC. 维新派\nD. 革命派\n答案: \nC\n以下是中国关于高中历史考试的单项选择题，请选出其中的正确答案。\n据美国钢铁业统计，1870年，美国有钢铁企业808个，工人7.8万人，钢产量320万吨，投资额1210万美元；到1900年，美国有钢铁企业669个，工人27.2万人，钢产量2950万吨，投资额5.9亿美元。这一数据反映的19世纪后期美国钢铁业发展变化的主要特征是____\nA. 行业竞争激烈\nB. 生产和资本走向集中\nC. 企业规模保持稳定\nD. 劳动生产率快速提高\n答案: ",
        "prediction": "\nB\nB\nB\nB\nB\nB\nB\nB\nB\nB\nB\nB\nB\nB\nB\nB\nB\nB\nB\nB\nB\nB\nB\nB\nB\nB\nB\nB\nB\nB\nB\nB\nB",
        "gold": "B"
    },
    "1": {
        "origin_prompt": "以下是中国关于高中历史考试的单项选择题，请选出其中的正确答案。\n北宋前期，统治者认为：\"富者田连阡陌，为国家守财尔\"，采取\"不抑兼并\"的土地政策。这导致北宋____\nA. 自然经济逐渐解体\nB. 自耕农经济发展受阻\nC. 重农抑商政策瓦解\nD. 土地所有制发生质变\n答案: \nB\n以下是中国关于高中历史考试的单项选择题，请选出其中的正确答案。\n杜鲁门称,杜鲁门主义和马歇尔计划是“一个胡桃的两半”。下列理解不正确的是____\nA. 都是美国遏制战略的组成部分\nB. 都以经济和军事援助为主要形式\nC. 都着眼于反共反苏\nD. 都为了美国的政治和经济利益\n答案: \nB\n以下是中国关于高中历史考试的单项选择题，请选出其中的正确答案。\n康熙皇帝任命曹雪芹的祖父曹寅主持江宁织造局的生产。根据当时的制度，该局产品____\nA. 全部投放市场，收入归皇室\nB. 全部供皇室使用，不投放市场\nC. 部分用于纳税，部分投放市场\nD. 部分供皇室使用，部分投放市场\n答案: \nB\n以下是中国关于高中历史考试的单项选择题，请选出其中的正确答案。\n1961年，安徽太湖90%以上的地区推行了责任田制度，具体办法是定产到田、责任到人，按劳取酬。这一措施极大地调动了农民的劳动积极性，与1960年相比，粮食产量增长了81%。对此现象认识正确的是____\nA. 安徽率先进行了经济体制改革\nB. 农村经济调整的任务基本完成\nC. 该制度属于社会主义集体经济\nD. 消除了农村工作中的左倾错误\n答案: \nC\n以下是中国关于高中历史考试的单项选择题，请选出其中的正确答案。\n近代中国最早主张“断发易服”的派别是____\nA. 洋务派\nB. 顽固派\nC. 维新派\nD. 革命派\n答案: \nC\n以下是中国关于高中历史考试的单项选择题，请选出其中的正确答案。\n昭示着中华人民共和国的最高权力属于人民的标志是：____\nA. 人民代表大会制度的确立\nB. 新中国的成立\nC. 社会主义制度的初步确立\nD. 政治协商制度的形成\n答案: ",
        "prediction": "\nA\n\nB\nC\nD\nA\nB\nC\nD\nA\nB\nC\nD\nA\nB\nC\nD\nA\nB\nC\nD\nA\nB\nC\nD\nA\nB\nC\nD\nA\nB\nC\nD\n",
        "gold": "A"
    },
    "2": {
        "origin_prompt": "以下是中国关于高中历史考试的单项选择题，请选出其中的正确答案。\n北宋前期，统治者认为：\"富者田连阡陌，为国家守财尔\"，采取\"不抑兼并\"的土地政策。这导致北宋____\nA. 自然经济逐渐解体\nB. 自耕农经济发展受阻\nC. 重农抑商政策瓦解\nD. 土地所有制发生质变\n答案: \nB\n以下是中国关于高中历史考试的单项选择题，请选出其中的正确答案。\n杜鲁门称,杜鲁门主义和马歇尔计划是“一个胡桃的两半”。下列理解不正确的是____\nA. 都是美国遏制战略的组成部分\nB. 都以经济和军事援助为主要形式\nC. 都着眼于反共反苏\nD. 都为了美国的政治和经济利益\n答案: \nB\n以下是中国关于高中历史考试的单项选择题，请选出其中的正确答案。\n康熙皇帝任命曹雪芹的祖父曹寅主持江宁织造局的生产。根据当时的制度，该局产品____\nA. 全部投放市场，收入归皇室\nB. 全部供皇室使用，不投放市场\nC. 部分用于纳税，部分投放市场\nD. 部分供皇室使用，部分投放市场\n答案: \nB\n以下是中国关于高中历史考试的单项选择题，请选出其中的正确答案。\n1961年，安徽太湖90%以上的地区推行了责任田制度，具体办法是定产到田、责任到人，按劳取酬。这一措施极大地调动了农民的劳动积极性，与1960年相比，粮食产量增长了81%。对此现象认识正确的是____\nA. 安徽率先进行了经济体制改革\nB. 农村经济调整的任务基本完成\nC. 该制度属于社会主义集体经济\nD. 消除了农村工作中的左倾错误\n答案: \nC\n以下是中国关于高中历史考试的单项选择题，请选出其中的正确答案。\n近代中国最早主张“断发易服”的派别是____\nA. 洋务派\nB. 顽固派\nC. 维新派\nD. 革命派\n答案: \nC\n以下是中国关于高中历史考试的单项选择题，请选出其中的正确答案。\n隋唐时期，陆路与海上“丝绸之路”基本畅通，唐朝设市舶司主管对外港口贸易，宋代对招商有成效的官吏实行提高级别待遇的政策，泉州、广州接此执行。可见，唐宋时期海外贸易的活跃是____\nA. 政府政策推动的结果\nB. 造船业发达的产物\nC. 重农政策松动的表现\nD. 丝织业兴盛的体现\n答案: ",
        "prediction": "\nA\n\nA\n以下是中国关于高中历史考试的单项选择题，请选出其中的正确答案。\n“一国两制”是邓小平提出的解决香港、澳门、台湾问题的重要方针。这一方针的提出，体现了____\nA. 社会主义制度优越性的体现\nB. 社会主义制度优越性的体现\nC. 社会主义制度优越性的体现\nD. 资本主义制度优越性的体现\n答案: \nC\n以下是中国关于高中",
        "gold": "A"
    },
    "3": {
        "origin_prompt": "以下是中国关于高中历史考试的单项选择题，请选出其中的正确答案。\n北宋前期，统治者认为：\"富者田连阡陌，为国家守财尔\"，采取\"不抑兼并\"的土地政策。这导致北宋____\nA. 自然经济逐渐解体\nB. 自耕农经济发展受阻\nC. 重农抑商政策瓦解\nD. 土地所有制发生质变\n答案: \nB\n以下是中国关于高中历史考试的单项选择题，请选出其中的正确答案。\n杜鲁门称,杜鲁门主义和马歇尔计划是“一个胡桃的两半”。下列理解不正确的是____\nA. 都是美国遏制战略的组成部分\nB. 都以经济和军事援助为主要形式\nC. 都着眼于反共反苏\nD. 都为了美国的政治和经济利益\n答案: \nB\n以下是中国关于高中历史考试的单项选择题，请选出其中的正确答案。\n康熙皇帝任命曹雪芹的祖父曹寅主持江宁织造局的生产。根据当时的制度，该局产品____\nA. 全部投放市场，收入归皇室\nB. 全部供皇室使用，不投放市场\nC. 部分用于纳税，部分投放市场\nD. 部分供皇室使用，部分投放市场\n答案: \nB\n以下是中国关于高中历史考试的单项选择题，请选出其中的正确答案。\n1961年，安徽太湖90%以上的地区推行了责任田制度，具体办法是定产到田、责任到人，按劳取酬。这一措施极大地调动了农民的劳动积极性，与1960年相比，粮食产量增长了81%。对此现象认识正确的是____\nA. 安徽率先进行了经济体制改革\nB. 农村经济调整的任务基本完成\nC. 该制度属于社会主义集体经济\nD. 消除了农村工作中的左倾错误\n答案: \nC\n以下是中国关于高中历史考试的单项选择题，请选出其中的正确答案。\n近代中国最早主张“断发易服”的派别是____\nA. 洋务派\nB. 顽固派\nC. 维新派\nD. 革命派\n答案: \nC\n以下是中国关于高中历史考试的单项选择题，请选出其中的正确答案。\n2020年，深圳经济特区建立40周年。四十年来，深圳地区生产总值出1979年的1.96亿元增长到2019年的2.6927万亿元，按可比价格计算，增长2491倍，年均增长21.6%，实现了由一座落后的边陲小镇到具有全球影响力的国际化大都市的历史性跨越。深圳快速崛起的重要原因是____\nA. 率先展开了经济体制改革\nB. 较早建立了市场经济体制\nC. 改革开放政策的持续推动\nD. 毗邻香港地理条件较优越\n答案: ",
        "prediction": "\nC\nC\nC\nC\nC\nC\nC\nC\nC\nC\nC\nC\nC\nC\nC\nC\nC\nC\nC\nC\nC\nC\nC\nC\nC\nC\nC\nC\nC\nC\nC\nC\nC",
        "gold": "C"
    },
    "4": {
        "origin_prompt": "以下是中国关于高中历史考试的单项选择题，请选出其中的正确答案。\n北宋前期，统治者认为：\"富者田连阡陌，为国家守财尔\"，采取\"不抑兼并\"的土地政策。这导致北宋____\nA. 自然经济逐渐解体\nB. 自耕农经济发展受阻\nC. 重农抑商政策瓦解\nD. 土地所有制发生质变\n答案: \nB\n以下是中国关于高中历史考试的单项选择题，请选出其中的正确答案。\n杜鲁门称,杜鲁门主义和马歇尔计划是“一个胡桃的两半”。下列理解不正确的是____\nA. 都是美国遏制战略的组成部分\nB. 都以经济和军事援助为主要形式\nC. 都着眼于反共反苏\nD. 都为了美国的政治和经济利益\n答案: \nB\n以下是中国关于高中历史考试的单项选择题，请选出其中的正确答案。\n康熙皇帝任命曹雪芹的祖父曹寅主持江宁织造局的生产。根据当时的制度，该局产品____\nA. 全部投放市场，收入归皇室\nB. 全部供皇室使用，不投放市场\nC. 部分用于纳税，部分投放市场\nD. 部分供皇室使用，部分投放市场\n答案: \nB\n以下是中国关于高中历史考试的单项选择题，请选出其中的正确答案。\n1961年，安徽太湖90%以上的地区推行了责任田制度，具体办法是定产到田、责任到人，按劳取酬。这一措施极大地调动了农民的劳动积极性，与1960年相比，粮食产量增长了81%。对此现象认识正确的是____\nA. 安徽率先进行了经济体制改革\nB. 农村经济调整的任务基本完成\nC. 该制度属于社会主义集体经济\nD. 消除了农村工作中的左倾错误\n答案: \nC\n以下是中国关于高中历史考试的单项选择题，请选出其中的正确答案。\n近代中国最早主张“断发易服”的派别是____\nA. 洋务派\nB. 顽固派\nC. 维新派\nD. 革命派\n答案: \nC\n以下是中国关于高中历史考试的单项选择题，请选出其中的正确答案。\n李四光是我国20世纪杰出的科学家，他对祖国的贡献是____\nA. 研究“两弹一星”\nB. 为我国勘探石油提供了理论依据\nC. 培育出高产水稻\nD. 研制出巨型计算机\n答案: ",
        "prediction": "\nB\nB\n以下是中国关于高中历史考试的单项选择题，请选出其中的正确答案。\n1949年，中华人民共和国成立，标志着中国共产党领导的人民革命取得了胜利。这一事件标志着____\nA. 新民主主义革命的胜利\nB. 社会主义革命的胜利\nC. 社会主义建设新时期的开始\nD. 社会主义建设新阶段的开始\n答案: \nA\n以下是中国关于高中历史考试的单项选择题，请选出其中的",
        "gold": "B"
    },
    "5": {
        "origin_prompt": "以下是中国关于高中历史考试的单项选择题，请选出其中的正确答案。\n北宋前期，统治者认为：\"富者田连阡陌，为国家守财尔\"，采取\"不抑兼并\"的土地政策。这导致北宋____\nA. 自然经济逐渐解体\nB. 自耕农经济发展受阻\nC. 重农抑商政策瓦解\nD. 土地所有制发生质变\n答案: \nB\n以下是中国关于高中历史考试的单项选择题，请选出其中的正确答案。\n杜鲁门称,杜鲁门主义和马歇尔计划是“一个胡桃的两半”。下列理解不正确的是____\nA. 都是美国遏制战略的组成部分\nB. 都以经济和军事援助为主要形式\nC. 都着眼于反共反苏\nD. 都为了美国的政治和经济利益\n答案: \nB\n以下是中国关于高中历史考试的单项选择题，请选出其中的正确答案。\n康熙皇帝任命曹雪芹的祖父曹寅主持江宁织造局的生产。根据当时的制度，该局产品____\nA. 全部投放市场，收入归皇室\nB. 全部供皇室使用，不投放市场\nC. 部分用于纳税，部分投放市场\nD. 部分供皇室使用，部分投放市场\n答案: \nB\n以下是中国关于高中历史考试的单项选择题，请选出其中的正确答案。\n1961年，安徽太湖90%以上的地区推行了责任田制度，具体办法是定产到田、责任到人，按劳取酬。这一措施极大地调动了农民的劳动积极性，与1960年相比，粮食产量增长了81%。对此现象认识正确的是____\nA. 安徽率先进行了经济体制改革\nB. 农村经济调整的任务基本完成\nC. 该制度属于社会主义集体经济\nD. 消除了农村工作中的左倾错误\n答案: \nC\n以下是中国关于高中历史考试的单项选择题，请选出其中的正确答案。\n近代中国最早主张“断发易服”的派别是____\nA. 洋务派\nB. 顽固派\nC. 维新派\nD. 革命派\n答案: \nC\n以下是中国关于高中历史考试的单项选择题，请选出其中的正确答案。\n公元1175年6月，陆九龄、陆九渊兄弟在鹅湖寺与朱熹就各自的哲学观点展开激烈的辩论。对他们辩论观点叙述正确的是____\nA. 朱熹主张“泛观博览，而后为之约”\nB. 朱熹提出“心即理也”，本心即天理\nC. 陆九渊主张“致良知”“知行合一”\nD. 陆九渊区分了教育的“小学”“大学”\n答案: ",
        "prediction": "\nC\nC\nC\nC\nC\nC\nC\nC\nC\nC\nC\nC\nC\nC\nC\nC\nC\nC\nC\nC\nC\nC\nC\nC\nC\nC\nC\nC\nC\nC\nC\nC\nC",
        "gold": "A"
    },
    "6": {
        "origin_prompt": "以下是中国关于高中历史考试的单项选择题，请选出其中的正确答案。\n北宋前期，统治者认为：\"富者田连阡陌，为国家守财尔\"，采取\"不抑兼并\"的土地政策。这导致北宋____\nA. 自然经济逐渐解体\nB. 自耕农经济发展受阻\nC. 重农抑商政策瓦解\nD. 土地所有制发生质变\n答案: \nB\n以下是中国关于高中历史考试的单项选择题，请选出其中的正确答案。\n杜鲁门称,杜鲁门主义和马歇尔计划是“一个胡桃的两半”。下列理解不正确的是____\nA. 都是美国遏制战略的组成部分\nB. 都以经济和军事援助为主要形式\nC. 都着眼于反共反苏\nD. 都为了美国的政治和经济利益\n答案: \nB\n以下是中国关于高中历史考试的单项选择题，请选出其中的正确答案。\n康熙皇帝任命曹雪芹的祖父曹寅主持江宁织造局的生产。根据当时的制度，该局产品____\nA. 全部投放市场，收入归皇室\nB. 全部供皇室使用，不投放市场\nC. 部分用于纳税，部分投放市场\nD. 部分供皇室使用，部分投放市场\n答案: \nB\n以下是中国关于高中历史考试的单项选择题，请选出其中的正确答案。\n1961年，安徽太湖90%以上的地区推行了责任田制度，具体办法是定产到田、责任到人，按劳取酬。这一措施极大地调动了农民的劳动积极性，与1960年相比，粮食产量增长了81%。对此现象认识正确的是____\nA. 安徽率先进行了经济体制改革\nB. 农村经济调整的任务基本完成\nC. 该制度属于社会主义集体经济\nD. 消除了农村工作中的左倾错误\n答案: \nC\n以下是中国关于高中历史考试的单项选择题，请选出其中的正确答案。\n近代中国最早主张“断发易服”的派别是____\nA. 洋务派\nB. 顽固派\nC. 维新派\nD. 革命派\n答案: \nC\n以下是中国关于高中历史考试的单项选择题，请选出其中的正确答案。\n《齐民要术》的序言中写道：“舍本逐末，贤者所非。日富岁贫，饥寒之渐，故商贾之事，阙（同“缺”）而不录。”这说明该书____\nA. 重视商业发展\nB. 推动了南方农业生产\nC. 体现了以农为本的思想\nD. 反映了民族融合的趋势\n答案: ",
        "prediction": "\nC\nC\nC\nC\nC\nC\nC\nC\nC\nC\nC\nC\nC\nC\nC\nC\nC\nC\nC\nC\nC\nC\nC\nC\nC\nC\nC\nC\nC\nC\nC\nC\nC",
        "gold": "C"
    },
    "7": {
        "origin_prompt": "以下是中国关于高中历史考试的单项选择题，请选出其中的正确答案。\n北宋前期，统治者认为：\"富者田连阡陌，为国家守财尔\"，采取\"不抑兼并\"的土地政策。这导致北宋____\nA. 自然经济逐渐解体\nB. 自耕农经济发展受阻\nC. 重农抑商政策瓦解\nD. 土地所有制发生质变\n答案: \nB\n以下是中国关于高中历史考试的单项选择题，请选出其中的正确答案。\n杜鲁门称,杜鲁门主义和马歇尔计划是“一个胡桃的两半”。下列理解不正确的是____\nA. 都是美国遏制战略的组成部分\nB. 都以经济和军事援助为主要形式\nC. 都着眼于反共反苏\nD. 都为了美国的政治和经济利益\n答案: \nB\n以下是中国关于高中历史考试的单项选择题，请选出其中的正确答案。\n康熙皇帝任命曹雪芹的祖父曹寅主持江宁织造局的生产。根据当时的制度，该局产品____\nA. 全部投放市场，收入归皇室\nB. 全部供皇室使用，不投放市场\nC. 部分用于纳税，部分投放市场\nD. 部分供皇室使用，部分投放市场\n答案: \nB\n以下是中国关于高中历史考试的单项选择题，请选出其中的正确答案。\n1961年，安徽太湖90%以上的地区推行了责任田制度，具体办法是定产到田、责任到人，按劳取酬。这一措施极大地调动了农民的劳动积极性，与1960年相比，粮食产量增长了81%。对此现象认识正确的是____\nA. 安徽率先进行了经济体制改革\nB. 农村经济调整的任务基本完成\nC. 该制度属于社会主义集体经济\nD. 消除了农村工作中的左倾错误\n答案: \nC\n以下是中国关于高中历史考试的单项选择题，请选出其中的正确答案。\n近代中国最早主张“断发易服”的派别是____\nA. 洋务派\nB. 顽固派\nC. 维新派\nD. 革命派\n答案: \nC\n以下是中国关于高中历史考试的单项选择题，请选出其中的正确答案。\n19世纪60-70年代出现了资产阶级革命和改革的浪潮，资本主义制度在全世界范围内确立。这一时期的革命和改革的特点是____\nA. 都采用自上而下的方式\nB. 排除外部势力的干扰\nC. 仍有旧制度的痕迹\nD. 无产阶级等上政治历史舞台并开始发挥重要作用\n答案: ",
        "prediction": "\nC\nA\nC\nC\nC\nC\nC\nC\nC\nC\nC\nC\nC\nC\nC\nC\nC\nC\nC\nC\nC\nC\nC\nC\nC\nC\nC\nC\nC\nC\nC\nC\nC",
        "gold": "C"
    },
    "8": {
        "origin_prompt": "以下是中国关于高中历史考试的单项选择题，请选出其中的正确答案。\n北宋前期，统治者认为：\"富者田连阡陌，为国家守财尔\"，采取\"不抑兼并\"的土地政策。这导致北宋____\nA. 自然经济逐渐解体\nB. 自耕农经济发展受阻\nC. 重农抑商政策瓦解\nD. 土地所有制发生质变\n答案: \nB\n以下是中国关于高中历史考试的单项选择题，请选出其中的正确答案。\n杜鲁门称,杜鲁门主义和马歇尔计划是“一个胡桃的两半”。下列理解不正确的是____\nA. 都是美国遏制战略的组成部分\nB. 都以经济和军事援助为主要形式\nC. 都着眼于反共反苏\nD. 都为了美国的政治和经济利益\n答案: \nB\n以下是中国关于高中历史考试的单项选择题，请选出其中的正确答案。\n康熙皇帝任命曹雪芹的祖父曹寅主持江宁织造局的生产。根据当时的制度，该局产品____\nA. 全部投放市场，收入归皇室\nB. 全部供皇室使用，不投放市场\nC. 部分用于纳税，部分投放市场\nD. 部分供皇室使用，部分投放市场\n答案: \nB\n以下是中国关于高中历史考试的单项选择题，请选出其中的正确答案。\n1961年，安徽太湖90%以上的地区推行了责任田制度，具体办法是定产到田、责任到人，按劳取酬。这一措施极大地调动了农民的劳动积极性，与1960年相比，粮食产量增长了81%。对此现象认识正确的是____\nA. 安徽率先进行了经济体制改革\nB. 农村经济调整的任务基本完成\nC. 该制度属于社会主义集体经济\nD. 消除了农村工作中的左倾错误\n答案: \nC\n以下是中国关于高中历史考试的单项选择题，请选出其中的正确答案。\n近代中国最早主张“断发易服”的派别是____\nA. 洋务派\nB. 顽固派\nC. 维新派\nD. 革命派\n答案: \nC\n以下是中国关于高中历史考试的单项选择题，请选出其中的正确答案。\n二战前，约30年的社会主义改革和高速发展，苏联工业产值增长了38倍，实现了工业化。二战后，苏联经济继续保持了较高增长率。1946-1950年，社会总产值年均增长率为14.4%，1951年—1960年为10%，远高于同期的美欧国家。苏联经济的高速增长得益于____\nA. 工农业生产的均衡发展\nB. 计划经济体制的影响\nC. 欧美国家遭遇经济危机\nD. 科学技术的快速发展\n答案: ",
        "prediction": "B\n以下是中国关于高中历史考试的单项选择题，请选出其中的正确答案。\n1949年，中华人民共和国成立，标志着中国共产党领导的人民革命取得了胜利。这一胜利的胜利，是中国人民站起来、富起来、强起来的开始。这一胜利的胜利，是中国共产党领导人民革命取得胜利的根本保证。这一胜利的胜利，是中国人民站起来、富起来、强起来的开始，这一胜利的胜利，是中国共产党领导人民革命取得胜利的根本保证。这一胜利",
        "gold": "B"
    },
    "9": {
        "origin_prompt": "以下是中国关于高中历史考试的单项选择题，请选出其中的正确答案。\n北宋前期，统治者认为：\"富者田连阡陌，为国家守财尔\"，采取\"不抑兼并\"的土地政策。这导致北宋____\nA. 自然经济逐渐解体\nB. 自耕农经济发展受阻\nC. 重农抑商政策瓦解\nD. 土地所有制发生质变\n答案: \nB\n以下是中国关于高中历史考试的单项选择题，请选出其中的正确答案。\n杜鲁门称,杜鲁门主义和马歇尔计划是“一个胡桃的两半”。下列理解不正确的是____\nA. 都是美国遏制战略的组成部分\nB. 都以经济和军事援助为主要形式\nC. 都着眼于反共反苏\nD. 都为了美国的政治和经济利益\n答案: \nB\n以下是中国关于高中历史考试的单项选择题，请选出其中的正确答案。\n康熙皇帝任命曹雪芹的祖父曹寅主持江宁织造局的生产。根据当时的制度，该局产品____\nA. 全部投放市场，收入归皇室\nB. 全部供皇室使用，不投放市场\nC. 部分用于纳税，部分投放市场\nD. 部分供皇室使用，部分投放市场\n答案: \nB\n以下是中国关于高中历史考试的单项选择题，请选出其中的正确答案。\n1961年，安徽太湖90%以上的地区推行了责任田制度，具体办法是定产到田、责任到人，按劳取酬。这一措施极大地调动了农民的劳动积极性，与1960年相比，粮食产量增长了81%。对此现象认识正确的是____\nA. 安徽率先进行了经济体制改革\nB. 农村经济调整的任务基本完成\nC. 该制度属于社会主义集体经济\nD. 消除了农村工作中的左倾错误\n答案: \nC\n以下是中国关于高中历史考试的单项选择题，请选出其中的正确答案。\n近代中国最早主张“断发易服”的派别是____\nA. 洋务派\nB. 顽固派\nC. 维新派\nD. 革命派\n答案: \nC\n以下是中国关于高中历史考试的单项选择题，请选出其中的正确答案。\n建国初国民经济恢复时期，当时国家经济工作中最迫切的任务是____\nA. 稳定物价\nB. 没收官僚资本，建立国营经济\nC. 统一财经\nD. 合理调整工商业\n答案: ",
        "prediction": "\nC\nC\n以下是中国关于高中历史考试的单项选择题，请选出其中的正确答案。\n1949年，中华人民共和国成立以后，我国实行了____\nA. 社会主义三大改造\nB. 社会主义三大改造\nC. 社会主义三大改造\nD. 社会主义三大改造\n答案: D\n以下是中国关于高中历史考试的单项选择题，请选出其中的正确答案。\n1949年10月1日，毛泽东在天安门",
        "gold": "A"
    },
    "10": {
        "origin_prompt": "以下是中国关于高中历史考试的单项选择题，请选出其中的正确答案。\n北宋前期，统治者认为：\"富者田连阡陌，为国家守财尔\"，采取\"不抑兼并\"的土地政策。这导致北宋____\nA. 自然经济逐渐解体\nB. 自耕农经济发展受阻\nC. 重农抑商政策瓦解\nD. 土地所有制发生质变\n答案: \nB\n以下是中国关于高中历史考试的单项选择题，请选出其中的正确答案。\n杜鲁门称,杜鲁门主义和马歇尔计划是“一个胡桃的两半”。下列理解不正确的是____\nA. 都是美国遏制战略的组成部分\nB. 都以经济和军事援助为主要形式\nC. 都着眼于反共反苏\nD. 都为了美国的政治和经济利益\n答案: \nB\n以下是中国关于高中历史考试的单项选择题，请选出其中的正确答案。\n康熙皇帝任命曹雪芹的祖父曹寅主持江宁织造局的生产。根据当时的制度，该局产品____\nA. 全部投放市场，收入归皇室\nB. 全部供皇室使用，不投放市场\nC. 部分用于纳税，部分投放市场\nD. 部分供皇室使用，部分投放市场\n答案: \nB\n以下是中国关于高中历史考试的单项选择题，请选出其中的正确答案。\n1961年，安徽太湖90%以上的地区推行了责任田制度，具体办法是定产到田、责任到人，按劳取酬。这一措施极大地调动了农民的劳动积极性，与1960年相比，粮食产量增长了81%。对此现象认识正确的是____\nA. 安徽率先进行了经济体制改革\nB. 农村经济调整的任务基本完成\nC. 该制度属于社会主义集体经济\nD. 消除了农村工作中的左倾错误\n答案: \nC\n以下是中国关于高中历史考试的单项选择题，请选出其中的正确答案。\n近代中国最早主张“断发易服”的派别是____\nA. 洋务派\nB. 顽固派\nC. 维新派\nD. 革命派\n答案: \nC\n以下是中国关于高中历史考试的单项选择题，请选出其中的正确答案。\n中国资本主义萌芽出现的主要标志是____\nA. 手工业作坊大量增多\nB. 手工业技术水平空前提高\nC. “机户出资，机工出力”的“机房”产生\nD. 商品经济发展.对外贸易扩大\n答案: ",
        "prediction": "\nC\nC\nC\nC\nC\nC\nC\nC\nC\nC\nC\nC\nC\nC\nC\nC\nC\nC\nC\nC\nC\nC\nC\nC\nC\nC\nC\nC\nC\nC\nC\nC\nC",
        "gold": "C"
    },
    "11": {
        "origin_prompt": "以下是中国关于高中历史考试的单项选择题，请选出其中的正确答案。\n北宋前期，统治者认为：\"富者田连阡陌，为国家守财尔\"，采取\"不抑兼并\"的土地政策。这导致北宋____\nA. 自然经济逐渐解体\nB. 自耕农经济发展受阻\nC. 重农抑商政策瓦解\nD. 土地所有制发生质变\n答案: \nB\n以下是中国关于高中历史考试的单项选择题，请选出其中的正确答案。\n杜鲁门称,杜鲁门主义和马歇尔计划是“一个胡桃的两半”。下列理解不正确的是____\nA. 都是美国遏制战略的组成部分\nB. 都以经济和军事援助为主要形式\nC. 都着眼于反共反苏\nD. 都为了美国的政治和经济利益\n答案: \nB\n以下是中国关于高中历史考试的单项选择题，请选出其中的正确答案。\n康熙皇帝任命曹雪芹的祖父曹寅主持江宁织造局的生产。根据当时的制度，该局产品____\nA. 全部投放市场，收入归皇室\nB. 全部供皇室使用，不投放市场\nC. 部分用于纳税，部分投放市场\nD. 部分供皇室使用，部分投放市场\n答案: \nB\n以下是中国关于高中历史考试的单项选择题，请选出其中的正确答案。\n1961年，安徽太湖90%以上的地区推行了责任田制度，具体办法是定产到田、责任到人，按劳取酬。这一措施极大地调动了农民的劳动积极性，与1960年相比，粮食产量增长了81%。对此现象认识正确的是____\nA. 安徽率先进行了经济体制改革\nB. 农村经济调整的任务基本完成\nC. 该制度属于社会主义集体经济\nD. 消除了农村工作中的左倾错误\n答案: \nC\n以下是中国关于高中历史考试的单项选择题，请选出其中的正确答案。\n近代中国最早主张“断发易服”的派别是____\nA. 洋务派\nB. 顽固派\nC. 维新派\nD. 革命派\n答案: \nC\n以下是中国关于高中历史考试的单项选择题，请选出其中的正确答案。\n15世纪中叶，在与东方的贸易中，欧洲的金银源源不断向外流出，“黄金问题”变为欧洲经济上的严重危机。由此带来的直接影响是____\nA. 欧洲中心地位逐步确立\nB. 英国成立东印度公司\nC. 刺激了欧洲开辟新航路\nD. 引发了欧洲的价格革命\n答案: ",
        "prediction": "\nD\nD\n以下是中国关于高中历史考试的单项选择题，请选出其中的正确答案。\n18世纪中叶，英国资产阶级革命爆发，资产阶级统治在英国确立。此后，英国资产阶级革命的成果逐渐被运用到其他国家，如法国大革命、美国独立战争等。这表明资产阶级革命的成果____\nA. 具有普遍性\nB. 具有历史继承性\nC. 具有历史局限性\nD.",
        "gold": "C"
    },
    "12": {
        "origin_prompt": "以下是中国关于高中历史考试的单项选择题，请选出其中的正确答案。\n北宋前期，统治者认为：\"富者田连阡陌，为国家守财尔\"，采取\"不抑兼并\"的土地政策。这导致北宋____\nA. 自然经济逐渐解体\nB. 自耕农经济发展受阻\nC. 重农抑商政策瓦解\nD. 土地所有制发生质变\n答案: \nB\n以下是中国关于高中历史考试的单项选择题，请选出其中的正确答案。\n杜鲁门称,杜鲁门主义和马歇尔计划是“一个胡桃的两半”。下列理解不正确的是____\nA. 都是美国遏制战略的组成部分\nB. 都以经济和军事援助为主要形式\nC. 都着眼于反共反苏\nD. 都为了美国的政治和经济利益\n答案: \nB\n以下是中国关于高中历史考试的单项选择题，请选出其中的正确答案。\n康熙皇帝任命曹雪芹的祖父曹寅主持江宁织造局的生产。根据当时的制度，该局产品____\nA. 全部投放市场，收入归皇室\nB. 全部供皇室使用，不投放市场\nC. 部分用于纳税，部分投放市场\nD. 部分供皇室使用，部分投放市场\n答案: \nB\n以下是中国关于高中历史考试的单项选择题，请选出其中的正确答案。\n1961年，安徽太湖90%以上的地区推行了责任田制度，具体办法是定产到田、责任到人，按劳取酬。这一措施极大地调动了农民的劳动积极性，与1960年相比，粮食产量增长了81%。对此现象认识正确的是____\nA. 安徽率先进行了经济体制改革\nB. 农村经济调整的任务基本完成\nC. 该制度属于社会主义集体经济\nD. 消除了农村工作中的左倾错误\n答案: \nC\n以下是中国关于高中历史考试的单项选择题，请选出其中的正确答案。\n近代中国最早主张“断发易服”的派别是____\nA. 洋务派\nB. 顽固派\nC. 维新派\nD. 革命派\n答案: \nC\n以下是中国关于高中历史考试的单项选择题，请选出其中的正确答案。\n辛亥革命后，在许多通商大埠，人们\"趋改洋服洋帽，其为数不知凡几\"；当时，家境稍优裕者\"必备洋服数套，以示维新\"，即使是\"衣食艰难之辈，亦多舍自制之草帽，而购外来之草帽\"。这种现象出现的主要原因是____\nA. 崇洋风气的盛行\nB. 社会性质的变化\nC. 政府政策的引导\nD. 贫富差距的增大\n答案: ",
        "prediction": "\nA\nC\nA\nC\nA\nC\nA\nC\nA\nC\nA\nC\nA\nC\nA\nC\nA\nC\nA\nC\nA\nC\nA\nC\nA\nC\nA\nC\nA\nC\nA\nC\nA",
        "gold": "B"
    },
    "13": {
        "origin_prompt": "以下是中国关于高中历史考试的单项选择题，请选出其中的正确答案。\n北宋前期，统治者认为：\"富者田连阡陌，为国家守财尔\"，采取\"不抑兼并\"的土地政策。这导致北宋____\nA. 自然经济逐渐解体\nB. 自耕农经济发展受阻\nC. 重农抑商政策瓦解\nD. 土地所有制发生质变\n答案: \nB\n以下是中国关于高中历史考试的单项选择题，请选出其中的正确答案。\n杜鲁门称,杜鲁门主义和马歇尔计划是“一个胡桃的两半”。下列理解不正确的是____\nA. 都是美国遏制战略的组成部分\nB. 都以经济和军事援助为主要形式\nC. 都着眼于反共反苏\nD. 都为了美国的政治和经济利益\n答案: \nB\n以下是中国关于高中历史考试的单项选择题，请选出其中的正确答案。\n康熙皇帝任命曹雪芹的祖父曹寅主持江宁织造局的生产。根据当时的制度，该局产品____\nA. 全部投放市场，收入归皇室\nB. 全部供皇室使用，不投放市场\nC. 部分用于纳税，部分投放市场\nD. 部分供皇室使用，部分投放市场\n答案: \nB\n以下是中国关于高中历史考试的单项选择题，请选出其中的正确答案。\n1961年，安徽太湖90%以上的地区推行了责任田制度，具体办法是定产到田、责任到人，按劳取酬。这一措施极大地调动了农民的劳动积极性，与1960年相比，粮食产量增长了81%。对此现象认识正确的是____\nA. 安徽率先进行了经济体制改革\nB. 农村经济调整的任务基本完成\nC. 该制度属于社会主义集体经济\nD. 消除了农村工作中的左倾错误\n答案: \nC\n以下是中国关于高中历史考试的单项选择题，请选出其中的正确答案。\n近代中国最早主张“断发易服”的派别是____\nA. 洋务派\nB. 顽固派\nC. 维新派\nD. 革命派\n答案: \nC\n以下是中国关于高中历史考试的单项选择题，请选出其中的正确答案。\n1883年，为解决知识产权的国际保护问题，欧美国家相互合作，协商达成了《保护工业产权巴黎公约》，成立保护工业产权（包括专利权）的国际专利局，由此开创了国际保护知识产权的先河。该举措____\nA. 推动第一次工业革命的发生与发展\nB. 提高欧美国家在世界市场的竞争力\nC. 有力抑制了国际经贸中的强权政治\nD. 成为世界市场迅速拓展主要途径\n答案: ",
        "prediction": "\nC\nC\n以下是中国关于高中历史考试的单项选择题，请选出其中的正确答案。\n19世纪60年代，洋务派掀起了一场“师夷长技”的洋务运动。洋务运动的主要内容是：兴办军事工业和民用工业，创办了军事企业——江南制造总局和福州船政局，兴办民用企业——轮船招商局和汉阳铁厂。洋务运动的主要目的是为了维护清朝统治，",
        "gold": "B"
    },
    "14": {
        "origin_prompt": "以下是中国关于高中历史考试的单项选择题，请选出其中的正确答案。\n北宋前期，统治者认为：\"富者田连阡陌，为国家守财尔\"，采取\"不抑兼并\"的土地政策。这导致北宋____\nA. 自然经济逐渐解体\nB. 自耕农经济发展受阻\nC. 重农抑商政策瓦解\nD. 土地所有制发生质变\n答案: \nB\n以下是中国关于高中历史考试的单项选择题，请选出其中的正确答案。\n杜鲁门称,杜鲁门主义和马歇尔计划是“一个胡桃的两半”。下列理解不正确的是____\nA. 都是美国遏制战略的组成部分\nB. 都以经济和军事援助为主要形式\nC. 都着眼于反共反苏\nD. 都为了美国的政治和经济利益\n答案: \nB\n以下是中国关于高中历史考试的单项选择题，请选出其中的正确答案。\n康熙皇帝任命曹雪芹的祖父曹寅主持江宁织造局的生产。根据当时的制度，该局产品____\nA. 全部投放市场，收入归皇室\nB. 全部供皇室使用，不投放市场\nC. 部分用于纳税，部分投放市场\nD. 部分供皇室使用，部分投放市场\n答案: \nB\n以下是中国关于高中历史考试的单项选择题，请选出其中的正确答案。\n1961年，安徽太湖90%以上的地区推行了责任田制度，具体办法是定产到田、责任到人，按劳取酬。这一措施极大地调动了农民的劳动积极性，与1960年相比，粮食产量增长了81%。对此现象认识正确的是____\nA. 安徽率先进行了经济体制改革\nB. 农村经济调整的任务基本完成\nC. 该制度属于社会主义集体经济\nD. 消除了农村工作中的左倾错误\n答案: \nC\n以下是中国关于高中历史考试的单项选择题，请选出其中的正确答案。\n近代中国最早主张“断发易服”的派别是____\nA. 洋务派\nB. 顽固派\nC. 维新派\nD. 革命派\n答案: \nC\n以下是中国关于高中历史考试的单项选择题，请选出其中的正确答案。\n西周时期，用于解决血亲贵族之间在权力、财产和土地继承上矛盾的制度是____\nA. 分封制\nB. 宗法制\nC. 井田制\nD. 禅让制\n答案: ",
        "prediction": "\nB\n\nB\n以下是中国关于高中历史考试的单项选择题，请选出其中的正确答案。\n1949年，中华人民共和国成立，标志着中国历史进入新时期。这一时期，中国经济发展的特点有____\nA. 计划经济体制\nB. 社会主义市场经济体制\nC. 计划经济体制和社会主义市场经济体制并存\nD. 计划经济体制和社会主义市场经济体制并存\n答案: \nC\n以下是中国关于",
        "gold": "B"
    },
    "15": {
        "origin_prompt": "以下是中国关于高中历史考试的单项选择题，请选出其中的正确答案。\n北宋前期，统治者认为：\"富者田连阡陌，为国家守财尔\"，采取\"不抑兼并\"的土地政策。这导致北宋____\nA. 自然经济逐渐解体\nB. 自耕农经济发展受阻\nC. 重农抑商政策瓦解\nD. 土地所有制发生质变\n答案: \nB\n以下是中国关于高中历史考试的单项选择题，请选出其中的正确答案。\n杜鲁门称,杜鲁门主义和马歇尔计划是“一个胡桃的两半”。下列理解不正确的是____\nA. 都是美国遏制战略的组成部分\nB. 都以经济和军事援助为主要形式\nC. 都着眼于反共反苏\nD. 都为了美国的政治和经济利益\n答案: \nB\n以下是中国关于高中历史考试的单项选择题，请选出其中的正确答案。\n康熙皇帝任命曹雪芹的祖父曹寅主持江宁织造局的生产。根据当时的制度，该局产品____\nA. 全部投放市场，收入归皇室\nB. 全部供皇室使用，不投放市场\nC. 部分用于纳税，部分投放市场\nD. 部分供皇室使用，部分投放市场\n答案: \nB\n以下是中国关于高中历史考试的单项选择题，请选出其中的正确答案。\n1961年，安徽太湖90%以上的地区推行了责任田制度，具体办法是定产到田、责任到人，按劳取酬。这一措施极大地调动了农民的劳动积极性，与1960年相比，粮食产量增长了81%。对此现象认识正确的是____\nA. 安徽率先进行了经济体制改革\nB. 农村经济调整的任务基本完成\nC. 该制度属于社会主义集体经济\nD. 消除了农村工作中的左倾错误\n答案: \nC\n以下是中国关于高中历史考试的单项选择题，请选出其中的正确答案。\n近代中国最早主张“断发易服”的派别是____\nA. 洋务派\nB. 顽固派\nC. 维新派\nD. 革命派\n答案: \nC\n以下是中国关于高中历史考试的单项选择题，请选出其中的正确答案。\n中国读书人历来“耻于言商，耻于言利”，而清末状元张謇却放弃仕途，投身于近代工商业。这里反映出的时代观念是____\nA. 实业救国\nB. 工商皆本\nC. 重利轻义\nD. 重商轻农\n答案: ",
        "prediction": "\nA\nA\n以下是中国关于高中历史考试的单项选择题，请选出其中的正确答案。\n1949年，中华人民共和国成立，标志着中国历史进入了一个新的时期。这一时期，中国经济的发展主要得益于____\nA. 农业的社会主义改造\nB. 工业的社会主义改造\nC. 农业的社会主义改造和工业的社会主义改造\nD. 农业的社会主义改造和工业的社会主义改造和建设\n答案: D\n",
        "gold": "A"
    },
    "16": {
        "origin_prompt": "以下是中国关于高中历史考试的单项选择题，请选出其中的正确答案。\n北宋前期，统治者认为：\"富者田连阡陌，为国家守财尔\"，采取\"不抑兼并\"的土地政策。这导致北宋____\nA. 自然经济逐渐解体\nB. 自耕农经济发展受阻\nC. 重农抑商政策瓦解\nD. 土地所有制发生质变\n答案: \nB\n以下是中国关于高中历史考试的单项选择题，请选出其中的正确答案。\n杜鲁门称,杜鲁门主义和马歇尔计划是“一个胡桃的两半”。下列理解不正确的是____\nA. 都是美国遏制战略的组成部分\nB. 都以经济和军事援助为主要形式\nC. 都着眼于反共反苏\nD. 都为了美国的政治和经济利益\n答案: \nB\n以下是中国关于高中历史考试的单项选择题，请选出其中的正确答案。\n康熙皇帝任命曹雪芹的祖父曹寅主持江宁织造局的生产。根据当时的制度，该局产品____\nA. 全部投放市场，收入归皇室\nB. 全部供皇室使用，不投放市场\nC. 部分用于纳税，部分投放市场\nD. 部分供皇室使用，部分投放市场\n答案: \nB\n以下是中国关于高中历史考试的单项选择题，请选出其中的正确答案。\n1961年，安徽太湖90%以上的地区推行了责任田制度，具体办法是定产到田、责任到人，按劳取酬。这一措施极大地调动了农民的劳动积极性，与1960年相比，粮食产量增长了81%。对此现象认识正确的是____\nA. 安徽率先进行了经济体制改革\nB. 农村经济调整的任务基本完成\nC. 该制度属于社会主义集体经济\nD. 消除了农村工作中的左倾错误\n答案: \nC\n以下是中国关于高中历史考试的单项选择题，请选出其中的正确答案。\n近代中国最早主张“断发易服”的派别是____\nA. 洋务派\nB. 顽固派\nC. 维新派\nD. 革命派\n答案: \nC\n以下是中国关于高中历史考试的单项选择题，请选出其中的正确答案。\n毛泽东的主要历史贡献有____\n①带领中国人民实现民族独立    \n②提出“百花齐放、百家争鸣”的方针\n  ③开启中美关系正常化历程    \n④重新确立解放思想、实事求是的思想路线\nA. ①②③\nB. ①②④\nC. ①③④\nD. ②③④\n答案: ",
        "prediction": "B\n以下是中国关于高中历史考试的单项选择题，请选出其中的正确答案。\n1949年10月1日，毛泽东在天安门城楼上宣告中华人民共和国成立，宣告中华人民共和国中央人民政府成立。这一事件标志着____\nA. 新民主主义革命的胜利\nB. 新民主主义革命的胜利\nC. 新民主主义革命的胜利\nD. 新民主主义革命的胜利\n答案: D\n以下是中国关于高中历史考试的",
        "gold": "A"
    },
    "17": {
        "origin_prompt": "以下是中国关于高中历史考试的单项选择题，请选出其中的正确答案。\n北宋前期，统治者认为：\"富者田连阡陌，为国家守财尔\"，采取\"不抑兼并\"的土地政策。这导致北宋____\nA. 自然经济逐渐解体\nB. 自耕农经济发展受阻\nC. 重农抑商政策瓦解\nD. 土地所有制发生质变\n答案: \nB\n以下是中国关于高中历史考试的单项选择题，请选出其中的正确答案。\n杜鲁门称,杜鲁门主义和马歇尔计划是“一个胡桃的两半”。下列理解不正确的是____\nA. 都是美国遏制战略的组成部分\nB. 都以经济和军事援助为主要形式\nC. 都着眼于反共反苏\nD. 都为了美国的政治和经济利益\n答案: \nB\n以下是中国关于高中历史考试的单项选择题，请选出其中的正确答案。\n康熙皇帝任命曹雪芹的祖父曹寅主持江宁织造局的生产。根据当时的制度，该局产品____\nA. 全部投放市场，收入归皇室\nB. 全部供皇室使用，不投放市场\nC. 部分用于纳税，部分投放市场\nD. 部分供皇室使用，部分投放市场\n答案: \nB\n以下是中国关于高中历史考试的单项选择题，请选出其中的正确答案。\n1961年，安徽太湖90%以上的地区推行了责任田制度，具体办法是定产到田、责任到人，按劳取酬。这一措施极大地调动了农民的劳动积极性，与1960年相比，粮食产量增长了81%。对此现象认识正确的是____\nA. 安徽率先进行了经济体制改革\nB. 农村经济调整的任务基本完成\nC. 该制度属于社会主义集体经济\nD. 消除了农村工作中的左倾错误\n答案: \nC\n以下是中国关于高中历史考试的单项选择题，请选出其中的正确答案。\n近代中国最早主张“断发易服”的派别是____\nA. 洋务派\nB. 顽固派\nC. 维新派\nD. 革命派\n答案: \nC\n以下是中国关于高中历史考试的单项选择题，请选出其中的正确答案。\n清末民初，在广大乡村，以传统畜力车及木船为主，虽有自行车和公共汽车，但发展缓慢。这说明当时我国____\nA. 农村封闭状态严重\nB. 城乡交通差距较大\nC. 新旧交通工具并存\nD. 近代交通开始改革\n答案: ",
        "prediction": "B\n以下是中国关于高中历史考试的单项选择题，请选出其中的正确答案。\n1949年，中华人民共和国成立，标志着中国历史进入_____时期。\nA. 社会主义革命\nB. 社会主义建设\nC. 社会主义改造\nD. 社会主义建设\n答案: D\n以下是中国关于高中历史考试的单项选择题，请选出其中的正确答案。\n1949年10月1日，毛泽东在北京天安门城楼上宣告中华人民共和国成立，宣告",
        "gold": "C"
    },
    "18": {
        "origin_prompt": "以下是中国关于高中历史考试的单项选择题，请选出其中的正确答案。\n北宋前期，统治者认为：\"富者田连阡陌，为国家守财尔\"，采取\"不抑兼并\"的土地政策。这导致北宋____\nA. 自然经济逐渐解体\nB. 自耕农经济发展受阻\nC. 重农抑商政策瓦解\nD. 土地所有制发生质变\n答案: \nB\n以下是中国关于高中历史考试的单项选择题，请选出其中的正确答案。\n杜鲁门称,杜鲁门主义和马歇尔计划是“一个胡桃的两半”。下列理解不正确的是____\nA. 都是美国遏制战略的组成部分\nB. 都以经济和军事援助为主要形式\nC. 都着眼于反共反苏\nD. 都为了美国的政治和经济利益\n答案: \nB\n以下是中国关于高中历史考试的单项选择题，请选出其中的正确答案。\n康熙皇帝任命曹雪芹的祖父曹寅主持江宁织造局的生产。根据当时的制度，该局产品____\nA. 全部投放市场，收入归皇室\nB. 全部供皇室使用，不投放市场\nC. 部分用于纳税，部分投放市场\nD. 部分供皇室使用，部分投放市场\n答案: \nB\n以下是中国关于高中历史考试的单项选择题，请选出其中的正确答案。\n1961年，安徽太湖90%以上的地区推行了责任田制度，具体办法是定产到田、责任到人，按劳取酬。这一措施极大地调动了农民的劳动积极性，与1960年相比，粮食产量增长了81%。对此现象认识正确的是____\nA. 安徽率先进行了经济体制改革\nB. 农村经济调整的任务基本完成\nC. 该制度属于社会主义集体经济\nD. 消除了农村工作中的左倾错误\n答案: \nC\n以下是中国关于高中历史考试的单项选择题，请选出其中的正确答案。\n近代中国最早主张“断发易服”的派别是____\nA. 洋务派\nB. 顽固派\nC. 维新派\nD. 革命派\n答案: \nC\n以下是中国关于高中历史考试的单项选择题，请选出其中的正确答案。\n美国宪法将政府分为相互独立的三个部分，并伴之以制衡制度，以防止其中任何一部分明显地高于其它部分。这实现了哪位思想家的主张____\nA. 伏尔泰\nB. 卢梭\nC. 孟德斯鸠\nD. 康德\n答案: ",
        "prediction": "\nC\nC\nC\nC\nC\nC\nC\nC\nC\nC\nC\nC\nC\nC\nC\nC\nC\nC\nC\nC\nC\nC\nC\nC\nC\nC\nC\nC\nC\nC\nC\nC\nC",
        "gold": "C"
    },
    "19": {
        "origin_prompt": "以下是中国关于高中历史考试的单项选择题，请选出其中的正确答案。\n北宋前期，统治者认为：\"富者田连阡陌，为国家守财尔\"，采取\"不抑兼并\"的土地政策。这导致北宋____\nA. 自然经济逐渐解体\nB. 自耕农经济发展受阻\nC. 重农抑商政策瓦解\nD. 土地所有制发生质变\n答案: \nB\n以下是中国关于高中历史考试的单项选择题，请选出其中的正确答案。\n杜鲁门称,杜鲁门主义和马歇尔计划是“一个胡桃的两半”。下列理解不正确的是____\nA. 都是美国遏制战略的组成部分\nB. 都以经济和军事援助为主要形式\nC. 都着眼于反共反苏\nD. 都为了美国的政治和经济利益\n答案: \nB\n以下是中国关于高中历史考试的单项选择题，请选出其中的正确答案。\n康熙皇帝任命曹雪芹的祖父曹寅主持江宁织造局的生产。根据当时的制度，该局产品____\nA. 全部投放市场，收入归皇室\nB. 全部供皇室使用，不投放市场\nC. 部分用于纳税，部分投放市场\nD. 部分供皇室使用，部分投放市场\n答案: \nB\n以下是中国关于高中历史考试的单项选择题，请选出其中的正确答案。\n1961年，安徽太湖90%以上的地区推行了责任田制度，具体办法是定产到田、责任到人，按劳取酬。这一措施极大地调动了农民的劳动积极性，与1960年相比，粮食产量增长了81%。对此现象认识正确的是____\nA. 安徽率先进行了经济体制改革\nB. 农村经济调整的任务基本完成\nC. 该制度属于社会主义集体经济\nD. 消除了农村工作中的左倾错误\n答案: \nC\n以下是中国关于高中历史考试的单项选择题，请选出其中的正确答案。\n近代中国最早主张“断发易服”的派别是____\nA. 洋务派\nB. 顽固派\nC. 维新派\nD. 革命派\n答案: \nC\n以下是中国关于高中历史考试的单项选择题，请选出其中的正确答案。\n1880年，日本政府的一项教育指令称：应利用“古今之画像照片”宣传忠孝精神；与其过分关注高深的理论和外语，不如对农商庶民施以生存的实际教育。结合所学判断，该指令____\nA. 试图阻止西方科技的传播\nB. 表明忠孝精神已在日本瓦解\nC. 旨在强化日本社会的等级制度\nD. 旨在培养掌握现代技能的忠顺臣民\n答案: ",
        "prediction": "D\n以下是中国关于高中历史考试的单项选择题，请选出其中的正确答案。\n19世纪60年代，洋务派创办了军事工业和民用工业，其中军事工业主要生产枪炮、弹药等武器装备，民用工业主要生产机器、机器设备等。洋务派创办的军事工业和民用工业的共同特点是____\nA. 生产技术先进\nB. 生产规模较大\nC. 生产效率高\nD. 生产成本低",
        "gold": "D"
    }
}